{
  "id": "10377",
  "name": "Vince Gill",
  "url": "https://www.ultimate-guitar.com/artist/vince_gill_10377",
  "tabs": {
    "69623": {
      "id": "69623",
      "title": "Go Rest High On That Mountain",
      "type": "CRD",
      "url": "https://tabs.ultimate-guitar.com/tab/vince-gill/go-rest-high-on-that-mountain-chords-69623",
      "file_path": null,
      "metadata": {}
    },
    "770340": {
      "id": "770340",
      "title": "Let There Be Peace On Earth",
      "type": "CRD",
      "url": "https://tabs.ultimate-guitar.com/tab/vince-gill/let-there-be-peace-on-earth-chords-770340",
      "file_path": null,
      "metadata": {}
    },
    "950796": {
      "id": "950796",
      "title": "When I Call Your Name",
      "type": "CRD",
      "url": "https://tabs.ultimate-guitar.com/tab/vince-gill/when-i-call-your-name-chords-950796",
      "file_path": null,
      "metadata": {}
    },
    "69619": {
      "id": "69619",
      "title": "Look At Us",
      "type": "CRD",
      "url": "https://tabs.ultimate-guitar.com/tab/vince-gill/look-at-us-chords-69619",
      "file_path": null,
      "metadata": {}
    },
    "199561": {
      "id": "199561",
      "title": "I Still Believe In You",
      "type": "CRD",
      "url": "https://tabs.ultimate-guitar.com/tab/vince-gill/i-still-believe-in-you-chords-199561",
      "file_path": null,
      "metadata": {}
    },
    "69620": {
      "id": "69620",
      "title": "One More Last Chance",
      "type": "CRD",
      "url": "https://tabs.ultimate-guitar.com/tab/vince-gill/one-more-last-chance-chords-69620",
      "file_path": null,
      "metadata": {}
    },
    "1205128": {
      "id": "1205128",
      "title": "Dont Let Our Love Start Slippin Away",
      "type": "CRD",
      "url": "https://tabs.ultimate-guitar.com/tab/vince-gill/dont-let-our-love-start-slippin-away-chords-1205128",
      "file_path": null,
      "metadata": {}
    },
    "69621": {
      "id": "69621",
      "title": "Tryin To Get Over You",
      "type": "CRD",
      "url": "https://tabs.ultimate-guitar.com/tab/vince-gill/tryin-to-get-over-you-chords-69621",
      "file_path": null,
      "metadata": {}
    },
    "1231389": {
      "id": "1231389",
      "title": "Liza Jane",
      "type": "CRD",
      "url": "https://tabs.ultimate-guitar.com/tab/vince-gill/liza-jane-chords-1231389",
      "file_path": null,
      "metadata": {}
    },
    "1231476": {
      "id": "1231476",
      "title": "Pocket Full Of Gold",
      "type": "CRD",
      "url": "https://tabs.ultimate-guitar.com/tab/vince-gill/pocket-full-of-gold-chords-1231476",
      "file_path": null,
      "metadata": {}
    },
    "4308914": {
      "id": "4308914",
      "title": "A Guitar A Singer And A Song",
      "type": "CRD",
      "url": "https://tabs.ultimate-guitar.com/tab/wade-bowen/a-guitar-a-singer-and-a-song-chords-4308914",
      "file_path": null,
      "metadata": {}
    },
    "4042657": {
      "id": "4042657",
      "title": "American Underdog - Love Changes Everything",
      "type": "CRD",
      "url": "https://tabs.ultimate-guitar.com/tab/misc-soundtrack/american-underdog-love-changes-everything-chords-4042657",
      "file_path": null,
      "metadata": {}
    },
    "2111983": {
      "id": "2111983",
      "title": "Beautiful",
      "type": "CRD",
      "url": "https://tabs.ultimate-guitar.com/tab/amy-grant/beautiful-chords-2111983",
      "file_path": null,
      "metadata": {}
    },
    "2374133": {
      "id": "2374133",
      "title": "Better Off",
      "type": "CRD",
      "url": "https://tabs.ultimate-guitar.com/tab/sara-evans/better-off-chords-2374133",
      "file_path": null,
      "metadata": {}
    },
    "5472354": {
      "id": "5472354",
      "title": "By Way Of Sorrow",
      "type": "CRD",
      "url": "https://tabs.ultimate-guitar.com/tab/caroline-jones/by-way-of-sorrow-chords-5472354",
      "file_path": null,
      "metadata": {}
    },
    "5300091": {
      "id": "5300091",
      "title": "Come Rest Your Head On My Pillow",
      "type": "CRD",
      "url": "https://tabs.ultimate-guitar.com/tab/kaitlin-butts/come-rest-your-head-on-my-pillow-chords-5300091",
      "file_path": null,
      "metadata": {}
    },
    "2179769": {
      "id": "2179769",
      "title": "Dear Hate",
      "type": "CRD",
      "url": "https://tabs.ultimate-guitar.com/tab/maren-morris/dear-hate-chords-2179769",
      "file_path": null,
      "metadata": {}
    },
    "2182845": {
      "id": "2182845",
      "title": "Dear Hate (ver 2)",
      "type": "CRD",
      "url": "https://tabs.ultimate-guitar.com/tab/maren-morris/dear-hate-chords-2182845",
      "file_path": null,
      "metadata": {}
    },
    "2188321": {
      "id": "2188321",
      "title": "Dear Hate (ver 3)",
      "type": "CRD",
      "url": "https://tabs.ultimate-guitar.com/tab/maren-morris/dear-hate-chords-2188321",
      "file_path": null,
      "metadata": {}
    },
    "2262343": {
      "id": "2262343",
      "title": "Dear Hate (ver 4)",
      "type": "CRD",
      "url": "https://tabs.ultimate-guitar.com/tab/maren-morris/dear-hate-chords-2262343",
      "file_path": null,
      "metadata": {}
    },
    "1192848": {
      "id": "1192848",
      "title": "Dont Rush",
      "type": "CRD",
      "url": "https://tabs.ultimate-guitar.com/tab/kelly-clarkson/dont-rush-chords-1192848",
      "file_path": null,
      "metadata": {}
    },
    "1195801": {
      "id": "1195801",
      "title": "Dont Rush (ver 2)",
      "type": "CRD",
      "url": "https://tabs.ultimate-guitar.com/tab/kelly-clarkson/dont-rush-chords-1195801",
      "file_path": null,
      "metadata": {}
    },
    "2109043": {
      "id": "2109043",
      "title": "Dont Rush (ver 3)",
      "type": "CRD",
      "url": "https://tabs.ultimate-guitar.com/tab/kelly-clarkson/dont-rush-chords-2109043",
      "file_path": null,
      "metadata": {}
    },
    "1382809": {
      "id": "1382809",
      "title": "Dont Rush",
      "type": "UKE",
      "url": "https://tabs.ultimate-guitar.com/tab/kelly-clarkson/dont-rush-ukulele-1382809",
      "file_path": null,
      "metadata": {}
    },
    "5489661": {
      "id": "5489661",
      "title": "Every River",
      "type": "CRD",
      "url": "https://tabs.ultimate-guitar.com/tab/callista-clark/every-river-chords-5489661",
      "file_path": null,
      "metadata": {}
    },
    "4717793": {
      "id": "4717793",
      "title": "Field Of Dreams",
      "type": "CRD",
      "url": "https://tabs.ultimate-guitar.com/tab/ian-munsick/field-of-dreams-chords-4717793",
      "file_path": null,
      "metadata": {}
    },
    "4353578": {
      "id": "4353578",
      "title": "Goin Down Swingin",
      "type": "CRD",
      "url": "https://tabs.ultimate-guitar.com/tab/drake-milligan/goin-down-swingin-chords-4353578",
      "file_path": null,
      "metadata": {}
    },
    "5425125": {
      "id": "5425125",
      "title": "Green Light",
      "type": "CRD",
      "url": "https://tabs.ultimate-guitar.com/tab/drew-holcomb-and-the-neighbors/green-light-chords-5425125",
      "file_path": null,
      "metadata": {}
    },
    "4418621": {
      "id": "4418621",
      "title": "Heaven By Then",
      "type": "CRD",
      "url": "https://tabs.ultimate-guitar.com/tab/brantley-gilbert/heaven-by-then-chords-4418621",
      "file_path": null,
      "metadata": {}
    },
    "5204457": {
      "id": "5204457",
      "title": "Higher Ground",
      "type": "CRD",
      "url": "https://tabs.ultimate-guitar.com/tab/annie-bosko/higher-ground-chords-5204457",
      "file_path": null,
      "metadata": {}
    },
    "4595387": {
      "id": "4595387",
      "title": "Hold On To What Youve Got",
      "type": "CRD",
      "url": "https://tabs.ultimate-guitar.com/tab/george-jones/hold-on-to-what-youve-got-chords-4595387",
      "file_path": null,
      "metadata": {}
    },
    "1737846": {
      "id": "1737846",
      "title": "How Great Thou Art",
      "type": "CRD",
      "url": "https://tabs.ultimate-guitar.com/tab/carrie-underwood/how-great-thou-art-chords-1737846",
      "file_path": null,
      "metadata": {}
    },
    "5165161": {
      "id": "5165161",
      "title": "I Know What You Did Last Night",
      "type": "CRD",
      "url": "https://tabs.ultimate-guitar.com/tab/georgette-jones/i-know-what-you-did-last-night-chords-5165161",
      "file_path": null,
      "metadata": {}
    },
    "3498020": {
      "id": "3498020",
      "title": "I Wont Let You Go",
      "type": "CRD",
      "url": "https://tabs.ultimate-guitar.com/tab/david-nail/i-wont-let-you-go-chords-3498020",
      "file_path": null,
      "metadata": {}
    },
    "3322298": {
      "id": "3322298",
      "title": "If You Ever Leave Me",
      "type": "CRD",
      "url": "https://tabs.ultimate-guitar.com/tab/barbra-streisand/if-you-ever-leave-me-chords-3322298",
      "file_path": null,
      "metadata": {}
    },
    "1936613": {
      "id": "1936613",
      "title": "Lonely Night In Georgia",
      "type": "CRD",
      "url": "https://tabs.ultimate-guitar.com/tab/johnnyswim/lonely-night-in-georgia-chords-1936613",
      "file_path": null,
      "metadata": {}
    },
    "3548219": {
      "id": "3548219",
      "title": "Lonesome Valley 2003",
      "type": "CRD",
      "url": "https://tabs.ultimate-guitar.com/tab/carlene-carter/lonesome-valley-2003-chords-3548219",
      "file_path": null,
      "metadata": {}
    },
    "5628012": {
      "id": "5628012",
      "title": "Lookout Mountain Girl",
      "type": "CRD",
      "url": "https://tabs.ultimate-guitar.com/tab/david-bromberg/lookout-mountain-girl-chords-5628012",
      "file_path": null,
      "metadata": {}
    },
    "4318295": {
      "id": "4318295",
      "title": "Married Alone",
      "type": "CRD",
      "url": "https://tabs.ultimate-guitar.com/tab/sunny-sweeney/married-alone-chords-4318295",
      "file_path": null,
      "metadata": {}
    },
    "5155840": {
      "id": "5155840",
      "title": "Name Of The Game",
      "type": "CRD",
      "url": "https://tabs.ultimate-guitar.com/tab/a-j-croce/name-of-the-game-chords-5155840",
      "file_path": null,
      "metadata": {}
    },
    "3851216": {
      "id": "3851216",
      "title": "Never Seen The World",
      "type": "CRD",
      "url": "https://tabs.ultimate-guitar.com/tab/alex-hall/never-seen-the-world-chords-3851216",
      "file_path": null,
      "metadata": {}
    },
    "2850716": {
      "id": "2850716",
      "title": "Red  Intro",
      "type": "TAB",
      "url": "https://tabs.ultimate-guitar.com/tab/taylor-swift/red-tabs-2850716",
      "file_path": null,
      "metadata": {}
    },
    "1852239": {
      "id": "1852239",
      "title": "Sober Saturday Night",
      "type": "CRD",
      "url": "https://tabs.ultimate-guitar.com/tab/chris-young/sober-saturday-night-chords-1852239",
      "file_path": null,
      "metadata": {}
    },
    "3509807": {
      "id": "3509807",
      "title": "Stay",
      "type": "CRD",
      "url": "https://tabs.ultimate-guitar.com/tab/matt-rollings/stay-chords-3509807",
      "file_path": null,
      "metadata": {}
    },
    "5426238": {
      "id": "5426238",
      "title": "Tele-Man",
      "type": "CRD",
      "url": "https://tabs.ultimate-guitar.com/tab/ira-dean/tele-man-chords-5426238",
      "file_path": null,
      "metadata": {}
    },
    "1814093": {
      "id": "1814093",
      "title": "The Heart Wont Lie",
      "type": "CRD",
      "url": "https://tabs.ultimate-guitar.com/tab/reba-mcentire/the-heart-wont-lie-chords-1814093",
      "file_path": null,
      "metadata": {}
    },
    "2490894": {
      "id": "2490894",
      "title": "The Old Crossroads",
      "type": "CRD",
      "url": "https://tabs.ultimate-guitar.com/tab/ricky-skaggs/the-old-crossroads-chords-2490894",
      "file_path": null,
      "metadata": {}
    },
    "4059052": {
      "id": "4059052",
      "title": "They Call Me Doc",
      "type": "CRD",
      "url": "https://tabs.ultimate-guitar.com/tab/aaron-lewis/they-call-me-doc-chords-4059052",
      "file_path": null,
      "metadata": {}
    },
    "5504340": {
      "id": "5504340",
      "title": "Wall Guitar Since You Said Goodbye",
      "type": "CRD",
      "url": "https://tabs.ultimate-guitar.com/tab/alison-brown/wall-guitar-since-you-said-goodbye-chords-5504340",
      "file_path": null,
      "metadata": {}
    },
    "3595952": {
      "id": "3595952",
      "title": "Wyoming",
      "type": "CRD",
      "url": "https://tabs.ultimate-guitar.com/tab/jo-smith/wyoming-chords-3595952",
      "file_path": null,
      "metadata": {}
    },
    "2357741": {
      "id": "2357741",
      "title": "A Little More Love",
      "type": "CRD",
      "url": "https://tabs.ultimate-guitar.com/tab/vince-gill/a-little-more-love-chords-2357741",
      "file_path": null,
      "metadata": {}
    },
    "4010788": {
      "id": "4010788",
      "title": "A River Like You",
      "type": "CRD",
      "url": "https://tabs.ultimate-guitar.com/tab/vince-gill/a-river-like-you-chords-4010788",
      "file_path": null,
      "metadata": {}
    },
    "2886713": {
      "id": "2886713",
      "title": "A World Without Haggard",
      "type": "CRD",
      "url": "https://tabs.ultimate-guitar.com/tab/vince-gill/a-world-without-haggard-chords-2886713",
      "file_path": null,
      "metadata": {}
    },
    "2119095": {
      "id": "2119095",
      "title": "Ace Up Your Pretty Sleeve",
      "type": "CRD",
      "url": "https://tabs.ultimate-guitar.com/tab/vince-gill/ace-up-your-pretty-sleeve-chords-2119095",
      "file_path": null,
      "metadata": {}
    },
    "2092921": {
      "id": "2092921",
      "title": "All Prayed Up",
      "type": "CRD",
      "url": "https://tabs.ultimate-guitar.com/tab/vince-gill/all-prayed-up-chords-2092921",
      "file_path": null,
      "metadata": {}
    },
    "1460893": {
      "id": "1460893",
      "title": "Almost Home",
      "type": "CRD",
      "url": "https://tabs.ultimate-guitar.com/tab/vince-gill/almost-home-chords-1460893",
      "file_path": null,
      "metadata": {}
    },
    "3250631": {
      "id": "3250631",
      "title": "An Honest Man",
      "type": "CRD",
      "url": "https://tabs.ultimate-guitar.com/tab/vince-gill/an-honest-man-chords-3250631",
      "file_path": null,
      "metadata": {}
    },
    "5421102": {
      "id": "5421102",
      "title": "Baby Blue Eyes",
      "type": "CRD",
      "url": "https://tabs.ultimate-guitar.com/tab/vince-gill/baby-blue-eyes-chords-5421102",
      "file_path": null,
      "metadata": {}
    },
    "5410128": {
      "id": "5410128",
      "title": "Baby Please Dont Go",
      "type": "CRD",
      "url": "https://tabs.ultimate-guitar.com/tab/vince-gill/baby-please-dont-go-chords-5410128",
      "file_path": null,
      "metadata": {}
    },
    "1404933": {
      "id": "1404933",
      "title": "Bread And Water",
      "type": "CRD",
      "url": "https://tabs.ultimate-guitar.com/tab/vince-gill/bread-and-water-chords-1404933",
      "file_path": null,
      "metadata": {}
    },
    "4284734": {
      "id": "4284734",
      "title": "Buttermilk John",
      "type": "CRD",
      "url": "https://tabs.ultimate-guitar.com/tab/vince-gill/buttermilk-john-chords-4284734",
      "file_path": null,
      "metadata": {}
    },
    "2357745": {
      "id": "2357745",
      "title": "Catfish John",
      "type": "CRD",
      "url": "https://tabs.ultimate-guitar.com/tab/vince-gill/catfish-john-chords-2357745",
      "file_path": null,
      "metadata": {}
    },
    "2293363": {
      "id": "2293363",
      "title": "Cinderella",
      "type": "CRD",
      "url": "https://tabs.ultimate-guitar.com/tab/vince-gill/cinderella-chords-2293363",
      "file_path": null,
      "metadata": {}
    },
    "2357749": {
      "id": "2357749",
      "title": "Cold Gray Light Of Gone",
      "type": "CRD",
      "url": "https://tabs.ultimate-guitar.com/tab/vince-gill/cold-gray-light-of-gone-chords-2357749",
      "file_path": null,
      "metadata": {}
    },
    "2254067": {
      "id": "2254067",
      "title": "Colder Than Winter",
      "type": "CRD",
      "url": "https://tabs.ultimate-guitar.com/tab/vince-gill/colder-than-winter-chords-2254067",
      "file_path": null,
      "metadata": {}
    },
    "4904365": {
      "id": "4904365",
      "title": "Danny Boy",
      "type": "CRD",
      "url": "https://tabs.ultimate-guitar.com/tab/vince-gill/danny-boy-chords-4904365",
      "file_path": null,
      "metadata": {}
    },
    "2119087": {
      "id": "2119087",
      "title": "Dont Come Cryin To Me",
      "type": "CRD",
      "url": "https://tabs.ultimate-guitar.com/tab/vince-gill/dont-come-cryin-to-me-chords-2119087",
      "file_path": null,
      "metadata": {}
    },
    "2357751": {
      "id": "2357751",
      "title": "Dont Come Cryin To Me (ver 2)",
      "type": "CRD",
      "url": "https://tabs.ultimate-guitar.com/tab/vince-gill/dont-come-cryin-to-me-chords-2357751",
      "file_path": null,
      "metadata": {}
    },
    "1009305": {
      "id": "1009305",
      "title": "Dont Let Her Get Away",
      "type": "TAB",
      "url": "https://tabs.ultimate-guitar.com/tab/vince-gill/dont-let-her-get-away-tabs-1009305",
      "file_path": null,
      "metadata": {}
    },
    "3007760": {
      "id": "3007760",
      "title": "Dont Let Our Love Start Slippin Away",
      "type": "TAB",
      "url": "https://tabs.ultimate-guitar.com/tab/vince-gill/dont-let-our-love-start-slippin-away-tabs-3007760",
      "file_path": null,
      "metadata": {}
    },
    "2477846": {
      "id": "2477846",
      "title": "Dont Let Our Love Start Slippin Away",
      "type": "PRO",
      "url": "https://tabs.ultimate-guitar.com/tab/vince-gill/dont-let-our-love-start-slippin-away-guitar-pro-2477846",
      "file_path": null,
      "metadata": {}
    },
    "1385503": {
      "id": "1385503",
      "title": "Dont Let Our Love Start Slippin Away",
      "type": "UKE",
      "url": "https://tabs.ultimate-guitar.com/tab/vince-gill/dont-let-our-love-start-slippin-away-ukulele-1385503",
      "file_path": null,
      "metadata": {}
    },
    "2357753": {
      "id": "2357753",
      "title": "Dont Pretend With Me",
      "type": "CRD",
      "url": "https://tabs.ultimate-guitar.com/tab/vince-gill/dont-pretend-with-me-chords-2357753",
      "file_path": null,
      "metadata": {}
    },
    "1868889": {
      "id": "1868889",
      "title": "Down To My Last Bad Habit",
      "type": "CRD",
      "url": "https://tabs.ultimate-guitar.com/tab/vince-gill/down-to-my-last-bad-habit-chords-1868889",
      "file_path": null,
      "metadata": {}
    },
    "1850793": {
      "id": "1850793",
      "title": "Feels Like Love",
      "type": "CRD",
      "url": "https://tabs.ultimate-guitar.com/tab/vince-gill/feels-like-love-chords-1850793",
      "file_path": null,
      "metadata": {}
    },
    "5082979": {
      "id": "5082979",
      "title": "Given More Time",
      "type": "CRD",
      "url": "https://tabs.ultimate-guitar.com/tab/vince-gill/given-more-time-chords-5082979",
      "file_path": null,
      "metadata": {}
    },
    "1039493": {
      "id": "1039493",
      "title": "Go Rest High On That Mountain (ver 2)",
      "type": "CRD",
      "url": "https://tabs.ultimate-guitar.com/tab/vince-gill/go-rest-high-on-that-mountain-chords-1039493",
      "file_path": null,
      "metadata": {}
    },
    "1166941": {
      "id": "1166941",
      "title": "Go Rest High On That Mountain (ver 3)",
      "type": "CRD",
      "url": "https://tabs.ultimate-guitar.com/tab/vince-gill/go-rest-high-on-that-mountain-chords-1166941",
      "file_path": null,
      "metadata": {}
    },
    "1489922": {
      "id": "1489922",
      "title": "Go Rest High On That Mountain (ver 4)",
      "type": "CRD",
      "url": "https://tabs.ultimate-guitar.com/tab/vince-gill/go-rest-high-on-that-mountain-chords-1489922",
      "file_path": null,
      "metadata": {}
    },
    "3834884": {
      "id": "3834884",
      "title": "Go Rest High On That Mountain  Solo",
      "type": "TAB",
      "url": "https://tabs.ultimate-guitar.com/tab/vince-gill/go-rest-high-on-that-mountain-tabs-3834884",
      "file_path": null,
      "metadata": {}
    },
    "1352805": {
      "id": "1352805",
      "title": "Go Rest High On That Mountain",
      "type": "UKE",
      "url": "https://tabs.ultimate-guitar.com/tab/vince-gill/go-rest-high-on-that-mountain-ukulele-1352805",
      "file_path": null,
      "metadata": {}
    },
    "2293373": {
      "id": "2293373",
      "title": "Guitar Slinger",
      "type": "CRD",
      "url": "https://tabs.ultimate-guitar.com/tab/vince-gill/guitar-slinger-chords-2293373",
      "file_path": null,
      "metadata": {}
    },
    "69616": {
      "id": "69616",
      "title": "Half A Chance",
      "type": "CRD",
      "url": "https://tabs.ultimate-guitar.com/tab/vince-gill/half-a-chance-chords-69616",
      "file_path": null,
      "metadata": {}
    },
    "1262704": {
      "id": "1262704",
      "title": "Half A Chance",
      "type": "UKE",
      "url": "https://tabs.ultimate-guitar.com/tab/vince-gill/half-a-chance-ukulele-1262704",
      "file_path": null,
      "metadata": {}
    },
    "4901728": {
      "id": "4901728",
      "title": "Healing Hands Of Time",
      "type": "CRD",
      "url": "https://tabs.ultimate-guitar.com/tab/vince-gill/healing-hands-of-time-chords-4901728",
      "file_path": null,
      "metadata": {}
    },
    "3064278": {
      "id": "3064278",
      "title": "Hey God",
      "type": "CRD",
      "url": "https://tabs.ultimate-guitar.com/tab/vince-gill/hey-god-chords-3064278",
      "file_path": null,
      "metadata": {}
    },
    "69617": {
      "id": "69617",
      "title": "High Lonesome Sound",
      "type": "CRD",
      "url": "https://tabs.ultimate-guitar.com/tab/vince-gill/high-lonesome-sound-chords-69617",
      "file_path": null,
      "metadata": {}
    },
    "1262705": {
      "id": "1262705",
      "title": "High Lonesome Sound",
      "type": "UKE",
      "url": "https://tabs.ultimate-guitar.com/tab/vince-gill/high-lonesome-sound-ukulele-1262705",
      "file_path": null,
      "metadata": {}
    },
    "3917108": {
      "id": "3917108",
      "title": "How Great Thou Art",
      "type": "CRD",
      "url": "https://tabs.ultimate-guitar.com/tab/vince-gill/how-great-thou-art-chords-3917108",
      "file_path": null,
      "metadata": {}
    },
    "2357763": {
      "id": "2357763",
      "title": "How Lonely Looks",
      "type": "CRD",
      "url": "https://tabs.ultimate-guitar.com/tab/vince-gill/how-lonely-looks-chords-2357763",
      "file_path": null,
      "metadata": {}
    },
    "1724330": {
      "id": "1724330",
      "title": "I Aint Living Long Like This",
      "type": "BASS",
      "url": "https://tabs.ultimate-guitar.com/tab/vince-gill/i-aint-living-long-like-this-bass-1724330",
      "file_path": null,
      "metadata": {}
    },
    "1770788": {
      "id": "1770788",
      "title": "I Cant Be Myself",
      "type": "CRD",
      "url": "https://tabs.ultimate-guitar.com/tab/vince-gill/i-cant-be-myself-chords-1770788",
      "file_path": null,
      "metadata": {}
    },
    "4113955": {
      "id": "4113955",
      "title": "I Cant Be Myself  Intro",
      "type": "TAB",
      "url": "https://tabs.ultimate-guitar.com/tab/vince-gill/i-cant-be-myself-tabs-4113955",
      "file_path": null,
      "metadata": {}
    },
    "2245955": {
      "id": "2245955",
      "title": "I Cant Do This",
      "type": "CRD",
      "url": "https://tabs.ultimate-guitar.com/tab/vince-gill/i-cant-do-this-chords-2245955",
      "file_path": null,
      "metadata": {}
    },
    "2293377": {
      "id": "2293377",
      "title": "I Cant Let Go",
      "type": "CRD",
      "url": "https://tabs.ultimate-guitar.com/tab/vince-gill/i-cant-let-go-chords-2293377",
      "file_path": null,
      "metadata": {}
    },
    "2830216": {
      "id": "2830216",
      "title": "I Dont Wanna Ride The Rails No More",
      "type": "CRD",
      "url": "https://tabs.ultimate-guitar.com/tab/vince-gill/i-dont-wanna-ride-the-rails-no-more-chords-2830216",
      "file_path": null,
      "metadata": {}
    },
    "4392245": {
      "id": "4392245",
      "title": "I Gave You Everything I Had",
      "type": "CRD",
      "url": "https://tabs.ultimate-guitar.com/tab/vince-gill/i-gave-you-everything-i-had-chords-4392245",
      "file_path": null,
      "metadata": {}
    },
    "2293379": {
      "id": "2293379",
      "title": "I Never Knew You",
      "type": "CRD",
      "url": "https://tabs.ultimate-guitar.com/tab/vince-gill/i-never-knew-you-chords-2293379",
      "file_path": null,
      "metadata": {}
    },
    "3058492": {
      "id": "3058492",
      "title": "I Quit",
      "type": "CRD",
      "url": "https://tabs.ultimate-guitar.com/tab/vince-gill/i-quit-chords-3058492",
      "file_path": null,
      "metadata": {}
    },
    "1277762": {
      "id": "1277762",
      "title": "I Still Believe In You",
      "type": "UKE",
      "url": "https://tabs.ultimate-guitar.com/tab/vince-gill/i-still-believe-in-you-ukulele-1277762",
      "file_path": null,
      "metadata": {}
    },
    "2357769": {
      "id": "2357769",
      "title": "I Will Always Love You",
      "type": "CRD",
      "url": "https://tabs.ultimate-guitar.com/tab/vince-gill/i-will-always-love-you-chords-2357769",
      "file_path": null,
      "metadata": {}
    },
    "4904329": {
      "id": "4904329",
      "title": "Id Fight The World",
      "type": "CRD",
      "url": "https://tabs.ultimate-guitar.com/tab/vince-gill/id-fight-the-world-chords-4904329",
      "file_path": null,
      "metadata": {}
    },
    "2357773": {
      "id": "2357773",
      "title": "If I Can Make Mississippi",
      "type": "CRD",
      "url": "https://tabs.ultimate-guitar.com/tab/vince-gill/if-i-can-make-mississippi-chords-2357773",
      "file_path": null,
      "metadata": {}
    },
    "3272726": {
      "id": "3272726",
      "title": "If I Didnt Have You In My World",
      "type": "CRD",
      "url": "https://tabs.ultimate-guitar.com/tab/vince-gill/if-i-didnt-have-you-in-my-world-chords-3272726",
      "file_path": null,
      "metadata": {}
    },
    "4285625": {
      "id": "4285625",
      "title": "If I Die",
      "type": "CRD",
      "url": "https://tabs.ultimate-guitar.com/tab/vince-gill/if-i-die-chords-4285625",
      "file_path": null,
      "metadata": {}
    },
    "2357775": {
      "id": "2357775",
      "title": "If I Had My Way",
      "type": "CRD",
      "url": "https://tabs.ultimate-guitar.com/tab/vince-gill/if-i-had-my-way-chords-2357775",
      "file_path": null,
      "metadata": {}
    },
    "741557": {
      "id": "741557",
      "title": "If I Had My Way",
      "type": "TAB",
      "url": "https://tabs.ultimate-guitar.com/tab/vince-gill/if-i-had-my-way-tabs-741557",
      "file_path": null,
      "metadata": {}
    },
    "1722855": {
      "id": "1722855",
      "title": "If Theres Anything I Can Do",
      "type": "CRD",
      "url": "https://tabs.ultimate-guitar.com/tab/vince-gill/if-theres-anything-i-can-do-chords-1722855",
      "file_path": null,
      "metadata": {}
    },
    "2248559": {
      "id": "2248559",
      "title": "If You Ever Have Forever In Mind",
      "type": "CRD",
      "url": "https://tabs.ultimate-guitar.com/tab/vince-gill/if-you-ever-have-forever-in-mind-chords-2248559",
      "file_path": null,
      "metadata": {}
    },
    "1868925": {
      "id": "1868925",
      "title": "Ill Be Waiting For You",
      "type": "CRD",
      "url": "https://tabs.ultimate-guitar.com/tab/vince-gill/ill-be-waiting-for-you-chords-1868925",
      "file_path": null,
      "metadata": {}
    },
    "2357771": {
      "id": "2357771",
      "title": "Ill Take Texas",
      "type": "CRD",
      "url": "https://tabs.ultimate-guitar.com/tab/vince-gill/ill-take-texas-chords-2357771",
      "file_path": null,
      "metadata": {}
    },
    "2357779": {
      "id": "2357779",
      "title": "In These Last Few Days",
      "type": "CRD",
      "url": "https://tabs.ultimate-guitar.com/tab/vince-gill/in-these-last-few-days-chords-2357779",
      "file_path": null,
      "metadata": {}
    },
    "3989182": {
      "id": "3989182",
      "title": "It Wont Be The Same This Year",
      "type": "CRD",
      "url": "https://tabs.ultimate-guitar.com/tab/vince-gill/it-wont-be-the-same-this-year-chords-3989182",
      "file_path": null,
      "metadata": {}
    },
    "2293389": {
      "id": "2293389",
      "title": "Its A Young Mans Town",
      "type": "CRD",
      "url": "https://tabs.ultimate-guitar.com/tab/vince-gill/its-a-young-mans-town-chords-2293389",
      "file_path": null,
      "metadata": {}
    },
    "2293391": {
      "id": "2293391",
      "title": "Jenny Dreamed Of Trains",
      "type": "CRD",
      "url": "https://tabs.ultimate-guitar.com/tab/vince-gill/jenny-dreamed-of-trains-chords-2293391",
      "file_path": null,
      "metadata": {}
    },
    "3012704": {
      "id": "3012704",
      "title": "Kindly Keep It Country",
      "type": "CRD",
      "url": "https://tabs.ultimate-guitar.com/tab/vince-gill/kindly-keep-it-country-chords-3012704",
      "file_path": null,
      "metadata": {}
    },
    "4839716": {
      "id": "4839716",
      "title": "Kissing Your Picture Is So Cold",
      "type": "CRD",
      "url": "https://tabs.ultimate-guitar.com/tab/vince-gill/kissing-your-picture-is-so-cold-chords-4839716",
      "file_path": null,
      "metadata": {}
    },
    "3491090": {
      "id": "3491090",
      "title": "Let Her In",
      "type": "CRD",
      "url": "https://tabs.ultimate-guitar.com/tab/vince-gill/let-her-in-chords-3491090",
      "file_path": null,
      "metadata": {}
    },
    "4793990": {
      "id": "4793990",
      "title": "Let There Be Peace On Earth (ver 2)",
      "type": "CRD",
      "url": "https://tabs.ultimate-guitar.com/tab/vince-gill/let-there-be-peace-on-earth-chords-4793990",
      "file_path": null,
      "metadata": {}
    },
    "1318411": {
      "id": "1318411",
      "title": "Let There Be Peace On Earth",
      "type": "UKE",
      "url": "https://tabs.ultimate-guitar.com/tab/vince-gill/let-there-be-peace-on-earth-ukulele-1318411",
      "file_path": null,
      "metadata": {}
    },
    "1151335": {
      "id": "1151335",
      "title": "Lets Make Sure We Kiss Goodbye",
      "type": "CRD",
      "url": "https://tabs.ultimate-guitar.com/tab/vince-gill/lets-make-sure-we-kiss-goodbye-chords-1151335",
      "file_path": null,
      "metadata": {}
    },
    "1374206": {
      "id": "1374206",
      "title": "Lets Make Sure We Kiss Goodbye",
      "type": "UKE",
      "url": "https://tabs.ultimate-guitar.com/tab/vince-gill/lets-make-sure-we-kiss-goodbye-ukulele-1374206",
      "file_path": null,
      "metadata": {}
    },
    "69618": {
      "id": "69618",
      "title": "Lifetime Of Nightime",
      "type": "CRD",
      "url": "https://tabs.ultimate-guitar.com/tab/vince-gill/lifetime-of-nightime-chords-69618",
      "file_path": null,
      "metadata": {}
    },
    "1262706": {
      "id": "1262706",
      "title": "Lifetime Of Nightime",
      "type": "UKE",
      "url": "https://tabs.ultimate-guitar.com/tab/vince-gill/lifetime-of-nightime-ukulele-1262706",
      "file_path": null,
      "metadata": {}
    },
    "2357789": {
      "id": "2357789",
      "title": "Lifetime Of Nighttime",
      "type": "CRD",
      "url": "https://tabs.ultimate-guitar.com/tab/vince-gill/lifetime-of-nighttime-chords-2357789",
      "file_path": null,
      "metadata": {}
    },
    "2398229": {
      "id": "2398229",
      "title": "Like My Daddy Did",
      "type": "CRD",
      "url": "https://tabs.ultimate-guitar.com/tab/vince-gill/like-my-daddy-did-chords-2398229",
      "file_path": null,
      "metadata": {}
    },
    "2293399": {
      "id": "2293399",
      "title": "Little Brother",
      "type": "CRD",
      "url": "https://tabs.ultimate-guitar.com/tab/vince-gill/little-brother-chords-2293399",
      "file_path": null,
      "metadata": {}
    },
    "5042149": {
      "id": "5042149",
      "title": "Live To Tell It All",
      "type": "CRD",
      "url": "https://tabs.ultimate-guitar.com/tab/vince-gill/live-to-tell-it-all-chords-5042149",
      "file_path": null,
      "metadata": {}
    },
    "2881811": {
      "id": "2881811",
      "title": "Liza Jane  Intro",
      "type": "TAB",
      "url": "https://tabs.ultimate-guitar.com/tab/vince-gill/liza-jane-tabs-2881811",
      "file_path": null,
      "metadata": {}
    },
    "4594139": {
      "id": "4594139",
      "title": "Liza Jane  Solo",
      "type": "PRO",
      "url": "https://tabs.ultimate-guitar.com/tab/vince-gill/liza-jane-guitar-pro-4594139",
      "file_path": null,
      "metadata": {}
    },
    "219945": {
      "id": "219945",
      "title": "Liza Jane",
      "type": "PRO",
      "url": "https://tabs.ultimate-guitar.com/tab/vince-gill/liza-jane-guitar-pro-219945",
      "file_path": null,
      "metadata": {}
    },
    "1724585": {
      "id": "1724585",
      "title": "Liza Jane",
      "type": "BASS",
      "url": "https://tabs.ultimate-guitar.com/tab/vince-gill/liza-jane-bass-1724585",
      "file_path": null,
      "metadata": {}
    },
    "1389759": {
      "id": "1389759",
      "title": "Liza Jane",
      "type": "UKE",
      "url": "https://tabs.ultimate-guitar.com/tab/vince-gill/liza-jane-ukulele-1389759",
      "file_path": null,
      "metadata": {}
    },
    "1729792": {
      "id": "1729792",
      "title": "Look At Us (ver 2)",
      "type": "CRD",
      "url": "https://tabs.ultimate-guitar.com/tab/vince-gill/look-at-us-chords-1729792",
      "file_path": null,
      "metadata": {}
    },
    "2734413": {
      "id": "2734413",
      "title": "Look At Us (ver 3)",
      "type": "CRD",
      "url": "https://tabs.ultimate-guitar.com/tab/vince-gill/look-at-us-chords-2734413",
      "file_path": null,
      "metadata": {}
    },
    "1262707": {
      "id": "1262707",
      "title": "Look At Us",
      "type": "UKE",
      "url": "https://tabs.ultimate-guitar.com/tab/vince-gill/look-at-us-ukulele-1262707",
      "file_path": null,
      "metadata": {}
    },
    "2248689": {
      "id": "2248689",
      "title": "Losing Your Love",
      "type": "CRD",
      "url": "https://tabs.ultimate-guitar.com/tab/vince-gill/losing-your-love-chords-2248689",
      "file_path": null,
      "metadata": {}
    },
    "4400702": {
      "id": "4400702",
      "title": "Love Never Broke Anyones Heart",
      "type": "CRD",
      "url": "https://tabs.ultimate-guitar.com/tab/vince-gill/love-never-broke-anyones-heart-chords-4400702",
      "file_path": null,
      "metadata": {}
    },
    "5310603": {
      "id": "5310603",
      "title": "Molly Brown",
      "type": "CRD",
      "url": "https://tabs.ultimate-guitar.com/tab/vince-gill/molly-brown-chords-5310603",
      "file_path": null,
      "metadata": {}
    },
    "1970529": {
      "id": "1970529",
      "title": "My Kind Of Woman My Kind Of Man",
      "type": "CRD",
      "url": "https://tabs.ultimate-guitar.com/tab/vince-gill/my-kind-of-woman-my-kind-of-man-chords-1970529",
      "file_path": null,
      "metadata": {}
    },
    "2486202": {
      "id": "2486202",
      "title": "Never Alone",
      "type": "CRD",
      "url": "https://tabs.ultimate-guitar.com/tab/vince-gill/never-alone-chords-2486202",
      "file_path": null,
      "metadata": {}
    },
    "2457344": {
      "id": "2457344",
      "title": "Never Knew Lonely",
      "type": "CRD",
      "url": "https://tabs.ultimate-guitar.com/tab/vince-gill/never-knew-lonely-chords-2457344",
      "file_path": null,
      "metadata": {}
    },
    "219946": {
      "id": "219946",
      "title": "Never Knew Lonely",
      "type": "PRO",
      "url": "https://tabs.ultimate-guitar.com/tab/vince-gill/never-knew-lonely-guitar-pro-219946",
      "file_path": null,
      "metadata": {}
    },
    "2293405": {
      "id": "2293405",
      "title": "Next Big Thing",
      "type": "CRD",
      "url": "https://tabs.ultimate-guitar.com/tab/vince-gill/next-big-thing-chords-2293405",
      "file_path": null,
      "metadata": {}
    },
    "2293407": {
      "id": "2293407",
      "title": "No Future In The Past",
      "type": "CRD",
      "url": "https://tabs.ultimate-guitar.com/tab/vince-gill/no-future-in-the-past-chords-2293407",
      "file_path": null,
      "metadata": {}
    },
    "2950445": {
      "id": "2950445",
      "title": "Nothin Like A Guy Clark Song",
      "type": "CRD",
      "url": "https://tabs.ultimate-guitar.com/tab/vince-gill/nothin-like-a-guy-clark-song-chords-2950445",
      "file_path": null,
      "metadata": {}
    },
    "2293409": {
      "id": "2293409",
      "title": "Nothin Like A Woman",
      "type": "CRD",
      "url": "https://tabs.ultimate-guitar.com/tab/vince-gill/nothin-like-a-woman-chords-2293409",
      "file_path": null,
      "metadata": {}
    },
    "1474592": {
      "id": "1474592",
      "title": "Nothing For A Broken Heart",
      "type": "CRD",
      "url": "https://tabs.ultimate-guitar.com/tab/vince-gill/nothing-for-a-broken-heart-chords-1474592",
      "file_path": null,
      "metadata": {}
    },
    "2357805": {
      "id": "2357805",
      "title": "Oh Carolina",
      "type": "CRD",
      "url": "https://tabs.ultimate-guitar.com/tab/vince-gill/oh-carolina-chords-2357805",
      "file_path": null,
      "metadata": {}
    },
    "732235": {
      "id": "732235",
      "title": "Oklahoma Borderline  Solo",
      "type": "PRO",
      "url": "https://tabs.ultimate-guitar.com/tab/vince-gill/oklahoma-borderline-guitar-pro-732235",
      "file_path": null,
      "metadata": {}
    },
    "2081197": {
      "id": "2081197",
      "title": "Old Lucky Diamond Motel",
      "type": "CRD",
      "url": "https://tabs.ultimate-guitar.com/tab/vince-gill/old-lucky-diamond-motel-chords-2081197",
      "file_path": null,
      "metadata": {}
    },
    "3875591": {
      "id": "3875591",
      "title": "Old Time Fiddle",
      "type": "CRD",
      "url": "https://tabs.ultimate-guitar.com/tab/vince-gill/old-time-fiddle-chords-3875591",
      "file_path": null,
      "metadata": {}
    },
    "3985147": {
      "id": "3985147",
      "title": "One Bright Star",
      "type": "CRD",
      "url": "https://tabs.ultimate-guitar.com/tab/vince-gill/one-bright-star-chords-3985147",
      "file_path": null,
      "metadata": {}
    },
    "5024266": {
      "id": "5024266",
      "title": "One More Last Chance  Solo",
      "type": "PRO",
      "url": "https://tabs.ultimate-guitar.com/tab/vince-gill/one-more-last-chance-guitar-pro-5024266",
      "file_path": null,
      "metadata": {}
    },
    "2034093": {
      "id": "2034093",
      "title": "One More Last Chance",
      "type": "PRO",
      "url": "https://tabs.ultimate-guitar.com/tab/vince-gill/one-more-last-chance-guitar-pro-2034093",
      "file_path": null,
      "metadata": {}
    },
    "1744005": {
      "id": "1744005",
      "title": "One More Last Chance",
      "type": "BASS",
      "url": "https://tabs.ultimate-guitar.com/tab/vince-gill/one-more-last-chance-bass-1744005",
      "file_path": null,
      "metadata": {}
    },
    "1262708": {
      "id": "1262708",
      "title": "One More Last Chance",
      "type": "UKE",
      "url": "https://tabs.ultimate-guitar.com/tab/vince-gill/one-more-last-chance-ukulele-1262708",
      "file_path": null,
      "metadata": {}
    },
    "3358478": {
      "id": "3358478",
      "title": "One More Thing I Wished Id Said",
      "type": "CRD",
      "url": "https://tabs.ultimate-guitar.com/tab/vince-gill/one-more-thing-i-wished-id-said-chords-3358478",
      "file_path": null,
      "metadata": {}
    },
    "4904332": {
      "id": "4904332",
      "title": "One More Time",
      "type": "CRD",
      "url": "https://tabs.ultimate-guitar.com/tab/vince-gill/one-more-time-chords-4904332",
      "file_path": null,
      "metadata": {}
    },
    "1465145": {
      "id": "1465145",
      "title": "Out Of My Mind",
      "type": "CRD",
      "url": "https://tabs.ultimate-guitar.com/tab/vince-gill/out-of-my-mind-chords-1465145",
      "file_path": null,
      "metadata": {}
    },
    "877212": {
      "id": "877212",
      "title": "Pocket Full Of Gold",
      "type": "PRO",
      "url": "https://tabs.ultimate-guitar.com/tab/vince-gill/pocket-full-of-gold-guitar-pro-877212",
      "file_path": null,
      "metadata": {}
    },
    "1389788": {
      "id": "1389788",
      "title": "Pocket Full Of Gold",
      "type": "UKE",
      "url": "https://tabs.ultimate-guitar.com/tab/vince-gill/pocket-full-of-gold-ukulele-1389788",
      "file_path": null,
      "metadata": {}
    },
    "1110453": {
      "id": "1110453",
      "title": "Pretty Little Adriana",
      "type": "CRD",
      "url": "https://tabs.ultimate-guitar.com/tab/vince-gill/pretty-little-adriana-chords-1110453",
      "file_path": null,
      "metadata": {}
    },
    "1366560": {
      "id": "1366560",
      "title": "Pretty Little Adriana",
      "type": "UKE",
      "url": "https://tabs.ultimate-guitar.com/tab/vince-gill/pretty-little-adriana-ukulele-1366560",
      "file_path": null,
      "metadata": {}
    },
    "4042750": {
      "id": "4042750",
      "title": "Pretty Words",
      "type": "CRD",
      "url": "https://tabs.ultimate-guitar.com/tab/vince-gill/pretty-words-chords-4042750",
      "file_path": null,
      "metadata": {}
    },
    "1009315": {
      "id": "1009315",
      "title": "Real Mean Bottle",
      "type": "TAB",
      "url": "https://tabs.ultimate-guitar.com/tab/vince-gill/real-mean-bottle-tabs-1009315",
      "file_path": null,
      "metadata": {}
    },
    "1902177": {
      "id": "1902177",
      "title": "Reason For The Tears I Cry",
      "type": "CRD",
      "url": "https://tabs.ultimate-guitar.com/tab/vince-gill/reason-for-the-tears-i-cry-chords-1902177",
      "file_path": null,
      "metadata": {}
    },
    "565652": {
      "id": "565652",
      "title": "Ridin The Rodeo",
      "type": "CRD",
      "url": "https://tabs.ultimate-guitar.com/tab/vince-gill/ridin-the-rodeo-chords-565652",
      "file_path": null,
      "metadata": {}
    },
    "1300218": {
      "id": "1300218",
      "title": "Ridin The Rodeo",
      "type": "UKE",
      "url": "https://tabs.ultimate-guitar.com/tab/vince-gill/ridin-the-rodeo-ukulele-1300218",
      "file_path": null,
      "metadata": {}
    },
    "1953387": {
      "id": "1953387",
      "title": "Rita Ballou",
      "type": "CRD",
      "url": "https://tabs.ultimate-guitar.com/tab/vince-gill/rita-ballou-chords-1953387",
      "file_path": null,
      "metadata": {}
    },
    "3286253": {
      "id": "3286253",
      "title": "Sad One Comin On A Song For George Jones",
      "type": "CRD",
      "url": "https://tabs.ultimate-guitar.com/tab/vince-gill/sad-one-comin-on-a-song-for-george-jones-chords-3286253",
      "file_path": null,
      "metadata": {}
    },
    "609945": {
      "id": "609945",
      "title": "Santa Claus Is Coming To Town",
      "type": "PRO",
      "url": "https://tabs.ultimate-guitar.com/tab/vince-gill/santa-claus-is-coming-to-town-guitar-pro-609945",
      "file_path": null,
      "metadata": {}
    },
    "2357807": {
      "id": "2357807",
      "title": "Say Hello",
      "type": "CRD",
      "url": "https://tabs.ultimate-guitar.com/tab/vince-gill/say-hello-chords-2357807",
      "file_path": null,
      "metadata": {}
    },
    "2357809": {
      "id": "2357809",
      "title": "She Never Makes Me Cry",
      "type": "CRD",
      "url": "https://tabs.ultimate-guitar.com/tab/vince-gill/she-never-makes-me-cry-chords-2357809",
      "file_path": null,
      "metadata": {}
    },
    "2967362": {
      "id": "2967362",
      "title": "Sight For Sore Eyes",
      "type": "CRD",
      "url": "https://tabs.ultimate-guitar.com/tab/vince-gill/sight-for-sore-eyes-chords-2967362",
      "file_path": null,
      "metadata": {}
    },
    "1938197": {
      "id": "1938197",
      "title": "Smilin Song",
      "type": "CRD",
      "url": "https://tabs.ultimate-guitar.com/tab/vince-gill/smilin-song-chords-1938197",
      "file_path": null,
      "metadata": {}
    },
    "2285549": {
      "id": "2285549",
      "title": "Some Things Never Get Old",
      "type": "CRD",
      "url": "https://tabs.ultimate-guitar.com/tab/vince-gill/some-things-never-get-old-chords-2285549",
      "file_path": null,
      "metadata": {}
    },
    "1501915": {
      "id": "1501915",
      "title": "Someday",
      "type": "CRD",
      "url": "https://tabs.ultimate-guitar.com/tab/vince-gill/someday-chords-1501915",
      "file_path": null,
      "metadata": {}
    },
    "2357815": {
      "id": "2357815",
      "title": "Someday (ver 2)",
      "type": "CRD",
      "url": "https://tabs.ultimate-guitar.com/tab/vince-gill/someday-chords-2357815",
      "file_path": null,
      "metadata": {}
    },
    "4834574": {
      "id": "4834574",
      "title": "Song For The Life",
      "type": "CRD",
      "url": "https://tabs.ultimate-guitar.com/tab/vince-gill/song-for-the-life-chords-4834574",
      "file_path": null,
      "metadata": {}
    },
    "2357817": {
      "id": "2357817",
      "title": "South Side Of Dixie",
      "type": "CRD",
      "url": "https://tabs.ultimate-guitar.com/tab/vince-gill/south-side-of-dixie-chords-2357817",
      "file_path": null,
      "metadata": {}
    },
    "2119065": {
      "id": "2119065",
      "title": "South Side Of Dixie",
      "type": "TAB",
      "url": "https://tabs.ultimate-guitar.com/tab/vince-gill/south-side-of-dixie-tabs-2119065",
      "file_path": null,
      "metadata": {}
    },
    "4904347": {
      "id": "4904347",
      "title": "Sweet Memories",
      "type": "CRD",
      "url": "https://tabs.ultimate-guitar.com/tab/vince-gill/sweet-memories-chords-4904347",
      "file_path": null,
      "metadata": {}
    },
    "2365913": {
      "id": "2365913",
      "title": "Take Me Down",
      "type": "CRD",
      "url": "https://tabs.ultimate-guitar.com/tab/vince-gill/take-me-down-chords-2365913",
      "file_path": null,
      "metadata": {}
    },
    "1684238": {
      "id": "1684238",
      "title": "Take Your Memory With You",
      "type": "CRD",
      "url": "https://tabs.ultimate-guitar.com/tab/vince-gill/take-your-memory-with-you-chords-1684238",
      "file_path": null,
      "metadata": {}
    },
    "1683553": {
      "id": "1683553",
      "title": "Take Your Memory With You (ver 2)",
      "type": "CRD",
      "url": "https://tabs.ultimate-guitar.com/tab/vince-gill/take-your-memory-with-you-chords-1683553",
      "file_path": null,
      "metadata": {}
    },
    "2119063": {
      "id": "2119063",
      "title": "Tell Me One More Time About Jesus",
      "type": "CRD",
      "url": "https://tabs.ultimate-guitar.com/tab/vince-gill/tell-me-one-more-time-about-jesus-chords-2119063",
      "file_path": null,
      "metadata": {}
    },
    "1247897": {
      "id": "1247897",
      "title": "Thats Who I Am",
      "type": "CRD",
      "url": "https://tabs.ultimate-guitar.com/tab/vince-gill/thats-who-i-am-chords-1247897",
      "file_path": null,
      "metadata": {}
    },
    "2149719": {
      "id": "2149719",
      "title": "Thats Who I Am",
      "type": "UKE",
      "url": "https://tabs.ultimate-guitar.com/tab/vince-gill/thats-who-i-am-ukulele-2149719",
      "file_path": null,
      "metadata": {}
    },
    "2120257": {
      "id": "2120257",
      "title": "The Heart Wont Lie",
      "type": "CRD",
      "url": "https://tabs.ultimate-guitar.com/tab/vince-gill/the-heart-wont-lie-chords-2120257",
      "file_path": null,
      "metadata": {}
    },
    "1458567": {
      "id": "1458567",
      "title": "The Hills Of Caroline",
      "type": "CRD",
      "url": "https://tabs.ultimate-guitar.com/tab/vince-gill/the-hills-of-caroline-chords-1458567",
      "file_path": null,
      "metadata": {}
    },
    "1196841": {
      "id": "1196841",
      "title": "The Key To Life",
      "type": "CRD",
      "url": "https://tabs.ultimate-guitar.com/tab/vince-gill/the-key-to-life-chords-1196841",
      "file_path": null,
      "metadata": {}
    },
    "1383694": {
      "id": "1383694",
      "title": "The Key To Life",
      "type": "UKE",
      "url": "https://tabs.ultimate-guitar.com/tab/vince-gill/the-key-to-life-ukulele-1383694",
      "file_path": null,
      "metadata": {}
    },
    "2320931": {
      "id": "2320931",
      "title": "The Luckiest Guy In The World",
      "type": "CRD",
      "url": "https://tabs.ultimate-guitar.com/tab/vince-gill/the-luckiest-guy-in-the-world-chords-2320931",
      "file_path": null,
      "metadata": {}
    },
    "2265647": {
      "id": "2265647",
      "title": "The Only Love",
      "type": "CRD",
      "url": "https://tabs.ultimate-guitar.com/tab/vince-gill/the-only-love-chords-2265647",
      "file_path": null,
      "metadata": {}
    },
    "5124613": {
      "id": "5124613",
      "title": "The Price Of Regret",
      "type": "CRD",
      "url": "https://tabs.ultimate-guitar.com/tab/vince-gill/the-price-of-regret-chords-5124613",
      "file_path": null,
      "metadata": {}
    },
    "2357825": {
      "id": "2357825",
      "title": "The Radio",
      "type": "CRD",
      "url": "https://tabs.ultimate-guitar.com/tab/vince-gill/the-radio-chords-2357825",
      "file_path": null,
      "metadata": {}
    },
    "452374": {
      "id": "452374",
      "title": "The Reason Why",
      "type": "CRD",
      "url": "https://tabs.ultimate-guitar.com/tab/vince-gill/the-reason-why-chords-452374",
      "file_path": null,
      "metadata": {}
    },
    "2357827": {
      "id": "2357827",
      "title": "The Reason Why (ver 2)",
      "type": "CRD",
      "url": "https://tabs.ultimate-guitar.com/tab/vince-gill/the-reason-why-chords-2357827",
      "file_path": null,
      "metadata": {}
    },
    "1287082": {
      "id": "1287082",
      "title": "The Reason Why",
      "type": "UKE",
      "url": "https://tabs.ultimate-guitar.com/tab/vince-gill/the-reason-why-ukulele-1287082",
      "file_path": null,
      "metadata": {}
    },
    "3685742": {
      "id": "3685742",
      "title": "The Red Words",
      "type": "CRD",
      "url": "https://tabs.ultimate-guitar.com/tab/vince-gill/the-red-words-chords-3685742",
      "file_path": null,
      "metadata": {}
    },
    "1771944": {
      "id": "1771944",
      "title": "The Rock Of Your Love",
      "type": "CRD",
      "url": "https://tabs.ultimate-guitar.com/tab/vince-gill/the-rock-of-your-love-chords-1771944",
      "file_path": null,
      "metadata": {}
    },
    "4904320": {
      "id": "4904320",
      "title": "The Same Two Lips",
      "type": "CRD",
      "url": "https://tabs.ultimate-guitar.com/tab/vince-gill/the-same-two-lips-chords-4904320",
      "file_path": null,
      "metadata": {}
    },
    "4906435": {
      "id": "4906435",
      "title": "The Sight Of Me Without You",
      "type": "CRD",
      "url": "https://tabs.ultimate-guitar.com/tab/vince-gill/the-sight-of-me-without-you-chords-4906435",
      "file_path": null,
      "metadata": {}
    },
    "2565522": {
      "id": "2565522",
      "title": "The Strings That Tie You Down",
      "type": "CRD",
      "url": "https://tabs.ultimate-guitar.com/tab/vince-gill/the-strings-that-tie-you-down-chords-2565522",
      "file_path": null,
      "metadata": {}
    },
    "3186938": {
      "id": "3186938",
      "title": "The Way Back Home",
      "type": "CRD",
      "url": "https://tabs.ultimate-guitar.com/tab/vince-gill/the-way-back-home-chords-3186938",
      "file_path": null,
      "metadata": {}
    },
    "4935268": {
      "id": "4935268",
      "title": "The Whole World",
      "type": "CRD",
      "url": "https://tabs.ultimate-guitar.com/tab/vince-gill/the-whole-world-chords-4935268",
      "file_path": null,
      "metadata": {}
    },
    "2357829": {
      "id": "2357829",
      "title": "Theres Not Much Love Here Anymore",
      "type": "CRD",
      "url": "https://tabs.ultimate-guitar.com/tab/vince-gill/theres-not-much-love-here-anymore-chords-2357829",
      "file_path": null,
      "metadata": {}
    },
    "2113903": {
      "id": "2113903",
      "title": "These Days",
      "type": "CRD",
      "url": "https://tabs.ultimate-guitar.com/tab/vince-gill/these-days-chords-2113903",
      "file_path": null,
      "metadata": {}
    },
    "3666071": {
      "id": "3666071",
      "title": "This Memory Of You",
      "type": "CRD",
      "url": "https://tabs.ultimate-guitar.com/tab/vince-gill/this-memory-of-you-chords-3666071",
      "file_path": null,
      "metadata": {}
    },
    "2357833": {
      "id": "2357833",
      "title": "This New Heartache",
      "type": "CRD",
      "url": "https://tabs.ultimate-guitar.com/tab/vince-gill/this-new-heartache-chords-2357833",
      "file_path": null,
      "metadata": {}
    },
    "2376811": {
      "id": "2376811",
      "title": "This Old Guitar And Me",
      "type": "CRD",
      "url": "https://tabs.ultimate-guitar.com/tab/vince-gill/this-old-guitar-and-me-chords-2376811",
      "file_path": null,
      "metadata": {}
    },
    "1250818": {
      "id": "1250818",
      "title": "Threaten Me With Heaven",
      "type": "CRD",
      "url": "https://tabs.ultimate-guitar.com/tab/vince-gill/threaten-me-with-heaven-chords-1250818",
      "file_path": null,
      "metadata": {}
    },
    "1448774": {
      "id": "1448774",
      "title": "Threaten Me With Heaven (ver 2)",
      "type": "CRD",
      "url": "https://tabs.ultimate-guitar.com/tab/vince-gill/threaten-me-with-heaven-chords-1448774",
      "file_path": null,
      "metadata": {}
    },
    "1394049": {
      "id": "1394049",
      "title": "Threaten Me With Heaven",
      "type": "UKE",
      "url": "https://tabs.ultimate-guitar.com/tab/vince-gill/threaten-me-with-heaven-ukulele-1394049",
      "file_path": null,
      "metadata": {}
    },
    "2357841": {
      "id": "2357841",
      "title": "Til The Best Comes Along",
      "type": "CRD",
      "url": "https://tabs.ultimate-guitar.com/tab/vince-gill/til-the-best-comes-along-chords-2357841",
      "file_path": null,
      "metadata": {}
    },
    "2357839": {
      "id": "2357839",
      "title": "Til The Season Comes Around Again",
      "type": "CRD",
      "url": "https://tabs.ultimate-guitar.com/tab/vince-gill/til-the-season-comes-around-again-chords-2357839",
      "file_path": null,
      "metadata": {}
    },
    "3666827": {
      "id": "3666827",
      "title": "Time To Carry On",
      "type": "CRD",
      "url": "https://tabs.ultimate-guitar.com/tab/vince-gill/time-to-carry-on-chords-3666827",
      "file_path": null,
      "metadata": {}
    },
    "4111102": {
      "id": "4111102",
      "title": "True Love",
      "type": "CRD",
      "url": "https://tabs.ultimate-guitar.com/tab/vince-gill/true-love-chords-4111102",
      "file_path": null,
      "metadata": {}
    },
    "5434422": {
      "id": "5434422",
      "title": "Tryin To Get Over You (ver 2)",
      "type": "CRD",
      "url": "https://tabs.ultimate-guitar.com/tab/vince-gill/tryin-to-get-over-you-chords-5434422",
      "file_path": null,
      "metadata": {}
    },
    "2840408": {
      "id": "2840408",
      "title": "Tryin To Get Over You",
      "type": "CRD",
      "url": "https://tabs.ultimate-guitar.com/tab/vince-gill/tryin-to-get-over-you-chords-2840408",
      "file_path": null,
      "metadata": {}
    },
    "2120247": {
      "id": "2120247",
      "title": "Tryin To Get Over You  Solo",
      "type": "TAB",
      "url": "https://tabs.ultimate-guitar.com/tab/vince-gill/tryin-to-get-over-you-tabs-2120247",
      "file_path": null,
      "metadata": {}
    },
    "1262709": {
      "id": "1262709",
      "title": "Tryin To Get Over You",
      "type": "UKE",
      "url": "https://tabs.ultimate-guitar.com/tab/vince-gill/tryin-to-get-over-you-ukulele-1262709",
      "file_path": null,
      "metadata": {}
    },
    "2357847": {
      "id": "2357847",
      "title": "Turn Me Loose",
      "type": "CRD",
      "url": "https://tabs.ultimate-guitar.com/tab/vince-gill/turn-me-loose-chords-2357847",
      "file_path": null,
      "metadata": {}
    },
    "4073395": {
      "id": "4073395",
      "title": "Two Hearts",
      "type": "UKE",
      "url": "https://tabs.ultimate-guitar.com/tab/vince-gill/two-hearts-ukulele-4073395",
      "file_path": null,
      "metadata": {}
    },
    "4344638": {
      "id": "4344638",
      "title": "Under These Conditions",
      "type": "CRD",
      "url": "https://tabs.ultimate-guitar.com/tab/vince-gill/under-these-conditions-chords-4344638",
      "file_path": null,
      "metadata": {}
    },
    "4344635": {
      "id": "4344635",
      "title": "Waitin For Your Love",
      "type": "CRD",
      "url": "https://tabs.ultimate-guitar.com/tab/vince-gill/waitin-for-your-love-chords-4344635",
      "file_path": null,
      "metadata": {}
    },
    "4904323": {
      "id": "4904323",
      "title": "Walkin Slow And Thinking Bout Her",
      "type": "CRD",
      "url": "https://tabs.ultimate-guitar.com/tab/vince-gill/walkin-slow-and-thinking-bout-her-chords-4904323",
      "file_path": null,
      "metadata": {}
    },
    "2357849": {
      "id": "2357849",
      "title": "We Could Have Been",
      "type": "CRD",
      "url": "https://tabs.ultimate-guitar.com/tab/vince-gill/we-could-have-been-chords-2357849",
      "file_path": null,
      "metadata": {}
    },
    "4818320": {
      "id": "4818320",
      "title": "We Wont Dance",
      "type": "CRD",
      "url": "https://tabs.ultimate-guitar.com/tab/vince-gill/we-wont-dance-chords-4818320",
      "file_path": null,
      "metadata": {}
    },
    "4904317": {
      "id": "4904317",
      "title": "Weary Blues From Waitin",
      "type": "CRD",
      "url": "https://tabs.ultimate-guitar.com/tab/vince-gill/weary-blues-from-waitin-chords-4904317",
      "file_path": null,
      "metadata": {}
    },
    "1244411": {
      "id": "1244411",
      "title": "What The Cowgirls Do",
      "type": "CRD",
      "url": "https://tabs.ultimate-guitar.com/tab/vince-gill/what-the-cowgirls-do-chords-1244411",
      "file_path": null,
      "metadata": {}
    },
    "316333": {
      "id": "316333",
      "title": "What The Cowgirls Do",
      "type": "PRO",
      "url": "https://tabs.ultimate-guitar.com/tab/vince-gill/what-the-cowgirls-do-guitar-pro-316333",
      "file_path": null,
      "metadata": {}
    },
    "1388682": {
      "id": "1388682",
      "title": "What The Cowgirls Do",
      "type": "UKE",
      "url": "https://tabs.ultimate-guitar.com/tab/vince-gill/what-the-cowgirls-do-ukulele-1388682",
      "file_path": null,
      "metadata": {}
    },
    "4344632": {
      "id": "4344632",
      "title": "What They All Call Love",
      "type": "CRD",
      "url": "https://tabs.ultimate-guitar.com/tab/vince-gill/what-they-all-call-love-chords-4344632",
      "file_path": null,
      "metadata": {}
    },
    "1879849": {
      "id": "1879849",
      "title": "What You Dont Say",
      "type": "CRD",
      "url": "https://tabs.ultimate-guitar.com/tab/vince-gill/what-you-dont-say-chords-1879849",
      "file_path": null,
      "metadata": {}
    },
    "1915753": {
      "id": "1915753",
      "title": "What You Give Away",
      "type": "CRD",
      "url": "https://tabs.ultimate-guitar.com/tab/vince-gill/what-you-give-away-chords-1915753",
      "file_path": null,
      "metadata": {}
    },
    "1421429": {
      "id": "1421429",
      "title": "When I Call Your Name (ver 2)",
      "type": "CRD",
      "url": "https://tabs.ultimate-guitar.com/tab/vince-gill/when-i-call-your-name-chords-1421429",
      "file_path": null,
      "metadata": {}
    },
    "1849995": {
      "id": "1849995",
      "title": "When I Call Your Name (ver 3)",
      "type": "CRD",
      "url": "https://tabs.ultimate-guitar.com/tab/vince-gill/when-i-call-your-name-chords-1849995",
      "file_path": null,
      "metadata": {}
    },
    "2342427": {
      "id": "2342427",
      "title": "When I Call Your Name (ver 4)",
      "type": "CRD",
      "url": "https://tabs.ultimate-guitar.com/tab/vince-gill/when-i-call-your-name-chords-2342427",
      "file_path": null,
      "metadata": {}
    },
    "2365819": {
      "id": "2365819",
      "title": "When I Call Your Name (ver 5)",
      "type": "CRD",
      "url": "https://tabs.ultimate-guitar.com/tab/vince-gill/when-i-call-your-name-chords-2365819",
      "file_path": null,
      "metadata": {}
    },
    "1338541": {
      "id": "1338541",
      "title": "When I Call Your Name",
      "type": "UKE",
      "url": "https://tabs.ultimate-guitar.com/tab/vince-gill/when-i-call-your-name-ukulele-1338541",
      "file_path": null,
      "metadata": {}
    },
    "4344614": {
      "id": "4344614",
      "title": "When I Look Into Your Heart",
      "type": "CRD",
      "url": "https://tabs.ultimate-guitar.com/tab/vince-gill/when-i-look-into-your-heart-chords-4344614",
      "file_path": null,
      "metadata": {}
    },
    "2266215": {
      "id": "2266215",
      "title": "When Lonely Comes Around",
      "type": "CRD",
      "url": "https://tabs.ultimate-guitar.com/tab/vince-gill/when-lonely-comes-around-chords-2266215",
      "file_path": null,
      "metadata": {}
    },
    "2244925": {
      "id": "2244925",
      "title": "When Love Finds You",
      "type": "CRD",
      "url": "https://tabs.ultimate-guitar.com/tab/vince-gill/when-love-finds-you-chords-2244925",
      "file_path": null,
      "metadata": {}
    },
    "2574930": {
      "id": "2574930",
      "title": "When My Amy Prays",
      "type": "CRD",
      "url": "https://tabs.ultimate-guitar.com/tab/vince-gill/when-my-amy-prays-chords-2574930",
      "file_path": null,
      "metadata": {}
    },
    "2956814": {
      "id": "2956814",
      "title": "When My Amy Prays (ver 2)",
      "type": "CRD",
      "url": "https://tabs.ultimate-guitar.com/tab/vince-gill/when-my-amy-prays-chords-2956814",
      "file_path": null,
      "metadata": {}
    },
    "3395366": {
      "id": "3395366",
      "title": "When Will I Be Loved",
      "type": "CRD",
      "url": "https://tabs.ultimate-guitar.com/tab/vince-gill/when-will-i-be-loved-chords-3395366",
      "file_path": null,
      "metadata": {}
    },
    "1520704": {
      "id": "1520704",
      "title": "Whenever You Come Around",
      "type": "CRD",
      "url": "https://tabs.ultimate-guitar.com/tab/vince-gill/whenever-you-come-around-chords-1520704",
      "file_path": null,
      "metadata": {}
    },
    "1750854": {
      "id": "1750854",
      "title": "Whenever You Come Around (ver 2)",
      "type": "CRD",
      "url": "https://tabs.ultimate-guitar.com/tab/vince-gill/whenever-you-come-around-chords-1750854",
      "file_path": null,
      "metadata": {}
    },
    "4239133": {
      "id": "4239133",
      "title": "Whenever You Come Around (ver 3)",
      "type": "CRD",
      "url": "https://tabs.ultimate-guitar.com/tab/vince-gill/whenever-you-come-around-chords-4239133",
      "file_path": null,
      "metadata": {}
    },
    "1262710": {
      "id": "1262710",
      "title": "Whenever You Come Around",
      "type": "UKE",
      "url": "https://tabs.ultimate-guitar.com/tab/vince-gill/whenever-you-come-around-ukulele-1262710",
      "file_path": null,
      "metadata": {}
    },
    "1406735": {
      "id": "1406735",
      "title": "Which Bridge To Cross Which Bridge To Burn",
      "type": "CRD",
      "url": "https://tabs.ultimate-guitar.com/tab/vince-gill/which-bridge-to-cross-which-bridge-to-burn-chords-1406735",
      "file_path": null,
      "metadata": {}
    },
    "4292114": {
      "id": "4292114",
      "title": "Which Bridge To Cross Which Bridge To Burn (ver 2)",
      "type": "CRD",
      "url": "https://tabs.ultimate-guitar.com/tab/vince-gill/which-bridge-to-cross-which-bridge-to-burn-chords-4292114",
      "file_path": null,
      "metadata": {}
    },
    "2357857": {
      "id": "2357857",
      "title": "Whipporwill River",
      "type": "CRD",
      "url": "https://tabs.ultimate-guitar.com/tab/vince-gill/whipporwill-river-chords-2357857",
      "file_path": null,
      "metadata": {}
    },
    "2357859": {
      "id": "2357859",
      "title": "Winter Wonderland",
      "type": "CRD",
      "url": "https://tabs.ultimate-guitar.com/tab/vince-gill/winter-wonderland-chords-2357859",
      "file_path": null,
      "metadata": {}
    },
    "1828425": {
      "id": "1828425",
      "title": "Without You",
      "type": "CRD",
      "url": "https://tabs.ultimate-guitar.com/tab/vince-gill/without-you-chords-1828425",
      "file_path": null,
      "metadata": {}
    },
    "1734892": {
      "id": "1734892",
      "title": "Without You",
      "type": "BASS",
      "url": "https://tabs.ultimate-guitar.com/tab/vince-gill/without-you-bass-1734892",
      "file_path": null,
      "metadata": {}
    },
    "2089867": {
      "id": "2089867",
      "title": "Worlds Apart",
      "type": "CRD",
      "url": "https://tabs.ultimate-guitar.com/tab/vince-gill/worlds-apart-chords-2089867",
      "file_path": null,
      "metadata": {}
    },
    "2357861": {
      "id": "2357861",
      "title": "You And You Alone",
      "type": "CRD",
      "url": "https://tabs.ultimate-guitar.com/tab/vince-gill/you-and-you-alone-chords-2357861",
      "file_path": null,
      "metadata": {}
    },
    "3572255": {
      "id": "3572255",
      "title": "You Better Think Twice",
      "type": "CRD",
      "url": "https://tabs.ultimate-guitar.com/tab/vince-gill/you-better-think-twice-chords-3572255",
      "file_path": null,
      "metadata": {}
    },
    "4350806": {
      "id": "4350806",
      "title": "You Dont Wanna Love A Man Like Me",
      "type": "CRD",
      "url": "https://tabs.ultimate-guitar.com/tab/vince-gill/you-dont-wanna-love-a-man-like-me-chords-4350806",
      "file_path": null,
      "metadata": {}
    },
    "4904326": {
      "id": "4904326",
      "title": "You Wouldnt Know Love",
      "type": "CRD",
      "url": "https://tabs.ultimate-guitar.com/tab/vince-gill/you-wouldnt-know-love-chords-4904326",
      "file_path": null,
      "metadata": {}
    },
    "4904431": {
      "id": "4904431",
      "title": "Your Old Love Letters",
      "type": "CRD",
      "url": "https://tabs.ultimate-guitar.com/tab/vince-gill/your-old-love-letters-chords-4904431",
      "file_path": null,
      "metadata": {}
    },
    "2937272": {
      "id": "2937272",
      "title": "Youre My Favourite Movie",
      "type": "CRD",
      "url": "https://tabs.ultimate-guitar.com/tab/vince-gill/youre-my-favourite-movie-chords-2937272",
      "file_path": null,
      "metadata": {}
    }
  }
}