{
  "id": "10528",
  "name": "Chris Hillman",
  "url": "https://www.ultimate-guitar.com/artist/chris_hillman_10528",
  "tabs": {
    "70980": {
      "id": "70980",
      "title": "Good Time Charlies Got The Blues",
      "type": "CRD",
      "url": "https://tabs.ultimate-guitar.com/tab/chris-hillman/good-time-charlies-got-the-blues-chords-70980",
      "file_path": null,
      "metadata": {}
    },
    "2112123": {
      "id": "2112123",
      "title": "The Window Up Above",
      "type": "CRD",
      "url": "https://tabs.ultimate-guitar.com/tab/chris-hillman/the-window-up-above-chords-2112123",
      "file_path": null,
      "metadata": {}
    },
    "71003": {
      "id": "71003",
      "title": "Turn Your Radio On",
      "type": "CRD",
      "url": "https://tabs.ultimate-guitar.com/tab/chris-hillman/turn-your-radio-on-chords-71003",
      "file_path": null,
      "metadata": {}
    },
    "70969": {
      "id": "70969",
      "title": "Ashes Of Love",
      "type": "CRD",
      "url": "https://tabs.ultimate-guitar.com/tab/chris-hillman/ashes-of-love-chords-70969",
      "file_path": null,
      "metadata": {}
    },
    "70988": {
      "id": "70988",
      "title": "My Babys Gone",
      "type": "CRD",
      "url": "https://tabs.ultimate-guitar.com/tab/chris-hillman/my-babys-gone-chords-70988",
      "file_path": null,
      "metadata": {}
    },
    "70991": {
      "id": "70991",
      "title": "Rolling And Tumblin",
      "type": "CRD",
      "url": "https://tabs.ultimate-guitar.com/tab/chris-hillman/rolling-and-tumblin-chords-70991",
      "file_path": null,
      "metadata": {}
    },
    "71001": {
      "id": "71001",
      "title": "Tomorrow Is A Long Time",
      "type": "CRD",
      "url": "https://tabs.ultimate-guitar.com/tab/chris-hillman/tomorrow-is-a-long-time-chords-71001",
      "file_path": null,
      "metadata": {}
    },
    "70996": {
      "id": "70996",
      "title": "The Lost Highway",
      "type": "CRD",
      "url": "https://tabs.ultimate-guitar.com/tab/chris-hillman/the-lost-highway-chords-70996",
      "file_path": null,
      "metadata": {}
    },
    "71004": {
      "id": "71004",
      "title": "Wall Around Your Heart",
      "type": "CRD",
      "url": "https://tabs.ultimate-guitar.com/tab/chris-hillman/wall-around-your-heart-chords-71004",
      "file_path": null,
      "metadata": {}
    },
    "2403699": {
      "id": "2403699",
      "title": "Here She Comes Again",
      "type": "CRD",
      "url": "https://tabs.ultimate-guitar.com/tab/chris-hillman/here-she-comes-again-chords-2403699",
      "file_path": null,
      "metadata": {}
    },
    "68536": {
      "id": "68536",
      "title": "Do You Know",
      "type": "CRD",
      "url": "https://tabs.ultimate-guitar.com/tab/the-flying-burrito-brothers/do-you-know-chords-68536",
      "file_path": null,
      "metadata": {}
    },
    "1262342": {
      "id": "1262342",
      "title": "Do You Know",
      "type": "UKE",
      "url": "https://tabs.ultimate-guitar.com/tab/the-flying-burrito-brothers/do-you-know-ukulele-1262342",
      "file_path": null,
      "metadata": {}
    },
    "3921389": {
      "id": "3921389",
      "title": "After All Is Said And Done",
      "type": "CRD",
      "url": "https://tabs.ultimate-guitar.com/tab/chris-hillman/after-all-is-said-and-done-chords-3921389",
      "file_path": null,
      "metadata": {}
    },
    "2297275": {
      "id": "2297275",
      "title": "Angels Cry",
      "type": "CRD",
      "url": "https://tabs.ultimate-guitar.com/tab/chris-hillman/angels-cry-chords-2297275",
      "file_path": null,
      "metadata": {}
    },
    "1263264": {
      "id": "1263264",
      "title": "Ashes Of Love",
      "type": "UKE",
      "url": "https://tabs.ultimate-guitar.com/tab/chris-hillman/ashes-of-love-ukulele-1263264",
      "file_path": null,
      "metadata": {}
    },
    "2282245": {
      "id": "2282245",
      "title": "Backs Against The Wall",
      "type": "CRD",
      "url": "https://tabs.ultimate-guitar.com/tab/chris-hillman/backs-against-the-wall-chords-2282245",
      "file_path": null,
      "metadata": {}
    },
    "2297277": {
      "id": "2297277",
      "title": "Backs Against The Wall (ver 2)",
      "type": "CRD",
      "url": "https://tabs.ultimate-guitar.com/tab/chris-hillman/backs-against-the-wall-chords-2297277",
      "file_path": null,
      "metadata": {}
    },
    "70970": {
      "id": "70970",
      "title": "Bakersfield Bound",
      "type": "CRD",
      "url": "https://tabs.ultimate-guitar.com/tab/chris-hillman/bakersfield-bound-chords-70970",
      "file_path": null,
      "metadata": {}
    },
    "2131851": {
      "id": "2131851",
      "title": "Bakersfield Bound (ver 2)",
      "type": "CRD",
      "url": "https://tabs.ultimate-guitar.com/tab/chris-hillman/bakersfield-bound-chords-2131851",
      "file_path": null,
      "metadata": {}
    },
    "2297279": {
      "id": "2297279",
      "title": "Bakersfield Bound (ver 3)",
      "type": "CRD",
      "url": "https://tabs.ultimate-guitar.com/tab/chris-hillman/bakersfield-bound-chords-2297279",
      "file_path": null,
      "metadata": {}
    },
    "1263265": {
      "id": "1263265",
      "title": "Bakersfield Bound",
      "type": "UKE",
      "url": "https://tabs.ultimate-guitar.com/tab/chris-hillman/bakersfield-bound-ukulele-1263265",
      "file_path": null,
      "metadata": {}
    },
    "3931130": {
      "id": "3931130",
      "title": "Bells Of Rhymney",
      "type": "CRD",
      "url": "https://tabs.ultimate-guitar.com/tab/chris-hillman/bells-of-rhymney-chords-3931130",
      "file_path": null,
      "metadata": {}
    },
    "3918833": {
      "id": "3918833",
      "title": "Better Man Than That",
      "type": "CRD",
      "url": "https://tabs.ultimate-guitar.com/tab/chris-hillman/better-man-than-that-chords-3918833",
      "file_path": null,
      "metadata": {}
    },
    "2403697": {
      "id": "2403697",
      "title": "Bidin My Time",
      "type": "CRD",
      "url": "https://tabs.ultimate-guitar.com/tab/chris-hillman/bidin-my-time-chords-2403697",
      "file_path": null,
      "metadata": {}
    },
    "70971": {
      "id": "70971",
      "title": "Blue Morning",
      "type": "CRD",
      "url": "https://tabs.ultimate-guitar.com/tab/chris-hillman/blue-morning-chords-70971",
      "file_path": null,
      "metadata": {}
    },
    "1263266": {
      "id": "1263266",
      "title": "Blue Morning",
      "type": "UKE",
      "url": "https://tabs.ultimate-guitar.com/tab/chris-hillman/blue-morning-ukulele-1263266",
      "file_path": null,
      "metadata": {}
    },
    "70972": {
      "id": "70972",
      "title": "Brand New Heartache",
      "type": "CRD",
      "url": "https://tabs.ultimate-guitar.com/tab/chris-hillman/brand-new-heartache-chords-70972",
      "file_path": null,
      "metadata": {}
    },
    "2297281": {
      "id": "2297281",
      "title": "Brand New Heartache (ver 2)",
      "type": "CRD",
      "url": "https://tabs.ultimate-guitar.com/tab/chris-hillman/brand-new-heartache-chords-2297281",
      "file_path": null,
      "metadata": {}
    },
    "1263267": {
      "id": "1263267",
      "title": "Brand New Heartache",
      "type": "UKE",
      "url": "https://tabs.ultimate-guitar.com/tab/chris-hillman/brand-new-heartache-ukulele-1263267",
      "file_path": null,
      "metadata": {}
    },
    "2297283": {
      "id": "2297283",
      "title": "Cant Keep You In Lovei",
      "type": "CRD",
      "url": "https://tabs.ultimate-guitar.com/tab/chris-hillman/cant-keep-you-in-lovei-chords-2297283",
      "file_path": null,
      "metadata": {}
    },
    "70973": {
      "id": "70973",
      "title": "Change Coming Down",
      "type": "CRD",
      "url": "https://tabs.ultimate-guitar.com/tab/chris-hillman/change-coming-down-chords-70973",
      "file_path": null,
      "metadata": {}
    },
    "2297287": {
      "id": "2297287",
      "title": "Change Coming Down (ver 2)",
      "type": "CRD",
      "url": "https://tabs.ultimate-guitar.com/tab/chris-hillman/change-coming-down-chords-2297287",
      "file_path": null,
      "metadata": {}
    },
    "1263268": {
      "id": "1263268",
      "title": "Change Coming Down",
      "type": "UKE",
      "url": "https://tabs.ultimate-guitar.com/tab/chris-hillman/change-coming-down-ukulele-1263268",
      "file_path": null,
      "metadata": {}
    },
    "70974": {
      "id": "70974",
      "title": "Close Up The Honky Tonks",
      "type": "CRD",
      "url": "https://tabs.ultimate-guitar.com/tab/chris-hillman/close-up-the-honky-tonks-chords-70974",
      "file_path": null,
      "metadata": {}
    },
    "1263269": {
      "id": "1263269",
      "title": "Close Up The Honky Tonks",
      "type": "UKE",
      "url": "https://tabs.ultimate-guitar.com/tab/chris-hillman/close-up-the-honky-tonks-ukulele-1263269",
      "file_path": null,
      "metadata": {}
    },
    "70975": {
      "id": "70975",
      "title": "Congratulations Anyway",
      "type": "CRD",
      "url": "https://tabs.ultimate-guitar.com/tab/chris-hillman/congratulations-anyway-chords-70975",
      "file_path": null,
      "metadata": {}
    },
    "2297289": {
      "id": "2297289",
      "title": "Congratulations Anyway (ver 2)",
      "type": "CRD",
      "url": "https://tabs.ultimate-guitar.com/tab/chris-hillman/congratulations-anyway-chords-2297289",
      "file_path": null,
      "metadata": {}
    },
    "1263270": {
      "id": "1263270",
      "title": "Congratulations Anyway",
      "type": "UKE",
      "url": "https://tabs.ultimate-guitar.com/tab/chris-hillman/congratulations-anyway-ukulele-1263270",
      "file_path": null,
      "metadata": {}
    },
    "2282257": {
      "id": "2282257",
      "title": "Create In Me A Clean Heart",
      "type": "CRD",
      "url": "https://tabs.ultimate-guitar.com/tab/chris-hillman/create-in-me-a-clean-heart-chords-2282257",
      "file_path": null,
      "metadata": {}
    },
    "70976": {
      "id": "70976",
      "title": "Desert Rose",
      "type": "CRD",
      "url": "https://tabs.ultimate-guitar.com/tab/chris-hillman/desert-rose-chords-70976",
      "file_path": null,
      "metadata": {}
    },
    "1263271": {
      "id": "1263271",
      "title": "Desert Rose",
      "type": "UKE",
      "url": "https://tabs.ultimate-guitar.com/tab/chris-hillman/desert-rose-ukulele-1263271",
      "file_path": null,
      "metadata": {}
    },
    "3991858": {
      "id": "3991858",
      "title": "Different Rivers",
      "type": "CRD",
      "url": "https://tabs.ultimate-guitar.com/tab/chris-hillman/different-rivers-chords-3991858",
      "file_path": null,
      "metadata": {}
    },
    "3995875": {
      "id": "3995875",
      "title": "Different Rivers (ver 2)",
      "type": "CRD",
      "url": "https://tabs.ultimate-guitar.com/tab/chris-hillman/different-rivers-chords-3995875",
      "file_path": null,
      "metadata": {}
    },
    "2297293": {
      "id": "2297293",
      "title": "Doesnt Mean Much Anymore",
      "type": "CRD",
      "url": "https://tabs.ultimate-guitar.com/tab/chris-hillman/doesnt-mean-much-anymore-chords-2297293",
      "file_path": null,
      "metadata": {}
    },
    "70977": {
      "id": "70977",
      "title": "Dont Let Your Sweet Love Die",
      "type": "CRD",
      "url": "https://tabs.ultimate-guitar.com/tab/chris-hillman/dont-let-your-sweet-love-die-chords-70977",
      "file_path": null,
      "metadata": {}
    },
    "1263272": {
      "id": "1263272",
      "title": "Dont Let Your Sweet Love Die",
      "type": "UKE",
      "url": "https://tabs.ultimate-guitar.com/tab/chris-hillman/dont-let-your-sweet-love-die-ukulele-1263272",
      "file_path": null,
      "metadata": {}
    },
    "5336862": {
      "id": "5336862",
      "title": "Down In The Churchyard",
      "type": "CRD",
      "url": "https://tabs.ultimate-guitar.com/tab/chris-hillman/down-in-the-churchyard-chords-5336862",
      "file_path": null,
      "metadata": {}
    },
    "70978": {
      "id": "70978",
      "title": "Fallen Favorite",
      "type": "CRD",
      "url": "https://tabs.ultimate-guitar.com/tab/chris-hillman/fallen-favorite-chords-70978",
      "file_path": null,
      "metadata": {}
    },
    "1263273": {
      "id": "1263273",
      "title": "Fallen Favorite",
      "type": "UKE",
      "url": "https://tabs.ultimate-guitar.com/tab/chris-hillman/fallen-favorite-ukulele-1263273",
      "file_path": null,
      "metadata": {}
    },
    "70979": {
      "id": "70979",
      "title": "Falling Again",
      "type": "CRD",
      "url": "https://tabs.ultimate-guitar.com/tab/chris-hillman/falling-again-chords-70979",
      "file_path": null,
      "metadata": {}
    },
    "1263274": {
      "id": "1263274",
      "title": "Falling Again",
      "type": "UKE",
      "url": "https://tabs.ultimate-guitar.com/tab/chris-hillman/falling-again-ukulele-1263274",
      "file_path": null,
      "metadata": {}
    },
    "3354749": {
      "id": "3354749",
      "title": "Given All I Can See",
      "type": "CRD",
      "url": "https://tabs.ultimate-guitar.com/tab/chris-hillman/given-all-i-can-see-chords-3354749",
      "file_path": null,
      "metadata": {}
    },
    "1263275": {
      "id": "1263275",
      "title": "Good Time Charlies Got The Blues",
      "type": "UKE",
      "url": "https://tabs.ultimate-guitar.com/tab/chris-hillman/good-time-charlies-got-the-blues-ukulele-1263275",
      "file_path": null,
      "metadata": {}
    },
    "3969928": {
      "id": "3969928",
      "title": "Good Year",
      "type": "CRD",
      "url": "https://tabs.ultimate-guitar.com/tab/chris-hillman/good-year-chords-3969928",
      "file_path": null,
      "metadata": {}
    },
    "3932405": {
      "id": "3932405",
      "title": "Have You Seen Her Face",
      "type": "CRD",
      "url": "https://tabs.ultimate-guitar.com/tab/chris-hillman/have-you-seen-her-face-chords-3932405",
      "file_path": null,
      "metadata": {}
    },
    "70981": {
      "id": "70981",
      "title": "Here Today Gone Tomorrow",
      "type": "CRD",
      "url": "https://tabs.ultimate-guitar.com/tab/chris-hillman/here-today-gone-tomorrow-chords-70981",
      "file_path": null,
      "metadata": {}
    },
    "1263276": {
      "id": "1263276",
      "title": "Here Today Gone Tomorrow",
      "type": "UKE",
      "url": "https://tabs.ultimate-guitar.com/tab/chris-hillman/here-today-gone-tomorrow-ukulele-1263276",
      "file_path": null,
      "metadata": {}
    },
    "70982": {
      "id": "70982",
      "title": "I Cant Keep You In Love With Me",
      "type": "CRD",
      "url": "https://tabs.ultimate-guitar.com/tab/chris-hillman/i-cant-keep-you-in-love-with-me-chords-70982",
      "file_path": null,
      "metadata": {}
    },
    "1263277": {
      "id": "1263277",
      "title": "I Cant Keep You In Love With Me",
      "type": "UKE",
      "url": "https://tabs.ultimate-guitar.com/tab/chris-hillman/i-cant-keep-you-in-love-with-me-ukulele-1263277",
      "file_path": null,
      "metadata": {}
    },
    "2297297": {
      "id": "2297297",
      "title": "I Will",
      "type": "CRD",
      "url": "https://tabs.ultimate-guitar.com/tab/chris-hillman/i-will-chords-2297297",
      "file_path": null,
      "metadata": {}
    },
    "2297299": {
      "id": "2297299",
      "title": "Im Still Alive",
      "type": "CRD",
      "url": "https://tabs.ultimate-guitar.com/tab/chris-hillman/im-still-alive-chords-2297299",
      "file_path": null,
      "metadata": {}
    },
    "2297301": {
      "id": "2297301",
      "title": "Invitation To The Blues",
      "type": "CRD",
      "url": "https://tabs.ultimate-guitar.com/tab/chris-hillman/invitation-to-the-blues-chords-2297301",
      "file_path": null,
      "metadata": {}
    },
    "2282261": {
      "id": "2282261",
      "title": "Its Happening To You",
      "type": "CRD",
      "url": "https://tabs.ultimate-guitar.com/tab/chris-hillman/its-happening-to-you-chords-2282261",
      "file_path": null,
      "metadata": {}
    },
    "2297303": {
      "id": "2297303",
      "title": "Its Happening To You (ver 2)",
      "type": "CRD",
      "url": "https://tabs.ultimate-guitar.com/tab/chris-hillman/its-happening-to-you-chords-2297303",
      "file_path": null,
      "metadata": {}
    },
    "70983": {
      "id": "70983",
      "title": "Its Not Love",
      "type": "CRD",
      "url": "https://tabs.ultimate-guitar.com/tab/chris-hillman/its-not-love-chords-70983",
      "file_path": null,
      "metadata": {}
    },
    "1263278": {
      "id": "1263278",
      "title": "Its Not Love",
      "type": "UKE",
      "url": "https://tabs.ultimate-guitar.com/tab/chris-hillman/its-not-love-ukulele-1263278",
      "file_path": null,
      "metadata": {}
    },
    "3971050": {
      "id": "3971050",
      "title": "Its Not Love But Its Not Bad",
      "type": "CRD",
      "url": "https://tabs.ultimate-guitar.com/tab/chris-hillman/its-not-love-but-its-not-bad-chords-3971050",
      "file_path": null,
      "metadata": {}
    },
    "2282263": {
      "id": "2282263",
      "title": "Just Passing Thru",
      "type": "CRD",
      "url": "https://tabs.ultimate-guitar.com/tab/chris-hillman/just-passing-thru-chords-2282263",
      "file_path": null,
      "metadata": {}
    },
    "2297305": {
      "id": "2297305",
      "title": "Just Passing Thru (ver 2)",
      "type": "CRD",
      "url": "https://tabs.ultimate-guitar.com/tab/chris-hillman/just-passing-thru-chords-2297305",
      "file_path": null,
      "metadata": {}
    },
    "70984": {
      "id": "70984",
      "title": "Just Tell Me Darling",
      "type": "CRD",
      "url": "https://tabs.ultimate-guitar.com/tab/chris-hillman/just-tell-me-darling-chords-70984",
      "file_path": null,
      "metadata": {}
    },
    "1263279": {
      "id": "1263279",
      "title": "Just Tell Me Darling",
      "type": "UKE",
      "url": "https://tabs.ultimate-guitar.com/tab/chris-hillman/just-tell-me-darling-ukulele-1263279",
      "file_path": null,
      "metadata": {}
    },
    "2282265": {
      "id": "2282265",
      "title": "Livin In The Name Of Love",
      "type": "CRD",
      "url": "https://tabs.ultimate-guitar.com/tab/chris-hillman/livin-in-the-name-of-love-chords-2282265",
      "file_path": null,
      "metadata": {}
    },
    "70985": {
      "id": "70985",
      "title": "Love Is The Sweetest Amnesty",
      "type": "CRD",
      "url": "https://tabs.ultimate-guitar.com/tab/chris-hillman/love-is-the-sweetest-amnesty-chords-70985",
      "file_path": null,
      "metadata": {}
    },
    "1263280": {
      "id": "1263280",
      "title": "Love Is The Sweetest Amnesty",
      "type": "UKE",
      "url": "https://tabs.ultimate-guitar.com/tab/chris-hillman/love-is-the-sweetest-amnesty-ukulele-1263280",
      "file_path": null,
      "metadata": {}
    },
    "3563981": {
      "id": "3563981",
      "title": "Lullaby Time In The Desert",
      "type": "CRD",
      "url": "https://tabs.ultimate-guitar.com/tab/chris-hillman/lullaby-time-in-the-desert-chords-3563981",
      "file_path": null,
      "metadata": {}
    },
    "70986": {
      "id": "70986",
      "title": "Men Are So Busy",
      "type": "CRD",
      "url": "https://tabs.ultimate-guitar.com/tab/chris-hillman/men-are-so-busy-chords-70986",
      "file_path": null,
      "metadata": {}
    },
    "1263281": {
      "id": "1263281",
      "title": "Men Are So Busy",
      "type": "UKE",
      "url": "https://tabs.ultimate-guitar.com/tab/chris-hillman/men-are-so-busy-ukulele-1263281",
      "file_path": null,
      "metadata": {}
    },
    "5338389": {
      "id": "5338389",
      "title": "Midnight Again",
      "type": "CRD",
      "url": "https://tabs.ultimate-guitar.com/tab/chris-hillman/midnight-again-chords-5338389",
      "file_path": null,
      "metadata": {}
    },
    "70987": {
      "id": "70987",
      "title": "Morning Sky",
      "type": "CRD",
      "url": "https://tabs.ultimate-guitar.com/tab/chris-hillman/morning-sky-chords-70987",
      "file_path": null,
      "metadata": {}
    },
    "1263282": {
      "id": "1263282",
      "title": "Morning Sky",
      "type": "UKE",
      "url": "https://tabs.ultimate-guitar.com/tab/chris-hillman/morning-sky-ukulele-1263282",
      "file_path": null,
      "metadata": {}
    },
    "1263283": {
      "id": "1263283",
      "title": "My Babys Gone",
      "type": "UKE",
      "url": "https://tabs.ultimate-guitar.com/tab/chris-hillman/my-babys-gone-ukulele-1263283",
      "file_path": null,
      "metadata": {}
    },
    "3930845": {
      "id": "3930845",
      "title": "New Old John Robertson",
      "type": "CRD",
      "url": "https://tabs.ultimate-guitar.com/tab/chris-hillman/new-old-john-robertson-chords-3930845",
      "file_path": null,
      "metadata": {}
    },
    "2282271": {
      "id": "2282271",
      "title": "No Longer Sweetheart Mine",
      "type": "CRD",
      "url": "https://tabs.ultimate-guitar.com/tab/chris-hillman/no-longer-sweetheart-mine-chords-2282271",
      "file_path": null,
      "metadata": {}
    },
    "2282273": {
      "id": "2282273",
      "title": "One Of These Days",
      "type": "CRD",
      "url": "https://tabs.ultimate-guitar.com/tab/chris-hillman/one-of-these-days-chords-2282273",
      "file_path": null,
      "metadata": {}
    },
    "70989": {
      "id": "70989",
      "title": "Playboy",
      "type": "CRD",
      "url": "https://tabs.ultimate-guitar.com/tab/chris-hillman/playboy-chords-70989",
      "file_path": null,
      "metadata": {}
    },
    "1263284": {
      "id": "1263284",
      "title": "Playboy",
      "type": "UKE",
      "url": "https://tabs.ultimate-guitar.com/tab/chris-hillman/playboy-ukulele-1263284",
      "file_path": null,
      "metadata": {}
    },
    "2297319": {
      "id": "2297319",
      "title": "Problems",
      "type": "CRD",
      "url": "https://tabs.ultimate-guitar.com/tab/chris-hillman/problems-chords-2297319",
      "file_path": null,
      "metadata": {}
    },
    "70990": {
      "id": "70990",
      "title": "Quits",
      "type": "CRD",
      "url": "https://tabs.ultimate-guitar.com/tab/chris-hillman/quits-chords-70990",
      "file_path": null,
      "metadata": {}
    },
    "1263285": {
      "id": "1263285",
      "title": "Quits",
      "type": "UKE",
      "url": "https://tabs.ultimate-guitar.com/tab/chris-hillman/quits-ukulele-1263285",
      "file_path": null,
      "metadata": {}
    },
    "2403701": {
      "id": "2403701",
      "title": "Restless",
      "type": "CRD",
      "url": "https://tabs.ultimate-guitar.com/tab/chris-hillman/restless-chords-2403701",
      "file_path": null,
      "metadata": {}
    },
    "3927548": {
      "id": "3927548",
      "title": "Restless (ver 2)",
      "type": "CRD",
      "url": "https://tabs.ultimate-guitar.com/tab/chris-hillman/restless-chords-3927548",
      "file_path": null,
      "metadata": {}
    },
    "2297321": {
      "id": "2297321",
      "title": "Rise And Fall",
      "type": "CRD",
      "url": "https://tabs.ultimate-guitar.com/tab/chris-hillman/rise-and-fall-chords-2297321",
      "file_path": null,
      "metadata": {}
    },
    "1263286": {
      "id": "1263286",
      "title": "Rolling And Tumblin",
      "type": "UKE",
      "url": "https://tabs.ultimate-guitar.com/tab/chris-hillman/rolling-and-tumblin-ukulele-1263286",
      "file_path": null,
      "metadata": {}
    },
    "2297323": {
      "id": "2297323",
      "title": "Rough And Rowdy Ways",
      "type": "CRD",
      "url": "https://tabs.ultimate-guitar.com/tab/chris-hillman/rough-and-rowdy-ways-chords-2297323",
      "file_path": null,
      "metadata": {}
    },
    "2297325": {
      "id": "2297325",
      "title": "Run Again",
      "type": "CRD",
      "url": "https://tabs.ultimate-guitar.com/tab/chris-hillman/run-again-chords-2297325",
      "file_path": null,
      "metadata": {}
    },
    "2306865": {
      "id": "2306865",
      "title": "Runnin The Roadblocks",
      "type": "CRD",
      "url": "https://tabs.ultimate-guitar.com/tab/chris-hillman/runnin-the-roadblocks-chords-2306865",
      "file_path": null,
      "metadata": {}
    },
    "70992": {
      "id": "70992",
      "title": "Sad Boy",
      "type": "CRD",
      "url": "https://tabs.ultimate-guitar.com/tab/chris-hillman/sad-boy-chords-70992",
      "file_path": null,
      "metadata": {}
    },
    "1263287": {
      "id": "1263287",
      "title": "Sad Boy",
      "type": "UKE",
      "url": "https://tabs.ultimate-guitar.com/tab/chris-hillman/sad-boy-ukulele-1263287",
      "file_path": null,
      "metadata": {}
    },
    "2282283": {
      "id": "2282283",
      "title": "Save The Last Dance For Me",
      "type": "CRD",
      "url": "https://tabs.ultimate-guitar.com/tab/chris-hillman/save-the-last-dance-for-me-chords-2282283",
      "file_path": null,
      "metadata": {}
    },
    "2282285": {
      "id": "2282285",
      "title": "Second Wind",
      "type": "CRD",
      "url": "https://tabs.ultimate-guitar.com/tab/chris-hillman/second-wind-chords-2282285",
      "file_path": null,
      "metadata": {}
    },
    "3930803": {
      "id": "3930803",
      "title": "She Dont Care About Time",
      "type": "CRD",
      "url": "https://tabs.ultimate-guitar.com/tab/chris-hillman/she-dont-care-about-time-chords-3930803",
      "file_path": null,
      "metadata": {}
    },
    "2297331": {
      "id": "2297331",
      "title": "Slippin Away",
      "type": "CRD",
      "url": "https://tabs.ultimate-guitar.com/tab/chris-hillman/slippin-away-chords-2297331",
      "file_path": null,
      "metadata": {}
    },
    "2297335": {
      "id": "2297335",
      "title": "Somebodys Back In Town",
      "type": "CRD",
      "url": "https://tabs.ultimate-guitar.com/tab/chris-hillman/somebodys-back-in-town-chords-2297335",
      "file_path": null,
      "metadata": {}
    },
    "3993319": {
      "id": "3993319",
      "title": "Somebodys Back In Town",
      "type": "CRD",
      "url": "https://tabs.ultimate-guitar.com/tab/chris-hillman/somebodys-back-in-town-chords-3993319",
      "file_path": null,
      "metadata": {}
    },
    "2297337": {
      "id": "2297337",
      "title": "Somewhere On Road Tonight",
      "type": "CRD",
      "url": "https://tabs.ultimate-guitar.com/tab/chris-hillman/somewhere-on-road-tonight-chords-2297337",
      "file_path": null,
      "metadata": {}
    },
    "70994": {
      "id": "70994",
      "title": "Somewhere On The Road",
      "type": "CRD",
      "url": "https://tabs.ultimate-guitar.com/tab/chris-hillman/somewhere-on-the-road-chords-70994",
      "file_path": null,
      "metadata": {}
    },
    "1263289": {
      "id": "1263289",
      "title": "Somewhere On The Road",
      "type": "UKE",
      "url": "https://tabs.ultimate-guitar.com/tab/chris-hillman/somewhere-on-the-road-ukulele-1263289",
      "file_path": null,
      "metadata": {}
    },
    "2282293": {
      "id": "2282293",
      "title": "Sooner Or Later",
      "type": "CRD",
      "url": "https://tabs.ultimate-guitar.com/tab/chris-hillman/sooner-or-later-chords-2282293",
      "file_path": null,
      "metadata": {}
    },
    "2297339": {
      "id": "2297339",
      "title": "Sooner Or Later (ver 2)",
      "type": "CRD",
      "url": "https://tabs.ultimate-guitar.com/tab/chris-hillman/sooner-or-later-chords-2297339",
      "file_path": null,
      "metadata": {}
    },
    "70995": {
      "id": "70995",
      "title": "Step On Out",
      "type": "CRD",
      "url": "https://tabs.ultimate-guitar.com/tab/chris-hillman/step-on-out-chords-70995",
      "file_path": null,
      "metadata": {}
    },
    "1263290": {
      "id": "1263290",
      "title": "Step On Out",
      "type": "UKE",
      "url": "https://tabs.ultimate-guitar.com/tab/chris-hillman/step-on-out-ukulele-1263290",
      "file_path": null,
      "metadata": {}
    },
    "2282295": {
      "id": "2282295",
      "title": "Straight From The Heart",
      "type": "CRD",
      "url": "https://tabs.ultimate-guitar.com/tab/chris-hillman/straight-from-the-heart-chords-2282295",
      "file_path": null,
      "metadata": {}
    },
    "3927494": {
      "id": "3927494",
      "title": "Such Is The World That We Live In",
      "type": "CRD",
      "url": "https://tabs.ultimate-guitar.com/tab/chris-hillman/such-is-the-world-that-we-live-in-chords-3927494",
      "file_path": null,
      "metadata": {}
    },
    "5337546": {
      "id": "5337546",
      "title": "Take It On The Run",
      "type": "CRD",
      "url": "https://tabs.ultimate-guitar.com/tab/chris-hillman/take-it-on-the-run-chords-5337546",
      "file_path": null,
      "metadata": {}
    },
    "2282297": {
      "id": "2282297",
      "title": "Take Me In Your Lifeboat",
      "type": "CRD",
      "url": "https://tabs.ultimate-guitar.com/tab/chris-hillman/take-me-in-your-lifeboat-chords-2282297",
      "file_path": null,
      "metadata": {}
    },
    "2297343": {
      "id": "2297343",
      "title": "Take Me In Your Lifeboat (ver 2)",
      "type": "CRD",
      "url": "https://tabs.ultimate-guitar.com/tab/chris-hillman/take-me-in-your-lifeboat-chords-2297343",
      "file_path": null,
      "metadata": {}
    },
    "3922208": {
      "id": "3922208",
      "title": "Thats The Way It Was",
      "type": "CRD",
      "url": "https://tabs.ultimate-guitar.com/tab/chris-hillman/thats-the-way-it-was-chords-3922208",
      "file_path": null,
      "metadata": {}
    },
    "1263291": {
      "id": "1263291",
      "title": "The Lost Highway",
      "type": "UKE",
      "url": "https://tabs.ultimate-guitar.com/tab/chris-hillman/the-lost-highway-ukulele-1263291",
      "file_path": null,
      "metadata": {}
    },
    "3970192": {
      "id": "3970192",
      "title": "The Old Cross Road",
      "type": "CRD",
      "url": "https://tabs.ultimate-guitar.com/tab/chris-hillman/the-old-cross-road-chords-3970192",
      "file_path": null,
      "metadata": {}
    },
    "70997": {
      "id": "70997",
      "title": "The Taker",
      "type": "CRD",
      "url": "https://tabs.ultimate-guitar.com/tab/chris-hillman/the-taker-chords-70997",
      "file_path": null,
      "metadata": {}
    },
    "1263292": {
      "id": "1263292",
      "title": "The Taker",
      "type": "UKE",
      "url": "https://tabs.ultimate-guitar.com/tab/chris-hillman/the-taker-ukulele-1263292",
      "file_path": null,
      "metadata": {}
    },
    "70998": {
      "id": "70998",
      "title": "There Goes My Love",
      "type": "CRD",
      "url": "https://tabs.ultimate-guitar.com/tab/chris-hillman/there-goes-my-love-chords-70998",
      "file_path": null,
      "metadata": {}
    },
    "1263293": {
      "id": "1263293",
      "title": "There Goes My Love",
      "type": "UKE",
      "url": "https://tabs.ultimate-guitar.com/tab/chris-hillman/there-goes-my-love-ukulele-1263293",
      "file_path": null,
      "metadata": {}
    },
    "2297349": {
      "id": "2297349",
      "title": "There You Go",
      "type": "CRD",
      "url": "https://tabs.ultimate-guitar.com/tab/chris-hillman/there-you-go-chords-2297349",
      "file_path": null,
      "metadata": {}
    },
    "70999": {
      "id": "70999",
      "title": "Till Its Over",
      "type": "CRD",
      "url": "https://tabs.ultimate-guitar.com/tab/chris-hillman/till-its-over-chords-70999",
      "file_path": null,
      "metadata": {}
    },
    "1263294": {
      "id": "1263294",
      "title": "Till Its Over",
      "type": "UKE",
      "url": "https://tabs.ultimate-guitar.com/tab/chris-hillman/till-its-over-ukulele-1263294",
      "file_path": null,
      "metadata": {}
    },
    "71000": {
      "id": "71000",
      "title": "Time Goes So Slow",
      "type": "CRD",
      "url": "https://tabs.ultimate-guitar.com/tab/chris-hillman/time-goes-so-slow-chords-71000",
      "file_path": null,
      "metadata": {}
    },
    "2297351": {
      "id": "2297351",
      "title": "Time Goes So Slow (ver 2)",
      "type": "CRD",
      "url": "https://tabs.ultimate-guitar.com/tab/chris-hillman/time-goes-so-slow-chords-2297351",
      "file_path": null,
      "metadata": {}
    },
    "1263295": {
      "id": "1263295",
      "title": "Time Goes So Slow",
      "type": "UKE",
      "url": "https://tabs.ultimate-guitar.com/tab/chris-hillman/time-goes-so-slow-ukulele-1263295",
      "file_path": null,
      "metadata": {}
    },
    "1263296": {
      "id": "1263296",
      "title": "Tomorrow Is A Long Time",
      "type": "UKE",
      "url": "https://tabs.ultimate-guitar.com/tab/chris-hillman/tomorrow-is-a-long-time-ukulele-1263296",
      "file_path": null,
      "metadata": {}
    },
    "71002": {
      "id": "71002",
      "title": "Treasure Of Love",
      "type": "CRD",
      "url": "https://tabs.ultimate-guitar.com/tab/chris-hillman/treasure-of-love-chords-71002",
      "file_path": null,
      "metadata": {}
    },
    "1263297": {
      "id": "1263297",
      "title": "Treasure Of Love",
      "type": "UKE",
      "url": "https://tabs.ultimate-guitar.com/tab/chris-hillman/treasure-of-love-ukulele-1263297",
      "file_path": null,
      "metadata": {}
    },
    "1263298": {
      "id": "1263298",
      "title": "Turn Your Radio On",
      "type": "UKE",
      "url": "https://tabs.ultimate-guitar.com/tab/chris-hillman/turn-your-radio-on-ukulele-1263298",
      "file_path": null,
      "metadata": {}
    },
    "3930743": {
      "id": "3930743",
      "title": "Walk Right Back",
      "type": "CRD",
      "url": "https://tabs.ultimate-guitar.com/tab/chris-hillman/walk-right-back-chords-3930743",
      "file_path": null,
      "metadata": {}
    },
    "1263299": {
      "id": "1263299",
      "title": "Wall Around Your Heart",
      "type": "UKE",
      "url": "https://tabs.ultimate-guitar.com/tab/chris-hillman/wall-around-your-heart-ukulele-1263299",
      "file_path": null,
      "metadata": {}
    },
    "3993397": {
      "id": "3993397",
      "title": "Wheels",
      "type": "CRD",
      "url": "https://tabs.ultimate-guitar.com/tab/chris-hillman/wheels-chords-3993397",
      "file_path": null,
      "metadata": {}
    },
    "3930707": {
      "id": "3930707",
      "title": "When I Get A Little Money",
      "type": "CRD",
      "url": "https://tabs.ultimate-guitar.com/tab/chris-hillman/when-i-get-a-little-money-chords-3930707",
      "file_path": null,
      "metadata": {}
    },
    "3992347": {
      "id": "3992347",
      "title": "When You Walk In The Room",
      "type": "CRD",
      "url": "https://tabs.ultimate-guitar.com/tab/chris-hillman/when-you-walk-in-the-room-chords-3992347",
      "file_path": null,
      "metadata": {}
    },
    "71005": {
      "id": "71005",
      "title": "Which One Is To Blame",
      "type": "CRD",
      "url": "https://tabs.ultimate-guitar.com/tab/chris-hillman/which-one-is-to-blame-chords-71005",
      "file_path": null,
      "metadata": {}
    },
    "1263300": {
      "id": "1263300",
      "title": "Which One Is To Blame",
      "type": "UKE",
      "url": "https://tabs.ultimate-guitar.com/tab/chris-hillman/which-one-is-to-blame-ukulele-1263300",
      "file_path": null,
      "metadata": {}
    },
    "2415173": {
      "id": "2415173",
      "title": "Why You Been Gone So Long",
      "type": "CRD",
      "url": "https://tabs.ultimate-guitar.com/tab/chris-hillman/why-you-been-gone-so-long-chords-2415173",
      "file_path": null,
      "metadata": {}
    },
    "3930896": {
      "id": "3930896",
      "title": "Wildflowers",
      "type": "CRD",
      "url": "https://tabs.ultimate-guitar.com/tab/chris-hillman/wildflowers-chords-3930896",
      "file_path": null,
      "metadata": {}
    },
    "659392": {
      "id": "659392",
      "title": "Witching Hour",
      "type": "CRD",
      "url": "https://tabs.ultimate-guitar.com/tab/chris-hillman/witching-hour-chords-659392",
      "file_path": null,
      "metadata": {}
    },
    "3990901": {
      "id": "3990901",
      "title": "You Done Me Wrong",
      "type": "CRD",
      "url": "https://tabs.ultimate-guitar.com/tab/chris-hillman/you-done-me-wrong-chords-3990901",
      "file_path": null,
      "metadata": {}
    },
    "2282313": {
      "id": "2282313",
      "title": "Youre Learning",
      "type": "CRD",
      "url": "https://tabs.ultimate-guitar.com/tab/chris-hillman/youre-learning-chords-2282313",
      "file_path": null,
      "metadata": {}
    },
    "3969847": {
      "id": "3969847",
      "title": "Youre Learning (ver 2)",
      "type": "CRD",
      "url": "https://tabs.ultimate-guitar.com/tab/chris-hillman/youre-learning-chords-3969847",
      "file_path": null,
      "metadata": {}
    },
    "2297361": {
      "id": "2297361",
      "title": "Youve Done Me Wrong",
      "type": "CRD",
      "url": "https://tabs.ultimate-guitar.com/tab/chris-hillman/youve-done-me-wrong-chords-2297361",
      "file_path": null,
      "metadata": {}
    }
  }
}