{
  "id": "11178",
  "name": "Chris Rice",
  "url": "https://www.ultimate-guitar.com/artist/chris_rice_11178",
  "tabs": {
    "610867": {
      "id": "610867",
      "title": "Chestnuts Roasting On An Open Fire",
      "type": "CRD",
      "url": "https://tabs.ultimate-guitar.com/tab/chris-rice/chestnuts-roasting-on-an-open-fire-chords-610867",
      "file_path": null,
      "metadata": {}
    },
    "175188": {
      "id": "175188",
      "title": "Untitled Hymn Come To Jesus",
      "type": "CRD",
      "url": "https://tabs.ultimate-guitar.com/tab/chris-rice/untitled-hymn-come-to-jesus-chords-175188",
      "file_path": null,
      "metadata": {}
    },
    "1732448": {
      "id": "1732448",
      "title": "Go Light Your World",
      "type": "CRD",
      "url": "https://tabs.ultimate-guitar.com/tab/chris-rice/go-light-your-world-chords-1732448",
      "file_path": null,
      "metadata": {}
    },
    "1493047": {
      "id": "1493047",
      "title": "How Great Thou Art",
      "type": "CRD",
      "url": "https://tabs.ultimate-guitar.com/tab/chris-rice/how-great-thou-art-chords-1493047",
      "file_path": null,
      "metadata": {}
    },
    "813050": {
      "id": "813050",
      "title": "It Is Well With My Soul",
      "type": "CRD",
      "url": "https://tabs.ultimate-guitar.com/tab/chris-rice/it-is-well-with-my-soul-chords-813050",
      "file_path": null,
      "metadata": {}
    },
    "398698": {
      "id": "398698",
      "title": "When Did You Fall In Love",
      "type": "CRD",
      "url": "https://tabs.ultimate-guitar.com/tab/chris-rice/when-did-you-fall-in-love-chords-398698",
      "file_path": null,
      "metadata": {}
    },
    "182720": {
      "id": "182720",
      "title": "Untitled Hymn Come To Jesus",
      "type": "TAB",
      "url": "https://tabs.ultimate-guitar.com/tab/chris-rice/untitled-hymn-come-to-jesus-tabs-182720",
      "file_path": null,
      "metadata": {}
    },
    "811764": {
      "id": "811764",
      "title": "Lemonade",
      "type": "CRD",
      "url": "https://tabs.ultimate-guitar.com/tab/chris-rice/lemonade-chords-811764",
      "file_path": null,
      "metadata": {}
    },
    "1791054": {
      "id": "1791054",
      "title": "Welcome To Our World",
      "type": "CRD",
      "url": "https://tabs.ultimate-guitar.com/tab/chris-rice/welcome-to-our-world-chords-1791054",
      "file_path": null,
      "metadata": {}
    },
    "959129": {
      "id": "959129",
      "title": "Cartoons",
      "type": "CRD",
      "url": "https://tabs.ultimate-guitar.com/tab/chris-rice/cartoons-chords-959129",
      "file_path": null,
      "metadata": {}
    },
    "5849117": {
      "id": "5849117",
      "title": "My Prayer",
      "type": "CRD",
      "url": "https://tabs.ultimate-guitar.com/tab/chris-rice/my-prayer-chords-5849117",
      "file_path": null,
      "metadata": {}
    },
    "5848085": {
      "id": "5848085",
      "title": "Magic Wand",
      "type": "CRD",
      "url": "https://tabs.ultimate-guitar.com/tab/chris-rice/magic-wand-chords-5848085",
      "file_path": null,
      "metadata": {}
    },
    "5847392": {
      "id": "5847392",
      "title": "Love Is Gonna Break Through",
      "type": "CRD",
      "url": "https://tabs.ultimate-guitar.com/tab/chris-rice/love-is-gonna-break-through-chords-5847392",
      "file_path": null,
      "metadata": {}
    },
    "5838044": {
      "id": "5838044",
      "title": "Home Tonight",
      "type": "CRD",
      "url": "https://tabs.ultimate-guitar.com/tab/chris-rice/home-tonight-chords-5838044",
      "file_path": null,
      "metadata": {}
    },
    "3321782": {
      "id": "3321782",
      "title": "Jonah A Veggietales Movie - Billy Joe Mcguffrey",
      "type": "CRD",
      "url": "https://tabs.ultimate-guitar.com/tab/misc-cartoons/jonah-a-veggietales-movie-billy-joe-mcguffrey-chords-3321782",
      "file_path": null,
      "metadata": {}
    },
    "796245": {
      "id": "796245",
      "title": "Amusing",
      "type": "TAB",
      "url": "https://tabs.ultimate-guitar.com/tab/chris-rice/amusing-tabs-796245",
      "file_path": null,
      "metadata": {}
    },
    "1963779": {
      "id": "1963779",
      "title": "And Your Praise Goes On",
      "type": "CRD",
      "url": "https://tabs.ultimate-guitar.com/tab/chris-rice/and-your-praise-goes-on-chords-1963779",
      "file_path": null,
      "metadata": {}
    },
    "3505670": {
      "id": "3505670",
      "title": "And Your Praise Goes On (ver 2)",
      "type": "CRD",
      "url": "https://tabs.ultimate-guitar.com/tab/chris-rice/and-your-praise-goes-on-chords-3505670",
      "file_path": null,
      "metadata": {}
    },
    "5147824": {
      "id": "5147824",
      "title": "Before The Throne Of God Above",
      "type": "CRD",
      "url": "https://tabs.ultimate-guitar.com/tab/chris-rice/before-the-throne-of-god-above-chords-5147824",
      "file_path": null,
      "metadata": {}
    },
    "2469706": {
      "id": "2469706",
      "title": "Belong",
      "type": "CRD",
      "url": "https://tabs.ultimate-guitar.com/tab/chris-rice/belong-chords-2469706",
      "file_path": null,
      "metadata": {}
    },
    "3551354": {
      "id": "3551354",
      "title": "Big Enough",
      "type": "CRD",
      "url": "https://tabs.ultimate-guitar.com/tab/chris-rice/big-enough-chords-3551354",
      "file_path": null,
      "metadata": {}
    },
    "1428884": {
      "id": "1428884",
      "title": "Breakfast Table",
      "type": "CRD",
      "url": "https://tabs.ultimate-guitar.com/tab/chris-rice/breakfast-table-chords-1428884",
      "file_path": null,
      "metadata": {}
    },
    "2260905": {
      "id": "2260905",
      "title": "Cartoons (ver 2)",
      "type": "CRD",
      "url": "https://tabs.ultimate-guitar.com/tab/chris-rice/cartoons-chords-2260905",
      "file_path": null,
      "metadata": {}
    },
    "2256669": {
      "id": "2256669",
      "title": "Chestnuts Roasting On An Open Fire (ver 2)",
      "type": "CRD",
      "url": "https://tabs.ultimate-guitar.com/tab/chris-rice/chestnuts-roasting-on-an-open-fire-chords-2256669",
      "file_path": null,
      "metadata": {}
    },
    "1303351": {
      "id": "1303351",
      "title": "Chestnuts Roasting On An Open Fire",
      "type": "UKE",
      "url": "https://tabs.ultimate-guitar.com/tab/chris-rice/chestnuts-roasting-on-an-open-fire-ukulele-1303351",
      "file_path": null,
      "metadata": {}
    },
    "798916": {
      "id": "798916",
      "title": "Clumsy",
      "type": "CRD",
      "url": "https://tabs.ultimate-guitar.com/tab/chris-rice/clumsy-chords-798916",
      "file_path": null,
      "metadata": {}
    },
    "4328882": {
      "id": "4328882",
      "title": "Come Thou Fount Of Every Blessing",
      "type": "CRD",
      "url": "https://tabs.ultimate-guitar.com/tab/chris-rice/come-thou-fount-of-every-blessing-chords-4328882",
      "file_path": null,
      "metadata": {}
    },
    "4451435": {
      "id": "4451435",
      "title": "Come Thou Fount Of Every Blessing (ver 2)",
      "type": "CRD",
      "url": "https://tabs.ultimate-guitar.com/tab/chris-rice/come-thou-fount-of-every-blessing-chords-4451435",
      "file_path": null,
      "metadata": {}
    },
    "1505609": {
      "id": "1505609",
      "title": "Deep Enough To Dream",
      "type": "CRD",
      "url": "https://tabs.ultimate-guitar.com/tab/chris-rice/deep-enough-to-dream-chords-1505609",
      "file_path": null,
      "metadata": {}
    },
    "897774": {
      "id": "897774",
      "title": "Deep Enough To Dream",
      "type": "TAB",
      "url": "https://tabs.ultimate-guitar.com/tab/chris-rice/deep-enough-to-dream-tabs-897774",
      "file_path": null,
      "metadata": {}
    },
    "430825": {
      "id": "430825",
      "title": "Everythings Ok",
      "type": "CRD",
      "url": "https://tabs.ultimate-guitar.com/tab/chris-rice/everythings-ok-chords-430825",
      "file_path": null,
      "metadata": {}
    },
    "1292609": {
      "id": "1292609",
      "title": "Everythings Ok",
      "type": "UKE",
      "url": "https://tabs.ultimate-guitar.com/tab/chris-rice/everythings-ok-ukulele-1292609",
      "file_path": null,
      "metadata": {}
    },
    "2955344": {
      "id": "2955344",
      "title": "Go Light Your World (ver 2)",
      "type": "CRD",
      "url": "https://tabs.ultimate-guitar.com/tab/chris-rice/go-light-your-world-chords-2955344",
      "file_path": null,
      "metadata": {}
    },
    "4137802": {
      "id": "4137802",
      "title": "Go Light Your World (ver 3)",
      "type": "CRD",
      "url": "https://tabs.ultimate-guitar.com/tab/chris-rice/go-light-your-world-chords-4137802",
      "file_path": null,
      "metadata": {}
    },
    "2817395": {
      "id": "2817395",
      "title": "Good News",
      "type": "CRD",
      "url": "https://tabs.ultimate-guitar.com/tab/chris-rice/good-news-chords-2817395",
      "file_path": null,
      "metadata": {}
    },
    "1016101": {
      "id": "1016101",
      "title": "Here Come Those Eyes",
      "type": "CRD",
      "url": "https://tabs.ultimate-guitar.com/tab/chris-rice/here-come-those-eyes-chords-1016101",
      "file_path": null,
      "metadata": {}
    },
    "1156419": {
      "id": "1156419",
      "title": "Here Come Those Eyes (ver 2)",
      "type": "CRD",
      "url": "https://tabs.ultimate-guitar.com/tab/chris-rice/here-come-those-eyes-chords-1156419",
      "file_path": null,
      "metadata": {}
    },
    "1348558": {
      "id": "1348558",
      "title": "Here Come Those Eyes",
      "type": "UKE",
      "url": "https://tabs.ultimate-guitar.com/tab/chris-rice/here-come-those-eyes-ukulele-1348558",
      "file_path": null,
      "metadata": {}
    },
    "1491652": {
      "id": "1491652",
      "title": "Here Comes Those Eyes",
      "type": "TAB",
      "url": "https://tabs.ultimate-guitar.com/tab/chris-rice/here-comes-those-eyes-tabs-1491652",
      "file_path": null,
      "metadata": {}
    },
    "1770887": {
      "id": "1770887",
      "title": "Ilumina El Mundo",
      "type": "CRD",
      "url": "https://tabs.ultimate-guitar.com/tab/chris-rice/ilumina-el-mundo-chords-1770887",
      "file_path": null,
      "metadata": {}
    },
    "1874807": {
      "id": "1874807",
      "title": "It Is Well With My Soul (ver 2)",
      "type": "CRD",
      "url": "https://tabs.ultimate-guitar.com/tab/chris-rice/it-is-well-with-my-soul-chords-1874807",
      "file_path": null,
      "metadata": {}
    },
    "1323099": {
      "id": "1323099",
      "title": "It Is Well With My Soul",
      "type": "UKE",
      "url": "https://tabs.ultimate-guitar.com/tab/chris-rice/it-is-well-with-my-soul-ukulele-1323099",
      "file_path": null,
      "metadata": {}
    },
    "817877": {
      "id": "817877",
      "title": "Lemonade (ver 2)",
      "type": "CRD",
      "url": "https://tabs.ultimate-guitar.com/tab/chris-rice/lemonade-chords-817877",
      "file_path": null,
      "metadata": {}
    },
    "1776973": {
      "id": "1776973",
      "title": "Lemonade (ver 3)",
      "type": "CRD",
      "url": "https://tabs.ultimate-guitar.com/tab/chris-rice/lemonade-chords-1776973",
      "file_path": null,
      "metadata": {}
    },
    "1016413": {
      "id": "1016413",
      "title": "Lemonade",
      "type": "TAB",
      "url": "https://tabs.ultimate-guitar.com/tab/chris-rice/lemonade-tabs-1016413",
      "file_path": null,
      "metadata": {}
    },
    "1322883": {
      "id": "1322883",
      "title": "Lemonade",
      "type": "UKE",
      "url": "https://tabs.ultimate-guitar.com/tab/chris-rice/lemonade-ukulele-1322883",
      "file_path": null,
      "metadata": {}
    },
    "1909701": {
      "id": "1909701",
      "title": "Love Like Crazy",
      "type": "CRD",
      "url": "https://tabs.ultimate-guitar.com/tab/chris-rice/love-like-crazy-chords-1909701",
      "file_path": null,
      "metadata": {}
    },
    "374032": {
      "id": "374032",
      "title": "Me And Becky",
      "type": "CRD",
      "url": "https://tabs.ultimate-guitar.com/tab/chris-rice/me-and-becky-chords-374032",
      "file_path": null,
      "metadata": {}
    },
    "1286588": {
      "id": "1286588",
      "title": "Me And Becky",
      "type": "UKE",
      "url": "https://tabs.ultimate-guitar.com/tab/chris-rice/me-and-becky-ukulele-1286588",
      "file_path": null,
      "metadata": {}
    },
    "3367826": {
      "id": "3367826",
      "title": "Missing You",
      "type": "CRD",
      "url": "https://tabs.ultimate-guitar.com/tab/chris-rice/missing-you-chords-3367826",
      "file_path": null,
      "metadata": {}
    },
    "3522239": {
      "id": "3522239",
      "title": "My Cathedral",
      "type": "CRD",
      "url": "https://tabs.ultimate-guitar.com/tab/chris-rice/my-cathedral-chords-3522239",
      "file_path": null,
      "metadata": {}
    },
    "4642304": {
      "id": "4642304",
      "title": "My Tree",
      "type": "CRD",
      "url": "https://tabs.ultimate-guitar.com/tab/chris-rice/my-tree-chords-4642304",
      "file_path": null,
      "metadata": {}
    },
    "1418137": {
      "id": "1418137",
      "title": "Nothing",
      "type": "CRD",
      "url": "https://tabs.ultimate-guitar.com/tab/chris-rice/nothing-chords-1418137",
      "file_path": null,
      "metadata": {}
    },
    "3182966": {
      "id": "3182966",
      "title": "O For A Thousand Tongues",
      "type": "CRD",
      "url": "https://tabs.ultimate-guitar.com/tab/chris-rice/o-for-a-thousand-tongues-chords-3182966",
      "file_path": null,
      "metadata": {}
    },
    "3075998": {
      "id": "3075998",
      "title": "O Love That Will Not Let Me Go",
      "type": "CRD",
      "url": "https://tabs.ultimate-guitar.com/tab/chris-rice/o-love-that-will-not-let-me-go-chords-3075998",
      "file_path": null,
      "metadata": {}
    },
    "4123669": {
      "id": "4123669",
      "title": "O Love That Will Not Let Me Go (ver 2)",
      "type": "CRD",
      "url": "https://tabs.ultimate-guitar.com/tab/chris-rice/o-love-that-will-not-let-me-go-chords-4123669",
      "file_path": null,
      "metadata": {}
    },
    "42952": {
      "id": "42952",
      "title": "Other Side Of The Radio",
      "type": "CRD",
      "url": "https://tabs.ultimate-guitar.com/tab/chris-rice/other-side-of-the-radio-chords-42952",
      "file_path": null,
      "metadata": {}
    },
    "1257458": {
      "id": "1257458",
      "title": "Other Side Of The Radio",
      "type": "UKE",
      "url": "https://tabs.ultimate-guitar.com/tab/chris-rice/other-side-of-the-radio-ukulele-1257458",
      "file_path": null,
      "metadata": {}
    },
    "5732813": {
      "id": "5732813",
      "title": "Prone To Wander",
      "type": "CRD",
      "url": "https://tabs.ultimate-guitar.com/tab/chris-rice/prone-to-wander-chords-5732813",
      "file_path": null,
      "metadata": {}
    },
    "1769338": {
      "id": "1769338",
      "title": "Questions For Heaven",
      "type": "UKE",
      "url": "https://tabs.ultimate-guitar.com/tab/chris-rice/questions-for-heaven-ukulele-1769338",
      "file_path": null,
      "metadata": {}
    },
    "920078": {
      "id": "920078",
      "title": "Smell The Color 9",
      "type": "CRD",
      "url": "https://tabs.ultimate-guitar.com/tab/chris-rice/smell-the-color-9-chords-920078",
      "file_path": null,
      "metadata": {}
    },
    "433738": {
      "id": "433738",
      "title": "Smellin Coffee",
      "type": "CRD",
      "url": "https://tabs.ultimate-guitar.com/tab/chris-rice/smellin-coffee-chords-433738",
      "file_path": null,
      "metadata": {}
    },
    "3453563": {
      "id": "3453563",
      "title": "Smellin Coffee (ver 2)",
      "type": "CRD",
      "url": "https://tabs.ultimate-guitar.com/tab/chris-rice/smellin-coffee-chords-3453563",
      "file_path": null,
      "metadata": {}
    },
    "2122999": {
      "id": "2122999",
      "title": "Smile",
      "type": "CRD",
      "url": "https://tabs.ultimate-guitar.com/tab/chris-rice/smile-chords-2122999",
      "file_path": null,
      "metadata": {}
    },
    "594135": {
      "id": "594135",
      "title": "Sneakin Into Heaven",
      "type": "CRD",
      "url": "https://tabs.ultimate-guitar.com/tab/chris-rice/sneakin-into-heaven-chords-594135",
      "file_path": null,
      "metadata": {}
    },
    "1297848": {
      "id": "1297848",
      "title": "Sneakin Into Heaven",
      "type": "UKE",
      "url": "https://tabs.ultimate-guitar.com/tab/chris-rice/sneakin-into-heaven-ukulele-1297848",
      "file_path": null,
      "metadata": {}
    },
    "942317": {
      "id": "942317",
      "title": "So Much For My Sad Song",
      "type": "CRD",
      "url": "https://tabs.ultimate-guitar.com/tab/chris-rice/so-much-for-my-sad-song-chords-942317",
      "file_path": null,
      "metadata": {}
    },
    "1332962": {
      "id": "1332962",
      "title": "So Much For My Sad Song",
      "type": "UKE",
      "url": "https://tabs.ultimate-guitar.com/tab/chris-rice/so-much-for-my-sad-song-ukulele-1332962",
      "file_path": null,
      "metadata": {}
    },
    "3375284": {
      "id": "3375284",
      "title": "So Much For My Sad Song (ver 2)",
      "type": "UKE",
      "url": "https://tabs.ultimate-guitar.com/tab/chris-rice/so-much-for-my-sad-song-ukulele-3375284",
      "file_path": null,
      "metadata": {}
    },
    "5682620": {
      "id": "5682620",
      "title": "Sometimes Love",
      "type": "CRD",
      "url": "https://tabs.ultimate-guitar.com/tab/chris-rice/sometimes-love-chords-5682620",
      "file_path": null,
      "metadata": {}
    },
    "2362279": {
      "id": "2362279",
      "title": "Spare An Angel",
      "type": "CRD",
      "url": "https://tabs.ultimate-guitar.com/tab/chris-rice/spare-an-angel-chords-2362279",
      "file_path": null,
      "metadata": {}
    },
    "1178967": {
      "id": "1178967",
      "title": "Tell Me The Story Again",
      "type": "CRD",
      "url": "https://tabs.ultimate-guitar.com/tab/chris-rice/tell-me-the-story-again-chords-1178967",
      "file_path": null,
      "metadata": {}
    },
    "5643327": {
      "id": "5643327",
      "title": "The Final Move",
      "type": "CRD",
      "url": "https://tabs.ultimate-guitar.com/tab/chris-rice/the-final-move-chords-5643327",
      "file_path": null,
      "metadata": {}
    },
    "5476710": {
      "id": "5476710",
      "title": "There Is A Fountain",
      "type": "CRD",
      "url": "https://tabs.ultimate-guitar.com/tab/chris-rice/there-is-a-fountain-chords-5476710",
      "file_path": null,
      "metadata": {}
    },
    "3603944": {
      "id": "3603944",
      "title": "This Is My Fathers World",
      "type": "CRD",
      "url": "https://tabs.ultimate-guitar.com/tab/chris-rice/this-is-my-fathers-world-chords-3603944",
      "file_path": null,
      "metadata": {}
    },
    "4251343": {
      "id": "4251343",
      "title": "This Is My Fathers World (ver 2)",
      "type": "CRD",
      "url": "https://tabs.ultimate-guitar.com/tab/chris-rice/this-is-my-fathers-world-chords-4251343",
      "file_path": null,
      "metadata": {}
    },
    "526077": {
      "id": "526077",
      "title": "Untitled Hymn Come To Jesus (ver 2)",
      "type": "CRD",
      "url": "https://tabs.ultimate-guitar.com/tab/chris-rice/untitled-hymn-come-to-jesus-chords-526077",
      "file_path": null,
      "metadata": {}
    },
    "831554": {
      "id": "831554",
      "title": "Untitled Hymn Come To Jesus (ver 3)",
      "type": "CRD",
      "url": "https://tabs.ultimate-guitar.com/tab/chris-rice/untitled-hymn-come-to-jesus-chords-831554",
      "file_path": null,
      "metadata": {}
    },
    "1155230": {
      "id": "1155230",
      "title": "Untitled Hymn Come To Jesus (ver 4)",
      "type": "CRD",
      "url": "https://tabs.ultimate-guitar.com/tab/chris-rice/untitled-hymn-come-to-jesus-chords-1155230",
      "file_path": null,
      "metadata": {}
    },
    "2138201": {
      "id": "2138201",
      "title": "Untitled Hymn Come To Jesus (ver 5)",
      "type": "CRD",
      "url": "https://tabs.ultimate-guitar.com/tab/chris-rice/untitled-hymn-come-to-jesus-chords-2138201",
      "file_path": null,
      "metadata": {}
    },
    "2634324": {
      "id": "2634324",
      "title": "Untitled Hymn Come To Jesus (ver 6)",
      "type": "CRD",
      "url": "https://tabs.ultimate-guitar.com/tab/chris-rice/untitled-hymn-come-to-jesus-chords-2634324",
      "file_path": null,
      "metadata": {}
    },
    "3484466": {
      "id": "3484466",
      "title": "Untitled Hymn Come To Jesus (ver 7)",
      "type": "CRD",
      "url": "https://tabs.ultimate-guitar.com/tab/chris-rice/untitled-hymn-come-to-jesus-chords-3484466",
      "file_path": null,
      "metadata": {}
    },
    "747552": {
      "id": "747552",
      "title": "Untitled Hymn Come To Jesus (ver 2)",
      "type": "TAB",
      "url": "https://tabs.ultimate-guitar.com/tab/chris-rice/untitled-hymn-come-to-jesus-tabs-747552",
      "file_path": null,
      "metadata": {}
    },
    "1761177": {
      "id": "1761177",
      "title": "Untitled Hymn Come To Jesus (ver 3)",
      "type": "TAB",
      "url": "https://tabs.ultimate-guitar.com/tab/chris-rice/untitled-hymn-come-to-jesus-tabs-1761177",
      "file_path": null,
      "metadata": {}
    },
    "3705527": {
      "id": "3705527",
      "title": "Untitled Hymn Come To Jesus (ver 4)",
      "type": "TAB",
      "url": "https://tabs.ultimate-guitar.com/tab/chris-rice/untitled-hymn-come-to-jesus-tabs-3705527",
      "file_path": null,
      "metadata": {}
    },
    "1275939": {
      "id": "1275939",
      "title": "Untitled Hymn Come To Jesus",
      "type": "UKE",
      "url": "https://tabs.ultimate-guitar.com/tab/chris-rice/untitled-hymn-come-to-jesus-ukulele-1275939",
      "file_path": null,
      "metadata": {}
    },
    "5768588": {
      "id": "5768588",
      "title": "Untitled Hymn Komm Zu Jesus",
      "type": "CRD",
      "url": "https://tabs.ultimate-guitar.com/tab/chris-rice/untitled-hymn-komm-zu-jesus-chords-5768588",
      "file_path": null,
      "metadata": {}
    },
    "2928950": {
      "id": "2928950",
      "title": "Welcome To Our World (ver 2)",
      "type": "CRD",
      "url": "https://tabs.ultimate-guitar.com/tab/chris-rice/welcome-to-our-world-chords-2928950",
      "file_path": null,
      "metadata": {}
    },
    "786727": {
      "id": "786727",
      "title": "What A Heart Is Beating For",
      "type": "CRD",
      "url": "https://tabs.ultimate-guitar.com/tab/chris-rice/what-a-heart-is-beating-for-chords-786727",
      "file_path": null,
      "metadata": {}
    },
    "1022870": {
      "id": "1022870",
      "title": "What A Heart Is Beating For (ver 2)",
      "type": "CRD",
      "url": "https://tabs.ultimate-guitar.com/tab/chris-rice/what-a-heart-is-beating-for-chords-1022870",
      "file_path": null,
      "metadata": {}
    },
    "1320140": {
      "id": "1320140",
      "title": "What A Heart Is Beating For",
      "type": "UKE",
      "url": "https://tabs.ultimate-guitar.com/tab/chris-rice/what-a-heart-is-beating-for-ukulele-1320140",
      "file_path": null,
      "metadata": {}
    },
    "419870": {
      "id": "419870",
      "title": "When Did You Fall In Love (ver 2)",
      "type": "CRD",
      "url": "https://tabs.ultimate-guitar.com/tab/chris-rice/when-did-you-fall-in-love-chords-419870",
      "file_path": null,
      "metadata": {}
    },
    "1143172": {
      "id": "1143172",
      "title": "When Did You Fall In Love (ver 3)",
      "type": "CRD",
      "url": "https://tabs.ultimate-guitar.com/tab/chris-rice/when-did-you-fall-in-love-chords-1143172",
      "file_path": null,
      "metadata": {}
    },
    "848687": {
      "id": "848687",
      "title": "Wind And Spirit",
      "type": "CRD",
      "url": "https://tabs.ultimate-guitar.com/tab/chris-rice/wind-and-spirit-chords-848687",
      "file_path": null,
      "metadata": {}
    },
    "581256": {
      "id": "581256",
      "title": "You Dont Have To Yell",
      "type": "CRD",
      "url": "https://tabs.ultimate-guitar.com/tab/chris-rice/you-dont-have-to-yell-chords-581256",
      "file_path": null,
      "metadata": {}
    }
  }
}