{
  "id": "1074",
  "name": "Kool & the Gang",
  "url": "https://www.ultimate-guitar.com/artist/kool_the_gang_1074",
  "tabs": {
    "1022256": {
      "id": "1022256",
      "title": "Celebration",
      "type": "CRD",
      "url": "https://tabs.ultimate-guitar.com/tab/kool-the-gang/celebration-chords-1022256",
      "file_path": null,
      "metadata": {}
    },
    "10043": {
      "id": "10043",
      "title": "Jungle Boogie",
      "type": "BASS",
      "url": "https://tabs.ultimate-guitar.com/tab/kool-the-gang/jungle-boogie-bass-10043",
      "file_path": null,
      "metadata": {}
    },
    "2459264": {
      "id": "2459264",
      "title": "Get Down On It",
      "type": "CRD",
      "url": "https://tabs.ultimate-guitar.com/tab/kool-the-gang/get-down-on-it-chords-2459264",
      "file_path": null,
      "metadata": {}
    },
    "1101164": {
      "id": "1101164",
      "title": "Ladies Night",
      "type": "CRD",
      "url": "https://tabs.ultimate-guitar.com/tab/kool-the-gang/ladies-night-chords-1101164",
      "file_path": null,
      "metadata": {}
    },
    "73032": {
      "id": "73032",
      "title": "Jungle Boogie",
      "type": "TAB",
      "url": "https://tabs.ultimate-guitar.com/tab/kool-the-gang/jungle-boogie-tabs-73032",
      "file_path": null,
      "metadata": {}
    },
    "223279": {
      "id": "223279",
      "title": "Celebration",
      "type": "PRO",
      "url": "https://tabs.ultimate-guitar.com/tab/kool-the-gang/celebration-guitar-pro-223279",
      "file_path": null,
      "metadata": {}
    },
    "1015016": {
      "id": "1015016",
      "title": "Get Down On It",
      "type": "BASS",
      "url": "https://tabs.ultimate-guitar.com/tab/kool-the-gang/get-down-on-it-bass-1015016",
      "file_path": null,
      "metadata": {}
    },
    "1908493": {
      "id": "1908493",
      "title": "Fresh",
      "type": "CRD",
      "url": "https://tabs.ultimate-guitar.com/tab/kool-the-gang/fresh-chords-1908493",
      "file_path": null,
      "metadata": {}
    },
    "462015": {
      "id": "462015",
      "title": "Cherish",
      "type": "TAB",
      "url": "https://tabs.ultimate-guitar.com/tab/kool-the-gang/cherish-tabs-462015",
      "file_path": null,
      "metadata": {}
    },
    "10044": {
      "id": "10044",
      "title": "Ladies Night",
      "type": "BASS",
      "url": "https://tabs.ultimate-guitar.com/tab/kool-the-gang/ladies-night-bass-10044",
      "file_path": null,
      "metadata": {}
    },
    "868009": {
      "id": "868009",
      "title": "Be My Lady",
      "type": "PRO",
      "url": "https://tabs.ultimate-guitar.com/tab/kool-the-gang/be-my-lady-guitar-pro-868009",
      "file_path": null,
      "metadata": {}
    },
    "872506": {
      "id": "872506",
      "title": "Big Fun",
      "type": "BASS",
      "url": "https://tabs.ultimate-guitar.com/tab/kool-the-gang/big-fun-bass-872506",
      "file_path": null,
      "metadata": {}
    },
    "3206783": {
      "id": "3206783",
      "title": "Celebration (ver 2)",
      "type": "CRD",
      "url": "https://tabs.ultimate-guitar.com/tab/kool-the-gang/celebration-chords-3206783",
      "file_path": null,
      "metadata": {}
    },
    "953924": {
      "id": "953924",
      "title": "Celebration",
      "type": "TAB",
      "url": "https://tabs.ultimate-guitar.com/tab/kool-the-gang/celebration-tabs-953924",
      "file_path": null,
      "metadata": {}
    },
    "2037524": {
      "id": "2037524",
      "title": "Celebration (ver 2)",
      "type": "PRO",
      "url": "https://tabs.ultimate-guitar.com/tab/kool-the-gang/celebration-guitar-pro-2037524",
      "file_path": null,
      "metadata": {}
    },
    "901418": {
      "id": "901418",
      "title": "Celebration",
      "type": "PWR",
      "url": "https://tabs.ultimate-guitar.com/tab/kool-the-gang/celebration-power-901418",
      "file_path": null,
      "metadata": {}
    },
    "413351": {
      "id": "413351",
      "title": "Celebration",
      "type": "BASS",
      "url": "https://tabs.ultimate-guitar.com/tab/kool-the-gang/celebration-bass-413351",
      "file_path": null,
      "metadata": {}
    },
    "969927": {
      "id": "969927",
      "title": "Celebration (ver 2)",
      "type": "BASS",
      "url": "https://tabs.ultimate-guitar.com/tab/kool-the-gang/celebration-bass-969927",
      "file_path": null,
      "metadata": {}
    },
    "1220406": {
      "id": "1220406",
      "title": "Celebration (ver 3)",
      "type": "BASS",
      "url": "https://tabs.ultimate-guitar.com/tab/kool-the-gang/celebration-bass-1220406",
      "file_path": null,
      "metadata": {}
    },
    "1346171": {
      "id": "1346171",
      "title": "Celebration",
      "type": "UKE",
      "url": "https://tabs.ultimate-guitar.com/tab/kool-the-gang/celebration-ukulele-1346171",
      "file_path": null,
      "metadata": {}
    },
    "1688446": {
      "id": "1688446",
      "title": "Cherish",
      "type": "CRD",
      "url": "https://tabs.ultimate-guitar.com/tab/kool-the-gang/cherish-chords-1688446",
      "file_path": null,
      "metadata": {}
    },
    "2414467": {
      "id": "2414467",
      "title": "Cherish (ver 2)",
      "type": "CRD",
      "url": "https://tabs.ultimate-guitar.com/tab/kool-the-gang/cherish-chords-2414467",
      "file_path": null,
      "metadata": {}
    },
    "3705344": {
      "id": "3705344",
      "title": "Cherish (ver 3)",
      "type": "CRD",
      "url": "https://tabs.ultimate-guitar.com/tab/kool-the-gang/cherish-chords-3705344",
      "file_path": null,
      "metadata": {}
    },
    "990814": {
      "id": "990814",
      "title": "Cherish",
      "type": "BASS",
      "url": "https://tabs.ultimate-guitar.com/tab/kool-the-gang/cherish-bass-990814",
      "file_path": null,
      "metadata": {}
    },
    "4566266": {
      "id": "4566266",
      "title": "Fresh  Intro",
      "type": "TAB",
      "url": "https://tabs.ultimate-guitar.com/tab/kool-the-gang/fresh-tabs-4566266",
      "file_path": null,
      "metadata": {}
    },
    "1815225": {
      "id": "1815225",
      "title": "Fresh",
      "type": "BASS",
      "url": "https://tabs.ultimate-guitar.com/tab/kool-the-gang/fresh-bass-1815225",
      "file_path": null,
      "metadata": {}
    },
    "3423971": {
      "id": "3423971",
      "title": "Fresh (ver 2)",
      "type": "BASS",
      "url": "https://tabs.ultimate-guitar.com/tab/kool-the-gang/fresh-bass-3423971",
      "file_path": null,
      "metadata": {}
    },
    "5218506": {
      "id": "5218506",
      "title": "Fruitman",
      "type": "CRD",
      "url": "https://tabs.ultimate-guitar.com/tab/kool-the-gang/fruitman-chords-5218506",
      "file_path": null,
      "metadata": {}
    },
    "598998": {
      "id": "598998",
      "title": "Get Down On It",
      "type": "TAB",
      "url": "https://tabs.ultimate-guitar.com/tab/kool-the-gang/get-down-on-it-tabs-598998",
      "file_path": null,
      "metadata": {}
    },
    "1067049": {
      "id": "1067049",
      "title": "Get Down On It",
      "type": "PRO",
      "url": "https://tabs.ultimate-guitar.com/tab/kool-the-gang/get-down-on-it-guitar-pro-1067049",
      "file_path": null,
      "metadata": {}
    },
    "1311061": {
      "id": "1311061",
      "title": "Get Down On It",
      "type": "UKE",
      "url": "https://tabs.ultimate-guitar.com/tab/kool-the-gang/get-down-on-it-ukulele-1311061",
      "file_path": null,
      "metadata": {}
    },
    "3765131": {
      "id": "3765131",
      "title": "Hi De Hi Hi De Ho",
      "type": "CRD",
      "url": "https://tabs.ultimate-guitar.com/tab/kool-the-gang/hi-de-hi-hi-de-ho-chords-3765131",
      "file_path": null,
      "metadata": {}
    },
    "933949": {
      "id": "933949",
      "title": "Hi De Hi Hi De Ho",
      "type": "BASS",
      "url": "https://tabs.ultimate-guitar.com/tab/kool-the-gang/hi-de-hi-hi-de-ho-bass-933949",
      "file_path": null,
      "metadata": {}
    },
    "73034": {
      "id": "73034",
      "title": "Hollywood Swingin",
      "type": "TAB",
      "url": "https://tabs.ultimate-guitar.com/tab/kool-the-gang/hollywood-swingin-tabs-73034",
      "file_path": null,
      "metadata": {}
    },
    "4716884": {
      "id": "4716884",
      "title": "Hollywood Swinging",
      "type": "CRD",
      "url": "https://tabs.ultimate-guitar.com/tab/kool-the-gang/hollywood-swinging-chords-4716884",
      "file_path": null,
      "metadata": {}
    },
    "3123788": {
      "id": "3123788",
      "title": "Hollywood Swinging  Intro",
      "type": "TAB",
      "url": "https://tabs.ultimate-guitar.com/tab/kool-the-gang/hollywood-swinging-tabs-3123788",
      "file_path": null,
      "metadata": {}
    },
    "578102": {
      "id": "578102",
      "title": "Hollywood Swinging",
      "type": "BASS",
      "url": "https://tabs.ultimate-guitar.com/tab/kool-the-gang/hollywood-swinging-bass-578102",
      "file_path": null,
      "metadata": {}
    },
    "1121982": {
      "id": "1121982",
      "title": "Hollywood Swinging (ver 2)",
      "type": "BASS",
      "url": "https://tabs.ultimate-guitar.com/tab/kool-the-gang/hollywood-swinging-bass-1121982",
      "file_path": null,
      "metadata": {}
    },
    "1464752": {
      "id": "1464752",
      "title": "Joanna",
      "type": "CRD",
      "url": "https://tabs.ultimate-guitar.com/tab/kool-the-gang/joanna-chords-1464752",
      "file_path": null,
      "metadata": {}
    },
    "3516386": {
      "id": "3516386",
      "title": "Joanna (ver 2)",
      "type": "CRD",
      "url": "https://tabs.ultimate-guitar.com/tab/kool-the-gang/joanna-chords-3516386",
      "file_path": null,
      "metadata": {}
    },
    "3574310": {
      "id": "3574310",
      "title": "Joanna (ver 3)",
      "type": "CRD",
      "url": "https://tabs.ultimate-guitar.com/tab/kool-the-gang/joanna-chords-3574310",
      "file_path": null,
      "metadata": {}
    },
    "4669751": {
      "id": "4669751",
      "title": "Joanna",
      "type": "BASS",
      "url": "https://tabs.ultimate-guitar.com/tab/kool-the-gang/joanna-bass-4669751",
      "file_path": null,
      "metadata": {}
    },
    "3765119": {
      "id": "3765119",
      "title": "Jones Vs Jones",
      "type": "CRD",
      "url": "https://tabs.ultimate-guitar.com/tab/kool-the-gang/jones-vs-jones-chords-3765119",
      "file_path": null,
      "metadata": {}
    },
    "1900444": {
      "id": "1900444",
      "title": "Jungle Boogie  Intro",
      "type": "TAB",
      "url": "https://tabs.ultimate-guitar.com/tab/kool-the-gang/jungle-boogie-tabs-1900444",
      "file_path": null,
      "metadata": {}
    },
    "111036": {
      "id": "111036",
      "title": "Jungle Boogie (ver 2)",
      "type": "TAB",
      "url": "https://tabs.ultimate-guitar.com/tab/kool-the-gang/jungle-boogie-tabs-111036",
      "file_path": null,
      "metadata": {}
    },
    "472296": {
      "id": "472296",
      "title": "Jungle Boogie",
      "type": "PRO",
      "url": "https://tabs.ultimate-guitar.com/tab/kool-the-gang/jungle-boogie-guitar-pro-472296",
      "file_path": null,
      "metadata": {}
    },
    "304920": {
      "id": "304920",
      "title": "Jungle Boogie",
      "type": "PWR",
      "url": "https://tabs.ultimate-guitar.com/tab/kool-the-gang/jungle-boogie-power-304920",
      "file_path": null,
      "metadata": {}
    },
    "593635": {
      "id": "593635",
      "title": "Jungle Boogie (ver 2)",
      "type": "PWR",
      "url": "https://tabs.ultimate-guitar.com/tab/kool-the-gang/jungle-boogie-power-593635",
      "file_path": null,
      "metadata": {}
    },
    "1403830": {
      "id": "1403830",
      "title": "Jungle Boogie (ver 2)",
      "type": "BASS",
      "url": "https://tabs.ultimate-guitar.com/tab/kool-the-gang/jungle-boogie-bass-1403830",
      "file_path": null,
      "metadata": {}
    },
    "1851094": {
      "id": "1851094",
      "title": "Ladies Night",
      "type": "PRO",
      "url": "https://tabs.ultimate-guitar.com/tab/kool-the-gang/ladies-night-guitar-pro-1851094",
      "file_path": null,
      "metadata": {}
    },
    "3314738": {
      "id": "3314738",
      "title": "Ladies Night",
      "type": "PWR",
      "url": "https://tabs.ultimate-guitar.com/tab/kool-the-gang/ladies-night-power-3314738",
      "file_path": null,
      "metadata": {}
    },
    "3314735": {
      "id": "3314735",
      "title": "Ladies Night (ver 2)",
      "type": "BASS",
      "url": "https://tabs.ultimate-guitar.com/tab/kool-the-gang/ladies-night-bass-3314735",
      "file_path": null,
      "metadata": {}
    },
    "1263981": {
      "id": "1263981",
      "title": "Ladies Night",
      "type": "UKE",
      "url": "https://tabs.ultimate-guitar.com/tab/kool-the-gang/ladies-night-ukulele-1263981",
      "file_path": null,
      "metadata": {}
    },
    "3765140": {
      "id": "3765140",
      "title": "Misled",
      "type": "CRD",
      "url": "https://tabs.ultimate-guitar.com/tab/kool-the-gang/misled-chords-3765140",
      "file_path": null,
      "metadata": {}
    },
    "5067703": {
      "id": "5067703",
      "title": "Misled (ver 2)",
      "type": "CRD",
      "url": "https://tabs.ultimate-guitar.com/tab/kool-the-gang/misled-chords-5067703",
      "file_path": null,
      "metadata": {}
    },
    "601988": {
      "id": "601988",
      "title": "More Funky Stuff",
      "type": "TAB",
      "url": "https://tabs.ultimate-guitar.com/tab/kool-the-gang/more-funky-stuff-tabs-601988",
      "file_path": null,
      "metadata": {}
    },
    "3155723": {
      "id": "3155723",
      "title": "Oh La La La Lets Go Dancing",
      "type": "CRD",
      "url": "https://tabs.ultimate-guitar.com/tab/kool-the-gang/oh-la-la-la-lets-go-dancing-chords-3155723",
      "file_path": null,
      "metadata": {}
    },
    "864230": {
      "id": "864230",
      "title": "Ooh La La La",
      "type": "TAB",
      "url": "https://tabs.ultimate-guitar.com/tab/kool-the-gang/ooh-la-la-la-tabs-864230",
      "file_path": null,
      "metadata": {}
    },
    "1037883": {
      "id": "1037883",
      "title": "Open Sesame",
      "type": "PRO",
      "url": "https://tabs.ultimate-guitar.com/tab/kool-the-gang/open-sesame-guitar-pro-1037883",
      "file_path": null,
      "metadata": {}
    },
    "1411450": {
      "id": "1411450",
      "title": "Shes Fresh",
      "type": "CRD",
      "url": "https://tabs.ultimate-guitar.com/tab/kool-the-gang/shes-fresh-chords-1411450",
      "file_path": null,
      "metadata": {}
    },
    "223280": {
      "id": "223280",
      "title": "Shes Fresh",
      "type": "PRO",
      "url": "https://tabs.ultimate-guitar.com/tab/kool-the-gang/shes-fresh-guitar-pro-223280",
      "file_path": null,
      "metadata": {}
    },
    "223281": {
      "id": "223281",
      "title": "Shes Fresh (ver 2)",
      "type": "PRO",
      "url": "https://tabs.ultimate-guitar.com/tab/kool-the-gang/shes-fresh-guitar-pro-223281",
      "file_path": null,
      "metadata": {}
    },
    "2026290": {
      "id": "2026290",
      "title": "Shes Fresh (ver 3)",
      "type": "PRO",
      "url": "https://tabs.ultimate-guitar.com/tab/kool-the-gang/shes-fresh-guitar-pro-2026290",
      "file_path": null,
      "metadata": {}
    },
    "2026288": {
      "id": "2026288",
      "title": "Shes Fresh (ver 4)",
      "type": "PRO",
      "url": "https://tabs.ultimate-guitar.com/tab/kool-the-gang/shes-fresh-guitar-pro-2026288",
      "file_path": null,
      "metadata": {}
    },
    "4628051": {
      "id": "4628051",
      "title": "Special Way",
      "type": "CRD",
      "url": "https://tabs.ultimate-guitar.com/tab/kool-the-gang/special-way-chords-4628051",
      "file_path": null,
      "metadata": {}
    },
    "2039811": {
      "id": "2039811",
      "title": "Stand Up And Sing",
      "type": "CRD",
      "url": "https://tabs.ultimate-guitar.com/tab/kool-the-gang/stand-up-and-sing-chords-2039811",
      "file_path": null,
      "metadata": {}
    },
    "1400375": {
      "id": "1400375",
      "title": "Steppin Out",
      "type": "BASS",
      "url": "https://tabs.ultimate-guitar.com/tab/kool-the-gang/steppin-out-bass-1400375",
      "file_path": null,
      "metadata": {}
    },
    "3765125": {
      "id": "3765125",
      "title": "Stepping Out",
      "type": "CRD",
      "url": "https://tabs.ultimate-guitar.com/tab/kool-the-gang/stepping-out-chords-3765125",
      "file_path": null,
      "metadata": {}
    },
    "3765134": {
      "id": "3765134",
      "title": "Straight Ahead",
      "type": "CRD",
      "url": "https://tabs.ultimate-guitar.com/tab/kool-the-gang/straight-ahead-chords-3765134",
      "file_path": null,
      "metadata": {}
    },
    "553299": {
      "id": "553299",
      "title": "Summer Madness",
      "type": "CRD",
      "url": "https://tabs.ultimate-guitar.com/tab/kool-the-gang/summer-madness-chords-553299",
      "file_path": null,
      "metadata": {}
    },
    "855297": {
      "id": "855297",
      "title": "Summer Madness  Solo",
      "type": "PRO",
      "url": "https://tabs.ultimate-guitar.com/tab/kool-the-gang/summer-madness-guitar-pro-855297",
      "file_path": null,
      "metadata": {}
    },
    "1019203": {
      "id": "1019203",
      "title": "Summer Madness",
      "type": "BASS",
      "url": "https://tabs.ultimate-guitar.com/tab/kool-the-gang/summer-madness-bass-1019203",
      "file_path": null,
      "metadata": {}
    },
    "1483402": {
      "id": "1483402",
      "title": "Summer Madness (ver 2)",
      "type": "BASS",
      "url": "https://tabs.ultimate-guitar.com/tab/kool-the-gang/summer-madness-bass-1483402",
      "file_path": null,
      "metadata": {}
    },
    "1296430": {
      "id": "1296430",
      "title": "Summer Madness",
      "type": "UKE",
      "url": "https://tabs.ultimate-guitar.com/tab/kool-the-gang/summer-madness-ukulele-1296430",
      "file_path": null,
      "metadata": {}
    },
    "3765128": {
      "id": "3765128",
      "title": "Take My Heart",
      "type": "CRD",
      "url": "https://tabs.ultimate-guitar.com/tab/kool-the-gang/take-my-heart-chords-3765128",
      "file_path": null,
      "metadata": {}
    },
    "1950967": {
      "id": "1950967",
      "title": "Tonight",
      "type": "CRD",
      "url": "https://tabs.ultimate-guitar.com/tab/kool-the-gang/tonight-chords-1950967",
      "file_path": null,
      "metadata": {}
    },
    "3765116": {
      "id": "3765116",
      "title": "Too Hot",
      "type": "CRD",
      "url": "https://tabs.ultimate-guitar.com/tab/kool-the-gang/too-hot-chords-3765116",
      "file_path": null,
      "metadata": {}
    },
    "1075268": {
      "id": "1075268",
      "title": "Too Hot",
      "type": "BASS",
      "url": "https://tabs.ultimate-guitar.com/tab/kool-the-gang/too-hot-bass-1075268",
      "file_path": null,
      "metadata": {}
    },
    "3765143": {
      "id": "3765143",
      "title": "Victory",
      "type": "CRD",
      "url": "https://tabs.ultimate-guitar.com/tab/kool-the-gang/victory-chords-3765143",
      "file_path": null,
      "metadata": {}
    },
    "3765137": {
      "id": "3765137",
      "title": "When You Say You Love Somebody In The Heart",
      "type": "CRD",
      "url": "https://tabs.ultimate-guitar.com/tab/kool-the-gang/when-you-say-you-love-somebody-in-the-heart-chords-3765137",
      "file_path": null,
      "metadata": {}
    },
    "3706205": {
      "id": "3706205",
      "title": "You Dont Have To Change  Intro",
      "type": "TAB",
      "url": "https://tabs.ultimate-guitar.com/tab/kool-the-gang/you-dont-have-to-change-tabs-3706205",
      "file_path": null,
      "metadata": {}
    }
  }
}