{
  "id": "10068",
  "name": "Paula Cole",
  "url": "https://www.ultimate-guitar.com/artist/paula_cole_10068",
  "tabs": {
    "826169": {
      "id": "826169",
      "title": "Be Somebody",
      "type": "CRD",
      "url": "https://tabs.ultimate-guitar.com/tab/paula-cole/be-somebody-chords-826169",
      "file_path": null,
      "metadata": {}
    },
    "1323165": {
      "id": "1323165",
      "title": "Be Somebody",
      "type": "UKE",
      "url": "https://tabs.ultimate-guitar.com/tab/paula-cole/be-somebody-ukulele-1323165",
      "file_path": null,
      "metadata": {}
    },
    "1233485": {
      "id": "1233485",
      "title": "Bethlehem",
      "type": "CRD",
      "url": "https://tabs.ultimate-guitar.com/tab/paula-cole/bethlehem-chords-1233485",
      "file_path": null,
      "metadata": {}
    },
    "1390359": {
      "id": "1390359",
      "title": "Bethlehem",
      "type": "UKE",
      "url": "https://tabs.ultimate-guitar.com/tab/paula-cole/bethlehem-ukulele-1390359",
      "file_path": null,
      "metadata": {}
    },
    "5641293": {
      "id": "5641293",
      "title": "Black Mountain Blues",
      "type": "CRD",
      "url": "https://tabs.ultimate-guitar.com/tab/paula-cole/black-mountain-blues-chords-5641293",
      "file_path": null,
      "metadata": {}
    },
    "457892": {
      "id": "457892",
      "title": "Carmen",
      "type": "CRD",
      "url": "https://tabs.ultimate-guitar.com/tab/paula-cole/carmen-chords-457892",
      "file_path": null,
      "metadata": {}
    },
    "1285877": {
      "id": "1285877",
      "title": "Carmen",
      "type": "UKE",
      "url": "https://tabs.ultimate-guitar.com/tab/paula-cole/carmen-ukulele-1285877",
      "file_path": null,
      "metadata": {}
    },
    "1098741": {
      "id": "1098741",
      "title": "Come On Inside",
      "type": "CRD",
      "url": "https://tabs.ultimate-guitar.com/tab/paula-cole/come-on-inside-chords-1098741",
      "file_path": null,
      "metadata": {}
    },
    "1364324": {
      "id": "1364324",
      "title": "Come On Inside",
      "type": "UKE",
      "url": "https://tabs.ultimate-guitar.com/tab/paula-cole/come-on-inside-ukulele-1364324",
      "file_path": null,
      "metadata": {}
    },
    "4574771": {
      "id": "4574771",
      "title": "Comin Down",
      "type": "CRD",
      "url": "https://tabs.ultimate-guitar.com/tab/paula-cole/comin-down-chords-4574771",
      "file_path": null,
      "metadata": {}
    },
    "3190637": {
      "id": "3190637",
      "title": "Eloise",
      "type": "CRD",
      "url": "https://tabs.ultimate-guitar.com/tab/paula-cole/eloise-chords-3190637",
      "file_path": null,
      "metadata": {}
    },
    "501612": {
      "id": "501612",
      "title": "Feelin Love",
      "type": "CRD",
      "url": "https://tabs.ultimate-guitar.com/tab/paula-cole/feelin-love-chords-501612",
      "file_path": null,
      "metadata": {}
    },
    "149099": {
      "id": "149099",
      "title": "Feelin Love",
      "type": "BASS",
      "url": "https://tabs.ultimate-guitar.com/tab/paula-cole/feelin-love-bass-149099",
      "file_path": null,
      "metadata": {}
    },
    "1293315": {
      "id": "1293315",
      "title": "Feelin Love",
      "type": "UKE",
      "url": "https://tabs.ultimate-guitar.com/tab/paula-cole/feelin-love-ukulele-1293315",
      "file_path": null,
      "metadata": {}
    },
    "1233486": {
      "id": "1233486",
      "title": "Happy Home",
      "type": "CRD",
      "url": "https://tabs.ultimate-guitar.com/tab/paula-cole/happy-home-chords-1233486",
      "file_path": null,
      "metadata": {}
    },
    "1390427": {
      "id": "1390427",
      "title": "Happy Home",
      "type": "UKE",
      "url": "https://tabs.ultimate-guitar.com/tab/paula-cole/happy-home-ukulele-1390427",
      "file_path": null,
      "metadata": {}
    },
    "1234742": {
      "id": "1234742",
      "title": "I Am So Ordinary",
      "type": "CRD",
      "url": "https://tabs.ultimate-guitar.com/tab/paula-cole/i-am-so-ordinary-chords-1234742",
      "file_path": null,
      "metadata": {}
    },
    "1390720": {
      "id": "1390720",
      "title": "I Am So Ordinary",
      "type": "UKE",
      "url": "https://tabs.ultimate-guitar.com/tab/paula-cole/i-am-so-ordinary-ukulele-1390720",
      "file_path": null,
      "metadata": {}
    },
    "65037": {
      "id": "65037",
      "title": "I Dont Want To Wait",
      "type": "CRD",
      "url": "https://tabs.ultimate-guitar.com/tab/paula-cole/i-dont-want-to-wait-chords-65037",
      "file_path": null,
      "metadata": {}
    },
    "203109": {
      "id": "203109",
      "title": "I Dont Want To Wait (ver 2)",
      "type": "CRD",
      "url": "https://tabs.ultimate-guitar.com/tab/paula-cole/i-dont-want-to-wait-chords-203109",
      "file_path": null,
      "metadata": {}
    },
    "3753992": {
      "id": "3753992",
      "title": "I Dont Want To Wait (ver 3)",
      "type": "CRD",
      "url": "https://tabs.ultimate-guitar.com/tab/paula-cole/i-dont-want-to-wait-chords-3753992",
      "file_path": null,
      "metadata": {}
    },
    "4562282": {
      "id": "4562282",
      "title": "I Dont Want To Wait (ver 4)",
      "type": "CRD",
      "url": "https://tabs.ultimate-guitar.com/tab/paula-cole/i-dont-want-to-wait-chords-4562282",
      "file_path": null,
      "metadata": {}
    },
    "5069434": {
      "id": "5069434",
      "title": "I Dont Want To Wait (ver 5)",
      "type": "CRD",
      "url": "https://tabs.ultimate-guitar.com/tab/paula-cole/i-dont-want-to-wait-chords-5069434",
      "file_path": null,
      "metadata": {}
    },
    "5212254": {
      "id": "5212254",
      "title": "I Dont Want To Wait (ver 6)",
      "type": "CRD",
      "url": "https://tabs.ultimate-guitar.com/tab/paula-cole/i-dont-want-to-wait-chords-5212254",
      "file_path": null,
      "metadata": {}
    },
    "115280": {
      "id": "115280",
      "title": "I Dont Want To Wait",
      "type": "TAB",
      "url": "https://tabs.ultimate-guitar.com/tab/paula-cole/i-dont-want-to-wait-tabs-115280",
      "file_path": null,
      "metadata": {}
    },
    "1261131": {
      "id": "1261131",
      "title": "I Dont Want To Wait",
      "type": "UKE",
      "url": "https://tabs.ultimate-guitar.com/tab/paula-cole/i-dont-want-to-wait-ukulele-1261131",
      "file_path": null,
      "metadata": {}
    },
    "3939224": {
      "id": "3939224",
      "title": "Me",
      "type": "CRD",
      "url": "https://tabs.ultimate-guitar.com/tab/paula-cole/me-chords-3939224",
      "file_path": null,
      "metadata": {}
    },
    "3774713": {
      "id": "3774713",
      "title": "Mississippi",
      "type": "CRD",
      "url": "https://tabs.ultimate-guitar.com/tab/paula-cole/mississippi-chords-3774713",
      "file_path": null,
      "metadata": {}
    },
    "65038": {
      "id": "65038",
      "title": "Throwing Stones",
      "type": "CRD",
      "url": "https://tabs.ultimate-guitar.com/tab/paula-cole/throwing-stones-chords-65038",
      "file_path": null,
      "metadata": {}
    },
    "1261132": {
      "id": "1261132",
      "title": "Throwing Stones",
      "type": "UKE",
      "url": "https://tabs.ultimate-guitar.com/tab/paula-cole/throwing-stones-ukulele-1261132",
      "file_path": null,
      "metadata": {}
    },
    "65039": {
      "id": "65039",
      "title": "Watch The Womans Hands",
      "type": "CRD",
      "url": "https://tabs.ultimate-guitar.com/tab/paula-cole/watch-the-womans-hands-chords-65039",
      "file_path": null,
      "metadata": {}
    },
    "1261133": {
      "id": "1261133",
      "title": "Watch The Womans Hands",
      "type": "UKE",
      "url": "https://tabs.ultimate-guitar.com/tab/paula-cole/watch-the-womans-hands-ukulele-1261133",
      "file_path": null,
      "metadata": {}
    },
    "95434": {
      "id": "95434",
      "title": "Where Have All The Cowboys Gone",
      "type": "CRD",
      "url": "https://tabs.ultimate-guitar.com/tab/paula-cole/where-have-all-the-cowboys-gone-chords-95434",
      "file_path": null,
      "metadata": {}
    },
    "1413071": {
      "id": "1413071",
      "title": "Where Have All The Cowboys Gone (ver 2)",
      "type": "CRD",
      "url": "https://tabs.ultimate-guitar.com/tab/paula-cole/where-have-all-the-cowboys-gone-chords-1413071",
      "file_path": null,
      "metadata": {}
    },
    "1270368": {
      "id": "1270368",
      "title": "Where Have All The Cowboys Gone",
      "type": "UKE",
      "url": "https://tabs.ultimate-guitar.com/tab/paula-cole/where-have-all-the-cowboys-gone-ukulele-1270368",
      "file_path": null,
      "metadata": {}
    }
  }
}