{
  "id": "10855",
  "name": "Ian Matthews",
  "url": "https://www.ultimate-guitar.com/artist/ian_matthews_10855",
  "tabs": {
    "2313339": {
      "id": "2313339",
      "title": "I Dont Wanna Talk About It",
      "type": "CRD",
      "url": "https://tabs.ultimate-guitar.com/tab/ian-matthews/i-dont-wanna-talk-about-it-chords-2313339",
      "file_path": null,
      "metadata": {}
    },
    "4271608": {
      "id": "4271608",
      "title": "Keep On Sailing",
      "type": "CRD",
      "url": "https://tabs.ultimate-guitar.com/tab/ian-matthews/keep-on-sailing-chords-4271608",
      "file_path": null,
      "metadata": {}
    },
    "4271581": {
      "id": "4271581",
      "title": "Leaving Alone",
      "type": "CRD",
      "url": "https://tabs.ultimate-guitar.com/tab/ian-matthews/leaving-alone-chords-4271581",
      "file_path": null,
      "metadata": {}
    },
    "4768595": {
      "id": "4768595",
      "title": "Lonely Hunter",
      "type": "CRD",
      "url": "https://tabs.ultimate-guitar.com/tab/ian-matthews/lonely-hunter-chords-4768595",
      "file_path": null,
      "metadata": {}
    },
    "4764380": {
      "id": "4764380",
      "title": "Never Again",
      "type": "CRD",
      "url": "https://tabs.ultimate-guitar.com/tab/ian-matthews/never-again-chords-4764380",
      "file_path": null,
      "metadata": {}
    },
    "76211": {
      "id": "76211",
      "title": "One Day Without You",
      "type": "CRD",
      "url": "https://tabs.ultimate-guitar.com/tab/ian-matthews/one-day-without-you-chords-76211",
      "file_path": null,
      "metadata": {}
    },
    "1265126": {
      "id": "1265126",
      "title": "One Day Without You",
      "type": "UKE",
      "url": "https://tabs.ultimate-guitar.com/tab/ian-matthews/one-day-without-you-ukulele-1265126",
      "file_path": null,
      "metadata": {}
    },
    "76212": {
      "id": "76212",
      "title": "Reno Nevada",
      "type": "CRD",
      "url": "https://tabs.ultimate-guitar.com/tab/ian-matthews/reno-nevada-chords-76212",
      "file_path": null,
      "metadata": {}
    },
    "1265127": {
      "id": "1265127",
      "title": "Reno Nevada",
      "type": "UKE",
      "url": "https://tabs.ultimate-guitar.com/tab/ian-matthews/reno-nevada-ukulele-1265127",
      "file_path": null,
      "metadata": {}
    },
    "4271317": {
      "id": "4271317",
      "title": "Shady Lies",
      "type": "CRD",
      "url": "https://tabs.ultimate-guitar.com/tab/ian-matthews/shady-lies-chords-4271317",
      "file_path": null,
      "metadata": {}
    },
    "1828341": {
      "id": "1828341",
      "title": "Shake It",
      "type": "CRD",
      "url": "https://tabs.ultimate-guitar.com/tab/ian-matthews/shake-it-chords-1828341",
      "file_path": null,
      "metadata": {}
    },
    "76213": {
      "id": "76213",
      "title": "The Rains Of 6",
      "type": "CRD",
      "url": "https://tabs.ultimate-guitar.com/tab/ian-matthews/the-rains-of-6-chords-76213",
      "file_path": null,
      "metadata": {}
    },
    "1265128": {
      "id": "1265128",
      "title": "The Rains Of 6",
      "type": "UKE",
      "url": "https://tabs.ultimate-guitar.com/tab/ian-matthews/the-rains-of-6-ukulele-1265128",
      "file_path": null,
      "metadata": {}
    },
    "1895705": {
      "id": "1895705",
      "title": "Thoughts For A Friend",
      "type": "CRD",
      "url": "https://tabs.ultimate-guitar.com/tab/ian-matthews/thoughts-for-a-friend-chords-1895705",
      "file_path": null,
      "metadata": {}
    }
  }
}