{
  "id": "110801",
  "name": "Vista Kicks",
  "url": "https://www.ultimate-guitar.com/artist/vista_kicks_110801",
  "tabs": {
    "5650848": {
      "id": "5650848",
      "title": "Above The Water",
      "type": "CRD",
      "url": "https://tabs.ultimate-guitar.com/tab/vista-kicks/above-the-water-chords-5650848",
      "file_path": null,
      "metadata": {}
    },
    "2976674": {
      "id": "2976674",
      "title": "Alice",
      "type": "CRD",
      "url": "https://tabs.ultimate-guitar.com/tab/vista-kicks/alice-chords-2976674",
      "file_path": null,
      "metadata": {}
    },
    "2736381": {
      "id": "2736381",
      "title": "Baja Only Wanna Be With You",
      "type": "UKE",
      "url": "https://tabs.ultimate-guitar.com/tab/vista-kicks/baja-only-wanna-be-with-you-ukulele-2736381",
      "file_path": null,
      "metadata": {}
    },
    "2443723": {
      "id": "2443723",
      "title": "Chasing Waves",
      "type": "CRD",
      "url": "https://tabs.ultimate-guitar.com/tab/vista-kicks/chasing-waves-chords-2443723",
      "file_path": null,
      "metadata": {}
    },
    "4988662": {
      "id": "4988662",
      "title": "Chasing Waves",
      "type": "TAB",
      "url": "https://tabs.ultimate-guitar.com/tab/vista-kicks/chasing-waves-tabs-4988662",
      "file_path": null,
      "metadata": {}
    },
    "3527543": {
      "id": "3527543",
      "title": "Chasing Waves",
      "type": "BASS",
      "url": "https://tabs.ultimate-guitar.com/tab/vista-kicks/chasing-waves-bass-3527543",
      "file_path": null,
      "metadata": {}
    },
    "3706793": {
      "id": "3706793",
      "title": "Gimme Love",
      "type": "CRD",
      "url": "https://tabs.ultimate-guitar.com/tab/vista-kicks/gimme-love-chords-3706793",
      "file_path": null,
      "metadata": {}
    },
    "5840570": {
      "id": "5840570",
      "title": "Give Myself To You",
      "type": "CRD",
      "url": "https://tabs.ultimate-guitar.com/tab/vista-kicks/give-myself-to-you-chords-5840570",
      "file_path": null,
      "metadata": {}
    },
    "4309484": {
      "id": "4309484",
      "title": "Gotta Get Away",
      "type": "CRD",
      "url": "https://tabs.ultimate-guitar.com/tab/vista-kicks/gotta-get-away-chords-4309484",
      "file_path": null,
      "metadata": {}
    },
    "5118187": {
      "id": "5118187",
      "title": "Gotta Get Away  Intro",
      "type": "TAB",
      "url": "https://tabs.ultimate-guitar.com/tab/vista-kicks/gotta-get-away-tabs-5118187",
      "file_path": null,
      "metadata": {}
    },
    "5685020": {
      "id": "5685020",
      "title": "Gotta Get Away (ver 2) Intro",
      "type": "TAB",
      "url": "https://tabs.ultimate-guitar.com/tab/vista-kicks/gotta-get-away-tabs-5685020",
      "file_path": null,
      "metadata": {}
    },
    "3187214": {
      "id": "3187214",
      "title": "If I Didnt Have You",
      "type": "CRD",
      "url": "https://tabs.ultimate-guitar.com/tab/vista-kicks/if-i-didnt-have-you-chords-3187214",
      "file_path": null,
      "metadata": {}
    },
    "3983269": {
      "id": "3983269",
      "title": "If I Didnt Have You  Intro",
      "type": "TAB",
      "url": "https://tabs.ultimate-guitar.com/tab/vista-kicks/if-i-didnt-have-you-tabs-3983269",
      "file_path": null,
      "metadata": {}
    },
    "5286435": {
      "id": "5286435",
      "title": "If I Didnt Have You (ver 2) Intro",
      "type": "TAB",
      "url": "https://tabs.ultimate-guitar.com/tab/vista-kicks/if-i-didnt-have-you-tabs-5286435",
      "file_path": null,
      "metadata": {}
    },
    "5324067": {
      "id": "5324067",
      "title": "Im Yours",
      "type": "CRD",
      "url": "https://tabs.ultimate-guitar.com/tab/vista-kicks/im-yours-chords-5324067",
      "file_path": null,
      "metadata": {}
    },
    "3949325": {
      "id": "3949325",
      "title": "Make It Real",
      "type": "CRD",
      "url": "https://tabs.ultimate-guitar.com/tab/vista-kicks/make-it-real-chords-3949325",
      "file_path": null,
      "metadata": {}
    },
    "1814720": {
      "id": "1814720",
      "title": "Make It Real",
      "type": "BASS",
      "url": "https://tabs.ultimate-guitar.com/tab/vista-kicks/make-it-real-bass-1814720",
      "file_path": null,
      "metadata": {}
    },
    "2197529": {
      "id": "2197529",
      "title": "Marceline",
      "type": "CRD",
      "url": "https://tabs.ultimate-guitar.com/tab/vista-kicks/marceline-chords-2197529",
      "file_path": null,
      "metadata": {}
    },
    "3887216": {
      "id": "3887216",
      "title": "Marceline  Intro",
      "type": "TAB",
      "url": "https://tabs.ultimate-guitar.com/tab/vista-kicks/marceline-tabs-3887216",
      "file_path": null,
      "metadata": {}
    },
    "3891872": {
      "id": "3891872",
      "title": "Marceline (ver 2) Intro",
      "type": "TAB",
      "url": "https://tabs.ultimate-guitar.com/tab/vista-kicks/marceline-tabs-3891872",
      "file_path": null,
      "metadata": {}
    },
    "4101781": {
      "id": "4101781",
      "title": "Marceline",
      "type": "TAB",
      "url": "https://tabs.ultimate-guitar.com/tab/vista-kicks/marceline-tabs-4101781",
      "file_path": null,
      "metadata": {}
    },
    "3236777": {
      "id": "3236777",
      "title": "Marceline",
      "type": "BASS",
      "url": "https://tabs.ultimate-guitar.com/tab/vista-kicks/marceline-bass-3236777",
      "file_path": null,
      "metadata": {}
    },
    "2743983": {
      "id": "2743983",
      "title": "Numbers",
      "type": "BASS",
      "url": "https://tabs.ultimate-guitar.com/tab/vista-kicks/numbers-bass-2743983",
      "file_path": null,
      "metadata": {}
    },
    "3398057": {
      "id": "3398057",
      "title": "To Us",
      "type": "CRD",
      "url": "https://tabs.ultimate-guitar.com/tab/vista-kicks/to-us-chords-3398057",
      "file_path": null,
      "metadata": {}
    },
    "5297988": {
      "id": "5297988",
      "title": "Tunnel Vision",
      "type": "CRD",
      "url": "https://tabs.ultimate-guitar.com/tab/vista-kicks/tunnel-vision-chords-5297988",
      "file_path": null,
      "metadata": {}
    },
    "3884489": {
      "id": "3884489",
      "title": "Victim Of The Times",
      "type": "CRD",
      "url": "https://tabs.ultimate-guitar.com/tab/vista-kicks/victim-of-the-times-chords-3884489",
      "file_path": null,
      "metadata": {}
    },
    "2475236": {
      "id": "2475236",
      "title": "Your Love Is All I Need",
      "type": "CRD",
      "url": "https://tabs.ultimate-guitar.com/tab/vista-kicks/your-love-is-all-i-need-chords-2475236",
      "file_path": null,
      "metadata": {}
    }
  }
}