{
  "id": "106027",
  "name": "ЛСП",
  "url": "https://www.ultimate-guitar.com/artist/106027",
  "tabs": {
    "2563278": {
      "id": "2563278",
      "title": "Зеленоглазые Деффки",
      "type": "PRO",
      "url": "https://tabs.ultimate-guitar.com/tab/2563278",
      "file_path": null,
      "metadata": {}
    },
    "4722086": {
      "id": "4722086",
      "title": "Курточка",
      "type": "CRD",
      "url": "https://tabs.ultimate-guitar.com/tab/4722086",
      "file_path": null,
      "metadata": {}
    },
    "2148567": {
      "id": "2148567",
      "title": "Безумие",
      "type": "CRD",
      "url": "https://tabs.ultimate-guitar.com/tab/2148567",
      "file_path": null,
      "metadata": {}
    },
    "2440619": {
      "id": "2440619",
      "title": "Бэйби",
      "type": "CRD",
      "url": "https://tabs.ultimate-guitar.com/tab/2440619",
      "file_path": null,
      "metadata": {}
    },
    "2484185": {
      "id": "2484185",
      "title": "Вверх-Вниз",
      "type": "CRD",
      "url": "https://tabs.ultimate-guitar.com/tab/2484185",
      "file_path": null,
      "metadata": {}
    },
    "2485170": {
      "id": "2485170",
      "title": "Джентельмен-Шо",
      "type": "CRD",
      "url": "https://tabs.ultimate-guitar.com/tab/2485170",
      "file_path": null,
      "metadata": {}
    },
    "3314339": {
      "id": "3314339",
      "title": "Дом Хрустальный",
      "type": "CRD",
      "url": "https://tabs.ultimate-guitar.com/tab/3314339",
      "file_path": null,
      "metadata": {}
    },
    "2148953": {
      "id": "2148953",
      "title": "Ещё Один День",
      "type": "CRD",
      "url": "https://tabs.ultimate-guitar.com/tab/2148953",
      "file_path": null,
      "metadata": {}
    },
    "2968094": {
      "id": "2968094",
      "title": "Ещё Один День (ver 2)",
      "type": "CRD",
      "url": "https://tabs.ultimate-guitar.com/tab/2968094",
      "file_path": null,
      "metadata": {}
    },
    "3789014": {
      "id": "3789014",
      "title": "За Борт",
      "type": "CRD",
      "url": "https://tabs.ultimate-guitar.com/tab/3789014",
      "file_path": null,
      "metadata": {}
    },
    "2160013": {
      "id": "2160013",
      "title": "Канат",
      "type": "CRD",
      "url": "https://tabs.ultimate-guitar.com/tab/2160013",
      "file_path": null,
      "metadata": {}
    },
    "2254617": {
      "id": "2254617",
      "title": "Канкан",
      "type": "CRD",
      "url": "https://tabs.ultimate-guitar.com/tab/2254617",
      "file_path": null,
      "metadata": {}
    },
    "2432901": {
      "id": "2432901",
      "title": "Капкан",
      "type": "CRD",
      "url": "https://tabs.ultimate-guitar.com/tab/2432901",
      "file_path": null,
      "metadata": {}
    },
    "2254637": {
      "id": "2254637",
      "title": "Коктейль",
      "type": "CRD",
      "url": "https://tabs.ultimate-guitar.com/tab/2254637",
      "file_path": null,
      "metadata": {}
    },
    "2254659": {
      "id": "2254659",
      "title": "Лабиринт Отражений",
      "type": "CRD",
      "url": "https://tabs.ultimate-guitar.com/tab/2254659",
      "file_path": null,
      "metadata": {}
    },
    "2485182": {
      "id": "2485182",
      "title": "Лучше Чем Интернет",
      "type": "CRD",
      "url": "https://tabs.ultimate-guitar.com/tab/2485182",
      "file_path": null,
      "metadata": {}
    },
    "4425167": {
      "id": "4425167",
      "title": "Маг",
      "type": "CRD",
      "url": "https://tabs.ultimate-guitar.com/tab/4425167",
      "file_path": null,
      "metadata": {}
    },
    "2257821": {
      "id": "2257821",
      "title": "Маленький Принц",
      "type": "CRD",
      "url": "https://tabs.ultimate-guitar.com/tab/2257821",
      "file_path": null,
      "metadata": {}
    },
    "2523195": {
      "id": "2523195",
      "title": "Млд",
      "type": "PRO",
      "url": "https://tabs.ultimate-guitar.com/tab/2523195",
      "file_path": null,
      "metadata": {}
    },
    "2413299": {
      "id": "2413299",
      "title": "Монетка",
      "type": "CRD",
      "url": "https://tabs.ultimate-guitar.com/tab/2413299",
      "file_path": null,
      "metadata": {}
    },
    "2485173": {
      "id": "2485173",
      "title": "Напополам",
      "type": "CRD",
      "url": "https://tabs.ultimate-guitar.com/tab/2485173",
      "file_path": null,
      "metadata": {}
    },
    "2485185": {
      "id": "2485185",
      "title": "Не Нужна",
      "type": "CRD",
      "url": "https://tabs.ultimate-guitar.com/tab/2485185",
      "file_path": null,
      "metadata": {}
    },
    "2459638": {
      "id": "2459638",
      "title": "Никогда Не Отпущу",
      "type": "CRD",
      "url": "https://tabs.ultimate-guitar.com/tab/2459638",
      "file_path": null,
      "metadata": {}
    },
    "2968073": {
      "id": "2968073",
      "title": "Номера",
      "type": "CRD",
      "url": "https://tabs.ultimate-guitar.com/tab/2968073",
      "file_path": null,
      "metadata": {}
    },
    "5279142": {
      "id": "5279142",
      "title": "Номера (ver 2)",
      "type": "CRD",
      "url": "https://tabs.ultimate-guitar.com/tab/5279142",
      "file_path": null,
      "metadata": {}
    },
    "2151473": {
      "id": "2151473",
      "title": "Ок",
      "type": "CRD",
      "url": "https://tabs.ultimate-guitar.com/tab/2151473",
      "file_path": null,
      "metadata": {}
    },
    "2151457": {
      "id": "2151457",
      "title": "Отброс",
      "type": "CRD",
      "url": "https://tabs.ultimate-guitar.com/tab/2151457",
      "file_path": null,
      "metadata": {}
    },
    "2485188": {
      "id": "2485188",
      "title": "Плевок В Вечность",
      "type": "CRD",
      "url": "https://tabs.ultimate-guitar.com/tab/2485188",
      "file_path": null,
      "metadata": {}
    },
    "2868818": {
      "id": "2868818",
      "title": "Порнозвезда",
      "type": "CRD",
      "url": "https://tabs.ultimate-guitar.com/tab/2868818",
      "file_path": null,
      "metadata": {}
    },
    "2257891": {
      "id": "2257891",
      "title": "Потерян И Не Найден",
      "type": "CRD",
      "url": "https://tabs.ultimate-guitar.com/tab/2257891",
      "file_path": null,
      "metadata": {}
    },
    "2193325": {
      "id": "2193325",
      "title": "Силовое Поле",
      "type": "CRD",
      "url": "https://tabs.ultimate-guitar.com/tab/2193325",
      "file_path": null,
      "metadata": {}
    },
    "2151485": {
      "id": "2151485",
      "title": "Тело",
      "type": "CRD",
      "url": "https://tabs.ultimate-guitar.com/tab/2151485",
      "file_path": null,
      "metadata": {}
    },
    "2201391": {
      "id": "2201391",
      "title": "Тело",
      "type": "PRO",
      "url": "https://tabs.ultimate-guitar.com/tab/2201391",
      "file_path": null,
      "metadata": {}
    },
    "2976848": {
      "id": "2976848",
      "title": "Тело (ver 2)",
      "type": "PRO",
      "url": "https://tabs.ultimate-guitar.com/tab/2976848",
      "file_path": null,
      "metadata": {}
    },
    "4398227": {
      "id": "4398227",
      "title": "Ууу",
      "type": "CRD",
      "url": "https://tabs.ultimate-guitar.com/tab/4398227",
      "file_path": null,
      "metadata": {}
    },
    "3377507": {
      "id": "3377507",
      "title": "Холостяк",
      "type": "CRD",
      "url": "https://tabs.ultimate-guitar.com/tab/3377507",
      "file_path": null,
      "metadata": {}
    },
    "5241789": {
      "id": "5241789",
      "title": "Холостяк (ver 2)",
      "type": "CRD",
      "url": "https://tabs.ultimate-guitar.com/tab/5241789",
      "file_path": null,
      "metadata": {}
    }
  }
}