{
  "id": "10556",
  "name": "bob hund",
  "url": "https://www.ultimate-guitar.com/artist/bob_hund_10556",
  "tabs": {
    "1847177": {
      "id": "1847177",
      "title": "Blommor På Brinnande Fartyg",
      "type": "CRD",
      "url": "https://tabs.ultimate-guitar.com/tab/1847177",
      "file_path": null,
      "metadata": {}
    },
    "1729226": {
      "id": "1729226",
      "title": "Hjärtskärande Rätt",
      "type": "CRD",
      "url": "https://tabs.ultimate-guitar.com/tab/1729226",
      "file_path": null,
      "metadata": {}
    },
    "858153": {
      "id": "858153",
      "title": "Tinnitus I Hjartat",
      "type": "CRD",
      "url": "https://tabs.ultimate-guitar.com/tab/bob-hund/tinnitus-i-hjartat-chords-858153",
      "file_path": null,
      "metadata": {}
    },
    "1717984": {
      "id": "1717984",
      "title": "Det Skulle Vara Lätt För Mig Att Säga Att Jag Inte Hittar Hem Men Det Gör Jag Tror Jag",
      "type": "CRD",
      "url": "https://tabs.ultimate-guitar.com/tab/1717984",
      "file_path": null,
      "metadata": {}
    },
    "71167": {
      "id": "71167",
      "title": "Jag Rear Ut Min Själ",
      "type": "CRD",
      "url": "https://tabs.ultimate-guitar.com/tab/71167",
      "file_path": null,
      "metadata": {}
    },
    "1863320": {
      "id": "1863320",
      "title": "Upp Upp Upp Ner",
      "type": "CRD",
      "url": "https://tabs.ultimate-guitar.com/tab/bob-hund/upp-upp-upp-ner-chords-1863320",
      "file_path": null,
      "metadata": {}
    },
    "2498457": {
      "id": "2498457",
      "title": "Festen Är Över",
      "type": "CRD",
      "url": "https://tabs.ultimate-guitar.com/tab/2498457",
      "file_path": null,
      "metadata": {}
    },
    "1160532": {
      "id": "1160532",
      "title": "Helgen V 48",
      "type": "TAB",
      "url": "https://tabs.ultimate-guitar.com/tab/bob-hund/helgen-v-48-tabs-1160532",
      "file_path": null,
      "metadata": {}
    },
    "1874630": {
      "id": "1874630",
      "title": "Tralala Lilla Molntuss Kom Hit Skall Du Få En Puss",
      "type": "BASS",
      "url": "https://tabs.ultimate-guitar.com/tab/1874630",
      "file_path": null,
      "metadata": {}
    },
    "4428959": {
      "id": "4428959",
      "title": "Tralala Lilla Molntuss Kom Hit Skall Du Få En Puss",
      "type": "CRD",
      "url": "https://tabs.ultimate-guitar.com/tab/4428959",
      "file_path": null,
      "metadata": {}
    },
    "4738619": {
      "id": "4738619",
      "title": "100 År",
      "type": "CRD",
      "url": "https://tabs.ultimate-guitar.com/tab/4738619",
      "file_path": null,
      "metadata": {}
    },
    "5118436": {
      "id": "5118436",
      "title": "Allseende Ogat",
      "type": "CRD",
      "url": "https://tabs.ultimate-guitar.com/tab/bob-hund/allseende-ogat-chords-5118436",
      "file_path": null,
      "metadata": {}
    },
    "1863287": {
      "id": "1863287",
      "title": "Allt På Ett Kort",
      "type": "TAB",
      "url": "https://tabs.ultimate-guitar.com/tab/1863287",
      "file_path": null,
      "metadata": {}
    },
    "1863288": {
      "id": "1863288",
      "title": "Allt På Ett Kort (ver 2)",
      "type": "TAB",
      "url": "https://tabs.ultimate-guitar.com/tab/1863288",
      "file_path": null,
      "metadata": {}
    },
    "1721437": {
      "id": "1721437",
      "title": "Bli Aldrig Som Oss Bli Värre",
      "type": "CRD",
      "url": "https://tabs.ultimate-guitar.com/tab/1721437",
      "file_path": null,
      "metadata": {}
    },
    "3545033": {
      "id": "3545033",
      "title": "Blommor På Brinnande Fartyg  Intro",
      "type": "TAB",
      "url": "https://tabs.ultimate-guitar.com/tab/3545033",
      "file_path": null,
      "metadata": {}
    },
    "3401180": {
      "id": "3401180",
      "title": "Bob Hund 1999  Intro",
      "type": "TAB",
      "url": "https://tabs.ultimate-guitar.com/tab/bob-hund/bob-hund-1999-tabs-3401180",
      "file_path": null,
      "metadata": {}
    },
    "1863289": {
      "id": "1863289",
      "title": "Bob Hunds 115E Dröm",
      "type": "TAB",
      "url": "https://tabs.ultimate-guitar.com/tab/1863289",
      "file_path": null,
      "metadata": {}
    },
    "1863290": {
      "id": "1863290",
      "title": "Den Ensamme Sjömannens Födelsedag",
      "type": "TAB",
      "url": "https://tabs.ultimate-guitar.com/tab/1863290",
      "file_path": null,
      "metadata": {}
    },
    "1863291": {
      "id": "1863291",
      "title": "Den Lilla Planeten",
      "type": "CRD",
      "url": "https://tabs.ultimate-guitar.com/tab/bob-hund/den-lilla-planeten-chords-1863291",
      "file_path": null,
      "metadata": {}
    },
    "668063": {
      "id": "668063",
      "title": "Den Lilla Planeten  Intro",
      "type": "TAB",
      "url": "https://tabs.ultimate-guitar.com/tab/bob-hund/den-lilla-planeten-tabs-668063",
      "file_path": null,
      "metadata": {}
    },
    "71166": {
      "id": "71166",
      "title": "Den Lilla Planeten",
      "type": "TAB",
      "url": "https://tabs.ultimate-guitar.com/tab/bob-hund/den-lilla-planeten-tabs-71166",
      "file_path": null,
      "metadata": {}
    },
    "875017": {
      "id": "875017",
      "title": "Den Lilla Planeten (ver 2)",
      "type": "TAB",
      "url": "https://tabs.ultimate-guitar.com/tab/bob-hund/den-lilla-planeten-tabs-875017",
      "file_path": null,
      "metadata": {}
    },
    "1863292": {
      "id": "1863292",
      "title": "Det Är Nu Det Börjar",
      "type": "TAB",
      "url": "https://tabs.ultimate-guitar.com/tab/1863292",
      "file_path": null,
      "metadata": {}
    },
    "1863295": {
      "id": "1863295",
      "title": "Det Där Nya Som Skulle Va Så Bra",
      "type": "TAB",
      "url": "https://tabs.ultimate-guitar.com/tab/1863295",
      "file_path": null,
      "metadata": {}
    },
    "2291695": {
      "id": "2291695",
      "title": "Det Överexponerade Gömstället",
      "type": "PRO",
      "url": "https://tabs.ultimate-guitar.com/tab/2291695",
      "file_path": null,
      "metadata": {}
    },
    "1755636": {
      "id": "1755636",
      "title": "Det Regnar Och Brinner",
      "type": "CRD",
      "url": "https://tabs.ultimate-guitar.com/tab/bob-hund/det-regnar-och-brinner-chords-1755636",
      "file_path": null,
      "metadata": {}
    },
    "4910587": {
      "id": "4910587",
      "title": "Det Skulle Vara Lätt För Mig Att Säga Att Jag Inte Hittar Hem Men Det Gör Jag Tror Jag (ver 2)",
      "type": "CRD",
      "url": "https://tabs.ultimate-guitar.com/tab/4910587",
      "file_path": null,
      "metadata": {}
    },
    "407595": {
      "id": "407595",
      "title": "Det Skulle Vara Lätt För Mig Att Säga Att Jag Inte Hittar Hem Men Det Gör Jag Tror Jag  Intro",
      "type": "TAB",
      "url": "https://tabs.ultimate-guitar.com/tab/407595",
      "file_path": null,
      "metadata": {}
    },
    "5489325": {
      "id": "5489325",
      "title": "Det Skulle Vara Lätt För Mig Att Säga Att Jag Inte Hittar Hem Men Det Gör Jag Tror Jag",
      "type": "TAB",
      "url": "https://tabs.ultimate-guitar.com/tab/5489325",
      "file_path": null,
      "metadata": {}
    },
    "4602650": {
      "id": "4602650",
      "title": "Din Hund",
      "type": "CRD",
      "url": "https://tabs.ultimate-guitar.com/tab/bob-hund/din-hund-chords-4602650",
      "file_path": null,
      "metadata": {}
    },
    "4602611": {
      "id": "4602611",
      "title": "Din Hund",
      "type": "BASS",
      "url": "https://tabs.ultimate-guitar.com/tab/bob-hund/din-hund-bass-4602611",
      "file_path": null,
      "metadata": {}
    },
    "3954965": {
      "id": "3954965",
      "title": "Dubbel Tvekan",
      "type": "CRD",
      "url": "https://tabs.ultimate-guitar.com/tab/bob-hund/dubbel-tvekan-chords-3954965",
      "file_path": null,
      "metadata": {}
    },
    "1863297": {
      "id": "1863297",
      "title": "Dur Och Moll Omvartannat",
      "type": "CRD",
      "url": "https://tabs.ultimate-guitar.com/tab/bob-hund/dur-och-moll-omvartannat-chords-1863297",
      "file_path": null,
      "metadata": {}
    },
    "5141341": {
      "id": "5141341",
      "title": "Düsseldorf",
      "type": "CRD",
      "url": "https://tabs.ultimate-guitar.com/tab/5141341",
      "file_path": null,
      "metadata": {}
    },
    "1863300": {
      "id": "1863300",
      "title": "Ett Fall Och En Lösning",
      "type": "CRD",
      "url": "https://tabs.ultimate-guitar.com/tab/1863300",
      "file_path": null,
      "metadata": {}
    },
    "5184693": {
      "id": "5184693",
      "title": "Ett Gipsat Löfte",
      "type": "CRD",
      "url": "https://tabs.ultimate-guitar.com/tab/5184693",
      "file_path": null,
      "metadata": {}
    },
    "1863301": {
      "id": "1863301",
      "title": "Förträngda Problem",
      "type": "CRD",
      "url": "https://tabs.ultimate-guitar.com/tab/1863301",
      "file_path": null,
      "metadata": {}
    },
    "1773781": {
      "id": "1773781",
      "title": "God Dag Adjö",
      "type": "CRD",
      "url": "https://tabs.ultimate-guitar.com/tab/1773781",
      "file_path": null,
      "metadata": {}
    },
    "71161": {
      "id": "71161",
      "title": "Horlurar",
      "type": "TAB",
      "url": "https://tabs.ultimate-guitar.com/tab/bob-hund/horlurar-tabs-71161",
      "file_path": null,
      "metadata": {}
    },
    "1863304": {
      "id": "1863304",
      "title": "Indianernas Park",
      "type": "CRD",
      "url": "https://tabs.ultimate-guitar.com/tab/bob-hund/indianernas-park-chords-1863304",
      "file_path": null,
      "metadata": {}
    },
    "1263368": {
      "id": "1263368",
      "title": "Indianernas Park",
      "type": "UKE",
      "url": "https://tabs.ultimate-guitar.com/tab/bob-hund/indianernas-park-ukulele-1263368",
      "file_path": null,
      "metadata": {}
    },
    "1863306": {
      "id": "1863306",
      "title": "Istället För Musik Förvirring",
      "type": "CRD",
      "url": "https://tabs.ultimate-guitar.com/tab/1863306",
      "file_path": null,
      "metadata": {}
    },
    "1863307": {
      "id": "1863307",
      "title": "Jag Är Inte Arg",
      "type": "CRD",
      "url": "https://tabs.ultimate-guitar.com/tab/1863307",
      "file_path": null,
      "metadata": {}
    },
    "322590": {
      "id": "322590",
      "title": "Jag Är Inte Arg  Intro",
      "type": "TAB",
      "url": "https://tabs.ultimate-guitar.com/tab/322590",
      "file_path": null,
      "metadata": {}
    },
    "1263370": {
      "id": "1263370",
      "title": "Jag Rear Ut Min Själ",
      "type": "UKE",
      "url": "https://tabs.ultimate-guitar.com/tab/1263370",
      "file_path": null,
      "metadata": {}
    },
    "1863309": {
      "id": "1863309",
      "title": "Jag Tror Jag Är Kär",
      "type": "CRD",
      "url": "https://tabs.ultimate-guitar.com/tab/1863309",
      "file_path": null,
      "metadata": {}
    },
    "1863310": {
      "id": "1863310",
      "title": "Kompromissen",
      "type": "CRD",
      "url": "https://tabs.ultimate-guitar.com/tab/bob-hund/kompromissen-chords-1863310",
      "file_path": null,
      "metadata": {}
    },
    "1716242": {
      "id": "1716242",
      "title": "Låter Som Miljarder",
      "type": "CRD",
      "url": "https://tabs.ultimate-guitar.com/tab/1716242",
      "file_path": null,
      "metadata": {}
    },
    "2087697": {
      "id": "2087697",
      "title": "Låter Som Miljarder",
      "type": "PRO",
      "url": "https://tabs.ultimate-guitar.com/tab/2087697",
      "file_path": null,
      "metadata": {}
    },
    "1863312": {
      "id": "1863312",
      "title": "Mer Än Så Kan Ingen Bli",
      "type": "CRD",
      "url": "https://tabs.ultimate-guitar.com/tab/1863312",
      "file_path": null,
      "metadata": {}
    },
    "5463384": {
      "id": "5463384",
      "title": "Min Trampolin",
      "type": "CRD",
      "url": "https://tabs.ultimate-guitar.com/tab/bob-hund/min-trampolin-chords-5463384",
      "file_path": null,
      "metadata": {}
    },
    "1863314": {
      "id": "1863314",
      "title": "Min Trampolin",
      "type": "TAB",
      "url": "https://tabs.ultimate-guitar.com/tab/bob-hund/min-trampolin-tabs-1863314",
      "file_path": null,
      "metadata": {}
    },
    "577998": {
      "id": "577998",
      "title": "Min Trampolin  Intro",
      "type": "PRO",
      "url": "https://tabs.ultimate-guitar.com/tab/bob-hund/min-trampolin-guitar-pro-577998",
      "file_path": null,
      "metadata": {}
    },
    "1863315": {
      "id": "1863315",
      "title": "Någonting Måste Göras",
      "type": "TAB",
      "url": "https://tabs.ultimate-guitar.com/tab/1863315",
      "file_path": null,
      "metadata": {}
    },
    "5093557": {
      "id": "5093557",
      "title": "Nu Är Det Väl Revolution På Gång",
      "type": "CRD",
      "url": "https://tabs.ultimate-guitar.com/tab/5093557",
      "file_path": null,
      "metadata": {}
    },
    "1863316": {
      "id": "1863316",
      "title": "Reinkarnerad Exakt Som Förut",
      "type": "CRD",
      "url": "https://tabs.ultimate-guitar.com/tab/1863316",
      "file_path": null,
      "metadata": {}
    },
    "1750845": {
      "id": "1750845",
      "title": "Reserverat För Spöken",
      "type": "CRD",
      "url": "https://tabs.ultimate-guitar.com/tab/1750845",
      "file_path": null,
      "metadata": {}
    },
    "1863317": {
      "id": "1863317",
      "title": "Rock N Roll Tar Död På Mig",
      "type": "CRD",
      "url": "https://tabs.ultimate-guitar.com/tab/1863317",
      "file_path": null,
      "metadata": {}
    },
    "1863319": {
      "id": "1863319",
      "title": "Skall Du Hänga Med Nä",
      "type": "TAB",
      "url": "https://tabs.ultimate-guitar.com/tab/1863319",
      "file_path": null,
      "metadata": {}
    },
    "4902211": {
      "id": "4902211",
      "title": "Stark Som En Hare",
      "type": "CRD",
      "url": "https://tabs.ultimate-guitar.com/tab/bob-hund/stark-som-en-hare-chords-4902211",
      "file_path": null,
      "metadata": {}
    },
    "912664": {
      "id": "912664",
      "title": "Tinnitus I Hjartat (ver 2)",
      "type": "CRD",
      "url": "https://tabs.ultimate-guitar.com/tab/bob-hund/tinnitus-i-hjartat-chords-912664",
      "file_path": null,
      "metadata": {}
    },
    "1328438": {
      "id": "1328438",
      "title": "Tinnitus I Hjartat",
      "type": "UKE",
      "url": "https://tabs.ultimate-guitar.com/tab/bob-hund/tinnitus-i-hjartat-ukulele-1328438",
      "file_path": null,
      "metadata": {}
    },
    "2692068": {
      "id": "2692068",
      "title": "Tralala Lilla Molntuss Kom Hit Skall Du Få En Puss  Intro",
      "type": "TAB",
      "url": "https://tabs.ultimate-guitar.com/tab/2692068",
      "file_path": null,
      "metadata": {}
    },
    "2737044": {
      "id": "2737044",
      "title": "Tralala Lilla Molntuss Kom Hit Skall Du Få En Puss (ver 2) Intro",
      "type": "TAB",
      "url": "https://tabs.ultimate-guitar.com/tab/2737044",
      "file_path": null,
      "metadata": {}
    },
    "5313483": {
      "id": "5313483",
      "title": "Upp Upp Upp Ner",
      "type": "TAB",
      "url": "https://tabs.ultimate-guitar.com/tab/bob-hund/upp-upp-upp-ner-tabs-5313483",
      "file_path": null,
      "metadata": {}
    }
  }
}