{
  "id": "10411",
  "name": "Pat Green",
  "url": "https://www.ultimate-guitar.com/artist/pat_green_10411",
  "tabs": {
    "92772": {
      "id": "92772",
      "title": "Wave On Wave",
      "type": "CRD",
      "url": "https://tabs.ultimate-guitar.com/tab/pat-green/wave-on-wave-chords-92772",
      "file_path": null,
      "metadata": {}
    },
    "69832": {
      "id": "69832",
      "title": "Carry On",
      "type": "CRD",
      "url": "https://tabs.ultimate-guitar.com/tab/pat-green/carry-on-chords-69832",
      "file_path": null,
      "metadata": {}
    },
    "393179": {
      "id": "393179",
      "title": "Texas On My Mind",
      "type": "CRD",
      "url": "https://tabs.ultimate-guitar.com/tab/pat-green/texas-on-my-mind-chords-393179",
      "file_path": null,
      "metadata": {}
    },
    "742084": {
      "id": "742084",
      "title": "Let Me",
      "type": "CRD",
      "url": "https://tabs.ultimate-guitar.com/tab/pat-green/let-me-chords-742084",
      "file_path": null,
      "metadata": {}
    },
    "692750": {
      "id": "692750",
      "title": "Three Days",
      "type": "CRD",
      "url": "https://tabs.ultimate-guitar.com/tab/pat-green/three-days-chords-692750",
      "file_path": null,
      "metadata": {}
    },
    "1669813": {
      "id": "1669813",
      "title": "Take Me Out To A Dancehall",
      "type": "CRD",
      "url": "https://tabs.ultimate-guitar.com/tab/pat-green/take-me-out-to-a-dancehall-chords-1669813",
      "file_path": null,
      "metadata": {}
    },
    "792278": {
      "id": "792278",
      "title": "Nightmare",
      "type": "CRD",
      "url": "https://tabs.ultimate-guitar.com/tab/pat-green/nightmare-chords-792278",
      "file_path": null,
      "metadata": {}
    },
    "481833": {
      "id": "481833",
      "title": "Dixie Lullaby",
      "type": "CRD",
      "url": "https://tabs.ultimate-guitar.com/tab/pat-green/dixie-lullaby-chords-481833",
      "file_path": null,
      "metadata": {}
    },
    "479888": {
      "id": "479888",
      "title": "Crazy",
      "type": "CRD",
      "url": "https://tabs.ultimate-guitar.com/tab/pat-green/crazy-chords-479888",
      "file_path": null,
      "metadata": {}
    },
    "479889": {
      "id": "479889",
      "title": "Dance Hall Dreamer",
      "type": "CRD",
      "url": "https://tabs.ultimate-guitar.com/tab/pat-green/dance-hall-dreamer-chords-479889",
      "file_path": null,
      "metadata": {}
    },
    "5807525": {
      "id": "5807525",
      "title": "Two Hands",
      "type": "CRD",
      "url": "https://tabs.ultimate-guitar.com/tab/pat-green/two-hands-chords-5807525",
      "file_path": null,
      "metadata": {}
    },
    "5158966": {
      "id": "5158966",
      "title": "Running Out Of Time",
      "type": "CRD",
      "url": "https://tabs.ultimate-guitar.com/tab/casey-donahew/running-out-of-time-chords-5158966",
      "file_path": null,
      "metadata": {}
    },
    "2094529": {
      "id": "2094529",
      "title": "1-900 Lover",
      "type": "CRD",
      "url": "https://tabs.ultimate-guitar.com/tab/pat-green/1-900-lover-chords-2094529",
      "file_path": null,
      "metadata": {}
    },
    "2094531": {
      "id": "2094531",
      "title": "Adios Days",
      "type": "CRD",
      "url": "https://tabs.ultimate-guitar.com/tab/pat-green/adios-days-chords-2094531",
      "file_path": null,
      "metadata": {}
    },
    "2294529": {
      "id": "2294529",
      "title": "All The Good Things Fade Away",
      "type": "CRD",
      "url": "https://tabs.ultimate-guitar.com/tab/pat-green/all-the-good-things-fade-away-chords-2294529",
      "file_path": null,
      "metadata": {}
    },
    "1857431": {
      "id": "1857431",
      "title": "Austin",
      "type": "CRD",
      "url": "https://tabs.ultimate-guitar.com/tab/pat-green/austin-chords-1857431",
      "file_path": null,
      "metadata": {}
    },
    "1132714": {
      "id": "1132714",
      "title": "Baby Doll",
      "type": "CRD",
      "url": "https://tabs.ultimate-guitar.com/tab/pat-green/baby-doll-chords-1132714",
      "file_path": null,
      "metadata": {}
    },
    "465742": {
      "id": "465742",
      "title": "Baby Doll",
      "type": "TAB",
      "url": "https://tabs.ultimate-guitar.com/tab/pat-green/baby-doll-tabs-465742",
      "file_path": null,
      "metadata": {}
    },
    "1371126": {
      "id": "1371126",
      "title": "Baby Doll",
      "type": "UKE",
      "url": "https://tabs.ultimate-guitar.com/tab/pat-green/baby-doll-ukulele-1371126",
      "file_path": null,
      "metadata": {}
    },
    "2094533": {
      "id": "2094533",
      "title": "Barricades",
      "type": "CRD",
      "url": "https://tabs.ultimate-guitar.com/tab/pat-green/barricades-chords-2094533",
      "file_path": null,
      "metadata": {}
    },
    "4435796": {
      "id": "4435796",
      "title": "Build You A Bar",
      "type": "CRD",
      "url": "https://tabs.ultimate-guitar.com/tab/pat-green/build-you-a-bar-chords-4435796",
      "file_path": null,
      "metadata": {}
    },
    "2111893": {
      "id": "2111893",
      "title": "California",
      "type": "CRD",
      "url": "https://tabs.ultimate-guitar.com/tab/pat-green/california-chords-2111893",
      "file_path": null,
      "metadata": {}
    },
    "644511": {
      "id": "644511",
      "title": "Cannonball",
      "type": "CRD",
      "url": "https://tabs.ultimate-guitar.com/tab/pat-green/cannonball-chords-644511",
      "file_path": null,
      "metadata": {}
    },
    "656747": {
      "id": "656747",
      "title": "Cannonball (ver 2)",
      "type": "CRD",
      "url": "https://tabs.ultimate-guitar.com/tab/pat-green/cannonball-chords-656747",
      "file_path": null,
      "metadata": {}
    },
    "1302605": {
      "id": "1302605",
      "title": "Cannonball",
      "type": "UKE",
      "url": "https://tabs.ultimate-guitar.com/tab/pat-green/cannonball-ukulele-1302605",
      "file_path": null,
      "metadata": {}
    },
    "330295": {
      "id": "330295",
      "title": "Carry On",
      "type": "TAB",
      "url": "https://tabs.ultimate-guitar.com/tab/pat-green/carry-on-tabs-330295",
      "file_path": null,
      "metadata": {}
    },
    "1262799": {
      "id": "1262799",
      "title": "Carry On",
      "type": "UKE",
      "url": "https://tabs.ultimate-guitar.com/tab/pat-green/carry-on-ukulele-1262799",
      "file_path": null,
      "metadata": {}
    },
    "2294541": {
      "id": "2294541",
      "title": "College",
      "type": "CRD",
      "url": "https://tabs.ultimate-guitar.com/tab/pat-green/college-chords-2294541",
      "file_path": null,
      "metadata": {}
    },
    "2094539": {
      "id": "2094539",
      "title": "Count Your Blessings",
      "type": "CRD",
      "url": "https://tabs.ultimate-guitar.com/tab/pat-green/count-your-blessings-chords-2094539",
      "file_path": null,
      "metadata": {}
    },
    "839831": {
      "id": "839831",
      "title": "Country Star",
      "type": "CRD",
      "url": "https://tabs.ultimate-guitar.com/tab/pat-green/country-star-chords-839831",
      "file_path": null,
      "metadata": {}
    },
    "1323875": {
      "id": "1323875",
      "title": "Country Star",
      "type": "UKE",
      "url": "https://tabs.ultimate-guitar.com/tab/pat-green/country-star-ukulele-1323875",
      "file_path": null,
      "metadata": {}
    },
    "2328019": {
      "id": "2328019",
      "title": "Crazy (ver 2)",
      "type": "CRD",
      "url": "https://tabs.ultimate-guitar.com/tab/pat-green/crazy-chords-2328019",
      "file_path": null,
      "metadata": {}
    },
    "1293230": {
      "id": "1293230",
      "title": "Crazy",
      "type": "UKE",
      "url": "https://tabs.ultimate-guitar.com/tab/pat-green/crazy-ukulele-1293230",
      "file_path": null,
      "metadata": {}
    },
    "2328023": {
      "id": "2328023",
      "title": "Crazy Wind",
      "type": "CRD",
      "url": "https://tabs.ultimate-guitar.com/tab/pat-green/crazy-wind-chords-2328023",
      "file_path": null,
      "metadata": {}
    },
    "1293231": {
      "id": "1293231",
      "title": "Dance Hall Dreamer",
      "type": "UKE",
      "url": "https://tabs.ultimate-guitar.com/tab/pat-green/dance-hall-dreamer-ukulele-1293231",
      "file_path": null,
      "metadata": {}
    },
    "2294553": {
      "id": "2294553",
      "title": "Dancehall Dreamer",
      "type": "CRD",
      "url": "https://tabs.ultimate-guitar.com/tab/pat-green/dancehall-dreamer-chords-2294553",
      "file_path": null,
      "metadata": {}
    },
    "1859251": {
      "id": "1859251",
      "title": "Day One",
      "type": "CRD",
      "url": "https://tabs.ultimate-guitar.com/tab/pat-green/day-one-chords-1859251",
      "file_path": null,
      "metadata": {}
    },
    "4587527": {
      "id": "4587527",
      "title": "Dixie Lullaby",
      "type": "CRD",
      "url": "https://tabs.ultimate-guitar.com/tab/pat-green/dixie-lullaby-chords-4587527",
      "file_path": null,
      "metadata": {}
    },
    "1293391": {
      "id": "1293391",
      "title": "Dixie Lullaby",
      "type": "UKE",
      "url": "https://tabs.ultimate-guitar.com/tab/pat-green/dixie-lullaby-ukulele-1293391",
      "file_path": null,
      "metadata": {}
    },
    "2111889": {
      "id": "2111889",
      "title": "Dont Break My Heart Again",
      "type": "CRD",
      "url": "https://tabs.ultimate-guitar.com/tab/pat-green/dont-break-my-heart-again-chords-2111889",
      "file_path": null,
      "metadata": {}
    },
    "2111887": {
      "id": "2111887",
      "title": "Down To The River",
      "type": "CRD",
      "url": "https://tabs.ultimate-guitar.com/tab/pat-green/down-to-the-river-chords-2111887",
      "file_path": null,
      "metadata": {}
    },
    "2328025": {
      "id": "2328025",
      "title": "Down To The River (ver 2)",
      "type": "CRD",
      "url": "https://tabs.ultimate-guitar.com/tab/pat-green/down-to-the-river-chords-2328025",
      "file_path": null,
      "metadata": {}
    },
    "2328027": {
      "id": "2328027",
      "title": "Edens Gate",
      "type": "CRD",
      "url": "https://tabs.ultimate-guitar.com/tab/pat-green/edens-gate-chords-2328027",
      "file_path": null,
      "metadata": {}
    },
    "2105365": {
      "id": "2105365",
      "title": "Edens Gate  Intro",
      "type": "TAB",
      "url": "https://tabs.ultimate-guitar.com/tab/pat-green/edens-gate-tabs-2105365",
      "file_path": null,
      "metadata": {}
    },
    "2111881": {
      "id": "2111881",
      "title": "Family Man",
      "type": "CRD",
      "url": "https://tabs.ultimate-guitar.com/tab/pat-green/family-man-chords-2111881",
      "file_path": null,
      "metadata": {}
    },
    "818345": {
      "id": "818345",
      "title": "Feeling Pretty Good Tonight",
      "type": "CRD",
      "url": "https://tabs.ultimate-guitar.com/tab/pat-green/feeling-pretty-good-tonight-chords-818345",
      "file_path": null,
      "metadata": {}
    },
    "1321091": {
      "id": "1321091",
      "title": "Feeling Pretty Good Tonight",
      "type": "UKE",
      "url": "https://tabs.ultimate-guitar.com/tab/pat-green/feeling-pretty-good-tonight-ukulele-1321091",
      "file_path": null,
      "metadata": {}
    },
    "1103211": {
      "id": "1103211",
      "title": "Feels Just Like It Should",
      "type": "CRD",
      "url": "https://tabs.ultimate-guitar.com/tab/pat-green/feels-just-like-it-should-chords-1103211",
      "file_path": null,
      "metadata": {}
    },
    "1365399": {
      "id": "1365399",
      "title": "Feels Just Like It Should",
      "type": "UKE",
      "url": "https://tabs.ultimate-guitar.com/tab/pat-green/feels-just-like-it-should-ukulele-1365399",
      "file_path": null,
      "metadata": {}
    },
    "2053259": {
      "id": "2053259",
      "title": "Footsteps Of Our Fathers",
      "type": "CRD",
      "url": "https://tabs.ultimate-guitar.com/tab/pat-green/footsteps-of-our-fathers-chords-2053259",
      "file_path": null,
      "metadata": {}
    },
    "2111877": {
      "id": "2111877",
      "title": "Galleywinter",
      "type": "CRD",
      "url": "https://tabs.ultimate-guitar.com/tab/pat-green/galleywinter-chords-2111877",
      "file_path": null,
      "metadata": {}
    },
    "1862324": {
      "id": "1862324",
      "title": "Georges Bar",
      "type": "CRD",
      "url": "https://tabs.ultimate-guitar.com/tab/pat-green/georges-bar-chords-1862324",
      "file_path": null,
      "metadata": {}
    },
    "1681414": {
      "id": "1681414",
      "title": "Girls From Texas",
      "type": "CRD",
      "url": "https://tabs.ultimate-guitar.com/tab/pat-green/girls-from-texas-chords-1681414",
      "file_path": null,
      "metadata": {}
    },
    "1680723": {
      "id": "1680723",
      "title": "Girls From Texas (ver 2)",
      "type": "CRD",
      "url": "https://tabs.ultimate-guitar.com/tab/pat-green/girls-from-texas-chords-1680723",
      "file_path": null,
      "metadata": {}
    },
    "2111873": {
      "id": "2111873",
      "title": "Going Away",
      "type": "CRD",
      "url": "https://tabs.ultimate-guitar.com/tab/pat-green/going-away-chords-2111873",
      "file_path": null,
      "metadata": {}
    },
    "2111871": {
      "id": "2111871",
      "title": "Guy Like Me",
      "type": "CRD",
      "url": "https://tabs.ultimate-guitar.com/tab/pat-green/guy-like-me-chords-2111871",
      "file_path": null,
      "metadata": {}
    },
    "2111869": {
      "id": "2111869",
      "title": "Here I Go",
      "type": "CRD",
      "url": "https://tabs.ultimate-guitar.com/tab/pat-green/here-i-go-chords-2111869",
      "file_path": null,
      "metadata": {}
    },
    "2328047": {
      "id": "2328047",
      "title": "Here We Go",
      "type": "CRD",
      "url": "https://tabs.ultimate-guitar.com/tab/pat-green/here-we-go-chords-2328047",
      "file_path": null,
      "metadata": {}
    },
    "2111865": {
      "id": "2111865",
      "title": "Holdin On",
      "type": "CRD",
      "url": "https://tabs.ultimate-guitar.com/tab/pat-green/holdin-on-chords-2111865",
      "file_path": null,
      "metadata": {}
    },
    "2294571": {
      "id": "2294571",
      "title": "I Like Texas",
      "type": "CRD",
      "url": "https://tabs.ultimate-guitar.com/tab/pat-green/i-like-texas-chords-2294571",
      "file_path": null,
      "metadata": {}
    },
    "2111859": {
      "id": "2111859",
      "title": "If I Had Me A Million",
      "type": "CRD",
      "url": "https://tabs.ultimate-guitar.com/tab/pat-green/if-i-had-me-a-million-chords-2111859",
      "file_path": null,
      "metadata": {}
    },
    "2111855": {
      "id": "2111855",
      "title": "If I Was The Devil",
      "type": "CRD",
      "url": "https://tabs.ultimate-guitar.com/tab/pat-green/if-i-was-the-devil-chords-2111855",
      "file_path": null,
      "metadata": {}
    },
    "4325735": {
      "id": "4325735",
      "title": "If It Dont Have A Honky Tonk",
      "type": "CRD",
      "url": "https://tabs.ultimate-guitar.com/tab/pat-green/if-it-dont-have-a-honky-tonk-chords-4325735",
      "file_path": null,
      "metadata": {}
    },
    "4325720": {
      "id": "4325720",
      "title": "Im Going Home",
      "type": "CRD",
      "url": "https://tabs.ultimate-guitar.com/tab/pat-green/im-going-home-chords-4325720",
      "file_path": null,
      "metadata": {}
    },
    "2111853": {
      "id": "2111853",
      "title": "Im Tired",
      "type": "CRD",
      "url": "https://tabs.ultimate-guitar.com/tab/pat-green/im-tired-chords-2111853",
      "file_path": null,
      "metadata": {}
    },
    "2111851": {
      "id": "2111851",
      "title": "Im Trying To Find It",
      "type": "CRD",
      "url": "https://tabs.ultimate-guitar.com/tab/pat-green/im-trying-to-find-it-chords-2111851",
      "file_path": null,
      "metadata": {}
    },
    "2095447": {
      "id": "2095447",
      "title": "In This World",
      "type": "CRD",
      "url": "https://tabs.ultimate-guitar.com/tab/pat-green/in-this-world-chords-2095447",
      "file_path": null,
      "metadata": {}
    },
    "1857433": {
      "id": "1857433",
      "title": "John Wayne And Jesus",
      "type": "CRD",
      "url": "https://tabs.ultimate-guitar.com/tab/pat-green/john-wayne-and-jesus-chords-1857433",
      "file_path": null,
      "metadata": {}
    },
    "2095449": {
      "id": "2095449",
      "title": "Just Fine",
      "type": "CRD",
      "url": "https://tabs.ultimate-guitar.com/tab/pat-green/just-fine-chords-2095449",
      "file_path": null,
      "metadata": {}
    },
    "795498": {
      "id": "795498",
      "title": "Let Me (ver 2)",
      "type": "CRD",
      "url": "https://tabs.ultimate-guitar.com/tab/pat-green/let-me-chords-795498",
      "file_path": null,
      "metadata": {}
    },
    "1315131": {
      "id": "1315131",
      "title": "Let Me",
      "type": "UKE",
      "url": "https://tabs.ultimate-guitar.com/tab/pat-green/let-me-ukulele-1315131",
      "file_path": null,
      "metadata": {}
    },
    "526997": {
      "id": "526997",
      "title": "Lost Without You",
      "type": "CRD",
      "url": "https://tabs.ultimate-guitar.com/tab/pat-green/lost-without-you-chords-526997",
      "file_path": null,
      "metadata": {}
    },
    "1295610": {
      "id": "1295610",
      "title": "Lost Without You",
      "type": "UKE",
      "url": "https://tabs.ultimate-guitar.com/tab/pat-green/lost-without-you-ukulele-1295610",
      "file_path": null,
      "metadata": {}
    },
    "2328067": {
      "id": "2328067",
      "title": "Louisiana Song",
      "type": "CRD",
      "url": "https://tabs.ultimate-guitar.com/tab/pat-green/louisiana-song-chords-2328067",
      "file_path": null,
      "metadata": {}
    },
    "2294591": {
      "id": "2294591",
      "title": "Man Like Me",
      "type": "CRD",
      "url": "https://tabs.ultimate-guitar.com/tab/pat-green/man-like-me-chords-2294591",
      "file_path": null,
      "metadata": {}
    },
    "4328018": {
      "id": "4328018",
      "title": "Miles And Miles Of You",
      "type": "CRD",
      "url": "https://tabs.ultimate-guitar.com/tab/pat-green/miles-and-miles-of-you-chords-4328018",
      "file_path": null,
      "metadata": {}
    },
    "1321022": {
      "id": "1321022",
      "title": "Nightmare",
      "type": "UKE",
      "url": "https://tabs.ultimate-guitar.com/tab/pat-green/nightmare-ukulele-1321022",
      "file_path": null,
      "metadata": {}
    },
    "1859418": {
      "id": "1859418",
      "title": "No 2",
      "type": "CRD",
      "url": "https://tabs.ultimate-guitar.com/tab/pat-green/no-2-chords-1859418",
      "file_path": null,
      "metadata": {}
    },
    "5803760": {
      "id": "5803760",
      "title": "No One Here But Us",
      "type": "CRD",
      "url": "https://tabs.ultimate-guitar.com/tab/pat-green/no-one-here-but-us-chords-5803760",
      "file_path": null,
      "metadata": {}
    },
    "668922": {
      "id": "668922",
      "title": "One For The Road",
      "type": "CRD",
      "url": "https://tabs.ultimate-guitar.com/tab/pat-green/one-for-the-road-chords-668922",
      "file_path": null,
      "metadata": {}
    },
    "1308211": {
      "id": "1308211",
      "title": "One For The Road",
      "type": "UKE",
      "url": "https://tabs.ultimate-guitar.com/tab/pat-green/one-for-the-road-ukulele-1308211",
      "file_path": null,
      "metadata": {}
    },
    "2328077": {
      "id": "2328077",
      "title": "Over And Over",
      "type": "CRD",
      "url": "https://tabs.ultimate-guitar.com/tab/pat-green/over-and-over-chords-2328077",
      "file_path": null,
      "metadata": {}
    },
    "2328079": {
      "id": "2328079",
      "title": "Paradise",
      "type": "CRD",
      "url": "https://tabs.ultimate-guitar.com/tab/pat-green/paradise-chords-2328079",
      "file_path": null,
      "metadata": {}
    },
    "2328081": {
      "id": "2328081",
      "title": "Poetry",
      "type": "CRD",
      "url": "https://tabs.ultimate-guitar.com/tab/pat-green/poetry-chords-2328081",
      "file_path": null,
      "metadata": {}
    },
    "2328083": {
      "id": "2328083",
      "title": "Rain In Lafayette",
      "type": "CRD",
      "url": "https://tabs.ultimate-guitar.com/tab/pat-green/rain-in-lafayette-chords-2328083",
      "file_path": null,
      "metadata": {}
    },
    "1798289": {
      "id": "1798289",
      "title": "Rubys Two Sad Daughters",
      "type": "CRD",
      "url": "https://tabs.ultimate-guitar.com/tab/pat-green/rubys-two-sad-daughters-chords-1798289",
      "file_path": null,
      "metadata": {}
    },
    "444122": {
      "id": "444122",
      "title": "Run",
      "type": "CRD",
      "url": "https://tabs.ultimate-guitar.com/tab/pat-green/run-chords-444122",
      "file_path": null,
      "metadata": {}
    },
    "1288974": {
      "id": "1288974",
      "title": "Run",
      "type": "UKE",
      "url": "https://tabs.ultimate-guitar.com/tab/pat-green/run-ukulele-1288974",
      "file_path": null,
      "metadata": {}
    },
    "2095465": {
      "id": "2095465",
      "title": "Rusty Old American Dream",
      "type": "CRD",
      "url": "https://tabs.ultimate-guitar.com/tab/pat-green/rusty-old-american-dream-chords-2095465",
      "file_path": null,
      "metadata": {}
    },
    "2328091": {
      "id": "2328091",
      "title": "Sing Til I Stop Cryin",
      "type": "CRD",
      "url": "https://tabs.ultimate-guitar.com/tab/pat-green/sing-til-i-stop-cryin-chords-2328091",
      "file_path": null,
      "metadata": {}
    },
    "2095469": {
      "id": "2095469",
      "title": "Snowin On Raton",
      "type": "CRD",
      "url": "https://tabs.ultimate-guitar.com/tab/pat-green/snowin-on-raton-chords-2095469",
      "file_path": null,
      "metadata": {}
    },
    "1424794": {
      "id": "1424794",
      "title": "Somewhere Between Texas And Mexico",
      "type": "CRD",
      "url": "https://tabs.ultimate-guitar.com/tab/pat-green/somewhere-between-texas-and-mexico-chords-1424794",
      "file_path": null,
      "metadata": {}
    },
    "1089595": {
      "id": "1089595",
      "title": "Songs About Texas",
      "type": "CRD",
      "url": "https://tabs.ultimate-guitar.com/tab/pat-green/songs-about-texas-chords-1089595",
      "file_path": null,
      "metadata": {}
    },
    "1950803": {
      "id": "1950803",
      "title": "Songs About Texas (ver 2)",
      "type": "CRD",
      "url": "https://tabs.ultimate-guitar.com/tab/pat-green/songs-about-texas-chords-1950803",
      "file_path": null,
      "metadata": {}
    },
    "1362836": {
      "id": "1362836",
      "title": "Songs About Texas",
      "type": "UKE",
      "url": "https://tabs.ultimate-guitar.com/tab/pat-green/songs-about-texas-ukulele-1362836",
      "file_path": null,
      "metadata": {}
    },
    "1471241": {
      "id": "1471241",
      "title": "Southbound 35",
      "type": "CRD",
      "url": "https://tabs.ultimate-guitar.com/tab/pat-green/southbound-35-chords-1471241",
      "file_path": null,
      "metadata": {}
    },
    "5795549": {
      "id": "5795549",
      "title": "Take Me Out To A Dancehall",
      "type": "BASS",
      "url": "https://tabs.ultimate-guitar.com/tab/pat-green/take-me-out-to-a-dancehall-bass-5795549",
      "file_path": null,
      "metadata": {}
    },
    "1682047": {
      "id": "1682047",
      "title": "Temporary Angel",
      "type": "CRD",
      "url": "https://tabs.ultimate-guitar.com/tab/pat-green/temporary-angel-chords-1682047",
      "file_path": null,
      "metadata": {}
    },
    "2328099": {
      "id": "2328099",
      "title": "Texas In 1880",
      "type": "CRD",
      "url": "https://tabs.ultimate-guitar.com/tab/pat-green/texas-in-1880-chords-2328099",
      "file_path": null,
      "metadata": {}
    },
    "2328101": {
      "id": "2328101",
      "title": "Texas On My Mind (ver 2)",
      "type": "CRD",
      "url": "https://tabs.ultimate-guitar.com/tab/pat-green/texas-on-my-mind-chords-2328101",
      "file_path": null,
      "metadata": {}
    },
    "2111849": {
      "id": "2111849",
      "title": "The Bottle",
      "type": "CRD",
      "url": "https://tabs.ultimate-guitar.com/tab/pat-green/the-bottle-chords-2111849",
      "file_path": null,
      "metadata": {}
    },
    "1470141": {
      "id": "1470141",
      "title": "Threadbare Gypsy Soul",
      "type": "CRD",
      "url": "https://tabs.ultimate-guitar.com/tab/pat-green/threadbare-gypsy-soul-chords-1470141",
      "file_path": null,
      "metadata": {}
    },
    "69833": {
      "id": "69833",
      "title": "Three Days",
      "type": "TAB",
      "url": "https://tabs.ultimate-guitar.com/tab/pat-green/three-days-tabs-69833",
      "file_path": null,
      "metadata": {}
    },
    "1310164": {
      "id": "1310164",
      "title": "Three Days",
      "type": "UKE",
      "url": "https://tabs.ultimate-guitar.com/tab/pat-green/three-days-ukulele-1310164",
      "file_path": null,
      "metadata": {}
    },
    "2095479": {
      "id": "2095479",
      "title": "Trailer Park Tune",
      "type": "CRD",
      "url": "https://tabs.ultimate-guitar.com/tab/pat-green/trailer-park-tune-chords-2095479",
      "file_path": null,
      "metadata": {}
    },
    "2328111": {
      "id": "2328111",
      "title": "Washington Avenue",
      "type": "CRD",
      "url": "https://tabs.ultimate-guitar.com/tab/pat-green/washington-avenue-chords-2328111",
      "file_path": null,
      "metadata": {}
    },
    "872809": {
      "id": "872809",
      "title": "Wave On Wave  Intro",
      "type": "PRO",
      "url": "https://tabs.ultimate-guitar.com/tab/pat-green/wave-on-wave-guitar-pro-872809",
      "file_path": null,
      "metadata": {}
    },
    "566343": {
      "id": "566343",
      "title": "Wave On Wave",
      "type": "PRO",
      "url": "https://tabs.ultimate-guitar.com/tab/pat-green/wave-on-wave-guitar-pro-566343",
      "file_path": null,
      "metadata": {}
    },
    "4226641": {
      "id": "4226641",
      "title": "Wave On Wave (ver 2)",
      "type": "PRO",
      "url": "https://tabs.ultimate-guitar.com/tab/pat-green/wave-on-wave-guitar-pro-4226641",
      "file_path": null,
      "metadata": {}
    },
    "1270161": {
      "id": "1270161",
      "title": "Wave On Wave",
      "type": "UKE",
      "url": "https://tabs.ultimate-guitar.com/tab/pat-green/wave-on-wave-ukulele-1270161",
      "file_path": null,
      "metadata": {}
    },
    "1120918": {
      "id": "1120918",
      "title": "Way Back Texas",
      "type": "CRD",
      "url": "https://tabs.ultimate-guitar.com/tab/pat-green/way-back-texas-chords-1120918",
      "file_path": null,
      "metadata": {}
    },
    "1369156": {
      "id": "1369156",
      "title": "Way Back Texas",
      "type": "UKE",
      "url": "https://tabs.ultimate-guitar.com/tab/pat-green/way-back-texas-ukulele-1369156",
      "file_path": null,
      "metadata": {}
    },
    "2111847": {
      "id": "2111847",
      "title": "West Texas Holiday",
      "type": "CRD",
      "url": "https://tabs.ultimate-guitar.com/tab/pat-green/west-texas-holiday-chords-2111847",
      "file_path": null,
      "metadata": {}
    },
    "2111845": {
      "id": "2111845",
      "title": "Weve All Got Our Reasons",
      "type": "CRD",
      "url": "https://tabs.ultimate-guitar.com/tab/pat-green/weve-all-got-our-reasons-chords-2111845",
      "file_path": null,
      "metadata": {}
    },
    "855372": {
      "id": "855372",
      "title": "What Im For",
      "type": "CRD",
      "url": "https://tabs.ultimate-guitar.com/tab/pat-green/what-im-for-chords-855372",
      "file_path": null,
      "metadata": {}
    },
    "1328091": {
      "id": "1328091",
      "title": "What Im For",
      "type": "UKE",
      "url": "https://tabs.ultimate-guitar.com/tab/pat-green/what-im-for-ukulele-1328091",
      "file_path": null,
      "metadata": {}
    },
    "2111843": {
      "id": "2111843",
      "title": "When Winter Comes To Town",
      "type": "CRD",
      "url": "https://tabs.ultimate-guitar.com/tab/pat-green/when-winter-comes-to-town-chords-2111843",
      "file_path": null,
      "metadata": {}
    },
    "1794029": {
      "id": "1794029",
      "title": "While I Was Away",
      "type": "CRD",
      "url": "https://tabs.ultimate-guitar.com/tab/pat-green/while-i-was-away-chords-1794029",
      "file_path": null,
      "metadata": {}
    },
    "1911137": {
      "id": "1911137",
      "title": "Whiskey",
      "type": "CRD",
      "url": "https://tabs.ultimate-guitar.com/tab/pat-green/whiskey-chords-1911137",
      "file_path": null,
      "metadata": {}
    },
    "1851369": {
      "id": "1851369",
      "title": "Whos To Say",
      "type": "CRD",
      "url": "https://tabs.ultimate-guitar.com/tab/pat-green/whos-to-say-chords-1851369",
      "file_path": null,
      "metadata": {}
    },
    "4567538": {
      "id": "4567538",
      "title": "Winter Wonderland",
      "type": "CRD",
      "url": "https://tabs.ultimate-guitar.com/tab/pat-green/winter-wonderland-chords-4567538",
      "file_path": null,
      "metadata": {}
    },
    "2328123": {
      "id": "2328123",
      "title": "Wrapped",
      "type": "CRD",
      "url": "https://tabs.ultimate-guitar.com/tab/pat-green/wrapped-chords-2328123",
      "file_path": null,
      "metadata": {}
    },
    "2095485": {
      "id": "2095485",
      "title": "Wrong Side Of Town",
      "type": "CRD",
      "url": "https://tabs.ultimate-guitar.com/tab/pat-green/wrong-side-of-town-chords-2095485",
      "file_path": null,
      "metadata": {}
    }
  }
}