{
  "id": "1002197",
  "name": "Chase Matthew",
  "url": "https://www.ultimate-guitar.com/artist/chase_matthew_1002197",
  "tabs": {
    "3776285": {
      "id": "3776285",
      "title": "County Line",
      "type": "CRD",
      "url": "https://tabs.ultimate-guitar.com/tab/chase-matthew/county-line-chords-3776285",
      "file_path": null,
      "metadata": {}
    },
    "4455029": {
      "id": "4455029",
      "title": "Love You Again",
      "type": "CRD",
      "url": "https://tabs.ultimate-guitar.com/tab/chase-matthew/love-you-again-chords-4455029",
      "file_path": null,
      "metadata": {}
    },
    "4120987": {
      "id": "4120987",
      "title": "Everything He Couldnt",
      "type": "CRD",
      "url": "https://tabs.ultimate-guitar.com/tab/chase-matthew/everything-he-couldnt-chords-4120987",
      "file_path": null,
      "metadata": {}
    },
    "5149597": {
      "id": "5149597",
      "title": "Darlin",
      "type": "CRD",
      "url": "https://tabs.ultimate-guitar.com/tab/chase-matthew/darlin-chords-5149597",
      "file_path": null,
      "metadata": {}
    },
    "4049860": {
      "id": "4049860",
      "title": "Born For This",
      "type": "CRD",
      "url": "https://tabs.ultimate-guitar.com/tab/chase-matthew/born-for-this-chords-4049860",
      "file_path": null,
      "metadata": {}
    },
    "3815369": {
      "id": "3815369",
      "title": "Pull Up",
      "type": "CRD",
      "url": "https://tabs.ultimate-guitar.com/tab/chase-matthew/pull-up-chords-3815369",
      "file_path": null,
      "metadata": {}
    },
    "4068238": {
      "id": "4068238",
      "title": "We Had It Good",
      "type": "CRD",
      "url": "https://tabs.ultimate-guitar.com/tab/chase-matthew/we-had-it-good-chords-4068238",
      "file_path": null,
      "metadata": {}
    },
    "3982558": {
      "id": "3982558",
      "title": "Love Like That",
      "type": "CRD",
      "url": "https://tabs.ultimate-guitar.com/tab/chase-matthew/love-like-that-chords-3982558",
      "file_path": null,
      "metadata": {}
    },
    "4717880": {
      "id": "4717880",
      "title": "Come Get Your Memory",
      "type": "CRD",
      "url": "https://tabs.ultimate-guitar.com/tab/chase-matthew/come-get-your-memory-chords-4717880",
      "file_path": null,
      "metadata": {}
    },
    "4403303": {
      "id": "4403303",
      "title": "She Loves Jesus",
      "type": "CRD",
      "url": "https://tabs.ultimate-guitar.com/tab/chase-matthew/she-loves-jesus-chords-4403303",
      "file_path": null,
      "metadata": {}
    },
    "5788292": {
      "id": "5788292",
      "title": "All My Exes",
      "type": "CRD",
      "url": "https://tabs.ultimate-guitar.com/tab/lauren-alaina/all-my-exes-chords-5788292",
      "file_path": null,
      "metadata": {}
    },
    "3929150": {
      "id": "3929150",
      "title": "Cheap Shots",
      "type": "CRD",
      "url": "https://tabs.ultimate-guitar.com/tab/mason-horne/cheap-shots-chords-3929150",
      "file_path": null,
      "metadata": {}
    },
    "5364228": {
      "id": "5364228",
      "title": "Cold Blooded",
      "type": "CRD",
      "url": "https://tabs.ultimate-guitar.com/tab/fernando-sorocaba/cold-blooded-chords-5364228",
      "file_path": null,
      "metadata": {}
    },
    "5407560": {
      "id": "5407560",
      "title": "Floats Your Boat",
      "type": "CRD",
      "url": "https://tabs.ultimate-guitar.com/tab/flo-rida/floats-your-boat-chords-5407560",
      "file_path": null,
      "metadata": {}
    },
    "4095229": {
      "id": "4095229",
      "title": "1111",
      "type": "CRD",
      "url": "https://tabs.ultimate-guitar.com/tab/chase-matthew/1111-chords-4095229",
      "file_path": null,
      "metadata": {}
    },
    "3947153": {
      "id": "3947153",
      "title": "All My Life",
      "type": "CRD",
      "url": "https://tabs.ultimate-guitar.com/tab/chase-matthew/all-my-life-chords-3947153",
      "file_path": null,
      "metadata": {}
    },
    "5335737": {
      "id": "5335737",
      "title": "Always Be Mine",
      "type": "CRD",
      "url": "https://tabs.ultimate-guitar.com/tab/chase-matthew/always-be-mine-chords-5335737",
      "file_path": null,
      "metadata": {}
    },
    "5426166": {
      "id": "5426166",
      "title": "Backroads Of My Mind",
      "type": "CRD",
      "url": "https://tabs.ultimate-guitar.com/tab/chase-matthew/backroads-of-my-mind-chords-5426166",
      "file_path": null,
      "metadata": {}
    },
    "4816583": {
      "id": "4816583",
      "title": "Blink",
      "type": "CRD",
      "url": "https://tabs.ultimate-guitar.com/tab/chase-matthew/blink-chords-4816583",
      "file_path": null,
      "metadata": {}
    },
    "3982381": {
      "id": "3982381",
      "title": "Cant Buy Time",
      "type": "CRD",
      "url": "https://tabs.ultimate-guitar.com/tab/chase-matthew/cant-buy-time-chords-3982381",
      "file_path": null,
      "metadata": {}
    },
    "5335887": {
      "id": "5335887",
      "title": "Crazy Girls",
      "type": "CRD",
      "url": "https://tabs.ultimate-guitar.com/tab/chase-matthew/crazy-girls-chords-5335887",
      "file_path": null,
      "metadata": {}
    },
    "5554650": {
      "id": "5554650",
      "title": "Dancing In The Rain",
      "type": "CRD",
      "url": "https://tabs.ultimate-guitar.com/tab/chase-matthew/dancing-in-the-rain-chords-5554650",
      "file_path": null,
      "metadata": {}
    },
    "5150290": {
      "id": "5150290",
      "title": "Dirt Road Does",
      "type": "CRD",
      "url": "https://tabs.ultimate-guitar.com/tab/chase-matthew/dirt-road-does-chords-5150290",
      "file_path": null,
      "metadata": {}
    },
    "4816619": {
      "id": "4816619",
      "title": "Do All Dogs Go To Heaven",
      "type": "CRD",
      "url": "https://tabs.ultimate-guitar.com/tab/chase-matthew/do-all-dogs-go-to-heaven-chords-4816619",
      "file_path": null,
      "metadata": {}
    },
    "4816715": {
      "id": "4816715",
      "title": "Do Me Like That",
      "type": "CRD",
      "url": "https://tabs.ultimate-guitar.com/tab/chase-matthew/do-me-like-that-chords-4816715",
      "file_path": null,
      "metadata": {}
    },
    "4816673": {
      "id": "4816673",
      "title": "Downtown",
      "type": "CRD",
      "url": "https://tabs.ultimate-guitar.com/tab/chase-matthew/downtown-chords-4816673",
      "file_path": null,
      "metadata": {}
    },
    "5624763": {
      "id": "5624763",
      "title": "Drives My Truck",
      "type": "CRD",
      "url": "https://tabs.ultimate-guitar.com/tab/chase-matthew/drives-my-truck-chords-5624763",
      "file_path": null,
      "metadata": {}
    },
    "4121074": {
      "id": "4121074",
      "title": "Every Word I Say",
      "type": "CRD",
      "url": "https://tabs.ultimate-guitar.com/tab/chase-matthew/every-word-i-say-chords-4121074",
      "file_path": null,
      "metadata": {}
    },
    "4818959": {
      "id": "4818959",
      "title": "Fall For Those Is",
      "type": "CRD",
      "url": "https://tabs.ultimate-guitar.com/tab/chase-matthew/fall-for-those-is-chords-4818959",
      "file_path": null,
      "metadata": {}
    },
    "4816766": {
      "id": "4816766",
      "title": "Fine By Me",
      "type": "CRD",
      "url": "https://tabs.ultimate-guitar.com/tab/chase-matthew/fine-by-me-chords-4816766",
      "file_path": null,
      "metadata": {}
    },
    "5253528": {
      "id": "5253528",
      "title": "First",
      "type": "CRD",
      "url": "https://tabs.ultimate-guitar.com/tab/chase-matthew/first-chords-5253528",
      "file_path": null,
      "metadata": {}
    },
    "4816802": {
      "id": "4816802",
      "title": "Girl I Know",
      "type": "CRD",
      "url": "https://tabs.ultimate-guitar.com/tab/chase-matthew/girl-i-know-chords-4816802",
      "file_path": null,
      "metadata": {}
    },
    "4818851": {
      "id": "4818851",
      "title": "Good Day For A Heartbreak",
      "type": "CRD",
      "url": "https://tabs.ultimate-guitar.com/tab/chase-matthew/good-day-for-a-heartbreak-chords-4818851",
      "file_path": null,
      "metadata": {}
    },
    "4817591": {
      "id": "4817591",
      "title": "Good Time To Go",
      "type": "CRD",
      "url": "https://tabs.ultimate-guitar.com/tab/chase-matthew/good-time-to-go-chords-4817591",
      "file_path": null,
      "metadata": {}
    },
    "4120999": {
      "id": "4120999",
      "title": "Gotta Be A Way",
      "type": "CRD",
      "url": "https://tabs.ultimate-guitar.com/tab/chase-matthew/gotta-be-a-way-chords-4120999",
      "file_path": null,
      "metadata": {}
    },
    "5683718": {
      "id": "5683718",
      "title": "Heart Half Empty",
      "type": "CRD",
      "url": "https://tabs.ultimate-guitar.com/tab/chase-matthew/heart-half-empty-chords-5683718",
      "file_path": null,
      "metadata": {}
    },
    "4675295": {
      "id": "4675295",
      "title": "Hey Montana",
      "type": "CRD",
      "url": "https://tabs.ultimate-guitar.com/tab/chase-matthew/hey-montana-chords-4675295",
      "file_path": null,
      "metadata": {}
    },
    "5335902": {
      "id": "5335902",
      "title": "How You Been Letter To The County Line Girl",
      "type": "CRD",
      "url": "https://tabs.ultimate-guitar.com/tab/chase-matthew/how-you-been-letter-to-the-county-line-girl-chords-5335902",
      "file_path": null,
      "metadata": {}
    },
    "5151376": {
      "id": "5151376",
      "title": "I Dont Carolina",
      "type": "CRD",
      "url": "https://tabs.ultimate-guitar.com/tab/chase-matthew/i-dont-carolina-chords-5151376",
      "file_path": null,
      "metadata": {}
    },
    "5680514": {
      "id": "5680514",
      "title": "I Dont Wanna Know",
      "type": "CRD",
      "url": "https://tabs.ultimate-guitar.com/tab/chase-matthew/i-dont-wanna-know-chords-5680514",
      "file_path": null,
      "metadata": {}
    },
    "4817573": {
      "id": "4817573",
      "title": "Loving You Is Like",
      "type": "CRD",
      "url": "https://tabs.ultimate-guitar.com/tab/chase-matthew/loving-you-is-like-chords-4817573",
      "file_path": null,
      "metadata": {}
    },
    "4818815": {
      "id": "4818815",
      "title": "Make A Memory",
      "type": "CRD",
      "url": "https://tabs.ultimate-guitar.com/tab/chase-matthew/make-a-memory-chords-4818815",
      "file_path": null,
      "metadata": {}
    },
    "5151370": {
      "id": "5151370",
      "title": "Makin You Miss Me",
      "type": "CRD",
      "url": "https://tabs.ultimate-guitar.com/tab/chase-matthew/makin-you-miss-me-chords-5151370",
      "file_path": null,
      "metadata": {}
    },
    "5498712": {
      "id": "5498712",
      "title": "Missin Me Missin You",
      "type": "CRD",
      "url": "https://tabs.ultimate-guitar.com/tab/chase-matthew/missin-me-missin-you-chords-5498712",
      "file_path": null,
      "metadata": {}
    },
    "4817618": {
      "id": "4817618",
      "title": "Moonlight",
      "type": "CRD",
      "url": "https://tabs.ultimate-guitar.com/tab/chase-matthew/moonlight-chords-4817618",
      "file_path": null,
      "metadata": {}
    },
    "4817630": {
      "id": "4817630",
      "title": "My Drinking Song",
      "type": "CRD",
      "url": "https://tabs.ultimate-guitar.com/tab/chase-matthew/my-drinking-song-chords-4817630",
      "file_path": null,
      "metadata": {}
    },
    "4817669": {
      "id": "4817669",
      "title": "Never Change",
      "type": "CRD",
      "url": "https://tabs.ultimate-guitar.com/tab/chase-matthew/never-change-chords-4817669",
      "file_path": null,
      "metadata": {}
    },
    "5683835": {
      "id": "5683835",
      "title": "No Name Roads",
      "type": "CRD",
      "url": "https://tabs.ultimate-guitar.com/tab/chase-matthew/no-name-roads-chords-5683835",
      "file_path": null,
      "metadata": {}
    },
    "5683748": {
      "id": "5683748",
      "title": "No Way Around It",
      "type": "CRD",
      "url": "https://tabs.ultimate-guitar.com/tab/chase-matthew/no-way-around-it-chords-5683748",
      "file_path": null,
      "metadata": {}
    },
    "4817651": {
      "id": "4817651",
      "title": "Nothing To Do With Me",
      "type": "CRD",
      "url": "https://tabs.ultimate-guitar.com/tab/chase-matthew/nothing-to-do-with-me-chords-4817651",
      "file_path": null,
      "metadata": {}
    },
    "4817801": {
      "id": "4817801",
      "title": "Outlaw Gospel",
      "type": "CRD",
      "url": "https://tabs.ultimate-guitar.com/tab/chase-matthew/outlaw-gospel-chords-4817801",
      "file_path": null,
      "metadata": {}
    },
    "4817696": {
      "id": "4817696",
      "title": "Rainy Days",
      "type": "CRD",
      "url": "https://tabs.ultimate-guitar.com/tab/chase-matthew/rainy-days-chords-4817696",
      "file_path": null,
      "metadata": {}
    },
    "4121047": {
      "id": "4121047",
      "title": "Raised In The Holler",
      "type": "CRD",
      "url": "https://tabs.ultimate-guitar.com/tab/chase-matthew/raised-in-the-holler-chords-4121047",
      "file_path": null,
      "metadata": {}
    },
    "5319642": {
      "id": "5319642",
      "title": "Saltwater Cinderella",
      "type": "CRD",
      "url": "https://tabs.ultimate-guitar.com/tab/chase-matthew/saltwater-cinderella-chords-5319642",
      "file_path": null,
      "metadata": {}
    },
    "4818710": {
      "id": "4818710",
      "title": "Saw Me Here",
      "type": "CRD",
      "url": "https://tabs.ultimate-guitar.com/tab/chase-matthew/saw-me-here-chords-4818710",
      "file_path": null,
      "metadata": {}
    },
    "4454777": {
      "id": "4454777",
      "title": "Small Town Famous",
      "type": "CRD",
      "url": "https://tabs.ultimate-guitar.com/tab/chase-matthew/small-town-famous-chords-4454777",
      "file_path": null,
      "metadata": {}
    },
    "5133148": {
      "id": "5133148",
      "title": "Small Town Shit",
      "type": "CRD",
      "url": "https://tabs.ultimate-guitar.com/tab/chase-matthew/small-town-shit-chords-5133148",
      "file_path": null,
      "metadata": {}
    },
    "4818683": {
      "id": "4818683",
      "title": "Somebody Elses Truck",
      "type": "CRD",
      "url": "https://tabs.ultimate-guitar.com/tab/chase-matthew/somebody-elses-truck-chords-4818683",
      "file_path": null,
      "metadata": {}
    },
    "4454720": {
      "id": "4454720",
      "title": "Still Got My Truck",
      "type": "CRD",
      "url": "https://tabs.ultimate-guitar.com/tab/chase-matthew/still-got-my-truck-chords-4454720",
      "file_path": null,
      "metadata": {}
    },
    "4454876": {
      "id": "4454876",
      "title": "Sunrise",
      "type": "CRD",
      "url": "https://tabs.ultimate-guitar.com/tab/chase-matthew/sunrise-chords-4454876",
      "file_path": null,
      "metadata": {}
    },
    "4630682": {
      "id": "4630682",
      "title": "The Way I Am",
      "type": "CRD",
      "url": "https://tabs.ultimate-guitar.com/tab/chase-matthew/the-way-i-am-chords-4630682",
      "file_path": null,
      "metadata": {}
    },
    "4818749": {
      "id": "4818749",
      "title": "This Aint Working",
      "type": "CRD",
      "url": "https://tabs.ultimate-guitar.com/tab/chase-matthew/this-aint-working-chords-4818749",
      "file_path": null,
      "metadata": {}
    },
    "5683802": {
      "id": "5683802",
      "title": "Waiting On You To Call",
      "type": "CRD",
      "url": "https://tabs.ultimate-guitar.com/tab/chase-matthew/waiting-on-you-to-call-chords-5683802",
      "file_path": null,
      "metadata": {}
    },
    "5111947": {
      "id": "5111947",
      "title": "We All Grow Up",
      "type": "CRD",
      "url": "https://tabs.ultimate-guitar.com/tab/chase-matthew/we-all-grow-up-chords-5111947",
      "file_path": null,
      "metadata": {}
    },
    "4818779": {
      "id": "4818779",
      "title": "Where Theres Smoke",
      "type": "CRD",
      "url": "https://tabs.ultimate-guitar.com/tab/chase-matthew/where-theres-smoke-chords-4818779",
      "file_path": null,
      "metadata": {}
    },
    "5670741": {
      "id": "5670741",
      "title": "You Turn",
      "type": "CRD",
      "url": "https://tabs.ultimate-guitar.com/tab/chase-matthew/you-turn-chords-5670741",
      "file_path": null,
      "metadata": {}
    }
  }
}