{
  "id": "109487",
  "name": "Ollie",
  "url": "https://www.ultimate-guitar.com/artist/ollie_109487",
  "tabs": {
    "4699166": {
      "id": "4699166",
      "title": "Crows Nest",
      "type": "CRD",
      "url": "https://tabs.ultimate-guitar.com/tab/powfu/crows-nest-chords-4699166",
      "file_path": null,
      "metadata": {}
    },
    "3669074": {
      "id": "3669074",
      "title": "Aavikolla  Intro",
      "type": "TAB",
      "url": "https://tabs.ultimate-guitar.com/tab/ollie/aavikolla-tabs-3669074",
      "file_path": null,
      "metadata": {}
    },
    "2165747": {
      "id": "2165747",
      "title": "Apologies",
      "type": "CRD",
      "url": "https://tabs.ultimate-guitar.com/tab/ollie/apologies-chords-2165747",
      "file_path": null,
      "metadata": {}
    },
    "2480638": {
      "id": "2480638",
      "title": "Better With You",
      "type": "CRD",
      "url": "https://tabs.ultimate-guitar.com/tab/ollie/better-with-you-chords-2480638",
      "file_path": null,
      "metadata": {}
    },
    "3350240": {
      "id": "3350240",
      "title": "Broken Down",
      "type": "CRD",
      "url": "https://tabs.ultimate-guitar.com/tab/ollie/broken-down-chords-3350240",
      "file_path": null,
      "metadata": {}
    },
    "5142298": {
      "id": "5142298",
      "title": "Burning Room",
      "type": "CRD",
      "url": "https://tabs.ultimate-guitar.com/tab/ollie/burning-room-chords-5142298",
      "file_path": null,
      "metadata": {}
    },
    "3875342": {
      "id": "3875342",
      "title": "Daytona",
      "type": "CRD",
      "url": "https://tabs.ultimate-guitar.com/tab/ollie/daytona-chords-3875342",
      "file_path": null,
      "metadata": {}
    },
    "3622160": {
      "id": "3622160",
      "title": "Dead Roses  Intro",
      "type": "TAB",
      "url": "https://tabs.ultimate-guitar.com/tab/ollie/dead-roses-tabs-3622160",
      "file_path": null,
      "metadata": {}
    },
    "3554345": {
      "id": "3554345",
      "title": "Dead Roses  Intro",
      "type": "PRO",
      "url": "https://tabs.ultimate-guitar.com/tab/ollie/dead-roses-guitar-pro-3554345",
      "file_path": null,
      "metadata": {}
    },
    "3878603": {
      "id": "3878603",
      "title": "Emotions  Intro",
      "type": "TAB",
      "url": "https://tabs.ultimate-guitar.com/tab/ollie/emotions-tabs-3878603",
      "file_path": null,
      "metadata": {}
    },
    "3554423": {
      "id": "3554423",
      "title": "Feelings",
      "type": "PRO",
      "url": "https://tabs.ultimate-guitar.com/tab/ollie/feelings-guitar-pro-3554423",
      "file_path": null,
      "metadata": {}
    },
    "5214129": {
      "id": "5214129",
      "title": "Its Always Been You",
      "type": "CRD",
      "url": "https://tabs.ultimate-guitar.com/tab/ollie/its-always-been-you-chords-5214129",
      "file_path": null,
      "metadata": {}
    },
    "5683166": {
      "id": "5683166",
      "title": "Late Night Drinking",
      "type": "CRD",
      "url": "https://tabs.ultimate-guitar.com/tab/ollie/late-night-drinking-chords-5683166",
      "file_path": null,
      "metadata": {}
    },
    "3623552": {
      "id": "3623552",
      "title": "Love Me Back",
      "type": "CRD",
      "url": "https://tabs.ultimate-guitar.com/tab/ollie/love-me-back-chords-3623552",
      "file_path": null,
      "metadata": {}
    },
    "3964771": {
      "id": "3964771",
      "title": "Need Someone",
      "type": "TAB",
      "url": "https://tabs.ultimate-guitar.com/tab/ollie/need-someone-tabs-3964771",
      "file_path": null,
      "metadata": {}
    },
    "5249946": {
      "id": "5249946",
      "title": "Not Always Perfect  Intro",
      "type": "TAB",
      "url": "https://tabs.ultimate-guitar.com/tab/ollie/not-always-perfect-tabs-5249946",
      "file_path": null,
      "metadata": {}
    },
    "5081248": {
      "id": "5081248",
      "title": "One Day",
      "type": "CRD",
      "url": "https://tabs.ultimate-guitar.com/tab/ollie/one-day-chords-5081248",
      "file_path": null,
      "metadata": {}
    },
    "3466676": {
      "id": "3466676",
      "title": "Seasons  Intro",
      "type": "TAB",
      "url": "https://tabs.ultimate-guitar.com/tab/ollie/seasons-tabs-3466676",
      "file_path": null,
      "metadata": {}
    },
    "3322718": {
      "id": "3322718",
      "title": "Shot Me Down",
      "type": "CRD",
      "url": "https://tabs.ultimate-guitar.com/tab/ollie/shot-me-down-chords-3322718",
      "file_path": null,
      "metadata": {}
    },
    "4010248": {
      "id": "4010248",
      "title": "Speed Limit",
      "type": "CRD",
      "url": "https://tabs.ultimate-guitar.com/tab/ollie/speed-limit-chords-4010248",
      "file_path": null,
      "metadata": {}
    },
    "3982930": {
      "id": "3982930",
      "title": "Speed Limit  Intro",
      "type": "TAB",
      "url": "https://tabs.ultimate-guitar.com/tab/ollie/speed-limit-tabs-3982930",
      "file_path": null,
      "metadata": {}
    },
    "3921590": {
      "id": "3921590",
      "title": "Street Lights",
      "type": "CRD",
      "url": "https://tabs.ultimate-guitar.com/tab/ollie/street-lights-chords-3921590",
      "file_path": null,
      "metadata": {}
    },
    "3921974": {
      "id": "3921974",
      "title": "Street Lights  Intro",
      "type": "TAB",
      "url": "https://tabs.ultimate-guitar.com/tab/ollie/street-lights-tabs-3921974",
      "file_path": null,
      "metadata": {}
    },
    "2986463": {
      "id": "2986463",
      "title": "Stuck",
      "type": "CRD",
      "url": "https://tabs.ultimate-guitar.com/tab/ollie/stuck-chords-2986463",
      "file_path": null,
      "metadata": {}
    },
    "5844458": {
      "id": "5844458",
      "title": "Taillights",
      "type": "CRD",
      "url": "https://tabs.ultimate-guitar.com/tab/ollie/taillights-chords-5844458",
      "file_path": null,
      "metadata": {}
    },
    "5396271": {
      "id": "5396271",
      "title": "Thankful",
      "type": "CRD",
      "url": "https://tabs.ultimate-guitar.com/tab/ollie/thankful-chords-5396271",
      "file_path": null,
      "metadata": {}
    }
  }
}