{
  "id": "1010159",
  "name": "Hermanos Gutierrez",
  "url": "https://www.ultimate-guitar.com/artist/hermanos_gutierrez_1010159",
  "tabs": {
    "5172517": {
      "id": "5172517",
      "title": "Cerca De Ti  Intro",
      "type": "TAB",
      "url": "https://tabs.ultimate-guitar.com/tab/hermanos-gutierrez/cerca-de-ti-tabs-5172517",
      "file_path": null,
      "metadata": {}
    },
    "4250944": {
      "id": "4250944",
      "title": "Cerca De Ti",
      "type": "BASS",
      "url": "https://tabs.ultimate-guitar.com/tab/hermanos-gutierrez/cerca-de-ti-bass-4250944",
      "file_path": null,
      "metadata": {}
    },
    "4673147": {
      "id": "4673147",
      "title": "El Bueno Y El Malo",
      "type": "TAB",
      "url": "https://tabs.ultimate-guitar.com/tab/hermanos-gutierrez/el-bueno-y-el-malo-tabs-4673147",
      "file_path": null,
      "metadata": {}
    },
    "4671632": {
      "id": "4671632",
      "title": "El Jardín",
      "type": "TAB",
      "url": "https://tabs.ultimate-guitar.com/tab/4671632",
      "file_path": null,
      "metadata": {}
    },
    "4022095": {
      "id": "4022095",
      "title": "El Jardín",
      "type": "PRO",
      "url": "https://tabs.ultimate-guitar.com/tab/4022095",
      "file_path": null,
      "metadata": {}
    },
    "4672910": {
      "id": "4672910",
      "title": "El Jardín (ver 2)",
      "type": "PRO",
      "url": "https://tabs.ultimate-guitar.com/tab/4672910",
      "file_path": null,
      "metadata": {}
    },
    "4871555": {
      "id": "4871555",
      "title": "El Mar",
      "type": "PRO",
      "url": "https://tabs.ultimate-guitar.com/tab/hermanos-gutierrez/el-mar-guitar-pro-4871555",
      "file_path": null,
      "metadata": {}
    },
    "4881341": {
      "id": "4881341",
      "title": "Esperanza",
      "type": "TAB",
      "url": "https://tabs.ultimate-guitar.com/tab/hermanos-gutierrez/esperanza-tabs-4881341",
      "file_path": null,
      "metadata": {}
    },
    "5208477": {
      "id": "5208477",
      "title": "Esperanza (ver 2)",
      "type": "TAB",
      "url": "https://tabs.ultimate-guitar.com/tab/hermanos-gutierrez/esperanza-tabs-5208477",
      "file_path": null,
      "metadata": {}
    },
    "4729796": {
      "id": "4729796",
      "title": "La Noche Esta Llegando  Intro",
      "type": "TAB",
      "url": "https://tabs.ultimate-guitar.com/tab/hermanos-gutierrez/la-noche-esta-llegando-tabs-4729796",
      "file_path": null,
      "metadata": {}
    },
    "4676663": {
      "id": "4676663",
      "title": "Mesa Redonda",
      "type": "PRO",
      "url": "https://tabs.ultimate-guitar.com/tab/hermanos-gutierrez/mesa-redonda-guitar-pro-4676663",
      "file_path": null,
      "metadata": {}
    },
    "4689281": {
      "id": "4689281",
      "title": "Pueblo Man",
      "type": "PRO",
      "url": "https://tabs.ultimate-guitar.com/tab/hermanos-gutierrez/pueblo-man-guitar-pro-4689281",
      "file_path": null,
      "metadata": {}
    },
    "4711715": {
      "id": "4711715",
      "title": "Suéltalo",
      "type": "PRO",
      "url": "https://tabs.ultimate-guitar.com/tab/4711715",
      "file_path": null,
      "metadata": {}
    },
    "4967617": {
      "id": "4967617",
      "title": "Tres Hermanos",
      "type": "PRO",
      "url": "https://tabs.ultimate-guitar.com/tab/hermanos-gutierrez/tres-hermanos-guitar-pro-4967617",
      "file_path": null,
      "metadata": {}
    }
  }
}