{
  "id": "10964",
  "name": "Vinnie Moore",
  "url": "https://www.ultimate-guitar.com/artist/vinnie_moore_10964",
  "tabs": {
    "530429": {
      "id": "530429",
      "title": "The Maze",
      "type": "PRO",
      "url": "https://tabs.ultimate-guitar.com/tab/vinnie-moore/the-maze-guitar-pro-530429",
      "file_path": null,
      "metadata": {}
    },
    "226075": {
      "id": "226075",
      "title": "Rain",
      "type": "PRO",
      "url": "https://tabs.ultimate-guitar.com/tab/vinnie-moore/rain-guitar-pro-226075",
      "file_path": null,
      "metadata": {}
    },
    "226067": {
      "id": "226067",
      "title": "Morning Star",
      "type": "PRO",
      "url": "https://tabs.ultimate-guitar.com/tab/vinnie-moore/morning-star-guitar-pro-226067",
      "file_path": null,
      "metadata": {}
    },
    "226059": {
      "id": "226059",
      "title": "Lifeforce",
      "type": "PRO",
      "url": "https://tabs.ultimate-guitar.com/tab/vinnie-moore/lifeforce-guitar-pro-226059",
      "file_path": null,
      "metadata": {}
    },
    "226050": {
      "id": "226050",
      "title": "Daydream",
      "type": "PRO",
      "url": "https://tabs.ultimate-guitar.com/tab/vinnie-moore/daydream-guitar-pro-226050",
      "file_path": null,
      "metadata": {}
    },
    "226057": {
      "id": "226057",
      "title": "Last Chance",
      "type": "PRO",
      "url": "https://tabs.ultimate-guitar.com/tab/vinnie-moore/last-chance-guitar-pro-226057",
      "file_path": null,
      "metadata": {}
    },
    "37218": {
      "id": "37218",
      "title": "Morning Star",
      "type": "TAB",
      "url": "https://tabs.ultimate-guitar.com/tab/vinnie-moore/morning-star-tabs-37218",
      "file_path": null,
      "metadata": {}
    },
    "226083": {
      "id": "226083",
      "title": "While My Guitar Gently Weeps",
      "type": "PRO",
      "url": "https://tabs.ultimate-guitar.com/tab/vinnie-moore/while-my-guitar-gently-weeps-guitar-pro-226083",
      "file_path": null,
      "metadata": {}
    },
    "441577": {
      "id": "441577",
      "title": "Never Been To Barcelona",
      "type": "PRO",
      "url": "https://tabs.ultimate-guitar.com/tab/vinnie-moore/never-been-to-barcelona-guitar-pro-441577",
      "file_path": null,
      "metadata": {}
    },
    "226055": {
      "id": "226055",
      "title": "In Control",
      "type": "PRO",
      "url": "https://tabs.ultimate-guitar.com/tab/vinnie-moore/in-control-guitar-pro-226055",
      "file_path": null,
      "metadata": {}
    },
    "666011": {
      "id": "666011",
      "title": "Alexander The Great  Intro",
      "type": "PWR",
      "url": "https://tabs.ultimate-guitar.com/tab/vinnie-moore/alexander-the-great-power-666011",
      "file_path": null,
      "metadata": {}
    },
    "2040798": {
      "id": "2040798",
      "title": "All Your Love",
      "type": "PRO",
      "url": "https://tabs.ultimate-guitar.com/tab/vinnie-moore/all-your-love-guitar-pro-2040798",
      "file_path": null,
      "metadata": {}
    },
    "41452": {
      "id": "41452",
      "title": "April Sky  Solo",
      "type": "TAB",
      "url": "https://tabs.ultimate-guitar.com/tab/vinnie-moore/april-sky-tabs-41452",
      "file_path": null,
      "metadata": {}
    },
    "270781": {
      "id": "270781",
      "title": "April Sky",
      "type": "TAB",
      "url": "https://tabs.ultimate-guitar.com/tab/vinnie-moore/april-sky-tabs-270781",
      "file_path": null,
      "metadata": {}
    },
    "4228867": {
      "id": "4228867",
      "title": "April Sky  Solo",
      "type": "PRO",
      "url": "https://tabs.ultimate-guitar.com/tab/vinnie-moore/april-sky-guitar-pro-4228867",
      "file_path": null,
      "metadata": {}
    },
    "226043": {
      "id": "226043",
      "title": "April Sky",
      "type": "PRO",
      "url": "https://tabs.ultimate-guitar.com/tab/vinnie-moore/april-sky-guitar-pro-226043",
      "file_path": null,
      "metadata": {}
    },
    "226044": {
      "id": "226044",
      "title": "April Sky (ver 2)",
      "type": "PRO",
      "url": "https://tabs.ultimate-guitar.com/tab/vinnie-moore/april-sky-guitar-pro-226044",
      "file_path": null,
      "metadata": {}
    },
    "1063623": {
      "id": "1063623",
      "title": "April Sky",
      "type": "PRO",
      "url": "https://tabs.ultimate-guitar.com/tab/vinnie-moore/april-sky-guitar-pro-1063623",
      "file_path": null,
      "metadata": {}
    },
    "316343": {
      "id": "316343",
      "title": "April Sky",
      "type": "PWR",
      "url": "https://tabs.ultimate-guitar.com/tab/vinnie-moore/april-sky-power-316343",
      "file_path": null,
      "metadata": {}
    },
    "5028832": {
      "id": "5028832",
      "title": "As Time Slips By",
      "type": "PRO",
      "url": "https://tabs.ultimate-guitar.com/tab/vinnie-moore/as-time-slips-by-guitar-pro-5028832",
      "file_path": null,
      "metadata": {}
    },
    "5187750": {
      "id": "5187750",
      "title": "Awaken The Madman",
      "type": "PRO",
      "url": "https://tabs.ultimate-guitar.com/tab/vinnie-moore/awaken-the-madman-guitar-pro-5187750",
      "file_path": null,
      "metadata": {}
    },
    "226048": {
      "id": "226048",
      "title": "Beyond The Door",
      "type": "PRO",
      "url": "https://tabs.ultimate-guitar.com/tab/vinnie-moore/beyond-the-door-guitar-pro-226048",
      "file_path": null,
      "metadata": {}
    },
    "226047": {
      "id": "226047",
      "title": "Beyond The Door (ver 2)",
      "type": "PRO",
      "url": "https://tabs.ultimate-guitar.com/tab/vinnie-moore/beyond-the-door-guitar-pro-226047",
      "file_path": null,
      "metadata": {}
    },
    "590156": {
      "id": "590156",
      "title": "Check It Out",
      "type": "PRO",
      "url": "https://tabs.ultimate-guitar.com/tab/vinnie-moore/check-it-out-guitar-pro-590156",
      "file_path": null,
      "metadata": {}
    },
    "942324": {
      "id": "942324",
      "title": "Cinema",
      "type": "PRO",
      "url": "https://tabs.ultimate-guitar.com/tab/vinnie-moore/cinema-guitar-pro-942324",
      "file_path": null,
      "metadata": {}
    },
    "898115": {
      "id": "898115",
      "title": "Cinema",
      "type": "PWR",
      "url": "https://tabs.ultimate-guitar.com/tab/vinnie-moore/cinema-power-898115",
      "file_path": null,
      "metadata": {}
    },
    "2040800": {
      "id": "2040800",
      "title": "Cold Day In Hell",
      "type": "PRO",
      "url": "https://tabs.ultimate-guitar.com/tab/vinnie-moore/cold-day-in-hell-guitar-pro-2040800",
      "file_path": null,
      "metadata": {}
    },
    "845809": {
      "id": "845809",
      "title": "Coming Home",
      "type": "PRO",
      "url": "https://tabs.ultimate-guitar.com/tab/vinnie-moore/coming-home-guitar-pro-845809",
      "file_path": null,
      "metadata": {}
    },
    "2040802": {
      "id": "2040802",
      "title": "Crying In The Shadows",
      "type": "PRO",
      "url": "https://tabs.ultimate-guitar.com/tab/vinnie-moore/crying-in-the-shadows-guitar-pro-2040802",
      "file_path": null,
      "metadata": {}
    },
    "793469": {
      "id": "793469",
      "title": "Cryptic Dreams  Intro",
      "type": "TAB",
      "url": "https://tabs.ultimate-guitar.com/tab/vinnie-moore/cryptic-dreams-tabs-793469",
      "file_path": null,
      "metadata": {}
    },
    "712127": {
      "id": "712127",
      "title": "Cryptic Dreams",
      "type": "PRO",
      "url": "https://tabs.ultimate-guitar.com/tab/vinnie-moore/cryptic-dreams-guitar-pro-712127",
      "file_path": null,
      "metadata": {}
    },
    "514975": {
      "id": "514975",
      "title": "Daydream",
      "type": "TAB",
      "url": "https://tabs.ultimate-guitar.com/tab/vinnie-moore/daydream-tabs-514975",
      "file_path": null,
      "metadata": {}
    },
    "316344": {
      "id": "316344",
      "title": "Daydream",
      "type": "PWR",
      "url": "https://tabs.ultimate-guitar.com/tab/vinnie-moore/daydream-power-316344",
      "file_path": null,
      "metadata": {}
    },
    "815071": {
      "id": "815071",
      "title": "Deep Sea",
      "type": "PRO",
      "url": "https://tabs.ultimate-guitar.com/tab/vinnie-moore/deep-sea-guitar-pro-815071",
      "file_path": null,
      "metadata": {}
    },
    "92891": {
      "id": "92891",
      "title": "Defying Gravity  Solo",
      "type": "TAB",
      "url": "https://tabs.ultimate-guitar.com/tab/vinnie-moore/defying-gravity-tabs-92891",
      "file_path": null,
      "metadata": {}
    },
    "1235772": {
      "id": "1235772",
      "title": "Defying Gravity",
      "type": "PRO",
      "url": "https://tabs.ultimate-guitar.com/tab/vinnie-moore/defying-gravity-guitar-pro-1235772",
      "file_path": null,
      "metadata": {}
    },
    "1127850": {
      "id": "1127850",
      "title": "Emotion Overload  Intro",
      "type": "PRO",
      "url": "https://tabs.ultimate-guitar.com/tab/vinnie-moore/emotion-overload-guitar-pro-1127850",
      "file_path": null,
      "metadata": {}
    },
    "1517547": {
      "id": "1517547",
      "title": "Fear And Trepidation",
      "type": "PRO",
      "url": "https://tabs.ultimate-guitar.com/tab/vinnie-moore/fear-and-trepidation-guitar-pro-1517547",
      "file_path": null,
      "metadata": {}
    },
    "1836630": {
      "id": "1836630",
      "title": "Free",
      "type": "PRO",
      "url": "https://tabs.ultimate-guitar.com/tab/vinnie-moore/free-guitar-pro-1836630",
      "file_path": null,
      "metadata": {}
    },
    "226052": {
      "id": "226052",
      "title": "Hero Without Honor",
      "type": "PRO",
      "url": "https://tabs.ultimate-guitar.com/tab/vinnie-moore/hero-without-honor-guitar-pro-226052",
      "file_path": null,
      "metadata": {}
    },
    "226066": {
      "id": "226066",
      "title": "Hero Without Honor (ver 2)",
      "type": "PRO",
      "url": "https://tabs.ultimate-guitar.com/tab/vinnie-moore/hero-without-honor-guitar-pro-226066",
      "file_path": null,
      "metadata": {}
    },
    "1820451": {
      "id": "1820451",
      "title": "Hero Without Honor (ver 3)",
      "type": "PRO",
      "url": "https://tabs.ultimate-guitar.com/tab/vinnie-moore/hero-without-honor-guitar-pro-1820451",
      "file_path": null,
      "metadata": {}
    },
    "226056": {
      "id": "226056",
      "title": "In Control (ver 2)",
      "type": "PRO",
      "url": "https://tabs.ultimate-guitar.com/tab/vinnie-moore/in-control-guitar-pro-226056",
      "file_path": null,
      "metadata": {}
    },
    "2177963": {
      "id": "2177963",
      "title": "In The Healing Garden",
      "type": "PRO",
      "url": "https://tabs.ultimate-guitar.com/tab/vinnie-moore/in-the-healing-garden-guitar-pro-2177963",
      "file_path": null,
      "metadata": {}
    },
    "226071": {
      "id": "226071",
      "title": "Into The Future",
      "type": "PRO",
      "url": "https://tabs.ultimate-guitar.com/tab/vinnie-moore/into-the-future-guitar-pro-226071",
      "file_path": null,
      "metadata": {}
    },
    "961981": {
      "id": "961981",
      "title": "Into The Future (ver 2)",
      "type": "PRO",
      "url": "https://tabs.ultimate-guitar.com/tab/vinnie-moore/into-the-future-guitar-pro-961981",
      "file_path": null,
      "metadata": {}
    },
    "2040806": {
      "id": "2040806",
      "title": "Jumpin At Shadows",
      "type": "PRO",
      "url": "https://tabs.ultimate-guitar.com/tab/vinnie-moore/jumpin-at-shadows-guitar-pro-2040806",
      "file_path": null,
      "metadata": {}
    },
    "942325": {
      "id": "942325",
      "title": "King Of Kings",
      "type": "PRO",
      "url": "https://tabs.ultimate-guitar.com/tab/vinnie-moore/king-of-kings-guitar-pro-942325",
      "file_path": null,
      "metadata": {}
    },
    "316345": {
      "id": "316345",
      "title": "King Of Kings",
      "type": "PWR",
      "url": "https://tabs.ultimate-guitar.com/tab/vinnie-moore/king-of-kings-power-316345",
      "file_path": null,
      "metadata": {}
    },
    "226058": {
      "id": "226058",
      "title": "Lets Go",
      "type": "PRO",
      "url": "https://tabs.ultimate-guitar.com/tab/vinnie-moore/lets-go-guitar-pro-226058",
      "file_path": null,
      "metadata": {}
    },
    "226060": {
      "id": "226060",
      "title": "Lifeforce (ver 2)",
      "type": "PRO",
      "url": "https://tabs.ultimate-guitar.com/tab/vinnie-moore/lifeforce-guitar-pro-226060",
      "file_path": null,
      "metadata": {}
    },
    "676770": {
      "id": "676770",
      "title": "Lifeforce (ver 3)",
      "type": "PRO",
      "url": "https://tabs.ultimate-guitar.com/tab/vinnie-moore/lifeforce-guitar-pro-676770",
      "file_path": null,
      "metadata": {}
    },
    "1843327": {
      "id": "1843327",
      "title": "Lifeforce (ver 4)",
      "type": "PRO",
      "url": "https://tabs.ultimate-guitar.com/tab/vinnie-moore/lifeforce-guitar-pro-1843327",
      "file_path": null,
      "metadata": {}
    },
    "4980559": {
      "id": "4980559",
      "title": "Lifeforce (ver 5)",
      "type": "PRO",
      "url": "https://tabs.ultimate-guitar.com/tab/vinnie-moore/lifeforce-guitar-pro-4980559",
      "file_path": null,
      "metadata": {}
    },
    "316346": {
      "id": "316346",
      "title": "Lifeforce",
      "type": "PWR",
      "url": "https://tabs.ultimate-guitar.com/tab/vinnie-moore/lifeforce-power-316346",
      "file_path": null,
      "metadata": {}
    },
    "226062": {
      "id": "226062",
      "title": "Meltdown",
      "type": "PRO",
      "url": "https://tabs.ultimate-guitar.com/tab/vinnie-moore/meltdown-guitar-pro-226062",
      "file_path": null,
      "metadata": {}
    },
    "672200": {
      "id": "672200",
      "title": "Meltdown (ver 2)",
      "type": "PRO",
      "url": "https://tabs.ultimate-guitar.com/tab/vinnie-moore/meltdown-guitar-pro-672200",
      "file_path": null,
      "metadata": {}
    },
    "316347": {
      "id": "316347",
      "title": "Meltdown",
      "type": "PWR",
      "url": "https://tabs.ultimate-guitar.com/tab/vinnie-moore/meltdown-power-316347",
      "file_path": null,
      "metadata": {}
    },
    "226063": {
      "id": "226063",
      "title": "Message In A Dream",
      "type": "PRO",
      "url": "https://tabs.ultimate-guitar.com/tab/vinnie-moore/message-in-a-dream-guitar-pro-226063",
      "file_path": null,
      "metadata": {}
    },
    "226064": {
      "id": "226064",
      "title": "Minds Eye",
      "type": "PRO",
      "url": "https://tabs.ultimate-guitar.com/tab/vinnie-moore/minds-eye-guitar-pro-226064",
      "file_path": null,
      "metadata": {}
    },
    "226065": {
      "id": "226065",
      "title": "Minds Eye (ver 2)",
      "type": "PRO",
      "url": "https://tabs.ultimate-guitar.com/tab/vinnie-moore/minds-eye-guitar-pro-226065",
      "file_path": null,
      "metadata": {}
    },
    "226068": {
      "id": "226068",
      "title": "Morning Star (ver 2)",
      "type": "PRO",
      "url": "https://tabs.ultimate-guitar.com/tab/vinnie-moore/morning-star-guitar-pro-226068",
      "file_path": null,
      "metadata": {}
    },
    "1166049": {
      "id": "1166049",
      "title": "Morning Star (ver 3)",
      "type": "PRO",
      "url": "https://tabs.ultimate-guitar.com/tab/vinnie-moore/morning-star-guitar-pro-1166049",
      "file_path": null,
      "metadata": {}
    },
    "1776841": {
      "id": "1776841",
      "title": "Morning Star (ver 4)",
      "type": "PRO",
      "url": "https://tabs.ultimate-guitar.com/tab/vinnie-moore/morning-star-guitar-pro-1776841",
      "file_path": null,
      "metadata": {}
    },
    "2837894": {
      "id": "2837894",
      "title": "Morning Star (ver 5)",
      "type": "PRO",
      "url": "https://tabs.ultimate-guitar.com/tab/vinnie-moore/morning-star-guitar-pro-2837894",
      "file_path": null,
      "metadata": {}
    },
    "3745742": {
      "id": "3745742",
      "title": "Morning Star (ver 6)",
      "type": "PRO",
      "url": "https://tabs.ultimate-guitar.com/tab/vinnie-moore/morning-star-guitar-pro-3745742",
      "file_path": null,
      "metadata": {}
    },
    "316348": {
      "id": "316348",
      "title": "Morning Star",
      "type": "PWR",
      "url": "https://tabs.ultimate-guitar.com/tab/vinnie-moore/morning-star-power-316348",
      "file_path": null,
      "metadata": {}
    },
    "3425240": {
      "id": "3425240",
      "title": "Move That Thang",
      "type": "PRO",
      "url": "https://tabs.ultimate-guitar.com/tab/vinnie-moore/move-that-thang-guitar-pro-3425240",
      "file_path": null,
      "metadata": {}
    },
    "226069": {
      "id": "226069",
      "title": "Nny",
      "type": "PRO",
      "url": "https://tabs.ultimate-guitar.com/tab/vinnie-moore/nny-guitar-pro-226069",
      "file_path": null,
      "metadata": {}
    },
    "596307": {
      "id": "596307",
      "title": "Nny (ver 2)",
      "type": "PRO",
      "url": "https://tabs.ultimate-guitar.com/tab/vinnie-moore/nny-guitar-pro-596307",
      "file_path": null,
      "metadata": {}
    },
    "2040810": {
      "id": "2040810",
      "title": "Nothings The Same",
      "type": "PRO",
      "url": "https://tabs.ultimate-guitar.com/tab/vinnie-moore/nothings-the-same-guitar-pro-2040810",
      "file_path": null,
      "metadata": {}
    },
    "2028720": {
      "id": "2028720",
      "title": "One Day",
      "type": "PRO",
      "url": "https://tabs.ultimate-guitar.com/tab/vinnie-moore/one-day-guitar-pro-2028720",
      "file_path": null,
      "metadata": {}
    },
    "2028722": {
      "id": "2028722",
      "title": "Only Fool In Town",
      "type": "PRO",
      "url": "https://tabs.ultimate-guitar.com/tab/vinnie-moore/only-fool-in-town-guitar-pro-2028722",
      "file_path": null,
      "metadata": {}
    },
    "2028724": {
      "id": "2028724",
      "title": "Out In The Fields",
      "type": "PRO",
      "url": "https://tabs.ultimate-guitar.com/tab/vinnie-moore/out-in-the-fields-guitar-pro-2028724",
      "file_path": null,
      "metadata": {}
    },
    "889979": {
      "id": "889979",
      "title": "Over My Head",
      "type": "PRO",
      "url": "https://tabs.ultimate-guitar.com/tab/vinnie-moore/over-my-head-guitar-pro-889979",
      "file_path": null,
      "metadata": {}
    },
    "2028730": {
      "id": "2028730",
      "title": "Parisienne Walkways",
      "type": "PRO",
      "url": "https://tabs.ultimate-guitar.com/tab/vinnie-moore/parisienne-walkways-guitar-pro-2028730",
      "file_path": null,
      "metadata": {}
    },
    "226070": {
      "id": "226070",
      "title": "Pieces Of A Picture",
      "type": "PRO",
      "url": "https://tabs.ultimate-guitar.com/tab/vinnie-moore/pieces-of-a-picture-guitar-pro-226070",
      "file_path": null,
      "metadata": {}
    },
    "1102119": {
      "id": "1102119",
      "title": "Pieces Of A Picture (ver 2)",
      "type": "PRO",
      "url": "https://tabs.ultimate-guitar.com/tab/vinnie-moore/pieces-of-a-picture-guitar-pro-1102119",
      "file_path": null,
      "metadata": {}
    },
    "1196325": {
      "id": "1196325",
      "title": "Race With Destiny",
      "type": "TAB",
      "url": "https://tabs.ultimate-guitar.com/tab/vinnie-moore/race-with-destiny-tabs-1196325",
      "file_path": null,
      "metadata": {}
    },
    "226072": {
      "id": "226072",
      "title": "Race With Destiny",
      "type": "PRO",
      "url": "https://tabs.ultimate-guitar.com/tab/vinnie-moore/race-with-destiny-guitar-pro-226072",
      "file_path": null,
      "metadata": {}
    },
    "226073": {
      "id": "226073",
      "title": "Race With Destiny (ver 2)",
      "type": "PRO",
      "url": "https://tabs.ultimate-guitar.com/tab/vinnie-moore/race-with-destiny-guitar-pro-226073",
      "file_path": null,
      "metadata": {}
    },
    "226074": {
      "id": "226074",
      "title": "Race With Destiny (ver 3)",
      "type": "PRO",
      "url": "https://tabs.ultimate-guitar.com/tab/vinnie-moore/race-with-destiny-guitar-pro-226074",
      "file_path": null,
      "metadata": {}
    },
    "2028732": {
      "id": "2028732",
      "title": "Reach For The Sky",
      "type": "PRO",
      "url": "https://tabs.ultimate-guitar.com/tab/vinnie-moore/reach-for-the-sky-guitar-pro-2028732",
      "file_path": null,
      "metadata": {}
    },
    "2028734": {
      "id": "2028734",
      "title": "Remember",
      "type": "PRO",
      "url": "https://tabs.ultimate-guitar.com/tab/vinnie-moore/remember-guitar-pro-2028734",
      "file_path": null,
      "metadata": {}
    },
    "709605": {
      "id": "709605",
      "title": "Ridin High",
      "type": "PRO",
      "url": "https://tabs.ultimate-guitar.com/tab/vinnie-moore/ridin-high-guitar-pro-709605",
      "file_path": null,
      "metadata": {}
    },
    "2028736": {
      "id": "2028736",
      "title": "Ridin High (ver 2)",
      "type": "PRO",
      "url": "https://tabs.ultimate-guitar.com/tab/vinnie-moore/ridin-high-guitar-pro-2028736",
      "file_path": null,
      "metadata": {}
    },
    "2028738": {
      "id": "2028738",
      "title": "Run For Cover",
      "type": "PRO",
      "url": "https://tabs.ultimate-guitar.com/tab/vinnie-moore/run-for-cover-guitar-pro-2028738",
      "file_path": null,
      "metadata": {}
    },
    "226082": {
      "id": "226082",
      "title": "Saved By A Miracle  Intro",
      "type": "PRO",
      "url": "https://tabs.ultimate-guitar.com/tab/vinnie-moore/saved-by-a-miracle-guitar-pro-226082",
      "file_path": null,
      "metadata": {}
    },
    "257472": {
      "id": "257472",
      "title": "Saved By A Miracle",
      "type": "PRO",
      "url": "https://tabs.ultimate-guitar.com/tab/vinnie-moore/saved-by-a-miracle-guitar-pro-257472",
      "file_path": null,
      "metadata": {}
    },
    "673595": {
      "id": "673595",
      "title": "Saved By A Miracle (ver 2)",
      "type": "PRO",
      "url": "https://tabs.ultimate-guitar.com/tab/vinnie-moore/saved-by-a-miracle-guitar-pro-673595",
      "file_path": null,
      "metadata": {}
    },
    "705063": {
      "id": "705063",
      "title": "Saved By A Miracle (ver 3)",
      "type": "PRO",
      "url": "https://tabs.ultimate-guitar.com/tab/vinnie-moore/saved-by-a-miracle-guitar-pro-705063",
      "file_path": null,
      "metadata": {}
    },
    "226077": {
      "id": "226077",
      "title": "Shadows Of Yesterday",
      "type": "PRO",
      "url": "https://tabs.ultimate-guitar.com/tab/vinnie-moore/shadows-of-yesterday-guitar-pro-226077",
      "file_path": null,
      "metadata": {}
    },
    "4625966": {
      "id": "4625966",
      "title": "Shadows Of Yesterday (ver 2)",
      "type": "PRO",
      "url": "https://tabs.ultimate-guitar.com/tab/vinnie-moore/shadows-of-yesterday-guitar-pro-4625966",
      "file_path": null,
      "metadata": {}
    },
    "1131212": {
      "id": "1131212",
      "title": "Shes Only Sleeping  Intro",
      "type": "PRO",
      "url": "https://tabs.ultimate-guitar.com/tab/vinnie-moore/shes-only-sleeping-guitar-pro-1131212",
      "file_path": null,
      "metadata": {}
    },
    "2028746": {
      "id": "2028746",
      "title": "Spanish Guitar",
      "type": "PRO",
      "url": "https://tabs.ultimate-guitar.com/tab/vinnie-moore/spanish-guitar-guitar-pro-2028746",
      "file_path": null,
      "metadata": {}
    },
    "990115": {
      "id": "990115",
      "title": "Speed Accuracy And Articulation",
      "type": "PRO",
      "url": "https://tabs.ultimate-guitar.com/tab/vinnie-moore/speed-accuracy-and-articulation-guitar-pro-990115",
      "file_path": null,
      "metadata": {}
    },
    "858995": {
      "id": "858995",
      "title": "Speed Accuracy And Articulation",
      "type": "PWR",
      "url": "https://tabs.ultimate-guitar.com/tab/vinnie-moore/speed-accuracy-and-articulation-power-858995",
      "file_path": null,
      "metadata": {}
    },
    "1727211": {
      "id": "1727211",
      "title": "Speed Picking",
      "type": "PRO",
      "url": "https://tabs.ultimate-guitar.com/tab/vinnie-moore/speed-picking-guitar-pro-1727211",
      "file_path": null,
      "metadata": {}
    },
    "2028750": {
      "id": "2028750",
      "title": "Still Got The Blues",
      "type": "PRO",
      "url": "https://tabs.ultimate-guitar.com/tab/vinnie-moore/still-got-the-blues-guitar-pro-2028750",
      "file_path": null,
      "metadata": {}
    },
    "2028752": {
      "id": "2028752",
      "title": "Still Got The Blues (ver 2)",
      "type": "PRO",
      "url": "https://tabs.ultimate-guitar.com/tab/vinnie-moore/still-got-the-blues-guitar-pro-2028752",
      "file_path": null,
      "metadata": {}
    },
    "226078": {
      "id": "226078",
      "title": "The Journey",
      "type": "PRO",
      "url": "https://tabs.ultimate-guitar.com/tab/vinnie-moore/the-journey-guitar-pro-226078",
      "file_path": null,
      "metadata": {}
    },
    "581551": {
      "id": "581551",
      "title": "The Journey (ver 2)",
      "type": "PRO",
      "url": "https://tabs.ultimate-guitar.com/tab/vinnie-moore/the-journey-guitar-pro-581551",
      "file_path": null,
      "metadata": {}
    },
    "1060932": {
      "id": "1060932",
      "title": "The Maze (ver 2)",
      "type": "PRO",
      "url": "https://tabs.ultimate-guitar.com/tab/vinnie-moore/the-maze-guitar-pro-1060932",
      "file_path": null,
      "metadata": {}
    },
    "316349": {
      "id": "316349",
      "title": "The Maze",
      "type": "PWR",
      "url": "https://tabs.ultimate-guitar.com/tab/vinnie-moore/the-maze-power-316349",
      "file_path": null,
      "metadata": {}
    },
    "2028764": {
      "id": "2028764",
      "title": "The Story Of The Blues",
      "type": "PRO",
      "url": "https://tabs.ultimate-guitar.com/tab/vinnie-moore/the-story-of-the-blues-guitar-pro-2028764",
      "file_path": null,
      "metadata": {}
    },
    "37275": {
      "id": "37275",
      "title": "The Tempest",
      "type": "TAB",
      "url": "https://tabs.ultimate-guitar.com/tab/vinnie-moore/the-tempest-tabs-37275",
      "file_path": null,
      "metadata": {}
    },
    "226079": {
      "id": "226079",
      "title": "The Tempest",
      "type": "PRO",
      "url": "https://tabs.ultimate-guitar.com/tab/vinnie-moore/the-tempest-guitar-pro-226079",
      "file_path": null,
      "metadata": {}
    },
    "1020211": {
      "id": "1020211",
      "title": "The Tempest (ver 2)",
      "type": "PRO",
      "url": "https://tabs.ultimate-guitar.com/tab/vinnie-moore/the-tempest-guitar-pro-1020211",
      "file_path": null,
      "metadata": {}
    },
    "967635": {
      "id": "967635",
      "title": "The Thinking Machine  Intro",
      "type": "TAB",
      "url": "https://tabs.ultimate-guitar.com/tab/vinnie-moore/the-thinking-machine-tabs-967635",
      "file_path": null,
      "metadata": {}
    },
    "226080": {
      "id": "226080",
      "title": "The Thinking Machine",
      "type": "PRO",
      "url": "https://tabs.ultimate-guitar.com/tab/vinnie-moore/the-thinking-machine-guitar-pro-226080",
      "file_path": null,
      "metadata": {}
    },
    "226081": {
      "id": "226081",
      "title": "The Voice Within",
      "type": "PRO",
      "url": "https://tabs.ultimate-guitar.com/tab/vinnie-moore/the-voice-within-guitar-pro-226081",
      "file_path": null,
      "metadata": {}
    },
    "2028766": {
      "id": "2028766",
      "title": "Thunderball",
      "type": "PRO",
      "url": "https://tabs.ultimate-guitar.com/tab/vinnie-moore/thunderball-guitar-pro-2028766",
      "file_path": null,
      "metadata": {}
    },
    "2028768": {
      "id": "2028768",
      "title": "Victims Of The Future",
      "type": "PRO",
      "url": "https://tabs.ultimate-guitar.com/tab/vinnie-moore/victims-of-the-future-guitar-pro-2028768",
      "file_path": null,
      "metadata": {}
    },
    "823825": {
      "id": "823825",
      "title": "While My Guitar Gently Weeps (ver 2)",
      "type": "PRO",
      "url": "https://tabs.ultimate-guitar.com/tab/vinnie-moore/while-my-guitar-gently-weeps-guitar-pro-823825",
      "file_path": null,
      "metadata": {}
    },
    "3103886": {
      "id": "3103886",
      "title": "While My Guitar Gently Weeps (ver 3)",
      "type": "PRO",
      "url": "https://tabs.ultimate-guitar.com/tab/vinnie-moore/while-my-guitar-gently-weeps-guitar-pro-3103886",
      "file_path": null,
      "metadata": {}
    },
    "316350": {
      "id": "316350",
      "title": "While My Guitar Gently Weeps",
      "type": "PWR",
      "url": "https://tabs.ultimate-guitar.com/tab/vinnie-moore/while-my-guitar-gently-weeps-power-316350",
      "file_path": null,
      "metadata": {}
    },
    "2028770": {
      "id": "2028770",
      "title": "Wild Frontier",
      "type": "PRO",
      "url": "https://tabs.ultimate-guitar.com/tab/vinnie-moore/wild-frontier-guitar-pro-2028770",
      "file_path": null,
      "metadata": {}
    },
    "1714702": {
      "id": "1714702",
      "title": "Winter Sun",
      "type": "PRO",
      "url": "https://tabs.ultimate-guitar.com/tab/vinnie-moore/winter-sun-guitar-pro-1714702",
      "file_path": null,
      "metadata": {}
    }
  }
}