{
  "id": "103411",
  "name": "Once On This Island",
  "url": "https://www.ultimate-guitar.com/artist/once_on_this_island_103411",
  "tabs": {
    "2785417": {
      "id": "2785417",
      "title": "Forever Yours",
      "type": "CRD",
      "url": "https://tabs.ultimate-guitar.com/tab/once-on-this-island/forever-yours-chords-2785417",
      "file_path": null,
      "metadata": {}
    },
    "3781631": {
      "id": "3781631",
      "title": "Human Heart",
      "type": "CRD",
      "url": "https://tabs.ultimate-guitar.com/tab/once-on-this-island/human-heart-chords-3781631",
      "file_path": null,
      "metadata": {}
    },
    "4158622": {
      "id": "4158622",
      "title": "Some Girls",
      "type": "UKE",
      "url": "https://tabs.ultimate-guitar.com/tab/once-on-this-island/some-girls-ukulele-4158622",
      "file_path": null,
      "metadata": {}
    }
  }
}