{
  "id": "10547",
  "name": "Bruce Hornsby",
  "url": "https://www.ultimate-guitar.com/artist/bruce_hornsby_10547",
  "tabs": {
    "727958": {
      "id": "727958",
      "title": "The Way It Is",
      "type": "CRD",
      "url": "https://tabs.ultimate-guitar.com/tab/bruce-hornsby/the-way-it-is-chords-727958",
      "file_path": null,
      "metadata": {}
    },
    "639195": {
      "id": "639195",
      "title": "The Way It Is  Intro",
      "type": "TAB",
      "url": "https://tabs.ultimate-guitar.com/tab/bruce-hornsby/the-way-it-is-tabs-639195",
      "file_path": null,
      "metadata": {}
    },
    "544148": {
      "id": "544148",
      "title": "The Way It Is",
      "type": "PRO",
      "url": "https://tabs.ultimate-guitar.com/tab/bruce-hornsby/the-way-it-is-guitar-pro-544148",
      "file_path": null,
      "metadata": {}
    },
    "976188": {
      "id": "976188",
      "title": "Every Little Kiss",
      "type": "TAB",
      "url": "https://tabs.ultimate-guitar.com/tab/bruce-hornsby/every-little-kiss-tabs-976188",
      "file_path": null,
      "metadata": {}
    },
    "1757887": {
      "id": "1757887",
      "title": "The Valley Road",
      "type": "CRD",
      "url": "https://tabs.ultimate-guitar.com/tab/bruce-hornsby/the-valley-road-chords-1757887",
      "file_path": null,
      "metadata": {}
    },
    "2258039": {
      "id": "2258039",
      "title": "Every Little Kiss",
      "type": "CRD",
      "url": "https://tabs.ultimate-guitar.com/tab/bruce-hornsby/every-little-kiss-chords-2258039",
      "file_path": null,
      "metadata": {}
    },
    "1680083": {
      "id": "1680083",
      "title": "The Way It Is",
      "type": "BASS",
      "url": "https://tabs.ultimate-guitar.com/tab/bruce-hornsby/the-way-it-is-bass-1680083",
      "file_path": null,
      "metadata": {}
    },
    "1152853": {
      "id": "1152853",
      "title": "Look Out Any Window",
      "type": "CRD",
      "url": "https://tabs.ultimate-guitar.com/tab/bruce-hornsby/look-out-any-window-chords-1152853",
      "file_path": null,
      "metadata": {}
    },
    "710153": {
      "id": "710153",
      "title": "Fields Of Gray",
      "type": "TAB",
      "url": "https://tabs.ultimate-guitar.com/tab/bruce-hornsby/fields-of-gray-tabs-710153",
      "file_path": null,
      "metadata": {}
    },
    "2345313": {
      "id": "2345313",
      "title": "Across The River",
      "type": "CRD",
      "url": "https://tabs.ultimate-guitar.com/tab/bruce-hornsby/across-the-river-chords-2345313",
      "file_path": null,
      "metadata": {}
    },
    "4827602": {
      "id": "4827602",
      "title": "Circus On The Moon",
      "type": "CRD",
      "url": "https://tabs.ultimate-guitar.com/tab/bruce-hornsby/circus-on-the-moon-chords-4827602",
      "file_path": null,
      "metadata": {}
    },
    "1124982": {
      "id": "1124982",
      "title": "Cyclone",
      "type": "CRD",
      "url": "https://tabs.ultimate-guitar.com/tab/bruce-hornsby/cyclone-chords-1124982",
      "file_path": null,
      "metadata": {}
    },
    "3272183": {
      "id": "3272183",
      "title": "Defenders Of The Flag",
      "type": "CRD",
      "url": "https://tabs.ultimate-guitar.com/tab/bruce-hornsby/defenders-of-the-flag-chords-3272183",
      "file_path": null,
      "metadata": {}
    },
    "2403691": {
      "id": "2403691",
      "title": "Down The Road Tonight",
      "type": "CRD",
      "url": "https://tabs.ultimate-guitar.com/tab/bruce-hornsby/down-the-road-tonight-chords-2403691",
      "file_path": null,
      "metadata": {}
    },
    "4562093": {
      "id": "4562093",
      "title": "Every Little Kiss (ver 2)",
      "type": "CRD",
      "url": "https://tabs.ultimate-guitar.com/tab/bruce-hornsby/every-little-kiss-chords-4562093",
      "file_path": null,
      "metadata": {}
    },
    "4112563": {
      "id": "4112563",
      "title": "Fields Of Gray",
      "type": "CRD",
      "url": "https://tabs.ultimate-guitar.com/tab/bruce-hornsby/fields-of-gray-chords-4112563",
      "file_path": null,
      "metadata": {}
    },
    "1824368": {
      "id": "1824368",
      "title": "Fire On The Cross",
      "type": "CRD",
      "url": "https://tabs.ultimate-guitar.com/tab/bruce-hornsby/fire-on-the-cross-chords-1824368",
      "file_path": null,
      "metadata": {}
    },
    "3470762": {
      "id": "3470762",
      "title": "Fortunate Son  Intro",
      "type": "TAB",
      "url": "https://tabs.ultimate-guitar.com/tab/bruce-hornsby/fortunate-son-tabs-3470762",
      "file_path": null,
      "metadata": {}
    },
    "172809": {
      "id": "172809",
      "title": "I Will Walk With You",
      "type": "CRD",
      "url": "https://tabs.ultimate-guitar.com/tab/bruce-hornsby/i-will-walk-with-you-chords-172809",
      "file_path": null,
      "metadata": {}
    },
    "1804550": {
      "id": "1804550",
      "title": "In The Low Country",
      "type": "CRD",
      "url": "https://tabs.ultimate-guitar.com/tab/bruce-hornsby/in-the-low-country-chords-1804550",
      "file_path": null,
      "metadata": {}
    },
    "1980675": {
      "id": "1980675",
      "title": "King Of The Hill",
      "type": "CRD",
      "url": "https://tabs.ultimate-guitar.com/tab/bruce-hornsby/king-of-the-hill-chords-1980675",
      "file_path": null,
      "metadata": {}
    },
    "4975624": {
      "id": "4975624",
      "title": "Lady With A Fan",
      "type": "CRD",
      "url": "https://tabs.ultimate-guitar.com/tab/bruce-hornsby/lady-with-a-fan-chords-4975624",
      "file_path": null,
      "metadata": {}
    },
    "1834207": {
      "id": "1834207",
      "title": "Line In The Dust",
      "type": "CRD",
      "url": "https://tabs.ultimate-guitar.com/tab/bruce-hornsby/line-in-the-dust-chords-1834207",
      "file_path": null,
      "metadata": {}
    },
    "3497723": {
      "id": "3497723",
      "title": "Look Out Any Window (ver 2)",
      "type": "CRD",
      "url": "https://tabs.ultimate-guitar.com/tab/bruce-hornsby/look-out-any-window-chords-3497723",
      "file_path": null,
      "metadata": {}
    },
    "2400403": {
      "id": "2400403",
      "title": "Lost Soul",
      "type": "CRD",
      "url": "https://tabs.ultimate-guitar.com/tab/bruce-hornsby/lost-soul-chords-2400403",
      "file_path": null,
      "metadata": {}
    },
    "974002": {
      "id": "974002",
      "title": "Mandolin Rain",
      "type": "CRD",
      "url": "https://tabs.ultimate-guitar.com/tab/bruce-hornsby/mandolin-rain-chords-974002",
      "file_path": null,
      "metadata": {}
    },
    "1049600": {
      "id": "1049600",
      "title": "Mandolin Rain (ver 2)",
      "type": "CRD",
      "url": "https://tabs.ultimate-guitar.com/tab/bruce-hornsby/mandolin-rain-chords-1049600",
      "file_path": null,
      "metadata": {}
    },
    "1168161": {
      "id": "1168161",
      "title": "Mandolin Rain (ver 3)",
      "type": "CRD",
      "url": "https://tabs.ultimate-guitar.com/tab/bruce-hornsby/mandolin-rain-chords-1168161",
      "file_path": null,
      "metadata": {}
    },
    "1191599": {
      "id": "1191599",
      "title": "Mandolin Rain (ver 4)",
      "type": "CRD",
      "url": "https://tabs.ultimate-guitar.com/tab/bruce-hornsby/mandolin-rain-chords-1191599",
      "file_path": null,
      "metadata": {}
    },
    "2417163": {
      "id": "2417163",
      "title": "Mandolin Rain (ver 5)",
      "type": "CRD",
      "url": "https://tabs.ultimate-guitar.com/tab/bruce-hornsby/mandolin-rain-chords-2417163",
      "file_path": null,
      "metadata": {}
    },
    "3589250": {
      "id": "3589250",
      "title": "Mandolin Rain  Intro",
      "type": "TAB",
      "url": "https://tabs.ultimate-guitar.com/tab/bruce-hornsby/mandolin-rain-tabs-3589250",
      "file_path": null,
      "metadata": {}
    },
    "1354518": {
      "id": "1354518",
      "title": "Mandolin Rain",
      "type": "UKE",
      "url": "https://tabs.ultimate-guitar.com/tab/bruce-hornsby/mandolin-rain-ukulele-1354518",
      "file_path": null,
      "metadata": {}
    },
    "3330233": {
      "id": "3330233",
      "title": "My Resolve",
      "type": "CRD",
      "url": "https://tabs.ultimate-guitar.com/tab/bruce-hornsby/my-resolve-chords-3330233",
      "file_path": null,
      "metadata": {}
    },
    "37623": {
      "id": "37623",
      "title": "On The Western Skyline",
      "type": "TAB",
      "url": "https://tabs.ultimate-guitar.com/tab/bruce-hornsby/on-the-western-skyline-tabs-37623",
      "file_path": null,
      "metadata": {}
    },
    "1124986": {
      "id": "1124986",
      "title": "Rainbows Cadillac",
      "type": "CRD",
      "url": "https://tabs.ultimate-guitar.com/tab/bruce-hornsby/rainbows-cadillac-chords-1124986",
      "file_path": null,
      "metadata": {}
    },
    "1824343": {
      "id": "1824343",
      "title": "Resting Place",
      "type": "CRD",
      "url": "https://tabs.ultimate-guitar.com/tab/bruce-hornsby/resting-place-chords-1824343",
      "file_path": null,
      "metadata": {}
    },
    "5775206": {
      "id": "5775206",
      "title": "See The Same Way",
      "type": "CRD",
      "url": "https://tabs.ultimate-guitar.com/tab/bruce-hornsby/see-the-same-way-chords-5775206",
      "file_path": null,
      "metadata": {}
    },
    "1855660": {
      "id": "1855660",
      "title": "Sunlight Moon",
      "type": "CRD",
      "url": "https://tabs.ultimate-guitar.com/tab/bruce-hornsby/sunlight-moon-chords-1855660",
      "file_path": null,
      "metadata": {}
    },
    "5321298": {
      "id": "5321298",
      "title": "The End Of The Innocence",
      "type": "CRD",
      "url": "https://tabs.ultimate-guitar.com/tab/bruce-hornsby/the-end-of-the-innocence-chords-5321298",
      "file_path": null,
      "metadata": {}
    },
    "1757395": {
      "id": "1757395",
      "title": "The Long Race",
      "type": "CRD",
      "url": "https://tabs.ultimate-guitar.com/tab/bruce-hornsby/the-long-race-chords-1757395",
      "file_path": null,
      "metadata": {}
    },
    "3790214": {
      "id": "3790214",
      "title": "The Longest Night  Intro",
      "type": "TAB",
      "url": "https://tabs.ultimate-guitar.com/tab/bruce-hornsby/the-longest-night-tabs-3790214",
      "file_path": null,
      "metadata": {}
    },
    "1859570": {
      "id": "1859570",
      "title": "The Old Playground",
      "type": "CRD",
      "url": "https://tabs.ultimate-guitar.com/tab/bruce-hornsby/the-old-playground-chords-1859570",
      "file_path": null,
      "metadata": {}
    },
    "3560540": {
      "id": "3560540",
      "title": "The Show Goes On",
      "type": "CRD",
      "url": "https://tabs.ultimate-guitar.com/tab/bruce-hornsby/the-show-goes-on-chords-3560540",
      "file_path": null,
      "metadata": {}
    },
    "4223524": {
      "id": "4223524",
      "title": "The Valley Road (ver 2)",
      "type": "CRD",
      "url": "https://tabs.ultimate-guitar.com/tab/bruce-hornsby/the-valley-road-chords-4223524",
      "file_path": null,
      "metadata": {}
    },
    "952859": {
      "id": "952859",
      "title": "The Way It Is (ver 2)",
      "type": "CRD",
      "url": "https://tabs.ultimate-guitar.com/tab/bruce-hornsby/the-way-it-is-chords-952859",
      "file_path": null,
      "metadata": {}
    },
    "3294857": {
      "id": "3294857",
      "title": "The Way It Is",
      "type": "TAB",
      "url": "https://tabs.ultimate-guitar.com/tab/bruce-hornsby/the-way-it-is-tabs-3294857",
      "file_path": null,
      "metadata": {}
    },
    "5759834": {
      "id": "5759834",
      "title": "The Way It Is",
      "type": "UKE",
      "url": "https://tabs.ultimate-guitar.com/tab/bruce-hornsby/the-way-it-is-ukulele-5759834",
      "file_path": null,
      "metadata": {}
    },
    "1036443": {
      "id": "1036443",
      "title": "Till The Dreamings Done",
      "type": "CRD",
      "url": "https://tabs.ultimate-guitar.com/tab/bruce-hornsby/till-the-dreamings-done-chords-1036443",
      "file_path": null,
      "metadata": {}
    },
    "2611386": {
      "id": "2611386",
      "title": "Walk In The Sun",
      "type": "CRD",
      "url": "https://tabs.ultimate-guitar.com/tab/bruce-hornsby/walk-in-the-sun-chords-2611386",
      "file_path": null,
      "metadata": {}
    },
    "3033663": {
      "id": "3033663",
      "title": "White Wheeled Limousine  Solo",
      "type": "PRO",
      "url": "https://tabs.ultimate-guitar.com/tab/bruce-hornsby/white-wheeled-limousine-guitar-pro-3033663",
      "file_path": null,
      "metadata": {}
    }
  }
}