{
  "id": "10334",
  "name": "Carrie Underwood",
  "url": "https://www.ultimate-guitar.com/artist/carrie_underwood_10334",
  "tabs": {
    "275840": {
      "id": "275840",
      "title": "Jesus Take The Wheel",
      "type": "CRD",
      "url": "https://tabs.ultimate-guitar.com/tab/carrie-underwood/jesus-take-the-wheel-chords-275840",
      "file_path": null,
      "metadata": {}
    },
    "1150707": {
      "id": "1150707",
      "title": "Blown Away",
      "type": "CRD",
      "url": "https://tabs.ultimate-guitar.com/tab/carrie-underwood/blown-away-chords-1150707",
      "file_path": null,
      "metadata": {}
    },
    "892067": {
      "id": "892067",
      "title": "Temporary Home",
      "type": "CRD",
      "url": "https://tabs.ultimate-guitar.com/tab/carrie-underwood/temporary-home-chords-892067",
      "file_path": null,
      "metadata": {}
    },
    "1152793": {
      "id": "1152793",
      "title": "See You Again",
      "type": "CRD",
      "url": "https://tabs.ultimate-guitar.com/tab/carrie-underwood/see-you-again-chords-1152793",
      "file_path": null,
      "metadata": {}
    },
    "596827": {
      "id": "596827",
      "title": "Just A Dream",
      "type": "CRD",
      "url": "https://tabs.ultimate-guitar.com/tab/carrie-underwood/just-a-dream-chords-596827",
      "file_path": null,
      "metadata": {}
    },
    "1133924": {
      "id": "1133924",
      "title": "Good Girl",
      "type": "CRD",
      "url": "https://tabs.ultimate-guitar.com/tab/carrie-underwood/good-girl-chords-1133924",
      "file_path": null,
      "metadata": {}
    },
    "1150859": {
      "id": "1150859",
      "title": "Two Black Cadillacs",
      "type": "CRD",
      "url": "https://tabs.ultimate-guitar.com/tab/carrie-underwood/two-black-cadillacs-chords-1150859",
      "file_path": null,
      "metadata": {}
    },
    "897823": {
      "id": "897823",
      "title": "Undo It",
      "type": "CRD",
      "url": "https://tabs.ultimate-guitar.com/tab/carrie-underwood/undo-it-chords-897823",
      "file_path": null,
      "metadata": {}
    },
    "418436": {
      "id": "418436",
      "title": "Dont Forget To Remember Me",
      "type": "CRD",
      "url": "https://tabs.ultimate-guitar.com/tab/carrie-underwood/dont-forget-to-remember-me-chords-418436",
      "file_path": null,
      "metadata": {}
    },
    "898351": {
      "id": "898351",
      "title": "Mamas Song",
      "type": "CRD",
      "url": "https://tabs.ultimate-guitar.com/tab/carrie-underwood/mamas-song-chords-898351",
      "file_path": null,
      "metadata": {}
    },
    "2538009": {
      "id": "2538009",
      "title": "All Is Well",
      "type": "CRD",
      "url": "https://tabs.ultimate-guitar.com/tab/michael-w-smith/all-is-well-chords-2538009",
      "file_path": null,
      "metadata": {}
    },
    "2890703": {
      "id": "2890703",
      "title": "All Is Well (ver 2)",
      "type": "CRD",
      "url": "https://tabs.ultimate-guitar.com/tab/michael-w-smith/all-is-well-chords-2890703",
      "file_path": null,
      "metadata": {}
    },
    "4001371": {
      "id": "4001371",
      "title": "All Is Well (ver 3)",
      "type": "CRD",
      "url": "https://tabs.ultimate-guitar.com/tab/michael-w-smith/all-is-well-chords-4001371",
      "file_path": null,
      "metadata": {}
    },
    "4572842": {
      "id": "4572842",
      "title": "All Is Well (ver 4)",
      "type": "CRD",
      "url": "https://tabs.ultimate-guitar.com/tab/michael-w-smith/all-is-well-chords-4572842",
      "file_path": null,
      "metadata": {}
    },
    "2972243": {
      "id": "2972243",
      "title": "All Is Well  Intro",
      "type": "TAB",
      "url": "https://tabs.ultimate-guitar.com/tab/michael-w-smith/all-is-well-tabs-2972243",
      "file_path": null,
      "metadata": {}
    },
    "1488742": {
      "id": "1488742",
      "title": "Cant Stop Lovin You",
      "type": "CRD",
      "url": "https://tabs.ultimate-guitar.com/tab/aerosmith/cant-stop-lovin-you-chords-1488742",
      "file_path": null,
      "metadata": {}
    },
    "3860405": {
      "id": "3860405",
      "title": "Dear Evan Hansen - Only Us",
      "type": "CRD",
      "url": "https://tabs.ultimate-guitar.com/tab/misc-soundtrack/dear-evan-hansen-only-us-chords-3860405",
      "file_path": null,
      "metadata": {}
    },
    "3716621": {
      "id": "3716621",
      "title": "I Wanna Remember",
      "type": "CRD",
      "url": "https://tabs.ultimate-guitar.com/tab/needtobreathe/i-wanna-remember-chords-3716621",
      "file_path": null,
      "metadata": {}
    },
    "3715985": {
      "id": "3715985",
      "title": "I Wanna Remember (ver 2)",
      "type": "CRD",
      "url": "https://tabs.ultimate-guitar.com/tab/needtobreathe/i-wanna-remember-chords-3715985",
      "file_path": null,
      "metadata": {}
    },
    "3803762": {
      "id": "3803762",
      "title": "If I Didnt Love You",
      "type": "CRD",
      "url": "https://tabs.ultimate-guitar.com/tab/jason-aldean/if-i-didnt-love-you-chords-3803762",
      "file_path": null,
      "metadata": {}
    },
    "3804923": {
      "id": "3804923",
      "title": "If I Didnt Love You (ver 2)",
      "type": "CRD",
      "url": "https://tabs.ultimate-guitar.com/tab/jason-aldean/if-i-didnt-love-you-chords-3804923",
      "file_path": null,
      "metadata": {}
    },
    "3817556": {
      "id": "3817556",
      "title": "If I Didnt Love You  Intro",
      "type": "TAB",
      "url": "https://tabs.ultimate-guitar.com/tab/jason-aldean/if-i-didnt-love-you-tabs-3817556",
      "file_path": null,
      "metadata": {}
    },
    "4110046": {
      "id": "4110046",
      "title": "If I Didnt Love You",
      "type": "PRO",
      "url": "https://tabs.ultimate-guitar.com/tab/jason-aldean/if-i-didnt-love-you-guitar-pro-4110046",
      "file_path": null,
      "metadata": {}
    },
    "5750969": {
      "id": "5750969",
      "title": "If It Was Up To Me",
      "type": "CRD",
      "url": "https://tabs.ultimate-guitar.com/tab/ben-fuller/if-it-was-up-to-me-chords-5750969",
      "file_path": null,
      "metadata": {}
    },
    "5442783": {
      "id": "5442783",
      "title": "Im Gonna Love You",
      "type": "CRD",
      "url": "https://tabs.ultimate-guitar.com/tab/cody-johnson/im-gonna-love-you-chords-5442783",
      "file_path": null,
      "metadata": {}
    },
    "5691131": {
      "id": "5691131",
      "title": "Im Gonna Love You  Solo",
      "type": "TAB",
      "url": "https://tabs.ultimate-guitar.com/tab/cody-johnson/im-gonna-love-you-tabs-5691131",
      "file_path": null,
      "metadata": {}
    },
    "1060732": {
      "id": "1060732",
      "title": "Remind Me",
      "type": "CRD",
      "url": "https://tabs.ultimate-guitar.com/tab/brad-paisley/remind-me-chords-1060732",
      "file_path": null,
      "metadata": {}
    },
    "1081260": {
      "id": "1081260",
      "title": "Remind Me (ver 2)",
      "type": "CRD",
      "url": "https://tabs.ultimate-guitar.com/tab/brad-paisley/remind-me-chords-1081260",
      "file_path": null,
      "metadata": {}
    },
    "2326987": {
      "id": "2326987",
      "title": "Remind Me (ver 3)",
      "type": "CRD",
      "url": "https://tabs.ultimate-guitar.com/tab/brad-paisley/remind-me-chords-2326987",
      "file_path": null,
      "metadata": {}
    },
    "1092415": {
      "id": "1092415",
      "title": "Remind Me  Intro",
      "type": "TAB",
      "url": "https://tabs.ultimate-guitar.com/tab/brad-paisley/remind-me-tabs-1092415",
      "file_path": null,
      "metadata": {}
    },
    "2397351": {
      "id": "2397351",
      "title": "Remind Me  Solo",
      "type": "TAB",
      "url": "https://tabs.ultimate-guitar.com/tab/brad-paisley/remind-me-tabs-2397351",
      "file_path": null,
      "metadata": {}
    },
    "1081546": {
      "id": "1081546",
      "title": "Remind Me",
      "type": "TAB",
      "url": "https://tabs.ultimate-guitar.com/tab/brad-paisley/remind-me-tabs-1081546",
      "file_path": null,
      "metadata": {}
    },
    "1108177": {
      "id": "1108177",
      "title": "Remind Me (ver 2)",
      "type": "TAB",
      "url": "https://tabs.ultimate-guitar.com/tab/brad-paisley/remind-me-tabs-1108177",
      "file_path": null,
      "metadata": {}
    },
    "1356973": {
      "id": "1356973",
      "title": "Remind Me",
      "type": "UKE",
      "url": "https://tabs.ultimate-guitar.com/tab/brad-paisley/remind-me-ukulele-1356973",
      "file_path": null,
      "metadata": {}
    },
    "4432325": {
      "id": "4432325",
      "title": "Sunday Night Football - Waiting All Day For Sunday Night",
      "type": "CRD",
      "url": "https://tabs.ultimate-guitar.com/tab/misc-television/sunday-night-football-waiting-all-day-for-sunday-night-chords-4432325",
      "file_path": null,
      "metadata": {}
    },
    "3655064": {
      "id": "3655064",
      "title": "Tears Of Gold",
      "type": "CRD",
      "url": "https://tabs.ultimate-guitar.com/tab/david-bisbal/tears-of-gold-chords-3655064",
      "file_path": null,
      "metadata": {}
    },
    "596809": {
      "id": "596809",
      "title": "All-American Girl",
      "type": "CRD",
      "url": "https://tabs.ultimate-guitar.com/tab/carrie-underwood/all-american-girl-chords-596809",
      "file_path": null,
      "metadata": {}
    },
    "1099119": {
      "id": "1099119",
      "title": "All-American Girl (ver 2)",
      "type": "CRD",
      "url": "https://tabs.ultimate-guitar.com/tab/carrie-underwood/all-american-girl-chords-1099119",
      "file_path": null,
      "metadata": {}
    },
    "1163153": {
      "id": "1163153",
      "title": "All-American Girl (ver 3)",
      "type": "CRD",
      "url": "https://tabs.ultimate-guitar.com/tab/carrie-underwood/all-american-girl-chords-1163153",
      "file_path": null,
      "metadata": {}
    },
    "1420826": {
      "id": "1420826",
      "title": "All-American Girl (ver 4)",
      "type": "CRD",
      "url": "https://tabs.ultimate-guitar.com/tab/carrie-underwood/all-american-girl-chords-1420826",
      "file_path": null,
      "metadata": {}
    },
    "1376808": {
      "id": "1376808",
      "title": "All-American Girl",
      "type": "UKE",
      "url": "https://tabs.ultimate-guitar.com/tab/carrie-underwood/all-american-girl-ukulele-1376808",
      "file_path": null,
      "metadata": {}
    },
    "673674": {
      "id": "673674",
      "title": "Angels Brought Me Here",
      "type": "CRD",
      "url": "https://tabs.ultimate-guitar.com/tab/carrie-underwood/angels-brought-me-here-chords-673674",
      "file_path": null,
      "metadata": {}
    },
    "1307162": {
      "id": "1307162",
      "title": "Angels Brought Me Here",
      "type": "UKE",
      "url": "https://tabs.ultimate-guitar.com/tab/carrie-underwood/angels-brought-me-here-ukulele-1307162",
      "file_path": null,
      "metadata": {}
    },
    "2472022": {
      "id": "2472022",
      "title": "Backsliding",
      "type": "CRD",
      "url": "https://tabs.ultimate-guitar.com/tab/carrie-underwood/backsliding-chords-2472022",
      "file_path": null,
      "metadata": {}
    },
    "4148317": {
      "id": "4148317",
      "title": "Because He Lives",
      "type": "CRD",
      "url": "https://tabs.ultimate-guitar.com/tab/carrie-underwood/because-he-lives-chords-4148317",
      "file_path": null,
      "metadata": {}
    },
    "324386": {
      "id": "324386",
      "title": "Before He Cheats",
      "type": "CRD",
      "url": "https://tabs.ultimate-guitar.com/tab/carrie-underwood/before-he-cheats-chords-324386",
      "file_path": null,
      "metadata": {}
    },
    "428082": {
      "id": "428082",
      "title": "Before He Cheats (ver 2)",
      "type": "CRD",
      "url": "https://tabs.ultimate-guitar.com/tab/carrie-underwood/before-he-cheats-chords-428082",
      "file_path": null,
      "metadata": {}
    },
    "436927": {
      "id": "436927",
      "title": "Before He Cheats (ver 3)",
      "type": "CRD",
      "url": "https://tabs.ultimate-guitar.com/tab/carrie-underwood/before-he-cheats-chords-436927",
      "file_path": null,
      "metadata": {}
    },
    "438359": {
      "id": "438359",
      "title": "Before He Cheats (ver 4)",
      "type": "CRD",
      "url": "https://tabs.ultimate-guitar.com/tab/carrie-underwood/before-he-cheats-chords-438359",
      "file_path": null,
      "metadata": {}
    },
    "1112511": {
      "id": "1112511",
      "title": "Before He Cheats (ver 5)",
      "type": "CRD",
      "url": "https://tabs.ultimate-guitar.com/tab/carrie-underwood/before-he-cheats-chords-1112511",
      "file_path": null,
      "metadata": {}
    },
    "1459300": {
      "id": "1459300",
      "title": "Before He Cheats (ver 6)",
      "type": "CRD",
      "url": "https://tabs.ultimate-guitar.com/tab/carrie-underwood/before-he-cheats-chords-1459300",
      "file_path": null,
      "metadata": {}
    },
    "4452224": {
      "id": "4452224",
      "title": "Before He Cheats  Intro",
      "type": "TAB",
      "url": "https://tabs.ultimate-guitar.com/tab/carrie-underwood/before-he-cheats-tabs-4452224",
      "file_path": null,
      "metadata": {}
    },
    "1425340": {
      "id": "1425340",
      "title": "Before He Cheats",
      "type": "PRO",
      "url": "https://tabs.ultimate-guitar.com/tab/carrie-underwood/before-he-cheats-guitar-pro-1425340",
      "file_path": null,
      "metadata": {}
    },
    "4630733": {
      "id": "4630733",
      "title": "Before He Cheats (ver 2)",
      "type": "PRO",
      "url": "https://tabs.ultimate-guitar.com/tab/carrie-underwood/before-he-cheats-guitar-pro-4630733",
      "file_path": null,
      "metadata": {}
    },
    "5404884": {
      "id": "5404884",
      "title": "Before He Cheats (ver 3)",
      "type": "PRO",
      "url": "https://tabs.ultimate-guitar.com/tab/carrie-underwood/before-he-cheats-guitar-pro-5404884",
      "file_path": null,
      "metadata": {}
    },
    "2649390": {
      "id": "2649390",
      "title": "Before He Cheats",
      "type": "BASS",
      "url": "https://tabs.ultimate-guitar.com/tab/carrie-underwood/before-he-cheats-bass-2649390",
      "file_path": null,
      "metadata": {}
    },
    "781664": {
      "id": "781664",
      "title": "Before He Cheats",
      "type": "VID",
      "url": "https://tabs.ultimate-guitar.com/tab/carrie-underwood/before-he-cheats-video-781664",
      "file_path": null,
      "metadata": {}
    },
    "1290546": {
      "id": "1290546",
      "title": "Before He Cheats",
      "type": "UKE",
      "url": "https://tabs.ultimate-guitar.com/tab/carrie-underwood/before-he-cheats-ukulele-1290546",
      "file_path": null,
      "metadata": {}
    },
    "2155967": {
      "id": "2155967",
      "title": "Before He Cheats (ver 2)",
      "type": "UKE",
      "url": "https://tabs.ultimate-guitar.com/tab/carrie-underwood/before-he-cheats-ukulele-2155967",
      "file_path": null,
      "metadata": {}
    },
    "3604439": {
      "id": "3604439",
      "title": "Blessed Assurance",
      "type": "CRD",
      "url": "https://tabs.ultimate-guitar.com/tab/carrie-underwood/blessed-assurance-chords-3604439",
      "file_path": null,
      "metadata": {}
    },
    "1194259": {
      "id": "1194259",
      "title": "Blown Away (ver 2)",
      "type": "CRD",
      "url": "https://tabs.ultimate-guitar.com/tab/carrie-underwood/blown-away-chords-1194259",
      "file_path": null,
      "metadata": {}
    },
    "5404968": {
      "id": "5404968",
      "title": "Blown Away",
      "type": "PRO",
      "url": "https://tabs.ultimate-guitar.com/tab/carrie-underwood/blown-away-guitar-pro-5404968",
      "file_path": null,
      "metadata": {}
    },
    "3461477": {
      "id": "3461477",
      "title": "Blown Away",
      "type": "BASS",
      "url": "https://tabs.ultimate-guitar.com/tab/carrie-underwood/blown-away-bass-3461477",
      "file_path": null,
      "metadata": {}
    },
    "1374025": {
      "id": "1374025",
      "title": "Blown Away",
      "type": "UKE",
      "url": "https://tabs.ultimate-guitar.com/tab/carrie-underwood/blown-away-ukulele-1374025",
      "file_path": null,
      "metadata": {}
    },
    "4227412": {
      "id": "4227412",
      "title": "Burn",
      "type": "CRD",
      "url": "https://tabs.ultimate-guitar.com/tab/carrie-underwood/burn-chords-4227412",
      "file_path": null,
      "metadata": {}
    },
    "892012": {
      "id": "892012",
      "title": "Change",
      "type": "CRD",
      "url": "https://tabs.ultimate-guitar.com/tab/carrie-underwood/change-chords-892012",
      "file_path": null,
      "metadata": {}
    },
    "1776079": {
      "id": "1776079",
      "title": "Chaser",
      "type": "CRD",
      "url": "https://tabs.ultimate-guitar.com/tab/carrie-underwood/chaser-chords-1776079",
      "file_path": null,
      "metadata": {}
    },
    "1777152": {
      "id": "1777152",
      "title": "Choctaw County Affair",
      "type": "CRD",
      "url": "https://tabs.ultimate-guitar.com/tab/carrie-underwood/choctaw-county-affair-chords-1777152",
      "file_path": null,
      "metadata": {}
    },
    "1803002": {
      "id": "1803002",
      "title": "Choctaw County Affair (ver 2)",
      "type": "CRD",
      "url": "https://tabs.ultimate-guitar.com/tab/carrie-underwood/choctaw-county-affair-chords-1803002",
      "file_path": null,
      "metadata": {}
    },
    "3935306": {
      "id": "3935306",
      "title": "Christmas Is My Favorite Time Of Year",
      "type": "CRD",
      "url": "https://tabs.ultimate-guitar.com/tab/carrie-underwood/christmas-is-my-favorite-time-of-year-chords-3935306",
      "file_path": null,
      "metadata": {}
    },
    "1776075": {
      "id": "1776075",
      "title": "Church Bells",
      "type": "CRD",
      "url": "https://tabs.ultimate-guitar.com/tab/carrie-underwood/church-bells-chords-1776075",
      "file_path": null,
      "metadata": {}
    },
    "1803004": {
      "id": "1803004",
      "title": "Church Bells (ver 2)",
      "type": "CRD",
      "url": "https://tabs.ultimate-guitar.com/tab/carrie-underwood/church-bells-chords-1803004",
      "file_path": null,
      "metadata": {}
    },
    "2563284": {
      "id": "2563284",
      "title": "Church Bells  Solo",
      "type": "TAB",
      "url": "https://tabs.ultimate-guitar.com/tab/carrie-underwood/church-bells-tabs-2563284",
      "file_path": null,
      "metadata": {}
    },
    "1963069": {
      "id": "1963069",
      "title": "Church Bells  Intro",
      "type": "TAB",
      "url": "https://tabs.ultimate-guitar.com/tab/carrie-underwood/church-bells-tabs-1963069",
      "file_path": null,
      "metadata": {}
    },
    "1776213": {
      "id": "1776213",
      "title": "Clock Dont Stop",
      "type": "CRD",
      "url": "https://tabs.ultimate-guitar.com/tab/carrie-underwood/clock-dont-stop-chords-1776213",
      "file_path": null,
      "metadata": {}
    },
    "881304": {
      "id": "881304",
      "title": "Cowboy Casanova",
      "type": "CRD",
      "url": "https://tabs.ultimate-guitar.com/tab/carrie-underwood/cowboy-casanova-chords-881304",
      "file_path": null,
      "metadata": {}
    },
    "908850": {
      "id": "908850",
      "title": "Cowboy Casanova (ver 2)",
      "type": "CRD",
      "url": "https://tabs.ultimate-guitar.com/tab/carrie-underwood/cowboy-casanova-chords-908850",
      "file_path": null,
      "metadata": {}
    },
    "1906361": {
      "id": "1906361",
      "title": "Cowboy Casanova (ver 3)",
      "type": "CRD",
      "url": "https://tabs.ultimate-guitar.com/tab/carrie-underwood/cowboy-casanova-chords-1906361",
      "file_path": null,
      "metadata": {}
    },
    "1801370": {
      "id": "1801370",
      "title": "Cowboy Casanova",
      "type": "TAB",
      "url": "https://tabs.ultimate-guitar.com/tab/carrie-underwood/cowboy-casanova-tabs-1801370",
      "file_path": null,
      "metadata": {}
    },
    "957197": {
      "id": "957197",
      "title": "Cowboy Casanova",
      "type": "PRO",
      "url": "https://tabs.ultimate-guitar.com/tab/carrie-underwood/cowboy-casanova-guitar-pro-957197",
      "file_path": null,
      "metadata": {}
    },
    "1186106": {
      "id": "1186106",
      "title": "Cowboy Casanova (ver 2)",
      "type": "PRO",
      "url": "https://tabs.ultimate-guitar.com/tab/carrie-underwood/cowboy-casanova-guitar-pro-1186106",
      "file_path": null,
      "metadata": {}
    },
    "4005616": {
      "id": "4005616",
      "title": "Cowboy Casanova",
      "type": "BASS",
      "url": "https://tabs.ultimate-guitar.com/tab/carrie-underwood/cowboy-casanova-bass-4005616",
      "file_path": null,
      "metadata": {}
    },
    "4163068": {
      "id": "4163068",
      "title": "Crazy Angels",
      "type": "CRD",
      "url": "https://tabs.ultimate-guitar.com/tab/carrie-underwood/crazy-angels-chords-4163068",
      "file_path": null,
      "metadata": {}
    },
    "673675": {
      "id": "673675",
      "title": "Crazy Dreams",
      "type": "CRD",
      "url": "https://tabs.ultimate-guitar.com/tab/carrie-underwood/crazy-dreams-chords-673675",
      "file_path": null,
      "metadata": {}
    },
    "1499118": {
      "id": "1499118",
      "title": "Crazy Dreams (ver 2)",
      "type": "CRD",
      "url": "https://tabs.ultimate-guitar.com/tab/carrie-underwood/crazy-dreams-chords-1499118",
      "file_path": null,
      "metadata": {}
    },
    "2367151": {
      "id": "2367151",
      "title": "Cry Pretty",
      "type": "CRD",
      "url": "https://tabs.ultimate-guitar.com/tab/carrie-underwood/cry-pretty-chords-2367151",
      "file_path": null,
      "metadata": {}
    },
    "2367183": {
      "id": "2367183",
      "title": "Cry Pretty (ver 2)",
      "type": "CRD",
      "url": "https://tabs.ultimate-guitar.com/tab/carrie-underwood/cry-pretty-chords-2367183",
      "file_path": null,
      "metadata": {}
    },
    "2368927": {
      "id": "2368927",
      "title": "Cry Pretty",
      "type": "VID",
      "url": "https://tabs.ultimate-guitar.com/tab/carrie-underwood/cry-pretty-video-2368927",
      "file_path": null,
      "metadata": {}
    },
    "1173022": {
      "id": "1173022",
      "title": "Cupids Got A Shotgun",
      "type": "CRD",
      "url": "https://tabs.ultimate-guitar.com/tab/carrie-underwood/cupids-got-a-shotgun-chords-1173022",
      "file_path": null,
      "metadata": {}
    },
    "1378755": {
      "id": "1378755",
      "title": "Cupids Got A Shotgun",
      "type": "UKE",
      "url": "https://tabs.ultimate-guitar.com/tab/carrie-underwood/cupids-got-a-shotgun-ukulele-1378755",
      "file_path": null,
      "metadata": {}
    },
    "5203692": {
      "id": "5203692",
      "title": "Damage",
      "type": "CRD",
      "url": "https://tabs.ultimate-guitar.com/tab/carrie-underwood/damage-chords-5203692",
      "file_path": null,
      "metadata": {}
    },
    "4143895": {
      "id": "4143895",
      "title": "Denim And Rhinestones",
      "type": "CRD",
      "url": "https://tabs.ultimate-guitar.com/tab/carrie-underwood/denim-and-rhinestones-chords-4143895",
      "file_path": null,
      "metadata": {}
    },
    "1777160": {
      "id": "1777160",
      "title": "Dirty Laundry",
      "type": "CRD",
      "url": "https://tabs.ultimate-guitar.com/tab/carrie-underwood/dirty-laundry-chords-1777160",
      "file_path": null,
      "metadata": {}
    },
    "1898696": {
      "id": "1898696",
      "title": "Dirty Laundry (ver 2)",
      "type": "CRD",
      "url": "https://tabs.ultimate-guitar.com/tab/carrie-underwood/dirty-laundry-chords-1898696",
      "file_path": null,
      "metadata": {}
    },
    "1014032": {
      "id": "1014032",
      "title": "Do You Hear What I Hear",
      "type": "CRD",
      "url": "https://tabs.ultimate-guitar.com/tab/carrie-underwood/do-you-hear-what-i-hear-chords-1014032",
      "file_path": null,
      "metadata": {}
    },
    "2247639": {
      "id": "2247639",
      "title": "Do You Hear What I Hear (ver 2)",
      "type": "CRD",
      "url": "https://tabs.ultimate-guitar.com/tab/carrie-underwood/do-you-hear-what-i-hear-chords-2247639",
      "file_path": null,
      "metadata": {}
    },
    "3468395": {
      "id": "3468395",
      "title": "Do You Hear What I Hear (ver 3)",
      "type": "CRD",
      "url": "https://tabs.ultimate-guitar.com/tab/carrie-underwood/do-you-hear-what-i-hear-chords-3468395",
      "file_path": null,
      "metadata": {}
    },
    "1348046": {
      "id": "1348046",
      "title": "Do You Hear What I Hear",
      "type": "UKE",
      "url": "https://tabs.ultimate-guitar.com/tab/carrie-underwood/do-you-hear-what-i-hear-ukulele-1348046",
      "file_path": null,
      "metadata": {}
    },
    "1151584": {
      "id": "1151584",
      "title": "Do You Think About Me",
      "type": "CRD",
      "url": "https://tabs.ultimate-guitar.com/tab/carrie-underwood/do-you-think-about-me-chords-1151584",
      "file_path": null,
      "metadata": {}
    },
    "1170966": {
      "id": "1170966",
      "title": "Do You Think About Me (ver 2)",
      "type": "CRD",
      "url": "https://tabs.ultimate-guitar.com/tab/carrie-underwood/do-you-think-about-me-chords-1170966",
      "file_path": null,
      "metadata": {}
    },
    "1192878": {
      "id": "1192878",
      "title": "Do You Think About Me (ver 3)",
      "type": "CRD",
      "url": "https://tabs.ultimate-guitar.com/tab/carrie-underwood/do-you-think-about-me-chords-1192878",
      "file_path": null,
      "metadata": {}
    },
    "1232668": {
      "id": "1232668",
      "title": "Do You Think About Me",
      "type": "TAB",
      "url": "https://tabs.ultimate-guitar.com/tab/carrie-underwood/do-you-think-about-me-tabs-1232668",
      "file_path": null,
      "metadata": {}
    },
    "1382814": {
      "id": "1382814",
      "title": "Do You Think About Me",
      "type": "UKE",
      "url": "https://tabs.ultimate-guitar.com/tab/carrie-underwood/do-you-think-about-me-ukulele-1382814",
      "file_path": null,
      "metadata": {}
    },
    "1291325": {
      "id": "1291325",
      "title": "Dont Forget To Remember Me",
      "type": "UKE",
      "url": "https://tabs.ultimate-guitar.com/tab/carrie-underwood/dont-forget-to-remember-me-ukulele-1291325",
      "file_path": null,
      "metadata": {}
    },
    "2471774": {
      "id": "2471774",
      "title": "Drinking Alone",
      "type": "CRD",
      "url": "https://tabs.ultimate-guitar.com/tab/carrie-underwood/drinking-alone-chords-2471774",
      "file_path": null,
      "metadata": {}
    },
    "4962763": {
      "id": "4962763",
      "title": "Drunk And Hungover",
      "type": "CRD",
      "url": "https://tabs.ultimate-guitar.com/tab/carrie-underwood/drunk-and-hungover-chords-4962763",
      "file_path": null,
      "metadata": {}
    },
    "2679840": {
      "id": "2679840",
      "title": "End Up With You",
      "type": "CRD",
      "url": "https://tabs.ultimate-guitar.com/tab/carrie-underwood/end-up-with-you-chords-2679840",
      "file_path": null,
      "metadata": {}
    },
    "3104276": {
      "id": "3104276",
      "title": "End Up With You (ver 2)",
      "type": "CRD",
      "url": "https://tabs.ultimate-guitar.com/tab/carrie-underwood/end-up-with-you-chords-3104276",
      "file_path": null,
      "metadata": {}
    },
    "707755": {
      "id": "707755",
      "title": "Ever Ever After",
      "type": "CRD",
      "url": "https://tabs.ultimate-guitar.com/tab/carrie-underwood/ever-ever-after-chords-707755",
      "file_path": null,
      "metadata": {}
    },
    "1410165": {
      "id": "1410165",
      "title": "Ever Ever After (ver 2)",
      "type": "CRD",
      "url": "https://tabs.ultimate-guitar.com/tab/carrie-underwood/ever-ever-after-chords-1410165",
      "file_path": null,
      "metadata": {}
    },
    "4227256": {
      "id": "4227256",
      "title": "Faster",
      "type": "CRD",
      "url": "https://tabs.ultimate-guitar.com/tab/carrie-underwood/faster-chords-4227256",
      "file_path": null,
      "metadata": {}
    },
    "5002447": {
      "id": "5002447",
      "title": "Favorite Time Of Year",
      "type": "CRD",
      "url": "https://tabs.ultimate-guitar.com/tab/carrie-underwood/favorite-time-of-year-chords-5002447",
      "file_path": null,
      "metadata": {}
    },
    "597264": {
      "id": "597264",
      "title": "Flat On The Floor",
      "type": "CRD",
      "url": "https://tabs.ultimate-guitar.com/tab/carrie-underwood/flat-on-the-floor-chords-597264",
      "file_path": null,
      "metadata": {}
    },
    "622036": {
      "id": "622036",
      "title": "Flat On The Floor",
      "type": "TAB",
      "url": "https://tabs.ultimate-guitar.com/tab/carrie-underwood/flat-on-the-floor-tabs-622036",
      "file_path": null,
      "metadata": {}
    },
    "1151002": {
      "id": "1151002",
      "title": "Forever Changed",
      "type": "CRD",
      "url": "https://tabs.ultimate-guitar.com/tab/carrie-underwood/forever-changed-chords-1151002",
      "file_path": null,
      "metadata": {}
    },
    "1374111": {
      "id": "1374111",
      "title": "Forever Changed",
      "type": "UKE",
      "url": "https://tabs.ultimate-guitar.com/tab/carrie-underwood/forever-changed-ukulele-1374111",
      "file_path": null,
      "metadata": {}
    },
    "4227181": {
      "id": "4227181",
      "title": "Garden",
      "type": "CRD",
      "url": "https://tabs.ultimate-guitar.com/tab/carrie-underwood/garden-chords-4227181",
      "file_path": null,
      "metadata": {}
    },
    "673676": {
      "id": "673676",
      "title": "Get Out Of This Town",
      "type": "CRD",
      "url": "https://tabs.ultimate-guitar.com/tab/carrie-underwood/get-out-of-this-town-chords-673676",
      "file_path": null,
      "metadata": {}
    },
    "1101275": {
      "id": "1101275",
      "title": "Get Out Of This Town (ver 2)",
      "type": "CRD",
      "url": "https://tabs.ultimate-guitar.com/tab/carrie-underwood/get-out-of-this-town-chords-1101275",
      "file_path": null,
      "metadata": {}
    },
    "1364968": {
      "id": "1364968",
      "title": "Get Out Of This Town",
      "type": "UKE",
      "url": "https://tabs.ultimate-guitar.com/tab/carrie-underwood/get-out-of-this-town-ukulele-1364968",
      "file_path": null,
      "metadata": {}
    },
    "4114870": {
      "id": "4114870",
      "title": "Ghost Story",
      "type": "CRD",
      "url": "https://tabs.ultimate-guitar.com/tab/carrie-underwood/ghost-story-chords-4114870",
      "file_path": null,
      "metadata": {}
    },
    "2472034": {
      "id": "2472034",
      "title": "Ghosts On The Stereo",
      "type": "CRD",
      "url": "https://tabs.ultimate-guitar.com/tab/carrie-underwood/ghosts-on-the-stereo-chords-2472034",
      "file_path": null,
      "metadata": {}
    },
    "4911163": {
      "id": "4911163",
      "title": "Give Her That",
      "type": "CRD",
      "url": "https://tabs.ultimate-guitar.com/tab/carrie-underwood/give-her-that-chords-4911163",
      "file_path": null,
      "metadata": {}
    },
    "1137813": {
      "id": "1137813",
      "title": "Good Girl (ver 2)",
      "type": "CRD",
      "url": "https://tabs.ultimate-guitar.com/tab/carrie-underwood/good-girl-chords-1137813",
      "file_path": null,
      "metadata": {}
    },
    "1153645": {
      "id": "1153645",
      "title": "Good Girl (ver 3)",
      "type": "CRD",
      "url": "https://tabs.ultimate-guitar.com/tab/carrie-underwood/good-girl-chords-1153645",
      "file_path": null,
      "metadata": {}
    },
    "1177402": {
      "id": "1177402",
      "title": "Good Girl  Intro",
      "type": "TAB",
      "url": "https://tabs.ultimate-guitar.com/tab/carrie-underwood/good-girl-tabs-1177402",
      "file_path": null,
      "metadata": {}
    },
    "1682412": {
      "id": "1682412",
      "title": "Good Girl",
      "type": "TAB",
      "url": "https://tabs.ultimate-guitar.com/tab/carrie-underwood/good-girl-tabs-1682412",
      "file_path": null,
      "metadata": {}
    },
    "2623095": {
      "id": "2623095",
      "title": "Good Girl",
      "type": "PRO",
      "url": "https://tabs.ultimate-guitar.com/tab/carrie-underwood/good-girl-guitar-pro-2623095",
      "file_path": null,
      "metadata": {}
    },
    "1371390": {
      "id": "1371390",
      "title": "Good Girl",
      "type": "UKE",
      "url": "https://tabs.ultimate-guitar.com/tab/carrie-underwood/good-girl-ukulele-1371390",
      "file_path": null,
      "metadata": {}
    },
    "2147905": {
      "id": "2147905",
      "title": "Good Girl (ver 2)",
      "type": "UKE",
      "url": "https://tabs.ultimate-guitar.com/tab/carrie-underwood/good-girl-ukulele-2147905",
      "file_path": null,
      "metadata": {}
    },
    "1151440": {
      "id": "1151440",
      "title": "Good In Goodbye",
      "type": "CRD",
      "url": "https://tabs.ultimate-guitar.com/tab/carrie-underwood/good-in-goodbye-chords-1151440",
      "file_path": null,
      "metadata": {}
    },
    "1374236": {
      "id": "1374236",
      "title": "Good In Goodbye",
      "type": "UKE",
      "url": "https://tabs.ultimate-guitar.com/tab/carrie-underwood/good-in-goodbye-ukulele-1374236",
      "file_path": null,
      "metadata": {}
    },
    "3720923": {
      "id": "3720923",
      "title": "Great Is Thy Faithfulness",
      "type": "CRD",
      "url": "https://tabs.ultimate-guitar.com/tab/carrie-underwood/great-is-thy-faithfulness-chords-3720923",
      "file_path": null,
      "metadata": {}
    },
    "3358016": {
      "id": "3358016",
      "title": "Hallelujah",
      "type": "CRD",
      "url": "https://tabs.ultimate-guitar.com/tab/carrie-underwood/hallelujah-chords-3358016",
      "file_path": null,
      "metadata": {}
    },
    "2893229": {
      "id": "2893229",
      "title": "Hark The Herald Angels Sing",
      "type": "CRD",
      "url": "https://tabs.ultimate-guitar.com/tab/carrie-underwood/hark-the-herald-angels-sing-chords-2893229",
      "file_path": null,
      "metadata": {}
    },
    "4227310": {
      "id": "4227310",
      "title": "Hate My Heart",
      "type": "CRD",
      "url": "https://tabs.ultimate-guitar.com/tab/carrie-underwood/hate-my-heart-chords-4227310",
      "file_path": null,
      "metadata": {}
    },
    "3443009": {
      "id": "3443009",
      "title": "Have Yourself A Merry Little Christmas",
      "type": "CRD",
      "url": "https://tabs.ultimate-guitar.com/tab/carrie-underwood/have-yourself-a-merry-little-christmas-chords-3443009",
      "file_path": null,
      "metadata": {}
    },
    "1773132": {
      "id": "1773132",
      "title": "Heartbeat",
      "type": "CRD",
      "url": "https://tabs.ultimate-guitar.com/tab/carrie-underwood/heartbeat-chords-1773132",
      "file_path": null,
      "metadata": {}
    },
    "1821556": {
      "id": "1821556",
      "title": "Heartbeat  Intro",
      "type": "TAB",
      "url": "https://tabs.ultimate-guitar.com/tab/carrie-underwood/heartbeat-tabs-1821556",
      "file_path": null,
      "metadata": {}
    },
    "1147194": {
      "id": "1147194",
      "title": "Home Sweet Home",
      "type": "CRD",
      "url": "https://tabs.ultimate-guitar.com/tab/carrie-underwood/home-sweet-home-chords-1147194",
      "file_path": null,
      "metadata": {}
    },
    "1152410": {
      "id": "1152410",
      "title": "Home Sweet Home (ver 2)",
      "type": "CRD",
      "url": "https://tabs.ultimate-guitar.com/tab/carrie-underwood/home-sweet-home-chords-1152410",
      "file_path": null,
      "metadata": {}
    },
    "1431161": {
      "id": "1431161",
      "title": "Home Sweet Home (ver 3)",
      "type": "CRD",
      "url": "https://tabs.ultimate-guitar.com/tab/carrie-underwood/home-sweet-home-chords-1431161",
      "file_path": null,
      "metadata": {}
    },
    "1815281": {
      "id": "1815281",
      "title": "Home Sweet Home (ver 4)",
      "type": "CRD",
      "url": "https://tabs.ultimate-guitar.com/tab/carrie-underwood/home-sweet-home-chords-1815281",
      "file_path": null,
      "metadata": {}
    },
    "1373837": {
      "id": "1373837",
      "title": "Home Sweet Home",
      "type": "UKE",
      "url": "https://tabs.ultimate-guitar.com/tab/carrie-underwood/home-sweet-home-ukulele-1373837",
      "file_path": null,
      "metadata": {}
    },
    "1737488": {
      "id": "1737488",
      "title": "How Great Thou Art",
      "type": "CRD",
      "url": "https://tabs.ultimate-guitar.com/tab/carrie-underwood/how-great-thou-art-chords-1737488",
      "file_path": null,
      "metadata": {}
    },
    "1737847": {
      "id": "1737847",
      "title": "How Great Thou Art (ver 2)",
      "type": "CRD",
      "url": "https://tabs.ultimate-guitar.com/tab/carrie-underwood/how-great-thou-art-chords-1737847",
      "file_path": null,
      "metadata": {}
    },
    "1737846": {
      "id": "1737846",
      "title": "How Great Thou Art",
      "type": "CRD",
      "url": "https://tabs.ultimate-guitar.com/tab/carrie-underwood/how-great-thou-art-chords-1737846",
      "file_path": null,
      "metadata": {}
    },
    "3522785": {
      "id": "3522785",
      "title": "How Great Thou Art  Intro",
      "type": "TAB",
      "url": "https://tabs.ultimate-guitar.com/tab/carrie-underwood/how-great-thou-art-tabs-3522785",
      "file_path": null,
      "metadata": {}
    },
    "2030323": {
      "id": "2030323",
      "title": "How Great Thou Art",
      "type": "UKE",
      "url": "https://tabs.ultimate-guitar.com/tab/carrie-underwood/how-great-thou-art-ukulele-2030323",
      "file_path": null,
      "metadata": {}
    },
    "324387": {
      "id": "324387",
      "title": "I Aint In Checotah Anymore",
      "type": "CRD",
      "url": "https://tabs.ultimate-guitar.com/tab/carrie-underwood/i-aint-in-checotah-anymore-chords-324387",
      "file_path": null,
      "metadata": {}
    },
    "1281556": {
      "id": "1281556",
      "title": "I Aint In Checotah Anymore",
      "type": "UKE",
      "url": "https://tabs.ultimate-guitar.com/tab/carrie-underwood/i-aint-in-checotah-anymore-ukulele-1281556",
      "file_path": null,
      "metadata": {}
    },
    "965704": {
      "id": "965704",
      "title": "I Just Cant Live A Lie",
      "type": "CRD",
      "url": "https://tabs.ultimate-guitar.com/tab/carrie-underwood/i-just-cant-live-a-lie-chords-965704",
      "file_path": null,
      "metadata": {}
    },
    "1338350": {
      "id": "1338350",
      "title": "I Just Cant Live A Lie",
      "type": "UKE",
      "url": "https://tabs.ultimate-guitar.com/tab/carrie-underwood/i-just-cant-live-a-lie-ukulele-1338350",
      "file_path": null,
      "metadata": {}
    },
    "673677": {
      "id": "673677",
      "title": "I Know You Wont",
      "type": "CRD",
      "url": "https://tabs.ultimate-guitar.com/tab/carrie-underwood/i-know-you-wont-chords-673677",
      "file_path": null,
      "metadata": {}
    },
    "827404": {
      "id": "827404",
      "title": "I Know You Wont (ver 2)",
      "type": "CRD",
      "url": "https://tabs.ultimate-guitar.com/tab/carrie-underwood/i-know-you-wont-chords-827404",
      "file_path": null,
      "metadata": {}
    },
    "856498": {
      "id": "856498",
      "title": "I Know You Wont (ver 3)",
      "type": "CRD",
      "url": "https://tabs.ultimate-guitar.com/tab/carrie-underwood/i-know-you-wont-chords-856498",
      "file_path": null,
      "metadata": {}
    },
    "1444221": {
      "id": "1444221",
      "title": "I Know You Wont (ver 4)",
      "type": "CRD",
      "url": "https://tabs.ultimate-guitar.com/tab/carrie-underwood/i-know-you-wont-chords-1444221",
      "file_path": null,
      "metadata": {}
    },
    "1321564": {
      "id": "1321564",
      "title": "I Know You Wont",
      "type": "UKE",
      "url": "https://tabs.ultimate-guitar.com/tab/carrie-underwood/i-know-you-wont-ukulele-1321564",
      "file_path": null,
      "metadata": {}
    },
    "754396": {
      "id": "754396",
      "title": "I Told You So",
      "type": "CRD",
      "url": "https://tabs.ultimate-guitar.com/tab/carrie-underwood/i-told-you-so-chords-754396",
      "file_path": null,
      "metadata": {}
    },
    "787333": {
      "id": "787333",
      "title": "I Told You So (ver 2)",
      "type": "CRD",
      "url": "https://tabs.ultimate-guitar.com/tab/carrie-underwood/i-told-you-so-chords-787333",
      "file_path": null,
      "metadata": {}
    },
    "809232": {
      "id": "809232",
      "title": "I Told You So (ver 3)",
      "type": "CRD",
      "url": "https://tabs.ultimate-guitar.com/tab/carrie-underwood/i-told-you-so-chords-809232",
      "file_path": null,
      "metadata": {}
    },
    "812151": {
      "id": "812151",
      "title": "I Told You So (ver 4)",
      "type": "CRD",
      "url": "https://tabs.ultimate-guitar.com/tab/carrie-underwood/i-told-you-so-chords-812151",
      "file_path": null,
      "metadata": {}
    },
    "1029624": {
      "id": "1029624",
      "title": "I Told You So (ver 5)",
      "type": "CRD",
      "url": "https://tabs.ultimate-guitar.com/tab/carrie-underwood/i-told-you-so-chords-1029624",
      "file_path": null,
      "metadata": {}
    },
    "1155391": {
      "id": "1155391",
      "title": "I Told You So (ver 6)",
      "type": "CRD",
      "url": "https://tabs.ultimate-guitar.com/tab/carrie-underwood/i-told-you-so-chords-1155391",
      "file_path": null,
      "metadata": {}
    },
    "673679": {
      "id": "673679",
      "title": "I Told You So",
      "type": "TAB",
      "url": "https://tabs.ultimate-guitar.com/tab/carrie-underwood/i-told-you-so-tabs-673679",
      "file_path": null,
      "metadata": {}
    },
    "960605": {
      "id": "960605",
      "title": "I Told You So (ver 2)",
      "type": "TAB",
      "url": "https://tabs.ultimate-guitar.com/tab/carrie-underwood/i-told-you-so-tabs-960605",
      "file_path": null,
      "metadata": {}
    },
    "1756254": {
      "id": "1756254",
      "title": "I Told You So (ver 3)",
      "type": "TAB",
      "url": "https://tabs.ultimate-guitar.com/tab/carrie-underwood/i-told-you-so-tabs-1756254",
      "file_path": null,
      "metadata": {}
    },
    "509621": {
      "id": "509621",
      "title": "Ill Stand By You",
      "type": "CRD",
      "url": "https://tabs.ultimate-guitar.com/tab/carrie-underwood/ill-stand-by-you-chords-509621",
      "file_path": null,
      "metadata": {}
    },
    "528137": {
      "id": "528137",
      "title": "Ill Stand By You (ver 2)",
      "type": "CRD",
      "url": "https://tabs.ultimate-guitar.com/tab/carrie-underwood/ill-stand-by-you-chords-528137",
      "file_path": null,
      "metadata": {}
    },
    "805009": {
      "id": "805009",
      "title": "Ill Stand By You (ver 3)",
      "type": "CRD",
      "url": "https://tabs.ultimate-guitar.com/tab/carrie-underwood/ill-stand-by-you-chords-805009",
      "file_path": null,
      "metadata": {}
    },
    "925470": {
      "id": "925470",
      "title": "Ill Stand By You (ver 4)",
      "type": "CRD",
      "url": "https://tabs.ultimate-guitar.com/tab/carrie-underwood/ill-stand-by-you-chords-925470",
      "file_path": null,
      "metadata": {}
    },
    "1089750": {
      "id": "1089750",
      "title": "Ill Stand By You (ver 5)",
      "type": "CRD",
      "url": "https://tabs.ultimate-guitar.com/tab/carrie-underwood/ill-stand-by-you-chords-1089750",
      "file_path": null,
      "metadata": {}
    },
    "274690": {
      "id": "274690",
      "title": "Inside Your Heaven",
      "type": "CRD",
      "url": "https://tabs.ultimate-guitar.com/tab/carrie-underwood/inside-your-heaven-chords-274690",
      "file_path": null,
      "metadata": {}
    },
    "862415": {
      "id": "862415",
      "title": "Inside Your Heaven (ver 2)",
      "type": "CRD",
      "url": "https://tabs.ultimate-guitar.com/tab/carrie-underwood/inside-your-heaven-chords-862415",
      "file_path": null,
      "metadata": {}
    },
    "2358115": {
      "id": "2358115",
      "title": "Inside Your Heaven (ver 3)",
      "type": "CRD",
      "url": "https://tabs.ultimate-guitar.com/tab/carrie-underwood/inside-your-heaven-chords-2358115",
      "file_path": null,
      "metadata": {}
    },
    "440695": {
      "id": "440695",
      "title": "Jesus Take The Wheel (ver 2)",
      "type": "CRD",
      "url": "https://tabs.ultimate-guitar.com/tab/carrie-underwood/jesus-take-the-wheel-chords-440695",
      "file_path": null,
      "metadata": {}
    },
    "983021": {
      "id": "983021",
      "title": "Jesus Take The Wheel (ver 3)",
      "type": "CRD",
      "url": "https://tabs.ultimate-guitar.com/tab/carrie-underwood/jesus-take-the-wheel-chords-983021",
      "file_path": null,
      "metadata": {}
    },
    "385559": {
      "id": "385559",
      "title": "Jesus Take The Wheel  Intro",
      "type": "TAB",
      "url": "https://tabs.ultimate-guitar.com/tab/carrie-underwood/jesus-take-the-wheel-tabs-385559",
      "file_path": null,
      "metadata": {}
    },
    "900229": {
      "id": "900229",
      "title": "Jesus Take The Wheel (ver 2) Intro",
      "type": "TAB",
      "url": "https://tabs.ultimate-guitar.com/tab/carrie-underwood/jesus-take-the-wheel-tabs-900229",
      "file_path": null,
      "metadata": {}
    },
    "3078398": {
      "id": "3078398",
      "title": "Jesus Take The Wheel (ver 3) Intro",
      "type": "TAB",
      "url": "https://tabs.ultimate-guitar.com/tab/carrie-underwood/jesus-take-the-wheel-tabs-3078398",
      "file_path": null,
      "metadata": {}
    },
    "981326": {
      "id": "981326",
      "title": "Jesus Take The Wheel",
      "type": "PWR",
      "url": "https://tabs.ultimate-guitar.com/tab/carrie-underwood/jesus-take-the-wheel-power-981326",
      "file_path": null,
      "metadata": {}
    },
    "1206188": {
      "id": "1206188",
      "title": "Jesus Take The Wheel",
      "type": "BASS",
      "url": "https://tabs.ultimate-guitar.com/tab/carrie-underwood/jesus-take-the-wheel-bass-1206188",
      "file_path": null,
      "metadata": {}
    },
    "801263": {
      "id": "801263",
      "title": "Jesus Take The Wheel",
      "type": "VID",
      "url": "https://tabs.ultimate-guitar.com/tab/carrie-underwood/jesus-take-the-wheel-video-801263",
      "file_path": null,
      "metadata": {}
    },
    "1280598": {
      "id": "1280598",
      "title": "Jesus Take The Wheel",
      "type": "UKE",
      "url": "https://tabs.ultimate-guitar.com/tab/carrie-underwood/jesus-take-the-wheel-ukulele-1280598",
      "file_path": null,
      "metadata": {}
    },
    "1722514": {
      "id": "1722514",
      "title": "Jesus Take The Wheel (ver 2)",
      "type": "UKE",
      "url": "https://tabs.ultimate-guitar.com/tab/carrie-underwood/jesus-take-the-wheel-ukulele-1722514",
      "file_path": null,
      "metadata": {}
    },
    "849529": {
      "id": "849529",
      "title": "Just A Dream (ver 2)",
      "type": "CRD",
      "url": "https://tabs.ultimate-guitar.com/tab/carrie-underwood/just-a-dream-chords-849529",
      "file_path": null,
      "metadata": {}
    },
    "1157931": {
      "id": "1157931",
      "title": "Just A Dream (ver 3)",
      "type": "CRD",
      "url": "https://tabs.ultimate-guitar.com/tab/carrie-underwood/just-a-dream-chords-1157931",
      "file_path": null,
      "metadata": {}
    },
    "4845539": {
      "id": "4845539",
      "title": "Just As I Am",
      "type": "CRD",
      "url": "https://tabs.ultimate-guitar.com/tab/carrie-underwood/just-as-i-am-chords-4845539",
      "file_path": null,
      "metadata": {}
    },
    "1475647": {
      "id": "1475647",
      "title": "Keep Us Safe",
      "type": "CRD",
      "url": "https://tabs.ultimate-guitar.com/tab/carrie-underwood/keep-us-safe-chords-1475647",
      "file_path": null,
      "metadata": {}
    },
    "2471382": {
      "id": "2471382",
      "title": "Kingdom",
      "type": "CRD",
      "url": "https://tabs.ultimate-guitar.com/tab/carrie-underwood/kingdom-chords-2471382",
      "file_path": null,
      "metadata": {}
    },
    "658372": {
      "id": "658372",
      "title": "Last Name",
      "type": "CRD",
      "url": "https://tabs.ultimate-guitar.com/tab/carrie-underwood/last-name-chords-658372",
      "file_path": null,
      "metadata": {}
    },
    "1486957": {
      "id": "1486957",
      "title": "Last Name (ver 2)",
      "type": "CRD",
      "url": "https://tabs.ultimate-guitar.com/tab/carrie-underwood/last-name-chords-1486957",
      "file_path": null,
      "metadata": {}
    },
    "3783353": {
      "id": "3783353",
      "title": "Last Name  Intro",
      "type": "TAB",
      "url": "https://tabs.ultimate-guitar.com/tab/carrie-underwood/last-name-tabs-3783353",
      "file_path": null,
      "metadata": {}
    },
    "1061785": {
      "id": "1061785",
      "title": "Last Name",
      "type": "BASS",
      "url": "https://tabs.ultimate-guitar.com/tab/carrie-underwood/last-name-bass-1061785",
      "file_path": null,
      "metadata": {}
    },
    "3375437": {
      "id": "3375437",
      "title": "Last Name (ver 2)",
      "type": "BASS",
      "url": "https://tabs.ultimate-guitar.com/tab/carrie-underwood/last-name-bass-3375437",
      "file_path": null,
      "metadata": {}
    },
    "2139681": {
      "id": "2139681",
      "title": "Last Name",
      "type": "UKE",
      "url": "https://tabs.ultimate-guitar.com/tab/carrie-underwood/last-name-ukulele-2139681",
      "file_path": null,
      "metadata": {}
    },
    "1180958": {
      "id": "1180958",
      "title": "Leave Love Alone",
      "type": "CRD",
      "url": "https://tabs.ultimate-guitar.com/tab/carrie-underwood/leave-love-alone-chords-1180958",
      "file_path": null,
      "metadata": {}
    },
    "1195339": {
      "id": "1195339",
      "title": "Leave Love Alone (ver 2)",
      "type": "CRD",
      "url": "https://tabs.ultimate-guitar.com/tab/carrie-underwood/leave-love-alone-chords-1195339",
      "file_path": null,
      "metadata": {}
    },
    "1380292": {
      "id": "1380292",
      "title": "Leave Love Alone",
      "type": "UKE",
      "url": "https://tabs.ultimate-guitar.com/tab/carrie-underwood/leave-love-alone-ukulele-1380292",
      "file_path": null,
      "metadata": {}
    },
    "712428": {
      "id": "712428",
      "title": "Lessons Learned",
      "type": "CRD",
      "url": "https://tabs.ultimate-guitar.com/tab/carrie-underwood/lessons-learned-chords-712428",
      "file_path": null,
      "metadata": {}
    },
    "1310664": {
      "id": "1310664",
      "title": "Lessons Learned",
      "type": "UKE",
      "url": "https://tabs.ultimate-guitar.com/tab/carrie-underwood/lessons-learned-ukulele-1310664",
      "file_path": null,
      "metadata": {}
    },
    "3349679": {
      "id": "3349679",
      "title": "Let There Be Peace",
      "type": "CRD",
      "url": "https://tabs.ultimate-guitar.com/tab/carrie-underwood/let-there-be-peace-chords-3349679",
      "file_path": null,
      "metadata": {}
    },
    "1460303": {
      "id": "1460303",
      "title": "Lie To Me Again",
      "type": "CRD",
      "url": "https://tabs.ultimate-guitar.com/tab/carrie-underwood/lie-to-me-again-chords-1460303",
      "file_path": null,
      "metadata": {}
    },
    "1776037": {
      "id": "1776037",
      "title": "Like Ill Never Love You Again",
      "type": "CRD",
      "url": "https://tabs.ultimate-guitar.com/tab/carrie-underwood/like-ill-never-love-you-again-chords-1776037",
      "file_path": null,
      "metadata": {}
    },
    "1897746": {
      "id": "1897746",
      "title": "Little Girl Dont Grow Up Too Fast",
      "type": "CRD",
      "url": "https://tabs.ultimate-guitar.com/tab/carrie-underwood/little-girl-dont-grow-up-too-fast-chords-1897746",
      "file_path": null,
      "metadata": {}
    },
    "1905451": {
      "id": "1905451",
      "title": "Little Girl Dont Grow Up Too Fast (ver 2)",
      "type": "CRD",
      "url": "https://tabs.ultimate-guitar.com/tab/carrie-underwood/little-girl-dont-grow-up-too-fast-chords-1905451",
      "file_path": null,
      "metadata": {}
    },
    "1691598": {
      "id": "1691598",
      "title": "Little Toy Guns",
      "type": "CRD",
      "url": "https://tabs.ultimate-guitar.com/tab/carrie-underwood/little-toy-guns-chords-1691598",
      "file_path": null,
      "metadata": {}
    },
    "1720908": {
      "id": "1720908",
      "title": "Little Toy Guns (ver 2)",
      "type": "CRD",
      "url": "https://tabs.ultimate-guitar.com/tab/carrie-underwood/little-toy-guns-chords-1720908",
      "file_path": null,
      "metadata": {}
    },
    "2483439": {
      "id": "2483439",
      "title": "Little Toy Guns (ver 3)",
      "type": "CRD",
      "url": "https://tabs.ultimate-guitar.com/tab/carrie-underwood/little-toy-guns-chords-2483439",
      "file_path": null,
      "metadata": {}
    },
    "1842626": {
      "id": "1842626",
      "title": "Little Toy Guns  Intro",
      "type": "TAB",
      "url": "https://tabs.ultimate-guitar.com/tab/carrie-underwood/little-toy-guns-tabs-1842626",
      "file_path": null,
      "metadata": {}
    },
    "1720910": {
      "id": "1720910",
      "title": "Little Toy Guns",
      "type": "UKE",
      "url": "https://tabs.ultimate-guitar.com/tab/carrie-underwood/little-toy-guns-ukulele-1720910",
      "file_path": null,
      "metadata": {}
    },
    "957065": {
      "id": "957065",
      "title": "Look At Me",
      "type": "CRD",
      "url": "https://tabs.ultimate-guitar.com/tab/carrie-underwood/look-at-me-chords-957065",
      "file_path": null,
      "metadata": {}
    },
    "3266756": {
      "id": "3266756",
      "title": "Look At Me  Intro",
      "type": "TAB",
      "url": "https://tabs.ultimate-guitar.com/tab/carrie-underwood/look-at-me-tabs-3266756",
      "file_path": null,
      "metadata": {}
    },
    "1239897": {
      "id": "1239897",
      "title": "Look At Me",
      "type": "TAB",
      "url": "https://tabs.ultimate-guitar.com/tab/carrie-underwood/look-at-me-tabs-1239897",
      "file_path": null,
      "metadata": {}
    },
    "2460712": {
      "id": "2460712",
      "title": "Love Wins",
      "type": "CRD",
      "url": "https://tabs.ultimate-guitar.com/tab/carrie-underwood/love-wins-chords-2460712",
      "file_path": null,
      "metadata": {}
    },
    "2472028": {
      "id": "2472028",
      "title": "Low",
      "type": "CRD",
      "url": "https://tabs.ultimate-guitar.com/tab/carrie-underwood/low-chords-2472028",
      "file_path": null,
      "metadata": {}
    },
    "1057046": {
      "id": "1057046",
      "title": "Mamas Song  Intro",
      "type": "TAB",
      "url": "https://tabs.ultimate-guitar.com/tab/carrie-underwood/mamas-song-tabs-1057046",
      "file_path": null,
      "metadata": {}
    },
    "1332878": {
      "id": "1332878",
      "title": "Mamas Song",
      "type": "UKE",
      "url": "https://tabs.ultimate-guitar.com/tab/carrie-underwood/mamas-song-ukulele-1332878",
      "file_path": null,
      "metadata": {}
    },
    "2155973": {
      "id": "2155973",
      "title": "Mamas Song (ver 2)",
      "type": "UKE",
      "url": "https://tabs.ultimate-guitar.com/tab/carrie-underwood/mamas-song-ukulele-2155973",
      "file_path": null,
      "metadata": {}
    },
    "5561793": {
      "id": "5561793",
      "title": "Mary Did You Know",
      "type": "CRD",
      "url": "https://tabs.ultimate-guitar.com/tab/carrie-underwood/mary-did-you-know-chords-5561793",
      "file_path": null,
      "metadata": {}
    },
    "3132875": {
      "id": "3132875",
      "title": "Mexico",
      "type": "CRD",
      "url": "https://tabs.ultimate-guitar.com/tab/carrie-underwood/mexico-chords-3132875",
      "file_path": null,
      "metadata": {}
    },
    "1500270": {
      "id": "1500270",
      "title": "My Favorite Part",
      "type": "CRD",
      "url": "https://tabs.ultimate-guitar.com/tab/carrie-underwood/my-favorite-part-chords-1500270",
      "file_path": null,
      "metadata": {}
    },
    "1166205": {
      "id": "1166205",
      "title": "Nobody Ever Told You",
      "type": "CRD",
      "url": "https://tabs.ultimate-guitar.com/tab/carrie-underwood/nobody-ever-told-you-chords-1166205",
      "file_path": null,
      "metadata": {}
    },
    "1377191": {
      "id": "1377191",
      "title": "Nobody Ever Told You",
      "type": "UKE",
      "url": "https://tabs.ultimate-guitar.com/tab/carrie-underwood/nobody-ever-told-you-ukulele-1377191",
      "file_path": null,
      "metadata": {}
    },
    "3605768": {
      "id": "3605768",
      "title": "Nothing But The Blood Of Jesus",
      "type": "CRD",
      "url": "https://tabs.ultimate-guitar.com/tab/carrie-underwood/nothing-but-the-blood-of-jesus-chords-3605768",
      "file_path": null,
      "metadata": {}
    },
    "4225939": {
      "id": "4225939",
      "title": "Nothing But The Blood Of Jesus (ver 2)",
      "type": "CRD",
      "url": "https://tabs.ultimate-guitar.com/tab/carrie-underwood/nothing-but-the-blood-of-jesus-chords-4225939",
      "file_path": null,
      "metadata": {}
    },
    "2252119": {
      "id": "2252119",
      "title": "O Holy Night",
      "type": "CRD",
      "url": "https://tabs.ultimate-guitar.com/tab/carrie-underwood/o-holy-night-chords-2252119",
      "file_path": null,
      "metadata": {}
    },
    "5398962": {
      "id": "5398962",
      "title": "O How I Love Jesus",
      "type": "CRD",
      "url": "https://tabs.ultimate-guitar.com/tab/carrie-underwood/o-how-i-love-jesus-chords-5398962",
      "file_path": null,
      "metadata": {}
    },
    "1153109": {
      "id": "1153109",
      "title": "One Way Ticket",
      "type": "CRD",
      "url": "https://tabs.ultimate-guitar.com/tab/carrie-underwood/one-way-ticket-chords-1153109",
      "file_path": null,
      "metadata": {}
    },
    "1374685": {
      "id": "1374685",
      "title": "One Way Ticket",
      "type": "UKE",
      "url": "https://tabs.ultimate-guitar.com/tab/carrie-underwood/one-way-ticket-ukulele-1374685",
      "file_path": null,
      "metadata": {}
    },
    "4679141": {
      "id": "4679141",
      "title": "Out Of That Truck",
      "type": "CRD",
      "url": "https://tabs.ultimate-guitar.com/tab/carrie-underwood/out-of-that-truck-chords-4679141",
      "file_path": null,
      "metadata": {}
    },
    "4228480": {
      "id": "4228480",
      "title": "Pink Champagne",
      "type": "CRD",
      "url": "https://tabs.ultimate-guitar.com/tab/carrie-underwood/pink-champagne-chords-4228480",
      "file_path": null,
      "metadata": {}
    },
    "940668": {
      "id": "940668",
      "title": "Play On",
      "type": "CRD",
      "url": "https://tabs.ultimate-guitar.com/tab/carrie-underwood/play-on-chords-940668",
      "file_path": null,
      "metadata": {}
    },
    "965405": {
      "id": "965405",
      "title": "Play On (ver 2)",
      "type": "CRD",
      "url": "https://tabs.ultimate-guitar.com/tab/carrie-underwood/play-on-chords-965405",
      "file_path": null,
      "metadata": {}
    },
    "1336802": {
      "id": "1336802",
      "title": "Play On",
      "type": "UKE",
      "url": "https://tabs.ultimate-guitar.com/tab/carrie-underwood/play-on-ukulele-1336802",
      "file_path": null,
      "metadata": {}
    },
    "4228918": {
      "id": "4228918",
      "title": "Poor Everybody Else",
      "type": "CRD",
      "url": "https://tabs.ultimate-guitar.com/tab/carrie-underwood/poor-everybody-else-chords-4228918",
      "file_path": null,
      "metadata": {}
    },
    "4592282": {
      "id": "4592282",
      "title": "Poor Everybody Else",
      "type": "PRO",
      "url": "https://tabs.ultimate-guitar.com/tab/carrie-underwood/poor-everybody-else-guitar-pro-4592282",
      "file_path": null,
      "metadata": {}
    },
    "667469": {
      "id": "667469",
      "title": "Praying For Time",
      "type": "CRD",
      "url": "https://tabs.ultimate-guitar.com/tab/carrie-underwood/praying-for-time-chords-667469",
      "file_path": null,
      "metadata": {}
    },
    "1307732": {
      "id": "1307732",
      "title": "Praying For Time",
      "type": "UKE",
      "url": "https://tabs.ultimate-guitar.com/tab/carrie-underwood/praying-for-time-ukulele-1307732",
      "file_path": null,
      "metadata": {}
    },
    "892230": {
      "id": "892230",
      "title": "Quitter",
      "type": "CRD",
      "url": "https://tabs.ultimate-guitar.com/tab/carrie-underwood/quitter-chords-892230",
      "file_path": null,
      "metadata": {}
    },
    "897781": {
      "id": "897781",
      "title": "Quitter (ver 2)",
      "type": "CRD",
      "url": "https://tabs.ultimate-guitar.com/tab/carrie-underwood/quitter-chords-897781",
      "file_path": null,
      "metadata": {}
    },
    "892101": {
      "id": "892101",
      "title": "Quitter",
      "type": "TAB",
      "url": "https://tabs.ultimate-guitar.com/tab/carrie-underwood/quitter-tabs-892101",
      "file_path": null,
      "metadata": {}
    },
    "1332775": {
      "id": "1332775",
      "title": "Quitter",
      "type": "UKE",
      "url": "https://tabs.ultimate-guitar.com/tab/carrie-underwood/quitter-ukulele-1332775",
      "file_path": null,
      "metadata": {}
    },
    "1777141": {
      "id": "1777141",
      "title": "Relapse",
      "type": "CRD",
      "url": "https://tabs.ultimate-guitar.com/tab/carrie-underwood/relapse-chords-1777141",
      "file_path": null,
      "metadata": {}
    },
    "2370031": {
      "id": "2370031",
      "title": "Relapse (ver 2)",
      "type": "CRD",
      "url": "https://tabs.ultimate-guitar.com/tab/carrie-underwood/relapse-chords-2370031",
      "file_path": null,
      "metadata": {}
    },
    "3175637": {
      "id": "3175637",
      "title": "Remember When",
      "type": "CRD",
      "url": "https://tabs.ultimate-guitar.com/tab/carrie-underwood/remember-when-chords-3175637",
      "file_path": null,
      "metadata": {}
    },
    "1775075": {
      "id": "1775075",
      "title": "Renegade Runaway",
      "type": "CRD",
      "url": "https://tabs.ultimate-guitar.com/tab/carrie-underwood/renegade-runaway-chords-1775075",
      "file_path": null,
      "metadata": {}
    },
    "1152879": {
      "id": "1152879",
      "title": "See You Again (ver 2)",
      "type": "CRD",
      "url": "https://tabs.ultimate-guitar.com/tab/carrie-underwood/see-you-again-chords-1152879",
      "file_path": null,
      "metadata": {}
    },
    "2152213": {
      "id": "2152213",
      "title": "See You Again",
      "type": "UKE",
      "url": "https://tabs.ultimate-guitar.com/tab/carrie-underwood/see-you-again-ukulele-2152213",
      "file_path": null,
      "metadata": {}
    },
    "4198762": {
      "id": "4198762",
      "title": "She Dont Know",
      "type": "CRD",
      "url": "https://tabs.ultimate-guitar.com/tab/carrie-underwood/she-dont-know-chords-4198762",
      "file_path": null,
      "metadata": {}
    },
    "1761384": {
      "id": "1761384",
      "title": "Smoke Break",
      "type": "CRD",
      "url": "https://tabs.ultimate-guitar.com/tab/carrie-underwood/smoke-break-chords-1761384",
      "file_path": null,
      "metadata": {}
    },
    "560309": {
      "id": "560309",
      "title": "So Small",
      "type": "CRD",
      "url": "https://tabs.ultimate-guitar.com/tab/carrie-underwood/so-small-chords-560309",
      "file_path": null,
      "metadata": {}
    },
    "674722": {
      "id": "674722",
      "title": "So Small (ver 2)",
      "type": "CRD",
      "url": "https://tabs.ultimate-guitar.com/tab/carrie-underwood/so-small-chords-674722",
      "file_path": null,
      "metadata": {}
    },
    "930334": {
      "id": "930334",
      "title": "So Small (ver 3)",
      "type": "CRD",
      "url": "https://tabs.ultimate-guitar.com/tab/carrie-underwood/so-small-chords-930334",
      "file_path": null,
      "metadata": {}
    },
    "1418799": {
      "id": "1418799",
      "title": "So Small (ver 4)",
      "type": "CRD",
      "url": "https://tabs.ultimate-guitar.com/tab/carrie-underwood/so-small-chords-1418799",
      "file_path": null,
      "metadata": {}
    },
    "599067": {
      "id": "599067",
      "title": "So Small",
      "type": "TAB",
      "url": "https://tabs.ultimate-guitar.com/tab/carrie-underwood/so-small-tabs-599067",
      "file_path": null,
      "metadata": {}
    },
    "3571916": {
      "id": "3571916",
      "title": "Softly And Tenderly",
      "type": "CRD",
      "url": "https://tabs.ultimate-guitar.com/tab/carrie-underwood/softly-and-tenderly-chords-3571916",
      "file_path": null,
      "metadata": {}
    },
    "615997": {
      "id": "615997",
      "title": "Some Hearts",
      "type": "CRD",
      "url": "https://tabs.ultimate-guitar.com/tab/carrie-underwood/some-hearts-chords-615997",
      "file_path": null,
      "metadata": {}
    },
    "671458": {
      "id": "671458",
      "title": "Some Hearts (ver 2)",
      "type": "CRD",
      "url": "https://tabs.ultimate-guitar.com/tab/carrie-underwood/some-hearts-chords-671458",
      "file_path": null,
      "metadata": {}
    },
    "1303439": {
      "id": "1303439",
      "title": "Some Hearts",
      "type": "UKE",
      "url": "https://tabs.ultimate-guitar.com/tab/carrie-underwood/some-hearts-ukulele-1303439",
      "file_path": null,
      "metadata": {}
    },
    "909470": {
      "id": "909470",
      "title": "Someday When I Stop Loving You",
      "type": "CRD",
      "url": "https://tabs.ultimate-guitar.com/tab/carrie-underwood/someday-when-i-stop-loving-you-chords-909470",
      "file_path": null,
      "metadata": {}
    },
    "1051842": {
      "id": "1051842",
      "title": "Someday When I Stop Loving You (ver 2)",
      "type": "CRD",
      "url": "https://tabs.ultimate-guitar.com/tab/carrie-underwood/someday-when-i-stop-loving-you-chords-1051842",
      "file_path": null,
      "metadata": {}
    },
    "1666928": {
      "id": "1666928",
      "title": "Something In The Water",
      "type": "CRD",
      "url": "https://tabs.ultimate-guitar.com/tab/carrie-underwood/something-in-the-water-chords-1666928",
      "file_path": null,
      "metadata": {}
    },
    "1668875": {
      "id": "1668875",
      "title": "Something In The Water",
      "type": "VID",
      "url": "https://tabs.ultimate-guitar.com/tab/carrie-underwood/something-in-the-water-video-1668875",
      "file_path": null,
      "metadata": {}
    },
    "2164149": {
      "id": "2164149",
      "title": "Something In The Water",
      "type": "UKE",
      "url": "https://tabs.ultimate-guitar.com/tab/carrie-underwood/something-in-the-water-ukulele-2164149",
      "file_path": null,
      "metadata": {}
    },
    "958014": {
      "id": "958014",
      "title": "Sometimes You Leave",
      "type": "CRD",
      "url": "https://tabs.ultimate-guitar.com/tab/carrie-underwood/sometimes-you-leave-chords-958014",
      "file_path": null,
      "metadata": {}
    },
    "1337666": {
      "id": "1337666",
      "title": "Sometimes You Leave",
      "type": "UKE",
      "url": "https://tabs.ultimate-guitar.com/tab/carrie-underwood/sometimes-you-leave-ukulele-1337666",
      "file_path": null,
      "metadata": {}
    },
    "916005": {
      "id": "916005",
      "title": "Songs Like This",
      "type": "CRD",
      "url": "https://tabs.ultimate-guitar.com/tab/carrie-underwood/songs-like-this-chords-916005",
      "file_path": null,
      "metadata": {}
    },
    "1045148": {
      "id": "1045148",
      "title": "Songs Like This",
      "type": "PRO",
      "url": "https://tabs.ultimate-guitar.com/tab/carrie-underwood/songs-like-this-guitar-pro-1045148",
      "file_path": null,
      "metadata": {}
    },
    "1335510": {
      "id": "1335510",
      "title": "Songs Like This",
      "type": "UKE",
      "url": "https://tabs.ultimate-guitar.com/tab/carrie-underwood/songs-like-this-ukulele-1335510",
      "file_path": null,
      "metadata": {}
    },
    "2676597": {
      "id": "2676597",
      "title": "Southbound",
      "type": "CRD",
      "url": "https://tabs.ultimate-guitar.com/tab/carrie-underwood/southbound-chords-2676597",
      "file_path": null,
      "metadata": {}
    },
    "2471486": {
      "id": "2471486",
      "title": "Spinning Bottles",
      "type": "CRD",
      "url": "https://tabs.ultimate-guitar.com/tab/carrie-underwood/spinning-bottles-chords-2471486",
      "file_path": null,
      "metadata": {}
    },
    "436420": {
      "id": "436420",
      "title": "Spring Rain",
      "type": "TAB",
      "url": "https://tabs.ultimate-guitar.com/tab/carrie-underwood/spring-rain-tabs-436420",
      "file_path": null,
      "metadata": {}
    },
    "1493850": {
      "id": "1493850",
      "title": "Stand By Your Man",
      "type": "CRD",
      "url": "https://tabs.ultimate-guitar.com/tab/carrie-underwood/stand-by-your-man-chords-1493850",
      "file_path": null,
      "metadata": {}
    },
    "513952": {
      "id": "513952",
      "title": "Starts With Goodbye",
      "type": "CRD",
      "url": "https://tabs.ultimate-guitar.com/tab/carrie-underwood/starts-with-goodbye-chords-513952",
      "file_path": null,
      "metadata": {}
    },
    "919468": {
      "id": "919468",
      "title": "Starts With Goodbye (ver 2)",
      "type": "CRD",
      "url": "https://tabs.ultimate-guitar.com/tab/carrie-underwood/starts-with-goodbye-chords-919468",
      "file_path": null,
      "metadata": {}
    },
    "1294633": {
      "id": "1294633",
      "title": "Starts With Goodbye",
      "type": "UKE",
      "url": "https://tabs.ultimate-guitar.com/tab/carrie-underwood/starts-with-goodbye-ukulele-1294633",
      "file_path": null,
      "metadata": {}
    },
    "3962533": {
      "id": "3962533",
      "title": "Stretchy Pants",
      "type": "CRD",
      "url": "https://tabs.ultimate-guitar.com/tab/carrie-underwood/stretchy-pants-chords-3962533",
      "file_path": null,
      "metadata": {}
    },
    "1494483": {
      "id": "1494483",
      "title": "Sugar Rush",
      "type": "CRD",
      "url": "https://tabs.ultimate-guitar.com/tab/carrie-underwood/sugar-rush-chords-1494483",
      "file_path": null,
      "metadata": {}
    },
    "3349610": {
      "id": "3349610",
      "title": "Sweet Baby Jesus",
      "type": "CRD",
      "url": "https://tabs.ultimate-guitar.com/tab/carrie-underwood/sweet-baby-jesus-chords-3349610",
      "file_path": null,
      "metadata": {}
    },
    "4813508": {
      "id": "4813508",
      "title": "Take Me Out",
      "type": "CRD",
      "url": "https://tabs.ultimate-guitar.com/tab/carrie-underwood/take-me-out-chords-4813508",
      "file_path": null,
      "metadata": {}
    },
    "893411": {
      "id": "893411",
      "title": "Temporary Home (ver 2)",
      "type": "CRD",
      "url": "https://tabs.ultimate-guitar.com/tab/carrie-underwood/temporary-home-chords-893411",
      "file_path": null,
      "metadata": {}
    },
    "1022391": {
      "id": "1022391",
      "title": "Temporary Home (ver 3)",
      "type": "CRD",
      "url": "https://tabs.ultimate-guitar.com/tab/carrie-underwood/temporary-home-chords-1022391",
      "file_path": null,
      "metadata": {}
    },
    "1175752": {
      "id": "1175752",
      "title": "Temporary Home (ver 4)",
      "type": "CRD",
      "url": "https://tabs.ultimate-guitar.com/tab/carrie-underwood/temporary-home-chords-1175752",
      "file_path": null,
      "metadata": {}
    },
    "1331994": {
      "id": "1331994",
      "title": "Temporary Home",
      "type": "UKE",
      "url": "https://tabs.ultimate-guitar.com/tab/carrie-underwood/temporary-home-ukulele-1331994",
      "file_path": null,
      "metadata": {}
    },
    "1176035": {
      "id": "1176035",
      "title": "Thank God For Hometowns",
      "type": "CRD",
      "url": "https://tabs.ultimate-guitar.com/tab/carrie-underwood/thank-god-for-hometowns-chords-1176035",
      "file_path": null,
      "metadata": {}
    },
    "1195078": {
      "id": "1195078",
      "title": "Thank God For Hometowns (ver 2)",
      "type": "CRD",
      "url": "https://tabs.ultimate-guitar.com/tab/carrie-underwood/thank-god-for-hometowns-chords-1195078",
      "file_path": null,
      "metadata": {}
    },
    "1464628": {
      "id": "1464628",
      "title": "Thank God For Hometowns (ver 3)",
      "type": "CRD",
      "url": "https://tabs.ultimate-guitar.com/tab/carrie-underwood/thank-god-for-hometowns-chords-1464628",
      "file_path": null,
      "metadata": {}
    },
    "3643883": {
      "id": "3643883",
      "title": "Thank God For Hometowns (ver 4)",
      "type": "CRD",
      "url": "https://tabs.ultimate-guitar.com/tab/carrie-underwood/thank-god-for-hometowns-chords-3643883",
      "file_path": null,
      "metadata": {}
    },
    "1379527": {
      "id": "1379527",
      "title": "Thank God For Hometowns",
      "type": "UKE",
      "url": "https://tabs.ultimate-guitar.com/tab/carrie-underwood/thank-god-for-hometowns-ukulele-1379527",
      "file_path": null,
      "metadata": {}
    },
    "2471478": {
      "id": "2471478",
      "title": "That Song That We Used To Make Love To",
      "type": "CRD",
      "url": "https://tabs.ultimate-guitar.com/tab/carrie-underwood/that-song-that-we-used-to-make-love-to-chords-2471478",
      "file_path": null,
      "metadata": {}
    },
    "2472044": {
      "id": "2472044",
      "title": "That Song That We Used To Make Love To (ver 2)",
      "type": "CRD",
      "url": "https://tabs.ultimate-guitar.com/tab/carrie-underwood/that-song-that-we-used-to-make-love-to-chords-2472044",
      "file_path": null,
      "metadata": {}
    },
    "561096": {
      "id": "561096",
      "title": "Thats Where It Is",
      "type": "CRD",
      "url": "https://tabs.ultimate-guitar.com/tab/carrie-underwood/thats-where-it-is-chords-561096",
      "file_path": null,
      "metadata": {}
    },
    "740498": {
      "id": "740498",
      "title": "Thats Where It Is (ver 2)",
      "type": "CRD",
      "url": "https://tabs.ultimate-guitar.com/tab/carrie-underwood/thats-where-it-is-chords-740498",
      "file_path": null,
      "metadata": {}
    },
    "2471476": {
      "id": "2471476",
      "title": "The Bullet",
      "type": "CRD",
      "url": "https://tabs.ultimate-guitar.com/tab/carrie-underwood/the-bullet-chords-2471476",
      "file_path": null,
      "metadata": {}
    },
    "2472050": {
      "id": "2472050",
      "title": "The Bullet (ver 2)",
      "type": "CRD",
      "url": "https://tabs.ultimate-guitar.com/tab/carrie-underwood/the-bullet-chords-2472050",
      "file_path": null,
      "metadata": {}
    },
    "2282809": {
      "id": "2282809",
      "title": "The Champion",
      "type": "CRD",
      "url": "https://tabs.ultimate-guitar.com/tab/carrie-underwood/the-champion-chords-2282809",
      "file_path": null,
      "metadata": {}
    },
    "2287913": {
      "id": "2287913",
      "title": "The Champion",
      "type": "VID",
      "url": "https://tabs.ultimate-guitar.com/tab/carrie-underwood/the-champion-video-2287913",
      "file_path": null,
      "metadata": {}
    },
    "1776044": {
      "id": "1776044",
      "title": "The Girl You Think I Am",
      "type": "CRD",
      "url": "https://tabs.ultimate-guitar.com/tab/carrie-underwood/the-girl-you-think-i-am-chords-1776044",
      "file_path": null,
      "metadata": {}
    },
    "1797875": {
      "id": "1797875",
      "title": "The Girl You Think I Am  Intro",
      "type": "TAB",
      "url": "https://tabs.ultimate-guitar.com/tab/carrie-underwood/the-girl-you-think-i-am-tabs-1797875",
      "file_path": null,
      "metadata": {}
    },
    "600202": {
      "id": "600202",
      "title": "The More Boys I Meet",
      "type": "CRD",
      "url": "https://tabs.ultimate-guitar.com/tab/carrie-underwood/the-more-boys-i-meet-chords-600202",
      "file_path": null,
      "metadata": {}
    },
    "910079": {
      "id": "910079",
      "title": "The More Boys I Meet (ver 2)",
      "type": "CRD",
      "url": "https://tabs.ultimate-guitar.com/tab/carrie-underwood/the-more-boys-i-meet-chords-910079",
      "file_path": null,
      "metadata": {}
    },
    "930325": {
      "id": "930325",
      "title": "The More Boys I Meet (ver 3)",
      "type": "CRD",
      "url": "https://tabs.ultimate-guitar.com/tab/carrie-underwood/the-more-boys-i-meet-chords-930325",
      "file_path": null,
      "metadata": {}
    },
    "1053028": {
      "id": "1053028",
      "title": "The More Boys I Meet (ver 4)",
      "type": "CRD",
      "url": "https://tabs.ultimate-guitar.com/tab/carrie-underwood/the-more-boys-i-meet-chords-1053028",
      "file_path": null,
      "metadata": {}
    },
    "324388": {
      "id": "324388",
      "title": "The Night Before Life Goes On",
      "type": "CRD",
      "url": "https://tabs.ultimate-guitar.com/tab/carrie-underwood/the-night-before-life-goes-on-chords-324388",
      "file_path": null,
      "metadata": {}
    },
    "609682": {
      "id": "609682",
      "title": "The Night Before Life Goes On (ver 2)",
      "type": "CRD",
      "url": "https://tabs.ultimate-guitar.com/tab/carrie-underwood/the-night-before-life-goes-on-chords-609682",
      "file_path": null,
      "metadata": {}
    },
    "1829132": {
      "id": "1829132",
      "title": "The Night Before Life Goes On (ver 3)",
      "type": "CRD",
      "url": "https://tabs.ultimate-guitar.com/tab/carrie-underwood/the-night-before-life-goes-on-chords-1829132",
      "file_path": null,
      "metadata": {}
    },
    "3798350": {
      "id": "3798350",
      "title": "The Old Rugged Cross",
      "type": "CRD",
      "url": "https://tabs.ultimate-guitar.com/tab/carrie-underwood/the-old-rugged-cross-chords-3798350",
      "file_path": null,
      "metadata": {}
    },
    "1011658": {
      "id": "1011658",
      "title": "Theres A Place For Us",
      "type": "CRD",
      "url": "https://tabs.ultimate-guitar.com/tab/carrie-underwood/theres-a-place-for-us-chords-1011658",
      "file_path": null,
      "metadata": {}
    },
    "1021120": {
      "id": "1021120",
      "title": "Theres A Place For Us (ver 2)",
      "type": "CRD",
      "url": "https://tabs.ultimate-guitar.com/tab/carrie-underwood/theres-a-place-for-us-chords-1021120",
      "file_path": null,
      "metadata": {}
    },
    "1471739": {
      "id": "1471739",
      "title": "Theres A Place For Us (ver 3)",
      "type": "CRD",
      "url": "https://tabs.ultimate-guitar.com/tab/carrie-underwood/theres-a-place-for-us-chords-1471739",
      "file_path": null,
      "metadata": {}
    },
    "2357403": {
      "id": "2357403",
      "title": "Theres A Place For Us (ver 4)",
      "type": "CRD",
      "url": "https://tabs.ultimate-guitar.com/tab/carrie-underwood/theres-a-place-for-us-chords-2357403",
      "file_path": null,
      "metadata": {}
    },
    "1347041": {
      "id": "1347041",
      "title": "Theres A Place For Us",
      "type": "UKE",
      "url": "https://tabs.ultimate-guitar.com/tab/carrie-underwood/theres-a-place-for-us-ukulele-1347041",
      "file_path": null,
      "metadata": {}
    },
    "939471": {
      "id": "939471",
      "title": "This Time",
      "type": "CRD",
      "url": "https://tabs.ultimate-guitar.com/tab/carrie-underwood/this-time-chords-939471",
      "file_path": null,
      "metadata": {}
    },
    "1335399": {
      "id": "1335399",
      "title": "This Time",
      "type": "UKE",
      "url": "https://tabs.ultimate-guitar.com/tab/carrie-underwood/this-time-ukulele-1335399",
      "file_path": null,
      "metadata": {}
    },
    "673684": {
      "id": "673684",
      "title": "Twisted",
      "type": "CRD",
      "url": "https://tabs.ultimate-guitar.com/tab/carrie-underwood/twisted-chords-673684",
      "file_path": null,
      "metadata": {}
    },
    "1150891": {
      "id": "1150891",
      "title": "Two Black Cadillacs (ver 2)",
      "type": "CRD",
      "url": "https://tabs.ultimate-guitar.com/tab/carrie-underwood/two-black-cadillacs-chords-1150891",
      "file_path": null,
      "metadata": {}
    },
    "1374011": {
      "id": "1374011",
      "title": "Two Black Cadillacs",
      "type": "UKE",
      "url": "https://tabs.ultimate-guitar.com/tab/carrie-underwood/two-black-cadillacs-ukulele-1374011",
      "file_path": null,
      "metadata": {}
    },
    "898222": {
      "id": "898222",
      "title": "Unapologize",
      "type": "CRD",
      "url": "https://tabs.ultimate-guitar.com/tab/carrie-underwood/unapologize-chords-898222",
      "file_path": null,
      "metadata": {}
    },
    "996949": {
      "id": "996949",
      "title": "Undo It (ver 2)",
      "type": "CRD",
      "url": "https://tabs.ultimate-guitar.com/tab/carrie-underwood/undo-it-chords-996949",
      "file_path": null,
      "metadata": {}
    },
    "1029589": {
      "id": "1029589",
      "title": "Undo It (ver 3)",
      "type": "CRD",
      "url": "https://tabs.ultimate-guitar.com/tab/carrie-underwood/undo-it-chords-1029589",
      "file_path": null,
      "metadata": {}
    },
    "1332781": {
      "id": "1332781",
      "title": "Undo It",
      "type": "UKE",
      "url": "https://tabs.ultimate-guitar.com/tab/carrie-underwood/undo-it-ukulele-1332781",
      "file_path": null,
      "metadata": {}
    },
    "4227460": {
      "id": "4227460",
      "title": "Velvet Heartbreak",
      "type": "CRD",
      "url": "https://tabs.ultimate-guitar.com/tab/carrie-underwood/velvet-heartbreak-chords-4227460",
      "file_path": null,
      "metadata": {}
    },
    "4227202": {
      "id": "4227202",
      "title": "Wanted Woman",
      "type": "CRD",
      "url": "https://tabs.ultimate-guitar.com/tab/carrie-underwood/wanted-woman-chords-4227202",
      "file_path": null,
      "metadata": {}
    },
    "443537": {
      "id": "443537",
      "title": "Wasted",
      "type": "CRD",
      "url": "https://tabs.ultimate-guitar.com/tab/carrie-underwood/wasted-chords-443537",
      "file_path": null,
      "metadata": {}
    },
    "605305": {
      "id": "605305",
      "title": "Wasted  Intro",
      "type": "TAB",
      "url": "https://tabs.ultimate-guitar.com/tab/carrie-underwood/wasted-tabs-605305",
      "file_path": null,
      "metadata": {}
    },
    "1424955": {
      "id": "1424955",
      "title": "Wasted",
      "type": "BASS",
      "url": "https://tabs.ultimate-guitar.com/tab/carrie-underwood/wasted-bass-1424955",
      "file_path": null,
      "metadata": {}
    },
    "1424842": {
      "id": "1424842",
      "title": "Wasted (ver 2)",
      "type": "BASS",
      "url": "https://tabs.ultimate-guitar.com/tab/carrie-underwood/wasted-bass-1424842",
      "file_path": null,
      "metadata": {}
    },
    "2164155": {
      "id": "2164155",
      "title": "Wasted",
      "type": "UKE",
      "url": "https://tabs.ultimate-guitar.com/tab/carrie-underwood/wasted-ukulele-2164155",
      "file_path": null,
      "metadata": {}
    },
    "397938": {
      "id": "397938",
      "title": "Were Young And Beautiful",
      "type": "CRD",
      "url": "https://tabs.ultimate-guitar.com/tab/carrie-underwood/were-young-and-beautiful-chords-397938",
      "file_path": null,
      "metadata": {}
    },
    "393492": {
      "id": "393492",
      "title": "Were Young And Beautiful",
      "type": "TAB",
      "url": "https://tabs.ultimate-guitar.com/tab/carrie-underwood/were-young-and-beautiful-tabs-393492",
      "file_path": null,
      "metadata": {}
    },
    "902094": {
      "id": "902094",
      "title": "What Can I Say",
      "type": "CRD",
      "url": "https://tabs.ultimate-guitar.com/tab/carrie-underwood/what-can-i-say-chords-902094",
      "file_path": null,
      "metadata": {}
    },
    "915030": {
      "id": "915030",
      "title": "What Can I Say (ver 2)",
      "type": "CRD",
      "url": "https://tabs.ultimate-guitar.com/tab/carrie-underwood/what-can-i-say-chords-915030",
      "file_path": null,
      "metadata": {}
    },
    "917415": {
      "id": "917415",
      "title": "What Can I Say (ver 3)",
      "type": "CRD",
      "url": "https://tabs.ultimate-guitar.com/tab/carrie-underwood/what-can-i-say-chords-917415",
      "file_path": null,
      "metadata": {}
    },
    "1335801": {
      "id": "1335801",
      "title": "What Can I Say",
      "type": "UKE",
      "url": "https://tabs.ultimate-guitar.com/tab/carrie-underwood/what-can-i-say-ukulele-1335801",
      "file_path": null,
      "metadata": {}
    },
    "5011978": {
      "id": "5011978",
      "title": "What Child Is This",
      "type": "CRD",
      "url": "https://tabs.ultimate-guitar.com/tab/carrie-underwood/what-child-is-this-chords-5011978",
      "file_path": null,
      "metadata": {}
    },
    "1775067": {
      "id": "1775067",
      "title": "What I Never Knew I Always Wanted",
      "type": "CRD",
      "url": "https://tabs.ultimate-guitar.com/tab/carrie-underwood/what-i-never-knew-i-always-wanted-chords-1775067",
      "file_path": null,
      "metadata": {}
    },
    "1775244": {
      "id": "1775244",
      "title": "What I Never Knew I Always Wanted (ver 2)",
      "type": "CRD",
      "url": "https://tabs.ultimate-guitar.com/tab/carrie-underwood/what-i-never-knew-i-always-wanted-chords-1775244",
      "file_path": null,
      "metadata": {}
    },
    "673680": {
      "id": "673680",
      "title": "Wheel Of The World",
      "type": "CRD",
      "url": "https://tabs.ultimate-guitar.com/tab/carrie-underwood/wheel-of-the-world-chords-673680",
      "file_path": null,
      "metadata": {}
    },
    "978459": {
      "id": "978459",
      "title": "Whenever You Remember",
      "type": "CRD",
      "url": "https://tabs.ultimate-guitar.com/tab/carrie-underwood/whenever-you-remember-chords-978459",
      "file_path": null,
      "metadata": {}
    },
    "1058500": {
      "id": "1058500",
      "title": "Whenever You Remember (ver 2)",
      "type": "CRD",
      "url": "https://tabs.ultimate-guitar.com/tab/carrie-underwood/whenever-you-remember-chords-1058500",
      "file_path": null,
      "metadata": {}
    },
    "1471730": {
      "id": "1471730",
      "title": "Whenever You Remember (ver 3)",
      "type": "CRD",
      "url": "https://tabs.ultimate-guitar.com/tab/carrie-underwood/whenever-you-remember-chords-1471730",
      "file_path": null,
      "metadata": {}
    },
    "1352416": {
      "id": "1352416",
      "title": "Whenever You Remember",
      "type": "UKE",
      "url": "https://tabs.ultimate-guitar.com/tab/carrie-underwood/whenever-you-remember-ukulele-1352416",
      "file_path": null,
      "metadata": {}
    },
    "1150691": {
      "id": "1150691",
      "title": "Who Are You",
      "type": "CRD",
      "url": "https://tabs.ultimate-guitar.com/tab/carrie-underwood/who-are-you-chords-1150691",
      "file_path": null,
      "metadata": {}
    },
    "1168104": {
      "id": "1168104",
      "title": "Who Are You (ver 2)",
      "type": "CRD",
      "url": "https://tabs.ultimate-guitar.com/tab/carrie-underwood/who-are-you-chords-1168104",
      "file_path": null,
      "metadata": {}
    },
    "1374023": {
      "id": "1374023",
      "title": "Who Are You",
      "type": "UKE",
      "url": "https://tabs.ultimate-guitar.com/tab/carrie-underwood/who-are-you-ukulele-1374023",
      "file_path": null,
      "metadata": {}
    },
    "1151458": {
      "id": "1151458",
      "title": "Wine After Whiskey",
      "type": "CRD",
      "url": "https://tabs.ultimate-guitar.com/tab/carrie-underwood/wine-after-whiskey-chords-1151458",
      "file_path": null,
      "metadata": {}
    },
    "1374240": {
      "id": "1374240",
      "title": "Wine After Whiskey",
      "type": "UKE",
      "url": "https://tabs.ultimate-guitar.com/tab/carrie-underwood/wine-after-whiskey-ukulele-1374240",
      "file_path": null,
      "metadata": {}
    },
    "673682": {
      "id": "673682",
      "title": "You Wont Find This",
      "type": "CRD",
      "url": "https://tabs.ultimate-guitar.com/tab/carrie-underwood/you-wont-find-this-chords-673682",
      "file_path": null,
      "metadata": {}
    },
    "722475": {
      "id": "722475",
      "title": "You Wont Find This (ver 2)",
      "type": "CRD",
      "url": "https://tabs.ultimate-guitar.com/tab/carrie-underwood/you-wont-find-this-chords-722475",
      "file_path": null,
      "metadata": {}
    },
    "2357425": {
      "id": "2357425",
      "title": "Young And Beautiful",
      "type": "CRD",
      "url": "https://tabs.ultimate-guitar.com/tab/carrie-underwood/young-and-beautiful-chords-2357425",
      "file_path": null,
      "metadata": {}
    }
  }
}