{
  "id": "11066",
  "name": "Vanessa Paradis",
  "url": "https://www.ultimate-guitar.com/artist/vanessa_paradis_11066",
  "tabs": {
    "1877575": {
      "id": "1877575",
      "title": "Il Y A",
      "type": "CRD",
      "url": "https://tabs.ultimate-guitar.com/tab/vanessa-paradis/il-y-a-chords-1877575",
      "file_path": null,
      "metadata": {}
    },
    "619494": {
      "id": "619494",
      "title": "Divine Idylle",
      "type": "CRD",
      "url": "https://tabs.ultimate-guitar.com/tab/vanessa-paradis/divine-idylle-chords-619494",
      "file_path": null,
      "metadata": {}
    },
    "781349": {
      "id": "781349",
      "title": "Be My Baby",
      "type": "CRD",
      "url": "https://tabs.ultimate-guitar.com/tab/vanessa-paradis/be-my-baby-chords-781349",
      "file_path": null,
      "metadata": {}
    },
    "1800795": {
      "id": "1800795",
      "title": "Pourtant",
      "type": "CRD",
      "url": "https://tabs.ultimate-guitar.com/tab/vanessa-paradis/pourtant-chords-1800795",
      "file_path": null,
      "metadata": {}
    },
    "228034": {
      "id": "228034",
      "title": "Pourtant",
      "type": "PRO",
      "url": "https://tabs.ultimate-guitar.com/tab/vanessa-paradis/pourtant-guitar-pro-228034",
      "file_path": null,
      "metadata": {}
    },
    "2900342": {
      "id": "2900342",
      "title": "Tandem",
      "type": "CRD",
      "url": "https://tabs.ultimate-guitar.com/tab/vanessa-paradis/tandem-chords-2900342",
      "file_path": null,
      "metadata": {}
    },
    "228033": {
      "id": "228033",
      "title": "Marylin Et John",
      "type": "PRO",
      "url": "https://tabs.ultimate-guitar.com/tab/vanessa-paradis/marylin-et-john-guitar-pro-228033",
      "file_path": null,
      "metadata": {}
    },
    "1750912": {
      "id": "1750912",
      "title": "Mi Amor",
      "type": "CRD",
      "url": "https://tabs.ultimate-guitar.com/tab/vanessa-paradis/mi-amor-chords-1750912",
      "file_path": null,
      "metadata": {}
    },
    "2486721": {
      "id": "2486721",
      "title": "Ces Mots Simples",
      "type": "CRD",
      "url": "https://tabs.ultimate-guitar.com/tab/vanessa-paradis/ces-mots-simples-chords-2486721",
      "file_path": null,
      "metadata": {}
    },
    "2973512": {
      "id": "2973512",
      "title": "Papa Paname",
      "type": "CRD",
      "url": "https://tabs.ultimate-guitar.com/tab/vanessa-paradis/papa-paname-chords-2973512",
      "file_path": null,
      "metadata": {}
    },
    "5829866": {
      "id": "5829866",
      "title": "Bouquet Final",
      "type": "CRD",
      "url": "https://tabs.ultimate-guitar.com/tab/vanessa-paradis/bouquet-final-chords-5829866",
      "file_path": null,
      "metadata": {}
    },
    "1164361": {
      "id": "1164361",
      "title": "A Monster In Paris - La Seine And I",
      "type": "CRD",
      "url": "https://tabs.ultimate-guitar.com/tab/misc-cartoons/a-monster-in-paris-la-seine-and-i-chords-1164361",
      "file_path": null,
      "metadata": {}
    },
    "1420125": {
      "id": "1420125",
      "title": "A Monster In Paris - La Seine And I (ver 2)",
      "type": "CRD",
      "url": "https://tabs.ultimate-guitar.com/tab/misc-cartoons/a-monster-in-paris-la-seine-and-i-chords-1420125",
      "file_path": null,
      "metadata": {}
    },
    "1871566": {
      "id": "1871566",
      "title": "A Monster In Paris - La Seine And I (ver 3)",
      "type": "CRD",
      "url": "https://tabs.ultimate-guitar.com/tab/misc-cartoons/a-monster-in-paris-la-seine-and-i-chords-1871566",
      "file_path": null,
      "metadata": {}
    },
    "1956619": {
      "id": "1956619",
      "title": "A Monster In Paris - La Seine And I  Intro",
      "type": "TAB",
      "url": "https://tabs.ultimate-guitar.com/tab/misc-cartoons/a-monster-in-paris-la-seine-and-i-tabs-1956619",
      "file_path": null,
      "metadata": {}
    },
    "4280392": {
      "id": "4280392",
      "title": "A Monster In Paris - La Seine And I",
      "type": "TAB",
      "url": "https://tabs.ultimate-guitar.com/tab/misc-cartoons/a-monster-in-paris-la-seine-and-i-tabs-4280392",
      "file_path": null,
      "metadata": {}
    },
    "4118128": {
      "id": "4118128",
      "title": "A Monster In Paris - La Seine And I",
      "type": "PRO",
      "url": "https://tabs.ultimate-guitar.com/tab/misc-cartoons/a-monster-in-paris-la-seine-and-i-guitar-pro-4118128",
      "file_path": null,
      "metadata": {}
    },
    "1375681": {
      "id": "1375681",
      "title": "A Monster In Paris - La Seine And I",
      "type": "UKE",
      "url": "https://tabs.ultimate-guitar.com/tab/misc-cartoons/a-monster-in-paris-la-seine-and-i-ukulele-1375681",
      "file_path": null,
      "metadata": {}
    },
    "2723235": {
      "id": "2723235",
      "title": "Dans Lunivers",
      "type": "CRD",
      "url": "https://tabs.ultimate-guitar.com/tab/nekfeu/dans-lunivers-chords-2723235",
      "file_path": null,
      "metadata": {}
    },
    "5141959": {
      "id": "5141959",
      "title": "Le Bal",
      "type": "CRD",
      "url": "https://tabs.ultimate-guitar.com/tab/voyou/le-bal-chords-5141959",
      "file_path": null,
      "metadata": {}
    },
    "3867287": {
      "id": "3867287",
      "title": "Les Clochettes De Mai",
      "type": "CRD",
      "url": "https://tabs.ultimate-guitar.com/tab/adrien-gallo/les-clochettes-de-mai-chords-3867287",
      "file_path": null,
      "metadata": {}
    },
    "3904283": {
      "id": "3904283",
      "title": "Thelma Louise Et Chantal - Vous Les Copains Je Ne Vous Oublierai Jamais",
      "type": "CRD",
      "url": "https://tabs.ultimate-guitar.com/tab/misc-soundtrack/thelma-louise-et-chantal-vous-les-copains-je-ne-vous-oublierai-jamais-chords-3904283",
      "file_path": null,
      "metadata": {}
    },
    "4793210": {
      "id": "4793210",
      "title": "Tirer La Nuit Sur Les Étoiles",
      "type": "CRD",
      "url": "https://tabs.ultimate-guitar.com/tab/4793210",
      "file_path": null,
      "metadata": {}
    },
    "2481162": {
      "id": "2481162",
      "title": "Tu Me Manques Pourtant Tu Es Là",
      "type": "CRD",
      "url": "https://tabs.ultimate-guitar.com/tab/2481162",
      "file_path": null,
      "metadata": {}
    },
    "1105492": {
      "id": "1105492",
      "title": "Un Monstre À Paris - La Seine",
      "type": "CRD",
      "url": "https://tabs.ultimate-guitar.com/tab/1105492",
      "file_path": null,
      "metadata": {}
    },
    "1986087": {
      "id": "1986087",
      "title": "Un Monstre À Paris - La Seine (ver 2)",
      "type": "CRD",
      "url": "https://tabs.ultimate-guitar.com/tab/1986087",
      "file_path": null,
      "metadata": {}
    },
    "2203133": {
      "id": "2203133",
      "title": "Un Monstre À Paris - La Seine",
      "type": "TAB",
      "url": "https://tabs.ultimate-guitar.com/tab/2203133",
      "file_path": null,
      "metadata": {}
    },
    "1147792": {
      "id": "1147792",
      "title": "Un Monstre À Paris - La Seine",
      "type": "PRO",
      "url": "https://tabs.ultimate-guitar.com/tab/1147792",
      "file_path": null,
      "metadata": {}
    },
    "3837683": {
      "id": "3837683",
      "title": "Un Monstre À Paris - La Seine",
      "type": "BASS",
      "url": "https://tabs.ultimate-guitar.com/tab/3837683",
      "file_path": null,
      "metadata": {}
    },
    "1366018": {
      "id": "1366018",
      "title": "Un Monstre À Paris - La Seine",
      "type": "UKE",
      "url": "https://tabs.ultimate-guitar.com/tab/1366018",
      "file_path": null,
      "metadata": {}
    },
    "2520945": {
      "id": "2520945",
      "title": "À La Hauteur De Mes Bas",
      "type": "CRD",
      "url": "https://tabs.ultimate-guitar.com/tab/2520945",
      "file_path": null,
      "metadata": {}
    },
    "1022282": {
      "id": "1022282",
      "title": "Be My Baby (ver 2)",
      "type": "CRD",
      "url": "https://tabs.ultimate-guitar.com/tab/vanessa-paradis/be-my-baby-chords-1022282",
      "file_path": null,
      "metadata": {}
    },
    "1250193": {
      "id": "1250193",
      "title": "Be My Baby (ver 3)",
      "type": "CRD",
      "url": "https://tabs.ultimate-guitar.com/tab/vanessa-paradis/be-my-baby-chords-1250193",
      "file_path": null,
      "metadata": {}
    },
    "1318033": {
      "id": "1318033",
      "title": "Be My Baby",
      "type": "UKE",
      "url": "https://tabs.ultimate-guitar.com/tab/vanessa-paradis/be-my-baby-ukulele-1318033",
      "file_path": null,
      "metadata": {}
    },
    "2520549": {
      "id": "2520549",
      "title": "Ce Que Le Vent Nous Souffle",
      "type": "CRD",
      "url": "https://tabs.ultimate-guitar.com/tab/vanessa-paradis/ce-que-le-vent-nous-souffle-chords-2520549",
      "file_path": null,
      "metadata": {}
    },
    "2520543": {
      "id": "2520543",
      "title": "Cest Dire",
      "type": "CRD",
      "url": "https://tabs.ultimate-guitar.com/tab/vanessa-paradis/cest-dire-chords-2520543",
      "file_path": null,
      "metadata": {}
    },
    "4610177": {
      "id": "4610177",
      "title": "Chet Baker",
      "type": "CRD",
      "url": "https://tabs.ultimate-guitar.com/tab/vanessa-paradis/chet-baker-chords-4610177",
      "file_path": null,
      "metadata": {}
    },
    "1028636": {
      "id": "1028636",
      "title": "Chet Baker Live",
      "type": "PRO",
      "url": "https://tabs.ultimate-guitar.com/tab/vanessa-paradis/chet-baker-live-guitar-pro-1028636",
      "file_path": null,
      "metadata": {}
    },
    "3019058": {
      "id": "3019058",
      "title": "Dis-Lui Toi Que Je Taime",
      "type": "CRD",
      "url": "https://tabs.ultimate-guitar.com/tab/vanessa-paradis/dis-lui-toi-que-je-taime-chords-3019058",
      "file_path": null,
      "metadata": {}
    },
    "3068291": {
      "id": "3068291",
      "title": "Divine Idylle (ver 2)",
      "type": "CRD",
      "url": "https://tabs.ultimate-guitar.com/tab/vanessa-paradis/divine-idylle-chords-3068291",
      "file_path": null,
      "metadata": {}
    },
    "1304072": {
      "id": "1304072",
      "title": "Divine Idylle",
      "type": "UKE",
      "url": "https://tabs.ultimate-guitar.com/tab/vanessa-paradis/divine-idylle-ukulele-1304072",
      "file_path": null,
      "metadata": {}
    },
    "1025510": {
      "id": "1025510",
      "title": "Dyvine Idylle",
      "type": "CRD",
      "url": "https://tabs.ultimate-guitar.com/tab/vanessa-paradis/dyvine-idylle-chords-1025510",
      "file_path": null,
      "metadata": {}
    },
    "1349948": {
      "id": "1349948",
      "title": "Dyvine Idylle",
      "type": "UKE",
      "url": "https://tabs.ultimate-guitar.com/tab/vanessa-paradis/dyvine-idylle-ukulele-1349948",
      "file_path": null,
      "metadata": {}
    },
    "990734": {
      "id": "990734",
      "title": "Flagrant Delire",
      "type": "PRO",
      "url": "https://tabs.ultimate-guitar.com/tab/vanessa-paradis/flagrant-delire-guitar-pro-990734",
      "file_path": null,
      "metadata": {}
    },
    "5538162": {
      "id": "5538162",
      "title": "I Love Paris",
      "type": "CRD",
      "url": "https://tabs.ultimate-guitar.com/tab/vanessa-paradis/i-love-paris-chords-5538162",
      "file_path": null,
      "metadata": {}
    },
    "5386071": {
      "id": "5386071",
      "title": "Il Y A  Intro",
      "type": "TAB",
      "url": "https://tabs.ultimate-guitar.com/tab/vanessa-paradis/il-y-a-tabs-5386071",
      "file_path": null,
      "metadata": {}
    },
    "3112547": {
      "id": "3112547",
      "title": "Joe El Taxi",
      "type": "CRD",
      "url": "https://tabs.ultimate-guitar.com/tab/vanessa-paradis/joe-el-taxi-chords-3112547",
      "file_path": null,
      "metadata": {}
    },
    "1675450": {
      "id": "1675450",
      "title": "Joe Le Taxi",
      "type": "CRD",
      "url": "https://tabs.ultimate-guitar.com/tab/vanessa-paradis/joe-le-taxi-chords-1675450",
      "file_path": null,
      "metadata": {}
    },
    "3112544": {
      "id": "3112544",
      "title": "Joe Le Taxi (ver 2)",
      "type": "CRD",
      "url": "https://tabs.ultimate-guitar.com/tab/vanessa-paradis/joe-le-taxi-chords-3112544",
      "file_path": null,
      "metadata": {}
    },
    "4899565": {
      "id": "4899565",
      "title": "Junior Suite",
      "type": "CRD",
      "url": "https://tabs.ultimate-guitar.com/tab/vanessa-paradis/junior-suite-chords-4899565",
      "file_path": null,
      "metadata": {}
    },
    "5670453": {
      "id": "5670453",
      "title": "Just A Little Kiss",
      "type": "CRD",
      "url": "https://tabs.ultimate-guitar.com/tab/vanessa-paradis/just-a-little-kiss-chords-5670453",
      "file_path": null,
      "metadata": {}
    },
    "2520537": {
      "id": "2520537",
      "title": "Kiev",
      "type": "CRD",
      "url": "https://tabs.ultimate-guitar.com/tab/vanessa-paradis/kiev-chords-2520537",
      "file_path": null,
      "metadata": {}
    },
    "3948830": {
      "id": "3948830",
      "title": "La Chanson Des Vieux Cons",
      "type": "CRD",
      "url": "https://tabs.ultimate-guitar.com/tab/vanessa-paradis/la-chanson-des-vieux-cons-chords-3948830",
      "file_path": null,
      "metadata": {}
    },
    "3139220": {
      "id": "3139220",
      "title": "La Mélodie",
      "type": "CRD",
      "url": "https://tabs.ultimate-guitar.com/tab/3139220",
      "file_path": null,
      "metadata": {}
    },
    "2520540": {
      "id": "2520540",
      "title": "La Plage",
      "type": "CRD",
      "url": "https://tabs.ultimate-guitar.com/tab/vanessa-paradis/la-plage-chords-2520540",
      "file_path": null,
      "metadata": {}
    },
    "983119": {
      "id": "983119",
      "title": "La Vague A Lames",
      "type": "PRO",
      "url": "https://tabs.ultimate-guitar.com/tab/vanessa-paradis/la-vague-a-lames-guitar-pro-983119",
      "file_path": null,
      "metadata": {}
    },
    "2346291": {
      "id": "2346291",
      "title": "Le Rempart",
      "type": "CRD",
      "url": "https://tabs.ultimate-guitar.com/tab/vanessa-paradis/le-rempart-chords-2346291",
      "file_path": null,
      "metadata": {}
    },
    "5445153": {
      "id": "5445153",
      "title": "Le Temps De Lamour",
      "type": "CRD",
      "url": "https://tabs.ultimate-guitar.com/tab/vanessa-paradis/le-temps-de-lamour-chords-5445153",
      "file_path": null,
      "metadata": {}
    },
    "3035751": {
      "id": "3035751",
      "title": "Les Piles",
      "type": "CRD",
      "url": "https://tabs.ultimate-guitar.com/tab/vanessa-paradis/les-piles-chords-3035751",
      "file_path": null,
      "metadata": {}
    },
    "3116174": {
      "id": "3116174",
      "title": "Les Roses Roses",
      "type": "CRD",
      "url": "https://tabs.ultimate-guitar.com/tab/vanessa-paradis/les-roses-roses-chords-3116174",
      "file_path": null,
      "metadata": {}
    },
    "2647437": {
      "id": "2647437",
      "title": "Lonely Rainbow",
      "type": "CRD",
      "url": "https://tabs.ultimate-guitar.com/tab/vanessa-paradis/lonely-rainbow-chords-2647437",
      "file_path": null,
      "metadata": {}
    },
    "2509836": {
      "id": "2509836",
      "title": "Love Song",
      "type": "CRD",
      "url": "https://tabs.ultimate-guitar.com/tab/vanessa-paradis/love-song-chords-2509836",
      "file_path": null,
      "metadata": {}
    },
    "1810781": {
      "id": "1810781",
      "title": "Made In Asia",
      "type": "CRD",
      "url": "https://tabs.ultimate-guitar.com/tab/vanessa-paradis/made-in-asia-chords-1810781",
      "file_path": null,
      "metadata": {}
    },
    "1410570": {
      "id": "1410570",
      "title": "Marylin Et John",
      "type": "CRD",
      "url": "https://tabs.ultimate-guitar.com/tab/vanessa-paradis/marylin-et-john-chords-1410570",
      "file_path": null,
      "metadata": {}
    },
    "2325737": {
      "id": "2325737",
      "title": "Marylin Et John (ver 2)",
      "type": "CRD",
      "url": "https://tabs.ultimate-guitar.com/tab/vanessa-paradis/marylin-et-john-chords-2325737",
      "file_path": null,
      "metadata": {}
    },
    "4329581": {
      "id": "4329581",
      "title": "Mi Amor (ver 2)",
      "type": "CRD",
      "url": "https://tabs.ultimate-guitar.com/tab/vanessa-paradis/mi-amor-chords-4329581",
      "file_path": null,
      "metadata": {}
    },
    "2593728": {
      "id": "2593728",
      "title": "Mio Cuore",
      "type": "CRD",
      "url": "https://tabs.ultimate-guitar.com/tab/vanessa-paradis/mio-cuore-chords-2593728",
      "file_path": null,
      "metadata": {}
    },
    "2520546": {
      "id": "2520546",
      "title": "On Oubliera",
      "type": "CRD",
      "url": "https://tabs.ultimate-guitar.com/tab/vanessa-paradis/on-oubliera-chords-2520546",
      "file_path": null,
      "metadata": {}
    },
    "5747255": {
      "id": "5747255",
      "title": "Pas Besoin De Permis",
      "type": "CRD",
      "url": "https://tabs.ultimate-guitar.com/tab/vanessa-paradis/pas-besoin-de-permis-chords-5747255",
      "file_path": null,
      "metadata": {}
    },
    "2612550": {
      "id": "2612550",
      "title": "Pourtant (ver 2)",
      "type": "CRD",
      "url": "https://tabs.ultimate-guitar.com/tab/vanessa-paradis/pourtant-chords-2612550",
      "file_path": null,
      "metadata": {}
    },
    "80328": {
      "id": "80328",
      "title": "Silver And Gold",
      "type": "CRD",
      "url": "https://tabs.ultimate-guitar.com/tab/vanessa-paradis/silver-and-gold-chords-80328",
      "file_path": null,
      "metadata": {}
    },
    "1266627": {
      "id": "1266627",
      "title": "Silver And Gold",
      "type": "UKE",
      "url": "https://tabs.ultimate-guitar.com/tab/vanessa-paradis/silver-and-gold-ukulele-1266627",
      "file_path": null,
      "metadata": {}
    },
    "2499408": {
      "id": "2499408",
      "title": "Square 4 Septembre",
      "type": "CRD",
      "url": "https://tabs.ultimate-guitar.com/tab/vanessa-paradis/square-4-septembre-chords-2499408",
      "file_path": null,
      "metadata": {}
    },
    "1751972": {
      "id": "1751972",
      "title": "Sunday Mondays",
      "type": "CRD",
      "url": "https://tabs.ultimate-guitar.com/tab/vanessa-paradis/sunday-mondays-chords-1751972",
      "file_path": null,
      "metadata": {}
    },
    "2840516": {
      "id": "2840516",
      "title": "Vague À Lâme Soeur",
      "type": "CRD",
      "url": "https://tabs.ultimate-guitar.com/tab/2840516",
      "file_path": null,
      "metadata": {}
    },
    "3842789": {
      "id": "3842789",
      "title": "Walk On The Wild Side",
      "type": "CRD",
      "url": "https://tabs.ultimate-guitar.com/tab/vanessa-paradis/walk-on-the-wild-side-chords-3842789",
      "file_path": null,
      "metadata": {}
    },
    "2150833": {
      "id": "2150833",
      "title": "What A Day For A Daydream",
      "type": "UKE",
      "url": "https://tabs.ultimate-guitar.com/tab/vanessa-paradis/what-a-day-for-a-daydream-ukulele-2150833",
      "file_path": null,
      "metadata": {}
    },
    "3042570": {
      "id": "3042570",
      "title": "When I Say",
      "type": "CRD",
      "url": "https://tabs.ultimate-guitar.com/tab/vanessa-paradis/when-i-say-chords-3042570",
      "file_path": null,
      "metadata": {}
    }
  }
}