{
  "id": "112215",
  "name": "FINNEAS",
  "url": "https://www.ultimate-guitar.com/artist/finneas_112215",
  "tabs": {
    "2321251": {
      "id": "2321251",
      "title": "Break My Heart Again",
      "type": "CRD",
      "url": "https://tabs.ultimate-guitar.com/tab/finneas/break-my-heart-again-chords-2321251",
      "file_path": null,
      "metadata": {}
    },
    "2686008": {
      "id": "2686008",
      "title": "I Lost A Friend",
      "type": "CRD",
      "url": "https://tabs.ultimate-guitar.com/tab/finneas/i-lost-a-friend-chords-2686008",
      "file_path": null,
      "metadata": {}
    },
    "3319766": {
      "id": "3319766",
      "title": "What Theyll Say About Us",
      "type": "CRD",
      "url": "https://tabs.ultimate-guitar.com/tab/finneas/what-theyll-say-about-us-chords-3319766",
      "file_path": null,
      "metadata": {}
    },
    "2846777": {
      "id": "2846777",
      "title": "Die Alone",
      "type": "CRD",
      "url": "https://tabs.ultimate-guitar.com/tab/finneas/die-alone-chords-2846777",
      "file_path": null,
      "metadata": {}
    },
    "3819839": {
      "id": "3819839",
      "title": "A Concert Six Months From Now",
      "type": "CRD",
      "url": "https://tabs.ultimate-guitar.com/tab/finneas/a-concert-six-months-from-now-chords-3819839",
      "file_path": null,
      "metadata": {}
    },
    "3912089": {
      "id": "3912089",
      "title": "Only A Lifetime",
      "type": "CRD",
      "url": "https://tabs.ultimate-guitar.com/tab/finneas/only-a-lifetime-chords-3912089",
      "file_path": null,
      "metadata": {}
    },
    "2846747": {
      "id": "2846747",
      "title": "Partners In Crime",
      "type": "CRD",
      "url": "https://tabs.ultimate-guitar.com/tab/finneas/partners-in-crime-chords-2846747",
      "file_path": null,
      "metadata": {}
    },
    "2725032": {
      "id": "2725032",
      "title": "Angel",
      "type": "CRD",
      "url": "https://tabs.ultimate-guitar.com/tab/finneas/angel-chords-2725032",
      "file_path": null,
      "metadata": {}
    },
    "2501016": {
      "id": "2501016",
      "title": "Lets Fall In Love For The Night",
      "type": "UKE",
      "url": "https://tabs.ultimate-guitar.com/tab/finneas/lets-fall-in-love-for-the-night-ukulele-2501016",
      "file_path": null,
      "metadata": {}
    },
    "2852726": {
      "id": "2852726",
      "title": "Lost My Mind",
      "type": "CRD",
      "url": "https://tabs.ultimate-guitar.com/tab/finneas/lost-my-mind-chords-2852726",
      "file_path": null,
      "metadata": {}
    },
    "5456454": {
      "id": "5456454",
      "title": "For Cryin Out Loud  (album)",
      "type": "CRD",
      "url": "https://tabs.ultimate-guitar.com/tab/finneas/for-cryin-out-loud-chords-5456454",
      "file_path": null,
      "metadata": {}
    },
    "3430994": {
      "id": "3430994",
      "title": "Come To Think",
      "type": "UKE",
      "url": "https://tabs.ultimate-guitar.com/tab/gabrielle-current/come-to-think-ukulele-3430994",
      "file_path": null,
      "metadata": {}
    },
    "3889784": {
      "id": "3889784",
      "title": "Dear Evan Hansen - A Little Closer - Finneas Version",
      "type": "CRD",
      "url": "https://tabs.ultimate-guitar.com/tab/misc-soundtrack/dear-evan-hansen-a-little-closer-finneas-version-chords-3889784",
      "file_path": null,
      "metadata": {}
    },
    "4001602": {
      "id": "4001602",
      "title": "Dear Evan Hansen - A Little Closer - Finneas Version (ver 2)",
      "type": "CRD",
      "url": "https://tabs.ultimate-guitar.com/tab/misc-soundtrack/dear-evan-hansen-a-little-closer-finneas-version-chords-4001602",
      "file_path": null,
      "metadata": {}
    },
    "4141453": {
      "id": "4141453",
      "title": "Hate To Be Lame",
      "type": "CRD",
      "url": "https://tabs.ultimate-guitar.com/tab/lizzy-mcalpine/hate-to-be-lame-chords-4141453",
      "file_path": null,
      "metadata": {}
    },
    "4373000": {
      "id": "4373000",
      "title": "Hate To Be Lame",
      "type": "TAB",
      "url": "https://tabs.ultimate-guitar.com/tab/lizzy-mcalpine/hate-to-be-lame-tabs-4373000",
      "file_path": null,
      "metadata": {}
    },
    "4696685": {
      "id": "4696685",
      "title": "Hate To Be Lame",
      "type": "TAB",
      "url": "https://tabs.ultimate-guitar.com/tab/lizzy-mcalpine/hate-to-be-lame-tabs-4696685",
      "file_path": null,
      "metadata": {}
    },
    "3099194": {
      "id": "3099194",
      "title": "Sunny",
      "type": "CRD",
      "url": "https://tabs.ultimate-guitar.com/tab/billie-eilish/sunny-chords-3099194",
      "file_path": null,
      "metadata": {}
    },
    "5861099": {
      "id": "5861099",
      "title": "The Hudson",
      "type": "CRD",
      "url": "https://tabs.ultimate-guitar.com/tab/the-favors/the-hudson-chords-5861099",
      "file_path": null,
      "metadata": {}
    },
    "5870993": {
      "id": "5870993",
      "title": "The Hudson  Solo",
      "type": "TAB",
      "url": "https://tabs.ultimate-guitar.com/tab/the-favors/the-hudson-tabs-5870993",
      "file_path": null,
      "metadata": {}
    },
    "5824406": {
      "id": "5824406",
      "title": "The Little Mess You Made",
      "type": "CRD",
      "url": "https://tabs.ultimate-guitar.com/tab/the-favors/the-little-mess-you-made-chords-5824406",
      "file_path": null,
      "metadata": {}
    },
    "5832050": {
      "id": "5832050",
      "title": "The Little Mess You Made (ver 2)",
      "type": "CRD",
      "url": "https://tabs.ultimate-guitar.com/tab/the-favors/the-little-mess-you-made-chords-5832050",
      "file_path": null,
      "metadata": {}
    },
    "5837777": {
      "id": "5837777",
      "title": "The Little Mess You Made (ver 3)",
      "type": "CRD",
      "url": "https://tabs.ultimate-guitar.com/tab/the-favors/the-little-mess-you-made-chords-5837777",
      "file_path": null,
      "metadata": {}
    },
    "5861417": {
      "id": "5861417",
      "title": "The Little Mess You Made (ver 4)",
      "type": "CRD",
      "url": "https://tabs.ultimate-guitar.com/tab/the-favors/the-little-mess-you-made-chords-5861417",
      "file_path": null,
      "metadata": {}
    },
    "2749071": {
      "id": "2749071",
      "title": "Thinkin Bout You",
      "type": "CRD",
      "url": "https://tabs.ultimate-guitar.com/tab/billie-eilish/thinkin-bout-you-chords-2749071",
      "file_path": null,
      "metadata": {}
    },
    "5451909": {
      "id": "5451909",
      "title": "2001",
      "type": "CRD",
      "url": "https://tabs.ultimate-guitar.com/tab/finneas/2001-chords-5451909",
      "file_path": null,
      "metadata": {}
    },
    "3549140": {
      "id": "3549140",
      "title": "American Cliché",
      "type": "CRD",
      "url": "https://tabs.ultimate-guitar.com/tab/3549140",
      "file_path": null,
      "metadata": {}
    },
    "3548729": {
      "id": "3548729",
      "title": "American Cliché (ver 2)",
      "type": "CRD",
      "url": "https://tabs.ultimate-guitar.com/tab/3548729",
      "file_path": null,
      "metadata": {}
    },
    "3770372": {
      "id": "3770372",
      "title": "American Cliché (ver 3)",
      "type": "CRD",
      "url": "https://tabs.ultimate-guitar.com/tab/3770372",
      "file_path": null,
      "metadata": {}
    },
    "3407174": {
      "id": "3407174",
      "title": "Angel  Intro",
      "type": "TAB",
      "url": "https://tabs.ultimate-guitar.com/tab/finneas/angel-tabs-3407174",
      "file_path": null,
      "metadata": {}
    },
    "3446438": {
      "id": "3446438",
      "title": "Another Year",
      "type": "CRD",
      "url": "https://tabs.ultimate-guitar.com/tab/finneas/another-year-chords-3446438",
      "file_path": null,
      "metadata": {}
    },
    "3912737": {
      "id": "3912737",
      "title": "Around My Neck",
      "type": "CRD",
      "url": "https://tabs.ultimate-guitar.com/tab/finneas/around-my-neck-chords-3912737",
      "file_path": null,
      "metadata": {}
    },
    "3936656": {
      "id": "3936656",
      "title": "Around My Neck",
      "type": "BASS",
      "url": "https://tabs.ultimate-guitar.com/tab/finneas/around-my-neck-bass-3936656",
      "file_path": null,
      "metadata": {}
    },
    "2443709": {
      "id": "2443709",
      "title": "Break My Heart Again (ver 2)",
      "type": "CRD",
      "url": "https://tabs.ultimate-guitar.com/tab/finneas/break-my-heart-again-chords-2443709",
      "file_path": null,
      "metadata": {}
    },
    "2683131": {
      "id": "2683131",
      "title": "Break My Heart Again (ver 3)",
      "type": "CRD",
      "url": "https://tabs.ultimate-guitar.com/tab/finneas/break-my-heart-again-chords-2683131",
      "file_path": null,
      "metadata": {}
    },
    "3522866": {
      "id": "3522866",
      "title": "Break My Heart Again (ver 4)",
      "type": "CRD",
      "url": "https://tabs.ultimate-guitar.com/tab/finneas/break-my-heart-again-chords-3522866",
      "file_path": null,
      "metadata": {}
    },
    "2979041": {
      "id": "2979041",
      "title": "Break My Heart Again",
      "type": "TAB",
      "url": "https://tabs.ultimate-guitar.com/tab/finneas/break-my-heart-again-tabs-2979041",
      "file_path": null,
      "metadata": {}
    },
    "3307457": {
      "id": "3307457",
      "title": "Break My Heart Again (ver 2)",
      "type": "TAB",
      "url": "https://tabs.ultimate-guitar.com/tab/finneas/break-my-heart-again-tabs-3307457",
      "file_path": null,
      "metadata": {}
    },
    "3574052": {
      "id": "3574052",
      "title": "Break My Heart Again (ver 3)",
      "type": "TAB",
      "url": "https://tabs.ultimate-guitar.com/tab/finneas/break-my-heart-again-tabs-3574052",
      "file_path": null,
      "metadata": {}
    },
    "3100724": {
      "id": "3100724",
      "title": "Break My Heart Again",
      "type": "UKE",
      "url": "https://tabs.ultimate-guitar.com/tab/finneas/break-my-heart-again-ukulele-3100724",
      "file_path": null,
      "metadata": {}
    },
    "3493667": {
      "id": "3493667",
      "title": "Break My Heart Again (ver 2)",
      "type": "UKE",
      "url": "https://tabs.ultimate-guitar.com/tab/finneas/break-my-heart-again-ukulele-3493667",
      "file_path": null,
      "metadata": {}
    },
    "3109667": {
      "id": "3109667",
      "title": "Call Me When You Find Yourself",
      "type": "CRD",
      "url": "https://tabs.ultimate-guitar.com/tab/finneas/call-me-when-you-find-yourself-chords-3109667",
      "file_path": null,
      "metadata": {}
    },
    "3386648": {
      "id": "3386648",
      "title": "Cant Wait To Be Dead",
      "type": "CRD",
      "url": "https://tabs.ultimate-guitar.com/tab/finneas/cant-wait-to-be-dead-chords-3386648",
      "file_path": null,
      "metadata": {}
    },
    "3594008": {
      "id": "3594008",
      "title": "Cant Wait To Be Dead",
      "type": "CRD",
      "url": "https://tabs.ultimate-guitar.com/tab/finneas/cant-wait-to-be-dead-chords-3594008",
      "file_path": null,
      "metadata": {}
    },
    "3624992": {
      "id": "3624992",
      "title": "Cant Wait To Be Dead",
      "type": "UKE",
      "url": "https://tabs.ultimate-guitar.com/tab/finneas/cant-wait-to-be-dead-ukulele-3624992",
      "file_path": null,
      "metadata": {}
    },
    "2612727": {
      "id": "2612727",
      "title": "Claudia",
      "type": "CRD",
      "url": "https://tabs.ultimate-guitar.com/tab/finneas/claudia-chords-2612727",
      "file_path": null,
      "metadata": {}
    },
    "2671041": {
      "id": "2671041",
      "title": "Claudia (ver 2)",
      "type": "CRD",
      "url": "https://tabs.ultimate-guitar.com/tab/finneas/claudia-chords-2671041",
      "file_path": null,
      "metadata": {}
    },
    "5424258": {
      "id": "5424258",
      "title": "Cleats",
      "type": "CRD",
      "url": "https://tabs.ultimate-guitar.com/tab/finneas/cleats-chords-5424258",
      "file_path": null,
      "metadata": {}
    },
    "5441199": {
      "id": "5441199",
      "title": "Cleats  Intro",
      "type": "TAB",
      "url": "https://tabs.ultimate-guitar.com/tab/finneas/cleats-tabs-5441199",
      "file_path": null,
      "metadata": {}
    },
    "2676387": {
      "id": "2676387",
      "title": "College",
      "type": "CRD",
      "url": "https://tabs.ultimate-guitar.com/tab/finneas/college-chords-2676387",
      "file_path": null,
      "metadata": {}
    },
    "3366521": {
      "id": "3366521",
      "title": "Die Alone  Intro",
      "type": "TAB",
      "url": "https://tabs.ultimate-guitar.com/tab/finneas/die-alone-tabs-3366521",
      "file_path": null,
      "metadata": {}
    },
    "5469879": {
      "id": "5469879",
      "title": "Fake Plastic Trees",
      "type": "CRD",
      "url": "https://tabs.ultimate-guitar.com/tab/finneas/fake-plastic-trees-chords-5469879",
      "file_path": null,
      "metadata": {}
    },
    "5451948": {
      "id": "5451948",
      "title": "Family Feud",
      "type": "CRD",
      "url": "https://tabs.ultimate-guitar.com/tab/finneas/family-feud-chords-5451948",
      "file_path": null,
      "metadata": {}
    },
    "4102978": {
      "id": "4102978",
      "title": "Flume",
      "type": "CRD",
      "url": "https://tabs.ultimate-guitar.com/tab/finneas/flume-chords-4102978",
      "file_path": null,
      "metadata": {}
    },
    "5379300": {
      "id": "5379300",
      "title": "For Cryin Out Loud",
      "type": "CRD",
      "url": "https://tabs.ultimate-guitar.com/tab/finneas/for-cryin-out-loud-chords-5379300",
      "file_path": null,
      "metadata": {}
    },
    "5379384": {
      "id": "5379384",
      "title": "For Cryin Out Loud (ver 2)",
      "type": "CRD",
      "url": "https://tabs.ultimate-guitar.com/tab/finneas/for-cryin-out-loud-chords-5379384",
      "file_path": null,
      "metadata": {}
    },
    "5684507": {
      "id": "5684507",
      "title": "For Cryin Out Loud",
      "type": "CRD",
      "url": "https://tabs.ultimate-guitar.com/tab/finneas/for-cryin-out-loud-chords-5684507",
      "file_path": null,
      "metadata": {}
    },
    "5379435": {
      "id": "5379435",
      "title": "For Cryin Out Loud",
      "type": "BASS",
      "url": "https://tabs.ultimate-guitar.com/tab/finneas/for-cryin-out-loud-bass-5379435",
      "file_path": null,
      "metadata": {}
    },
    "3911423": {
      "id": "3911423",
      "title": "Happy Now",
      "type": "CRD",
      "url": "https://tabs.ultimate-guitar.com/tab/finneas/happy-now-chords-3911423",
      "file_path": null,
      "metadata": {}
    },
    "2603724": {
      "id": "2603724",
      "title": "Heaven",
      "type": "CRD",
      "url": "https://tabs.ultimate-guitar.com/tab/finneas/heaven-chords-2603724",
      "file_path": null,
      "metadata": {}
    },
    "2781304": {
      "id": "2781304",
      "title": "Hollywood Forever",
      "type": "CRD",
      "url": "https://tabs.ultimate-guitar.com/tab/finneas/hollywood-forever-chords-2781304",
      "file_path": null,
      "metadata": {}
    },
    "3915050": {
      "id": "3915050",
      "title": "How It Ends",
      "type": "CRD",
      "url": "https://tabs.ultimate-guitar.com/tab/finneas/how-it-ends-chords-3915050",
      "file_path": null,
      "metadata": {}
    },
    "3912047": {
      "id": "3912047",
      "title": "Hurt Locker",
      "type": "CRD",
      "url": "https://tabs.ultimate-guitar.com/tab/finneas/hurt-locker-chords-3912047",
      "file_path": null,
      "metadata": {}
    },
    "3913844": {
      "id": "3913844",
      "title": "Hurt Locker (ver 2)",
      "type": "CRD",
      "url": "https://tabs.ultimate-guitar.com/tab/finneas/hurt-locker-chords-3913844",
      "file_path": null,
      "metadata": {}
    },
    "2836403": {
      "id": "2836403",
      "title": "I Dont Miss You At All",
      "type": "CRD",
      "url": "https://tabs.ultimate-guitar.com/tab/finneas/i-dont-miss-you-at-all-chords-2836403",
      "file_path": null,
      "metadata": {}
    },
    "2837198": {
      "id": "2837198",
      "title": "I Dont Miss You At All (ver 2)",
      "type": "CRD",
      "url": "https://tabs.ultimate-guitar.com/tab/finneas/i-dont-miss-you-at-all-chords-2837198",
      "file_path": null,
      "metadata": {}
    },
    "3185957": {
      "id": "3185957",
      "title": "I Dont Miss You At All (ver 3)",
      "type": "CRD",
      "url": "https://tabs.ultimate-guitar.com/tab/finneas/i-dont-miss-you-at-all-chords-3185957",
      "file_path": null,
      "metadata": {}
    },
    "3587330": {
      "id": "3587330",
      "title": "I Dont Miss You At All",
      "type": "TAB",
      "url": "https://tabs.ultimate-guitar.com/tab/finneas/i-dont-miss-you-at-all-tabs-3587330",
      "file_path": null,
      "metadata": {}
    },
    "3778409": {
      "id": "3778409",
      "title": "I Dont Miss You At All (ver 2)",
      "type": "TAB",
      "url": "https://tabs.ultimate-guitar.com/tab/finneas/i-dont-miss-you-at-all-tabs-3778409",
      "file_path": null,
      "metadata": {}
    },
    "3069266": {
      "id": "3069266",
      "title": "I Dont Miss You At All  Intro",
      "type": "PRO",
      "url": "https://tabs.ultimate-guitar.com/tab/finneas/i-dont-miss-you-at-all-guitar-pro-3069266",
      "file_path": null,
      "metadata": {}
    },
    "3058933": {
      "id": "3058933",
      "title": "I Dont Miss You At All",
      "type": "PRO",
      "url": "https://tabs.ultimate-guitar.com/tab/finneas/i-dont-miss-you-at-all-guitar-pro-3058933",
      "file_path": null,
      "metadata": {}
    },
    "3193313": {
      "id": "3193313",
      "title": "I Dont Miss You At All",
      "type": "UKE",
      "url": "https://tabs.ultimate-guitar.com/tab/finneas/i-dont-miss-you-at-all-ukulele-3193313",
      "file_path": null,
      "metadata": {}
    },
    "2683485": {
      "id": "2683485",
      "title": "I Lost A Friend (ver 2)",
      "type": "CRD",
      "url": "https://tabs.ultimate-guitar.com/tab/finneas/i-lost-a-friend-chords-2683485",
      "file_path": null,
      "metadata": {}
    },
    "3063432": {
      "id": "3063432",
      "title": "I Lost A Friend (ver 3)",
      "type": "CRD",
      "url": "https://tabs.ultimate-guitar.com/tab/finneas/i-lost-a-friend-chords-3063432",
      "file_path": null,
      "metadata": {}
    },
    "3085034": {
      "id": "3085034",
      "title": "I Lost A Friend",
      "type": "UKE",
      "url": "https://tabs.ultimate-guitar.com/tab/finneas/i-lost-a-friend-ukulele-3085034",
      "file_path": null,
      "metadata": {}
    },
    "3589088": {
      "id": "3589088",
      "title": "I Lost A Friend (ver 2)",
      "type": "UKE",
      "url": "https://tabs.ultimate-guitar.com/tab/finneas/i-lost-a-friend-ukulele-3589088",
      "file_path": null,
      "metadata": {}
    },
    "4031629": {
      "id": "4031629",
      "title": "I Might Love You",
      "type": "CRD",
      "url": "https://tabs.ultimate-guitar.com/tab/finneas/i-might-love-you-chords-4031629",
      "file_path": null,
      "metadata": {}
    },
    "2190425": {
      "id": "2190425",
      "title": "Im In Love Without You",
      "type": "CRD",
      "url": "https://tabs.ultimate-guitar.com/tab/finneas/im-in-love-without-you-chords-2190425",
      "file_path": null,
      "metadata": {}
    },
    "2199959": {
      "id": "2199959",
      "title": "Im In Love Without You (ver 2)",
      "type": "CRD",
      "url": "https://tabs.ultimate-guitar.com/tab/finneas/im-in-love-without-you-chords-2199959",
      "file_path": null,
      "metadata": {}
    },
    "3041958": {
      "id": "3041958",
      "title": "Landmine",
      "type": "CRD",
      "url": "https://tabs.ultimate-guitar.com/tab/finneas/landmine-chords-3041958",
      "file_path": null,
      "metadata": {}
    },
    "5738288": {
      "id": "5738288",
      "title": "Landmine (ver 2)",
      "type": "CRD",
      "url": "https://tabs.ultimate-guitar.com/tab/finneas/landmine-chords-5738288",
      "file_path": null,
      "metadata": {}
    },
    "2499846": {
      "id": "2499846",
      "title": "Lets Fall In Love For The Night",
      "type": "CRD",
      "url": "https://tabs.ultimate-guitar.com/tab/finneas/lets-fall-in-love-for-the-night-chords-2499846",
      "file_path": null,
      "metadata": {}
    },
    "2549901": {
      "id": "2549901",
      "title": "Lets Fall In Love For The Night (ver 2)",
      "type": "CRD",
      "url": "https://tabs.ultimate-guitar.com/tab/finneas/lets-fall-in-love-for-the-night-chords-2549901",
      "file_path": null,
      "metadata": {}
    },
    "2838728": {
      "id": "2838728",
      "title": "Lets Fall In Love For The Night (ver 3)",
      "type": "CRD",
      "url": "https://tabs.ultimate-guitar.com/tab/finneas/lets-fall-in-love-for-the-night-chords-2838728",
      "file_path": null,
      "metadata": {}
    },
    "3097034": {
      "id": "3097034",
      "title": "Lets Fall In Love For The Night (ver 4)",
      "type": "CRD",
      "url": "https://tabs.ultimate-guitar.com/tab/finneas/lets-fall-in-love-for-the-night-chords-3097034",
      "file_path": null,
      "metadata": {}
    },
    "2731605": {
      "id": "2731605",
      "title": "Lets Fall In Love For The Night  Intro",
      "type": "TAB",
      "url": "https://tabs.ultimate-guitar.com/tab/finneas/lets-fall-in-love-for-the-night-tabs-2731605",
      "file_path": null,
      "metadata": {}
    },
    "2907737": {
      "id": "2907737",
      "title": "Lets Fall In Love For The Night",
      "type": "TAB",
      "url": "https://tabs.ultimate-guitar.com/tab/finneas/lets-fall-in-love-for-the-night-tabs-2907737",
      "file_path": null,
      "metadata": {}
    },
    "3460748": {
      "id": "3460748",
      "title": "Lets Fall In Love For The Night",
      "type": "PRO",
      "url": "https://tabs.ultimate-guitar.com/tab/finneas/lets-fall-in-love-for-the-night-guitar-pro-3460748",
      "file_path": null,
      "metadata": {}
    },
    "2632914": {
      "id": "2632914",
      "title": "Lets Fall In Love For The Night",
      "type": "VID",
      "url": "https://tabs.ultimate-guitar.com/tab/finneas/lets-fall-in-love-for-the-night-video-2632914",
      "file_path": null,
      "metadata": {}
    },
    "3493613": {
      "id": "3493613",
      "title": "Lets Fall In Love For The Night (ver 2)",
      "type": "UKE",
      "url": "https://tabs.ultimate-guitar.com/tab/finneas/lets-fall-in-love-for-the-night-ukulele-3493613",
      "file_path": null,
      "metadata": {}
    },
    "3292673": {
      "id": "3292673",
      "title": "Life Moves On",
      "type": "CRD",
      "url": "https://tabs.ultimate-guitar.com/tab/finneas/life-moves-on-chords-3292673",
      "file_path": null,
      "metadata": {}
    },
    "3107060": {
      "id": "3107060",
      "title": "Life Moves On  Intro",
      "type": "TAB",
      "url": "https://tabs.ultimate-guitar.com/tab/finneas/life-moves-on-tabs-3107060",
      "file_path": null,
      "metadata": {}
    },
    "3510539": {
      "id": "3510539",
      "title": "Life Moves On (ver 2) Intro",
      "type": "TAB",
      "url": "https://tabs.ultimate-guitar.com/tab/finneas/life-moves-on-tabs-3510539",
      "file_path": null,
      "metadata": {}
    },
    "2555445": {
      "id": "2555445",
      "title": "Life Moves On",
      "type": "UKE",
      "url": "https://tabs.ultimate-guitar.com/tab/finneas/life-moves-on-ukulele-2555445",
      "file_path": null,
      "metadata": {}
    },
    "5451840": {
      "id": "5451840",
      "title": "Little Window",
      "type": "CRD",
      "url": "https://tabs.ultimate-guitar.com/tab/finneas/little-window-chords-5451840",
      "file_path": null,
      "metadata": {}
    },
    "5449029": {
      "id": "5449029",
      "title": "Lotus Eater",
      "type": "CRD",
      "url": "https://tabs.ultimate-guitar.com/tab/finneas/lotus-eater-chords-5449029",
      "file_path": null,
      "metadata": {}
    },
    "3911384": {
      "id": "3911384",
      "title": "Love Is Pain",
      "type": "CRD",
      "url": "https://tabs.ultimate-guitar.com/tab/finneas/love-is-pain-chords-3911384",
      "file_path": null,
      "metadata": {}
    },
    "3015206": {
      "id": "3015206",
      "title": "Luck Pusher",
      "type": "CRD",
      "url": "https://tabs.ultimate-guitar.com/tab/finneas/luck-pusher-chords-3015206",
      "file_path": null,
      "metadata": {}
    },
    "3115070": {
      "id": "3115070",
      "title": "Maybe Im Losing My Mind",
      "type": "CRD",
      "url": "https://tabs.ultimate-guitar.com/tab/finneas/maybe-im-losing-my-mind-chords-3115070",
      "file_path": null,
      "metadata": {}
    },
    "3331262": {
      "id": "3331262",
      "title": "Medieval",
      "type": "CRD",
      "url": "https://tabs.ultimate-guitar.com/tab/finneas/medieval-chords-3331262",
      "file_path": null,
      "metadata": {}
    },
    "3911954": {
      "id": "3911954",
      "title": "Medieval (ver 2)",
      "type": "CRD",
      "url": "https://tabs.ultimate-guitar.com/tab/finneas/medieval-chords-3911954",
      "file_path": null,
      "metadata": {}
    },
    "4271773": {
      "id": "4271773",
      "title": "Mona Lisa Mona Lisa",
      "type": "CRD",
      "url": "https://tabs.ultimate-guitar.com/tab/finneas/mona-lisa-mona-lisa-chords-4271773",
      "file_path": null,
      "metadata": {}
    },
    "4351397": {
      "id": "4351397",
      "title": "Mona Lisa Mona Lisa  Solo",
      "type": "TAB",
      "url": "https://tabs.ultimate-guitar.com/tab/finneas/mona-lisa-mona-lisa-tabs-4351397",
      "file_path": null,
      "metadata": {}
    },
    "4581959": {
      "id": "4581959",
      "title": "Mona Lisa Mona Lisa (ver 2) Solo",
      "type": "TAB",
      "url": "https://tabs.ultimate-guitar.com/tab/finneas/mona-lisa-mona-lisa-tabs-4581959",
      "file_path": null,
      "metadata": {}
    },
    "4737119": {
      "id": "4737119",
      "title": "Mona Lisa Mona Lisa (ver 3) Solo",
      "type": "TAB",
      "url": "https://tabs.ultimate-guitar.com/tab/finneas/mona-lisa-mona-lisa-tabs-4737119",
      "file_path": null,
      "metadata": {}
    },
    "4124827": {
      "id": "4124827",
      "title": "Naked",
      "type": "CRD",
      "url": "https://tabs.ultimate-guitar.com/tab/finneas/naked-chords-4124827",
      "file_path": null,
      "metadata": {}
    },
    "4127110": {
      "id": "4127110",
      "title": "Naked (ver 2)",
      "type": "CRD",
      "url": "https://tabs.ultimate-guitar.com/tab/finneas/naked-chords-4127110",
      "file_path": null,
      "metadata": {}
    },
    "4149910": {
      "id": "4149910",
      "title": "Naked  Solo",
      "type": "TAB",
      "url": "https://tabs.ultimate-guitar.com/tab/finneas/naked-tabs-4149910",
      "file_path": null,
      "metadata": {}
    },
    "4349954": {
      "id": "4349954",
      "title": "Naked  Intro",
      "type": "PRO",
      "url": "https://tabs.ultimate-guitar.com/tab/finneas/naked-guitar-pro-4349954",
      "file_path": null,
      "metadata": {}
    },
    "4146727": {
      "id": "4146727",
      "title": "Naked",
      "type": "BASS",
      "url": "https://tabs.ultimate-guitar.com/tab/finneas/naked-bass-4146727",
      "file_path": null,
      "metadata": {}
    },
    "2556792": {
      "id": "2556792",
      "title": "New Girl",
      "type": "CRD",
      "url": "https://tabs.ultimate-guitar.com/tab/finneas/new-girl-chords-2556792",
      "file_path": null,
      "metadata": {}
    },
    "2612784": {
      "id": "2612784",
      "title": "New Girl (ver 2)",
      "type": "CRD",
      "url": "https://tabs.ultimate-guitar.com/tab/finneas/new-girl-chords-2612784",
      "file_path": null,
      "metadata": {}
    },
    "2712624": {
      "id": "2712624",
      "title": "New Girl",
      "type": "TAB",
      "url": "https://tabs.ultimate-guitar.com/tab/finneas/new-girl-tabs-2712624",
      "file_path": null,
      "metadata": {}
    },
    "4065760": {
      "id": "4065760",
      "title": "Only A Lifetime (ver 2)",
      "type": "CRD",
      "url": "https://tabs.ultimate-guitar.com/tab/finneas/only-a-lifetime-chords-4065760",
      "file_path": null,
      "metadata": {}
    },
    "2851229": {
      "id": "2851229",
      "title": "Partners In Crime (ver 2)",
      "type": "CRD",
      "url": "https://tabs.ultimate-guitar.com/tab/finneas/partners-in-crime-chords-2851229",
      "file_path": null,
      "metadata": {}
    },
    "3191507": {
      "id": "3191507",
      "title": "Partners In Crime (ver 3)",
      "type": "CRD",
      "url": "https://tabs.ultimate-guitar.com/tab/finneas/partners-in-crime-chords-3191507",
      "file_path": null,
      "metadata": {}
    },
    "2897648": {
      "id": "2897648",
      "title": "Partners In Crime",
      "type": "TAB",
      "url": "https://tabs.ultimate-guitar.com/tab/finneas/partners-in-crime-tabs-2897648",
      "file_path": null,
      "metadata": {}
    },
    "3080057": {
      "id": "3080057",
      "title": "Partners In Crime (ver 2)",
      "type": "TAB",
      "url": "https://tabs.ultimate-guitar.com/tab/finneas/partners-in-crime-tabs-3080057",
      "file_path": null,
      "metadata": {}
    },
    "3092228": {
      "id": "3092228",
      "title": "Partners In Crime (ver 3)",
      "type": "TAB",
      "url": "https://tabs.ultimate-guitar.com/tab/finneas/partners-in-crime-tabs-3092228",
      "file_path": null,
      "metadata": {}
    },
    "3334238": {
      "id": "3334238",
      "title": "Partners In Crime (ver 4)",
      "type": "TAB",
      "url": "https://tabs.ultimate-guitar.com/tab/finneas/partners-in-crime-tabs-3334238",
      "file_path": null,
      "metadata": {}
    },
    "4414478": {
      "id": "4414478",
      "title": "Partners In Crime (ver 5)",
      "type": "TAB",
      "url": "https://tabs.ultimate-guitar.com/tab/finneas/partners-in-crime-tabs-4414478",
      "file_path": null,
      "metadata": {}
    },
    "3139940": {
      "id": "3139940",
      "title": "Partners In Crime",
      "type": "UKE",
      "url": "https://tabs.ultimate-guitar.com/tab/finneas/partners-in-crime-ukulele-3139940",
      "file_path": null,
      "metadata": {}
    },
    "4424813": {
      "id": "4424813",
      "title": "Peaches Etude",
      "type": "CRD",
      "url": "https://tabs.ultimate-guitar.com/tab/finneas/peaches-etude-chords-4424813",
      "file_path": null,
      "metadata": {}
    },
    "4809896": {
      "id": "4809896",
      "title": "Peaches Etude",
      "type": "TAB",
      "url": "https://tabs.ultimate-guitar.com/tab/finneas/peaches-etude-tabs-4809896",
      "file_path": null,
      "metadata": {}
    },
    "5451915": {
      "id": "5451915",
      "title": "Same Old Story",
      "type": "CRD",
      "url": "https://tabs.ultimate-guitar.com/tab/finneas/same-old-story-chords-5451915",
      "file_path": null,
      "metadata": {}
    },
    "2802281": {
      "id": "2802281",
      "title": "Shelter",
      "type": "CRD",
      "url": "https://tabs.ultimate-guitar.com/tab/finneas/shelter-chords-2802281",
      "file_path": null,
      "metadata": {}
    },
    "5698133": {
      "id": "5698133",
      "title": "Shelter  Intro",
      "type": "TAB",
      "url": "https://tabs.ultimate-guitar.com/tab/finneas/shelter-tabs-5698133",
      "file_path": null,
      "metadata": {}
    },
    "3912719": {
      "id": "3912719",
      "title": "Someone Elses Star",
      "type": "CRD",
      "url": "https://tabs.ultimate-guitar.com/tab/finneas/someone-elses-star-chords-3912719",
      "file_path": null,
      "metadata": {}
    },
    "5451831": {
      "id": "5451831",
      "title": "Starfucker",
      "type": "CRD",
      "url": "https://tabs.ultimate-guitar.com/tab/finneas/starfucker-chords-5451831",
      "file_path": null,
      "metadata": {}
    },
    "5457630": {
      "id": "5457630",
      "title": "Starfucker (ver 2)",
      "type": "CRD",
      "url": "https://tabs.ultimate-guitar.com/tab/finneas/starfucker-chords-5457630",
      "file_path": null,
      "metadata": {}
    },
    "5652915": {
      "id": "5652915",
      "title": "Starfucker  Intro",
      "type": "TAB",
      "url": "https://tabs.ultimate-guitar.com/tab/finneas/starfucker-tabs-5652915",
      "file_path": null,
      "metadata": {}
    },
    "5451930": {
      "id": "5451930",
      "title": "Sweet Cherries",
      "type": "CRD",
      "url": "https://tabs.ultimate-guitar.com/tab/finneas/sweet-cherries-chords-5451930",
      "file_path": null,
      "metadata": {}
    },
    "3858575": {
      "id": "3858575",
      "title": "The 90S",
      "type": "CRD",
      "url": "https://tabs.ultimate-guitar.com/tab/finneas/the-90s-chords-3858575",
      "file_path": null,
      "metadata": {}
    },
    "3859301": {
      "id": "3859301",
      "title": "The 90S (ver 2)",
      "type": "CRD",
      "url": "https://tabs.ultimate-guitar.com/tab/finneas/the-90s-chords-3859301",
      "file_path": null,
      "metadata": {}
    },
    "4696142": {
      "id": "4696142",
      "title": "The 90S",
      "type": "BASS",
      "url": "https://tabs.ultimate-guitar.com/tab/finneas/the-90s-bass-4696142",
      "file_path": null,
      "metadata": {}
    },
    "4390070": {
      "id": "4390070",
      "title": "The Fool On The Hill",
      "type": "CRD",
      "url": "https://tabs.ultimate-guitar.com/tab/finneas/the-fool-on-the-hill-chords-4390070",
      "file_path": null,
      "metadata": {}
    },
    "3911720": {
      "id": "3911720",
      "title": "The Kids Are All Dying",
      "type": "CRD",
      "url": "https://tabs.ultimate-guitar.com/tab/finneas/the-kids-are-all-dying-chords-3911720",
      "file_path": null,
      "metadata": {}
    },
    "3915002": {
      "id": "3915002",
      "title": "The Kids Are All Dying (ver 2)",
      "type": "CRD",
      "url": "https://tabs.ultimate-guitar.com/tab/finneas/the-kids-are-all-dying-chords-3915002",
      "file_path": null,
      "metadata": {}
    },
    "3319832": {
      "id": "3319832",
      "title": "What Theyll Say About Us (ver 2)",
      "type": "CRD",
      "url": "https://tabs.ultimate-guitar.com/tab/finneas/what-theyll-say-about-us-chords-3319832",
      "file_path": null,
      "metadata": {}
    },
    "3436040": {
      "id": "3436040",
      "title": "What Theyll Say About Us",
      "type": "TAB",
      "url": "https://tabs.ultimate-guitar.com/tab/finneas/what-theyll-say-about-us-tabs-3436040",
      "file_path": null,
      "metadata": {}
    },
    "3330695": {
      "id": "3330695",
      "title": "What Theyll Say About Us",
      "type": "VID",
      "url": "https://tabs.ultimate-guitar.com/tab/finneas/what-theyll-say-about-us-video-3330695",
      "file_path": null,
      "metadata": {}
    },
    "3320414": {
      "id": "3320414",
      "title": "What Theyll Say About Us",
      "type": "UKE",
      "url": "https://tabs.ultimate-guitar.com/tab/finneas/what-theyll-say-about-us-ukulele-3320414",
      "file_path": null,
      "metadata": {}
    },
    "5451897": {
      "id": "5451897",
      "title": "Whats It Gonna Take To Break Your Heart",
      "type": "CRD",
      "url": "https://tabs.ultimate-guitar.com/tab/finneas/whats-it-gonna-take-to-break-your-heart-chords-5451897",
      "file_path": null,
      "metadata": {}
    },
    "3411104": {
      "id": "3411104",
      "title": "Where The Poison Is",
      "type": "CRD",
      "url": "https://tabs.ultimate-guitar.com/tab/finneas/where-the-poison-is-chords-3411104",
      "file_path": null,
      "metadata": {}
    },
    "3109721": {
      "id": "3109721",
      "title": "Your Mothers Favorite",
      "type": "CRD",
      "url": "https://tabs.ultimate-guitar.com/tab/finneas/your-mothers-favorite-chords-3109721",
      "file_path": null,
      "metadata": {}
    }
  }
}