{
  "id": "101435",
  "name": "Benji & Fede",
  "url": "https://www.ultimate-guitar.com/artist/benji_fede_101435",
  "tabs": {
    "1901805": {
      "id": "1901805",
      "title": "Amore Wi-Fi",
      "type": "CRD",
      "url": "https://tabs.ultimate-guitar.com/tab/benji-fede/amore-wi-fi-chords-1901805",
      "file_path": null,
      "metadata": {}
    },
    "5724011": {
      "id": "5724011",
      "title": "Anni Doro",
      "type": "CRD",
      "url": "https://tabs.ultimate-guitar.com/tab/benji-fede/anni-doro-chords-5724011",
      "file_path": null,
      "metadata": {}
    },
    "2794891": {
      "id": "2794891",
      "title": "Buona Fortuna",
      "type": "CRD",
      "url": "https://tabs.ultimate-guitar.com/tab/benji-fede/buona-fortuna-chords-2794891",
      "file_path": null,
      "metadata": {}
    },
    "4013695": {
      "id": "4013695",
      "title": "Buona Fortuna (ver 2)",
      "type": "CRD",
      "url": "https://tabs.ultimate-guitar.com/tab/benji-fede/buona-fortuna-chords-4013695",
      "file_path": null,
      "metadata": {}
    },
    "2711208": {
      "id": "2711208",
      "title": "Dove E Quando",
      "type": "CRD",
      "url": "https://tabs.ultimate-guitar.com/tab/benji-fede/dove-e-quando-chords-2711208",
      "file_path": null,
      "metadata": {}
    },
    "3071588": {
      "id": "3071588",
      "title": "Good Vibes",
      "type": "CRD",
      "url": "https://tabs.ultimate-guitar.com/tab/benji-fede/good-vibes-chords-3071588",
      "file_path": null,
      "metadata": {}
    },
    "4429232": {
      "id": "4429232",
      "title": "Hai Un Amico In Me",
      "type": "CRD",
      "url": "https://tabs.ultimate-guitar.com/tab/benji-fede/hai-un-amico-in-me-chords-4429232",
      "file_path": null,
      "metadata": {}
    },
    "1927723": {
      "id": "1927723",
      "title": "Lettera",
      "type": "CRD",
      "url": "https://tabs.ultimate-guitar.com/tab/benji-fede/lettera-chords-1927723",
      "file_path": null,
      "metadata": {}
    },
    "3126386": {
      "id": "3126386",
      "title": "Lultimo Gin Tonic",
      "type": "CRD",
      "url": "https://tabs.ultimate-guitar.com/tab/benji-fede/lultimo-gin-tonic-chords-3126386",
      "file_path": null,
      "metadata": {}
    },
    "2934146": {
      "id": "2934146",
      "title": "Magnifico Difetto",
      "type": "CRD",
      "url": "https://tabs.ultimate-guitar.com/tab/benji-fede/magnifico-difetto-chords-2934146",
      "file_path": null,
      "metadata": {}
    },
    "3354104": {
      "id": "3354104",
      "title": "Moscow Mule",
      "type": "CRD",
      "url": "https://tabs.ultimate-guitar.com/tab/benji-fede/moscow-mule-chords-3354104",
      "file_path": null,
      "metadata": {}
    },
    "5325825": {
      "id": "5325825",
      "title": "Musica Animale",
      "type": "CRD",
      "url": "https://tabs.ultimate-guitar.com/tab/benji-fede/musica-animale-chords-5325825",
      "file_path": null,
      "metadata": {}
    },
    "1875236": {
      "id": "1875236",
      "title": "New York",
      "type": "CRD",
      "url": "https://tabs.ultimate-guitar.com/tab/benji-fede/new-york-chords-1875236",
      "file_path": null,
      "metadata": {}
    },
    "2861531": {
      "id": "2861531",
      "title": "Ogni Volta",
      "type": "CRD",
      "url": "https://tabs.ultimate-guitar.com/tab/benji-fede/ogni-volta-chords-2861531",
      "file_path": null,
      "metadata": {}
    },
    "3405623": {
      "id": "3405623",
      "title": "Quando Sei Con Me",
      "type": "CRD",
      "url": "https://tabs.ultimate-guitar.com/tab/benji-fede/quando-sei-con-me-chords-3405623",
      "file_path": null,
      "metadata": {}
    },
    "2860823": {
      "id": "2860823",
      "title": "Safari",
      "type": "CRD",
      "url": "https://tabs.ultimate-guitar.com/tab/benji-fede/safari-chords-2860823",
      "file_path": null,
      "metadata": {}
    },
    "2850539": {
      "id": "2850539",
      "title": "Sale",
      "type": "CRD",
      "url": "https://tabs.ultimate-guitar.com/tab/benji-fede/sale-chords-2850539",
      "file_path": null,
      "metadata": {}
    },
    "3467702": {
      "id": "3467702",
      "title": "Senza Salutarti",
      "type": "CRD",
      "url": "https://tabs.ultimate-guitar.com/tab/benji-fede/senza-salutarti-chords-3467702",
      "file_path": null,
      "metadata": {}
    },
    "2862233": {
      "id": "2862233",
      "title": "Solo Con Te",
      "type": "CRD",
      "url": "https://tabs.ultimate-guitar.com/tab/benji-fede/solo-con-te-chords-2862233",
      "file_path": null,
      "metadata": {}
    },
    "3021044": {
      "id": "3021044",
      "title": "Tatuaggi",
      "type": "CRD",
      "url": "https://tabs.ultimate-guitar.com/tab/benji-fede/tatuaggi-chords-3021044",
      "file_path": null,
      "metadata": {}
    },
    "2097513": {
      "id": "2097513",
      "title": "Tutto Per Una Ragione",
      "type": "CRD",
      "url": "https://tabs.ultimate-guitar.com/tab/benji-fede/tutto-per-una-ragione-chords-2097513",
      "file_path": null,
      "metadata": {}
    },
    "2105049": {
      "id": "2105049",
      "title": "Tutto Per Una Ragione",
      "type": "PRO",
      "url": "https://tabs.ultimate-guitar.com/tab/benji-fede/tutto-per-una-ragione-guitar-pro-2105049",
      "file_path": null,
      "metadata": {}
    },
    "2765662": {
      "id": "2765662",
      "title": "Universale",
      "type": "CRD",
      "url": "https://tabs.ultimate-guitar.com/tab/benji-fede/universale-chords-2765662",
      "file_path": null,
      "metadata": {}
    },
    "4693793": {
      "id": "4693793",
      "title": "Xx Settembre",
      "type": "CRD",
      "url": "https://tabs.ultimate-guitar.com/tab/benji-fede/xx-settembre-chords-4693793",
      "file_path": null,
      "metadata": {}
    }
  }
}