{
  "id": "11205",
  "name": "Charlie Robison",
  "url": "https://www.ultimate-guitar.com/artist/charlie_robison_11205",
  "tabs": {
    "1066532": {
      "id": "1066532",
      "title": "New Years Day",
      "type": "CRD",
      "url": "https://tabs.ultimate-guitar.com/tab/charlie-robison/new-years-day-chords-1066532",
      "file_path": null,
      "metadata": {}
    },
    "1426619": {
      "id": "1426619",
      "title": "My Hometown",
      "type": "CRD",
      "url": "https://tabs.ultimate-guitar.com/tab/charlie-robison/my-hometown-chords-1426619",
      "file_path": null,
      "metadata": {}
    },
    "1066533": {
      "id": "1066533",
      "title": "Sunset Boulevard",
      "type": "CRD",
      "url": "https://tabs.ultimate-guitar.com/tab/charlie-robison/sunset-boulevard-chords-1066533",
      "file_path": null,
      "metadata": {}
    },
    "1066531": {
      "id": "1066531",
      "title": "Hometown",
      "type": "CRD",
      "url": "https://tabs.ultimate-guitar.com/tab/charlie-robison/hometown-chords-1066531",
      "file_path": null,
      "metadata": {}
    },
    "1038681": {
      "id": "1038681",
      "title": "John Oreilly",
      "type": "CRD",
      "url": "https://tabs.ultimate-guitar.com/tab/charlie-robison/john-oreilly-chords-1038681",
      "file_path": null,
      "metadata": {}
    },
    "1765976": {
      "id": "1765976",
      "title": "Loving County",
      "type": "CRD",
      "url": "https://tabs.ultimate-guitar.com/tab/charlie-robison/loving-county-chords-1765976",
      "file_path": null,
      "metadata": {}
    },
    "144111": {
      "id": "144111",
      "title": "Angry All The Time",
      "type": "CRD",
      "url": "https://tabs.ultimate-guitar.com/tab/charlie-robison/angry-all-the-time-chords-144111",
      "file_path": null,
      "metadata": {}
    },
    "1066526": {
      "id": "1066526",
      "title": "Big City Blues",
      "type": "CRD",
      "url": "https://tabs.ultimate-guitar.com/tab/charlie-robison/big-city-blues-chords-1066526",
      "file_path": null,
      "metadata": {}
    },
    "3565208": {
      "id": "3565208",
      "title": "El Cerrito Place",
      "type": "CRD",
      "url": "https://tabs.ultimate-guitar.com/tab/charlie-robison/el-cerrito-place-chords-3565208",
      "file_path": null,
      "metadata": {}
    },
    "1066530": {
      "id": "1066530",
      "title": "Good Times",
      "type": "CRD",
      "url": "https://tabs.ultimate-guitar.com/tab/charlie-robison/good-times-chords-1066530",
      "file_path": null,
      "metadata": {}
    },
    "2129231": {
      "id": "2129231",
      "title": "Always",
      "type": "CRD",
      "url": "https://tabs.ultimate-guitar.com/tab/charlie-robison/always-chords-2129231",
      "file_path": null,
      "metadata": {}
    },
    "1273823": {
      "id": "1273823",
      "title": "Angry All The Time",
      "type": "UKE",
      "url": "https://tabs.ultimate-guitar.com/tab/charlie-robison/angry-all-the-time-ukulele-1273823",
      "file_path": null,
      "metadata": {}
    },
    "2129229": {
      "id": "2129229",
      "title": "Arms Of Love",
      "type": "CRD",
      "url": "https://tabs.ultimate-guitar.com/tab/charlie-robison/arms-of-love-chords-2129229",
      "file_path": null,
      "metadata": {}
    },
    "1797816": {
      "id": "1797816",
      "title": "Barlight",
      "type": "CRD",
      "url": "https://tabs.ultimate-guitar.com/tab/charlie-robison/barlight-chords-1797816",
      "file_path": null,
      "metadata": {}
    },
    "1066525": {
      "id": "1066525",
      "title": "Beautiful Day",
      "type": "CRD",
      "url": "https://tabs.ultimate-guitar.com/tab/charlie-robison/beautiful-day-chords-1066525",
      "file_path": null,
      "metadata": {}
    },
    "1358254": {
      "id": "1358254",
      "title": "Beautiful Day",
      "type": "UKE",
      "url": "https://tabs.ultimate-guitar.com/tab/charlie-robison/beautiful-day-ukulele-1358254",
      "file_path": null,
      "metadata": {}
    },
    "1358255": {
      "id": "1358255",
      "title": "Big City Blues",
      "type": "UKE",
      "url": "https://tabs.ultimate-guitar.com/tab/charlie-robison/big-city-blues-ukulele-1358255",
      "file_path": null,
      "metadata": {}
    },
    "4925899": {
      "id": "4925899",
      "title": "Brand New Me",
      "type": "CRD",
      "url": "https://tabs.ultimate-guitar.com/tab/charlie-robison/brand-new-me-chords-4925899",
      "file_path": null,
      "metadata": {}
    },
    "2337737": {
      "id": "2337737",
      "title": "Desperate Times",
      "type": "CRD",
      "url": "https://tabs.ultimate-guitar.com/tab/charlie-robison/desperate-times-chords-2337737",
      "file_path": null,
      "metadata": {}
    },
    "2281127": {
      "id": "2281127",
      "title": "Dont Feel That Way",
      "type": "CRD",
      "url": "https://tabs.ultimate-guitar.com/tab/charlie-robison/dont-feel-that-way-chords-2281127",
      "file_path": null,
      "metadata": {}
    },
    "2337739": {
      "id": "2337739",
      "title": "Dont Feel That Way (ver 2)",
      "type": "CRD",
      "url": "https://tabs.ultimate-guitar.com/tab/charlie-robison/dont-feel-that-way-chords-2337739",
      "file_path": null,
      "metadata": {}
    },
    "1066527": {
      "id": "1066527",
      "title": "Down Again",
      "type": "CRD",
      "url": "https://tabs.ultimate-guitar.com/tab/charlie-robison/down-again-chords-1066527",
      "file_path": null,
      "metadata": {}
    },
    "2337741": {
      "id": "2337741",
      "title": "Down Again (ver 2)",
      "type": "CRD",
      "url": "https://tabs.ultimate-guitar.com/tab/charlie-robison/down-again-chords-2337741",
      "file_path": null,
      "metadata": {}
    },
    "1358256": {
      "id": "1358256",
      "title": "Down Again",
      "type": "UKE",
      "url": "https://tabs.ultimate-guitar.com/tab/charlie-robison/down-again-ukulele-1358256",
      "file_path": null,
      "metadata": {}
    },
    "2860634": {
      "id": "2860634",
      "title": "Feelin Good",
      "type": "CRD",
      "url": "https://tabs.ultimate-guitar.com/tab/charlie-robison/feelin-good-chords-2860634",
      "file_path": null,
      "metadata": {}
    },
    "4952398": {
      "id": "4952398",
      "title": "Flatland Boogie",
      "type": "CRD",
      "url": "https://tabs.ultimate-guitar.com/tab/charlie-robison/flatland-boogie-chords-4952398",
      "file_path": null,
      "metadata": {}
    },
    "1358257": {
      "id": "1358257",
      "title": "Good Times",
      "type": "UKE",
      "url": "https://tabs.ultimate-guitar.com/tab/charlie-robison/good-times-ukulele-1358257",
      "file_path": null,
      "metadata": {}
    },
    "1358258": {
      "id": "1358258",
      "title": "Hometown",
      "type": "UKE",
      "url": "https://tabs.ultimate-guitar.com/tab/charlie-robison/hometown-ukulele-1358258",
      "file_path": null,
      "metadata": {}
    },
    "2337743": {
      "id": "2337743",
      "title": "I Dont Feel That Way Anymore",
      "type": "CRD",
      "url": "https://tabs.ultimate-guitar.com/tab/charlie-robison/i-dont-feel-that-way-anymore-chords-2337743",
      "file_path": null,
      "metadata": {}
    },
    "2129223": {
      "id": "2129223",
      "title": "I Want You Bad",
      "type": "CRD",
      "url": "https://tabs.ultimate-guitar.com/tab/charlie-robison/i-want-you-bad-chords-2129223",
      "file_path": null,
      "metadata": {}
    },
    "2337745": {
      "id": "2337745",
      "title": "I Want You Bad (ver 2)",
      "type": "CRD",
      "url": "https://tabs.ultimate-guitar.com/tab/charlie-robison/i-want-you-bad-chords-2337745",
      "file_path": null,
      "metadata": {}
    },
    "2398849": {
      "id": "2398849",
      "title": "Indianola",
      "type": "CRD",
      "url": "https://tabs.ultimate-guitar.com/tab/charlie-robison/indianola-chords-2398849",
      "file_path": null,
      "metadata": {}
    },
    "1352641": {
      "id": "1352641",
      "title": "John Oreilly",
      "type": "UKE",
      "url": "https://tabs.ultimate-guitar.com/tab/charlie-robison/john-oreilly-ukulele-1352641",
      "file_path": null,
      "metadata": {}
    },
    "2129219": {
      "id": "2129219",
      "title": "Life Of The Party",
      "type": "CRD",
      "url": "https://tabs.ultimate-guitar.com/tab/charlie-robison/life-of-the-party-chords-2129219",
      "file_path": null,
      "metadata": {}
    },
    "2337753": {
      "id": "2337753",
      "title": "Life Of The Party (ver 2)",
      "type": "CRD",
      "url": "https://tabs.ultimate-guitar.com/tab/charlie-robison/life-of-the-party-chords-2337753",
      "file_path": null,
      "metadata": {}
    },
    "2337755": {
      "id": "2337755",
      "title": "Loving County (ver 2)",
      "type": "CRD",
      "url": "https://tabs.ultimate-guitar.com/tab/charlie-robison/loving-county-chords-2337755",
      "file_path": null,
      "metadata": {}
    },
    "1774054": {
      "id": "1774054",
      "title": "Mollys Blues",
      "type": "CRD",
      "url": "https://tabs.ultimate-guitar.com/tab/charlie-robison/mollys-blues-chords-1774054",
      "file_path": null,
      "metadata": {}
    },
    "2337757": {
      "id": "2337757",
      "title": "Mollys Blues (ver 2)",
      "type": "CRD",
      "url": "https://tabs.ultimate-guitar.com/tab/charlie-robison/mollys-blues-chords-2337757",
      "file_path": null,
      "metadata": {}
    },
    "2337759": {
      "id": "2337759",
      "title": "My Hometown (ver 2)",
      "type": "CRD",
      "url": "https://tabs.ultimate-guitar.com/tab/charlie-robison/my-hometown-chords-2337759",
      "file_path": null,
      "metadata": {}
    },
    "3036387": {
      "id": "3036387",
      "title": "Nothing Better To Do",
      "type": "CRD",
      "url": "https://tabs.ultimate-guitar.com/tab/charlie-robison/nothing-better-to-do-chords-3036387",
      "file_path": null,
      "metadata": {}
    },
    "4974730": {
      "id": "4974730",
      "title": "Out Of These Blues",
      "type": "CRD",
      "url": "https://tabs.ultimate-guitar.com/tab/charlie-robison/out-of-these-blues-chords-4974730",
      "file_path": null,
      "metadata": {}
    },
    "1810119": {
      "id": "1810119",
      "title": "Photograph",
      "type": "CRD",
      "url": "https://tabs.ultimate-guitar.com/tab/charlie-robison/photograph-chords-1810119",
      "file_path": null,
      "metadata": {}
    },
    "2337763": {
      "id": "2337763",
      "title": "Photograph (ver 2)",
      "type": "CRD",
      "url": "https://tabs.ultimate-guitar.com/tab/charlie-robison/photograph-chords-2337763",
      "file_path": null,
      "metadata": {}
    },
    "2337765": {
      "id": "2337765",
      "title": "Poor Mans Son",
      "type": "CRD",
      "url": "https://tabs.ultimate-guitar.com/tab/charlie-robison/poor-mans-son-chords-2337765",
      "file_path": null,
      "metadata": {}
    },
    "2129215": {
      "id": "2129215",
      "title": "Red Letter Day",
      "type": "CRD",
      "url": "https://tabs.ultimate-guitar.com/tab/charlie-robison/red-letter-day-chords-2129215",
      "file_path": null,
      "metadata": {}
    },
    "2337767": {
      "id": "2337767",
      "title": "Red Letter Day (ver 2)",
      "type": "CRD",
      "url": "https://tabs.ultimate-guitar.com/tab/charlie-robison/red-letter-day-chords-2337767",
      "file_path": null,
      "metadata": {}
    },
    "2129213": {
      "id": "2129213",
      "title": "She Leaves Her Heart At Home",
      "type": "CRD",
      "url": "https://tabs.ultimate-guitar.com/tab/charlie-robison/she-leaves-her-heart-at-home-chords-2129213",
      "file_path": null,
      "metadata": {}
    },
    "2337751": {
      "id": "2337751",
      "title": "She Leaves Her Heart At Home (ver 2)",
      "type": "CRD",
      "url": "https://tabs.ultimate-guitar.com/tab/charlie-robison/she-leaves-her-heart-at-home-chords-2337751",
      "file_path": null,
      "metadata": {}
    },
    "2337771": {
      "id": "2337771",
      "title": "Sunset Boulevard (ver 2)",
      "type": "CRD",
      "url": "https://tabs.ultimate-guitar.com/tab/charlie-robison/sunset-boulevard-chords-2337771",
      "file_path": null,
      "metadata": {}
    },
    "2129211": {
      "id": "2129211",
      "title": "Thats Good",
      "type": "CRD",
      "url": "https://tabs.ultimate-guitar.com/tab/charlie-robison/thats-good-chords-2129211",
      "file_path": null,
      "metadata": {}
    },
    "2106109": {
      "id": "2106109",
      "title": "The Bottom",
      "type": "CRD",
      "url": "https://tabs.ultimate-guitar.com/tab/charlie-robison/the-bottom-chords-2106109",
      "file_path": null,
      "metadata": {}
    },
    "2129209": {
      "id": "2129209",
      "title": "The Wedding Song",
      "type": "CRD",
      "url": "https://tabs.ultimate-guitar.com/tab/charlie-robison/the-wedding-song-chords-2129209",
      "file_path": null,
      "metadata": {}
    },
    "2337777": {
      "id": "2337777",
      "title": "The Wedding Song (ver 2)",
      "type": "CRD",
      "url": "https://tabs.ultimate-guitar.com/tab/charlie-robison/the-wedding-song-chords-2337777",
      "file_path": null,
      "metadata": {}
    },
    "2129207": {
      "id": "2129207",
      "title": "The Wedding Song  Intro",
      "type": "TAB",
      "url": "https://tabs.ultimate-guitar.com/tab/charlie-robison/the-wedding-song-tabs-2129207",
      "file_path": null,
      "metadata": {}
    },
    "2281193": {
      "id": "2281193",
      "title": "Tonight",
      "type": "CRD",
      "url": "https://tabs.ultimate-guitar.com/tab/charlie-robison/tonight-chords-2281193",
      "file_path": null,
      "metadata": {}
    },
    "2337779": {
      "id": "2337779",
      "title": "Tonight (ver 2)",
      "type": "CRD",
      "url": "https://tabs.ultimate-guitar.com/tab/charlie-robison/tonight-chords-2337779",
      "file_path": null,
      "metadata": {}
    },
    "4406312": {
      "id": "4406312",
      "title": "Waiting For The Mail",
      "type": "CRD",
      "url": "https://tabs.ultimate-guitar.com/tab/charlie-robison/waiting-for-the-mail-chords-4406312",
      "file_path": null,
      "metadata": {}
    },
    "2129205": {
      "id": "2129205",
      "title": "Walter",
      "type": "CRD",
      "url": "https://tabs.ultimate-guitar.com/tab/charlie-robison/walter-chords-2129205",
      "file_path": null,
      "metadata": {}
    },
    "2337781": {
      "id": "2337781",
      "title": "Walter (ver 2)",
      "type": "CRD",
      "url": "https://tabs.ultimate-guitar.com/tab/charlie-robison/walter-chords-2337781",
      "file_path": null,
      "metadata": {}
    },
    "1066536": {
      "id": "1066536",
      "title": "Youre Not The Best",
      "type": "CRD",
      "url": "https://tabs.ultimate-guitar.com/tab/charlie-robison/youre-not-the-best-chords-1066536",
      "file_path": null,
      "metadata": {}
    },
    "2337783": {
      "id": "2337783",
      "title": "Youre Not The Best (ver 2)",
      "type": "CRD",
      "url": "https://tabs.ultimate-guitar.com/tab/charlie-robison/youre-not-the-best-chords-2337783",
      "file_path": null,
      "metadata": {}
    },
    "1358262": {
      "id": "1358262",
      "title": "Youre Not The Best",
      "type": "UKE",
      "url": "https://tabs.ultimate-guitar.com/tab/charlie-robison/youre-not-the-best-ukulele-1358262",
      "file_path": null,
      "metadata": {}
    }
  }
}