{
  "id": "10308",
  "name": "Aretha Franklin",
  "url": "https://www.ultimate-guitar.com/artist/aretha_franklin_10308",
  "tabs": {
    "276769": {
      "id": "276769",
      "title": "I Say A Little Prayer",
      "type": "CRD",
      "url": "https://tabs.ultimate-guitar.com/tab/aretha-franklin/i-say-a-little-prayer-chords-276769",
      "file_path": null,
      "metadata": {}
    },
    "148907": {
      "id": "148907",
      "title": "You Make Me Feel Like A Natural Woman",
      "type": "CRD",
      "url": "https://tabs.ultimate-guitar.com/tab/aretha-franklin/you-make-me-feel-like-a-natural-woman-chords-148907",
      "file_path": null,
      "metadata": {}
    },
    "68720": {
      "id": "68720",
      "title": "Respect",
      "type": "CRD",
      "url": "https://tabs.ultimate-guitar.com/tab/aretha-franklin/respect-chords-68720",
      "file_path": null,
      "metadata": {}
    },
    "714654": {
      "id": "714654",
      "title": "Think",
      "type": "CRD",
      "url": "https://tabs.ultimate-guitar.com/tab/aretha-franklin/think-chords-714654",
      "file_path": null,
      "metadata": {}
    },
    "1212253": {
      "id": "1212253",
      "title": "Chain Of Fools",
      "type": "CRD",
      "url": "https://tabs.ultimate-guitar.com/tab/aretha-franklin/chain-of-fools-chords-1212253",
      "file_path": null,
      "metadata": {}
    },
    "1092078": {
      "id": "1092078",
      "title": "Aint No Way",
      "type": "CRD",
      "url": "https://tabs.ultimate-guitar.com/tab/aretha-franklin/aint-no-way-chords-1092078",
      "file_path": null,
      "metadata": {}
    },
    "68717": {
      "id": "68717",
      "title": "Do Right Woman Do Right Man",
      "type": "CRD",
      "url": "https://tabs.ultimate-guitar.com/tab/aretha-franklin/do-right-woman-do-right-man-chords-68717",
      "file_path": null,
      "metadata": {}
    },
    "68721": {
      "id": "68721",
      "title": "Until You Come Back To Me Thats What Im Gonna Do",
      "type": "CRD",
      "url": "https://tabs.ultimate-guitar.com/tab/aretha-franklin/until-you-come-back-to-me-thats-what-im-gonna-do-chords-68721",
      "file_path": null,
      "metadata": {}
    },
    "401638": {
      "id": "401638",
      "title": "Respect",
      "type": "BASS",
      "url": "https://tabs.ultimate-guitar.com/tab/aretha-franklin/respect-bass-401638",
      "file_path": null,
      "metadata": {}
    },
    "68719": {
      "id": "68719",
      "title": "I Never Loved A Man The Way I Love You",
      "type": "CRD",
      "url": "https://tabs.ultimate-guitar.com/tab/aretha-franklin/i-never-loved-a-man-the-way-i-love-you-chords-68719",
      "file_path": null,
      "metadata": {}
    },
    "5804414": {
      "id": "5804414",
      "title": "Thats The Way I Feel About Cha",
      "type": "CRD",
      "url": "https://tabs.ultimate-guitar.com/tab/aretha-franklin/thats-the-way-i-feel-about-cha-chords-5804414",
      "file_path": null,
      "metadata": {}
    },
    "1689143": {
      "id": "1689143",
      "title": "A Change",
      "type": "PRO",
      "url": "https://tabs.ultimate-guitar.com/tab/aretha-franklin/a-change-guitar-pro-1689143",
      "file_path": null,
      "metadata": {}
    },
    "3294305": {
      "id": "3294305",
      "title": "A Deeper Love",
      "type": "CRD",
      "url": "https://tabs.ultimate-guitar.com/tab/aretha-franklin/a-deeper-love-chords-3294305",
      "file_path": null,
      "metadata": {}
    },
    "4276984": {
      "id": "4276984",
      "title": "A Rose Is Still A Rose",
      "type": "CRD",
      "url": "https://tabs.ultimate-guitar.com/tab/aretha-franklin/a-rose-is-still-a-rose-chords-4276984",
      "file_path": null,
      "metadata": {}
    },
    "2976188": {
      "id": "2976188",
      "title": "Ac-Cent-Tchu-Ate The Positive",
      "type": "CRD",
      "url": "https://tabs.ultimate-guitar.com/tab/aretha-franklin/ac-cent-tchu-ate-the-positive-chords-2976188",
      "file_path": null,
      "metadata": {}
    },
    "2683395": {
      "id": "2683395",
      "title": "Aint No Way (ver 2)",
      "type": "CRD",
      "url": "https://tabs.ultimate-guitar.com/tab/aretha-franklin/aint-no-way-chords-2683395",
      "file_path": null,
      "metadata": {}
    },
    "3297002": {
      "id": "3297002",
      "title": "Aint No Way (ver 3)",
      "type": "CRD",
      "url": "https://tabs.ultimate-guitar.com/tab/aretha-franklin/aint-no-way-chords-3297002",
      "file_path": null,
      "metadata": {}
    },
    "4254169": {
      "id": "4254169",
      "title": "Aint No Way (ver 4)",
      "type": "CRD",
      "url": "https://tabs.ultimate-guitar.com/tab/aretha-franklin/aint-no-way-chords-4254169",
      "file_path": null,
      "metadata": {}
    },
    "1358647": {
      "id": "1358647",
      "title": "Aint No Way",
      "type": "UKE",
      "url": "https://tabs.ultimate-guitar.com/tab/aretha-franklin/aint-no-way-ukulele-1358647",
      "file_path": null,
      "metadata": {}
    },
    "2453814": {
      "id": "2453814",
      "title": "Angel",
      "type": "CRD",
      "url": "https://tabs.ultimate-guitar.com/tab/aretha-franklin/angel-chords-2453814",
      "file_path": null,
      "metadata": {}
    },
    "2454166": {
      "id": "2454166",
      "title": "Angel (ver 2)",
      "type": "CRD",
      "url": "https://tabs.ultimate-guitar.com/tab/aretha-franklin/angel-chords-2454166",
      "file_path": null,
      "metadata": {}
    },
    "2221259": {
      "id": "2221259",
      "title": "Baby Baby Baby",
      "type": "CRD",
      "url": "https://tabs.ultimate-guitar.com/tab/aretha-franklin/baby-baby-baby-chords-2221259",
      "file_path": null,
      "metadata": {}
    },
    "2218485": {
      "id": "2218485",
      "title": "Baby Baby Baby",
      "type": "BASS",
      "url": "https://tabs.ultimate-guitar.com/tab/aretha-franklin/baby-baby-baby-bass-2218485",
      "file_path": null,
      "metadata": {}
    },
    "2453171": {
      "id": "2453171",
      "title": "Baby Baby Baby (ver 2)",
      "type": "BASS",
      "url": "https://tabs.ultimate-guitar.com/tab/aretha-franklin/baby-baby-baby-bass-2453171",
      "file_path": null,
      "metadata": {}
    },
    "1930823": {
      "id": "1930823",
      "title": "Baby I Love You",
      "type": "CRD",
      "url": "https://tabs.ultimate-guitar.com/tab/aretha-franklin/baby-i-love-you-chords-1930823",
      "file_path": null,
      "metadata": {}
    },
    "3353450": {
      "id": "3353450",
      "title": "Better Friends Than Lovers",
      "type": "BASS",
      "url": "https://tabs.ultimate-guitar.com/tab/aretha-franklin/better-friends-than-lovers-bass-3353450",
      "file_path": null,
      "metadata": {}
    },
    "3495062": {
      "id": "3495062",
      "title": "Bridge Over Troubled Water",
      "type": "CRD",
      "url": "https://tabs.ultimate-guitar.com/tab/aretha-franklin/bridge-over-troubled-water-chords-3495062",
      "file_path": null,
      "metadata": {}
    },
    "3639407": {
      "id": "3639407",
      "title": "Call Me",
      "type": "CRD",
      "url": "https://tabs.ultimate-guitar.com/tab/aretha-franklin/call-me-chords-3639407",
      "file_path": null,
      "metadata": {}
    },
    "3618581": {
      "id": "3618581",
      "title": "Chain Of Fools (ver 2)",
      "type": "CRD",
      "url": "https://tabs.ultimate-guitar.com/tab/aretha-franklin/chain-of-fools-chords-3618581",
      "file_path": null,
      "metadata": {}
    },
    "1493628": {
      "id": "1493628",
      "title": "Chain Of Fools",
      "type": "TAB",
      "url": "https://tabs.ultimate-guitar.com/tab/aretha-franklin/chain-of-fools-tabs-1493628",
      "file_path": null,
      "metadata": {}
    },
    "1771568": {
      "id": "1771568",
      "title": "Chain Of Fools (ver 2)",
      "type": "TAB",
      "url": "https://tabs.ultimate-guitar.com/tab/aretha-franklin/chain-of-fools-tabs-1771568",
      "file_path": null,
      "metadata": {}
    },
    "2466032": {
      "id": "2466032",
      "title": "Chain Of Fools",
      "type": "PRO",
      "url": "https://tabs.ultimate-guitar.com/tab/aretha-franklin/chain-of-fools-guitar-pro-2466032",
      "file_path": null,
      "metadata": {}
    },
    "1771567": {
      "id": "1771567",
      "title": "Chain Of Fools",
      "type": "PWR",
      "url": "https://tabs.ultimate-guitar.com/tab/aretha-franklin/chain-of-fools-power-1771567",
      "file_path": null,
      "metadata": {}
    },
    "1771570": {
      "id": "1771570",
      "title": "Chain Of Fools",
      "type": "BASS",
      "url": "https://tabs.ultimate-guitar.com/tab/aretha-franklin/chain-of-fools-bass-1771570",
      "file_path": null,
      "metadata": {}
    },
    "1386784": {
      "id": "1386784",
      "title": "Chain Of Fools",
      "type": "UKE",
      "url": "https://tabs.ultimate-guitar.com/tab/aretha-franklin/chain-of-fools-ukulele-1386784",
      "file_path": null,
      "metadata": {}
    },
    "4002721": {
      "id": "4002721",
      "title": "Come Back Baby",
      "type": "CRD",
      "url": "https://tabs.ultimate-guitar.com/tab/aretha-franklin/come-back-baby-chords-4002721",
      "file_path": null,
      "metadata": {}
    },
    "2223637": {
      "id": "2223637",
      "title": "Day Dreaming",
      "type": "CRD",
      "url": "https://tabs.ultimate-guitar.com/tab/aretha-franklin/day-dreaming-chords-2223637",
      "file_path": null,
      "metadata": {}
    },
    "1798960": {
      "id": "1798960",
      "title": "Do Right Woman Do Right Man",
      "type": "BASS",
      "url": "https://tabs.ultimate-guitar.com/tab/aretha-franklin/do-right-woman-do-right-man-bass-1798960",
      "file_path": null,
      "metadata": {}
    },
    "821181": {
      "id": "821181",
      "title": "Dont Play That Song",
      "type": "CRD",
      "url": "https://tabs.ultimate-guitar.com/tab/aretha-franklin/dont-play-that-song-chords-821181",
      "file_path": null,
      "metadata": {}
    },
    "2607012": {
      "id": "2607012",
      "title": "Dont Play That Song",
      "type": "BASS",
      "url": "https://tabs.ultimate-guitar.com/tab/aretha-franklin/dont-play-that-song-bass-2607012",
      "file_path": null,
      "metadata": {}
    },
    "1837887": {
      "id": "1837887",
      "title": "Dr Feelgood",
      "type": "CRD",
      "url": "https://tabs.ultimate-guitar.com/tab/aretha-franklin/dr-feelgood-chords-1837887",
      "file_path": null,
      "metadata": {}
    },
    "2375301": {
      "id": "2375301",
      "title": "Dr Feelgood",
      "type": "BASS",
      "url": "https://tabs.ultimate-guitar.com/tab/aretha-franklin/dr-feelgood-bass-2375301",
      "file_path": null,
      "metadata": {}
    },
    "4174861": {
      "id": "4174861",
      "title": "Drown In My Own Tears",
      "type": "PWR",
      "url": "https://tabs.ultimate-guitar.com/tab/aretha-franklin/drown-in-my-own-tears-power-4174861",
      "file_path": null,
      "metadata": {}
    },
    "4174858": {
      "id": "4174858",
      "title": "Drown In My Own Tears",
      "type": "BASS",
      "url": "https://tabs.ultimate-guitar.com/tab/aretha-franklin/drown-in-my-own-tears-bass-4174858",
      "file_path": null,
      "metadata": {}
    },
    "2450883": {
      "id": "2450883",
      "title": "Freeway Of Love",
      "type": "CRD",
      "url": "https://tabs.ultimate-guitar.com/tab/aretha-franklin/freeway-of-love-chords-2450883",
      "file_path": null,
      "metadata": {}
    },
    "2453818": {
      "id": "2453818",
      "title": "Good Times",
      "type": "BASS",
      "url": "https://tabs.ultimate-guitar.com/tab/aretha-franklin/good-times-bass-2453818",
      "file_path": null,
      "metadata": {}
    },
    "4002700": {
      "id": "4002700",
      "title": "Groovin",
      "type": "CRD",
      "url": "https://tabs.ultimate-guitar.com/tab/aretha-franklin/groovin-chords-4002700",
      "file_path": null,
      "metadata": {}
    },
    "4002703": {
      "id": "4002703",
      "title": "Groovin",
      "type": "PWR",
      "url": "https://tabs.ultimate-guitar.com/tab/aretha-franklin/groovin-power-4002703",
      "file_path": null,
      "metadata": {}
    },
    "4002697": {
      "id": "4002697",
      "title": "Groovin",
      "type": "BASS",
      "url": "https://tabs.ultimate-guitar.com/tab/aretha-franklin/groovin-bass-4002697",
      "file_path": null,
      "metadata": {}
    },
    "3984943": {
      "id": "3984943",
      "title": "Hello Sunshine",
      "type": "CRD",
      "url": "https://tabs.ultimate-guitar.com/tab/aretha-franklin/hello-sunshine-chords-3984943",
      "file_path": null,
      "metadata": {}
    },
    "2429831": {
      "id": "2429831",
      "title": "How I Got Over",
      "type": "CRD",
      "url": "https://tabs.ultimate-guitar.com/tab/aretha-franklin/how-i-got-over-chords-2429831",
      "file_path": null,
      "metadata": {}
    },
    "2465006": {
      "id": "2465006",
      "title": "I Cant See Myself Leaving You",
      "type": "BASS",
      "url": "https://tabs.ultimate-guitar.com/tab/aretha-franklin/i-cant-see-myself-leaving-you-bass-2465006",
      "file_path": null,
      "metadata": {}
    },
    "1400184": {
      "id": "1400184",
      "title": "I Knew You Were Waiting For Me",
      "type": "CRD",
      "url": "https://tabs.ultimate-guitar.com/tab/aretha-franklin/i-knew-you-were-waiting-for-me-chords-1400184",
      "file_path": null,
      "metadata": {}
    },
    "3770519": {
      "id": "3770519",
      "title": "I Knew You Were Waiting For Me (ver 2)",
      "type": "CRD",
      "url": "https://tabs.ultimate-guitar.com/tab/aretha-franklin/i-knew-you-were-waiting-for-me-chords-3770519",
      "file_path": null,
      "metadata": {}
    },
    "1936131": {
      "id": "1936131",
      "title": "I Never Loved A Man The Way I Love You (ver 2)",
      "type": "CRD",
      "url": "https://tabs.ultimate-guitar.com/tab/aretha-franklin/i-never-loved-a-man-the-way-i-love-you-chords-1936131",
      "file_path": null,
      "metadata": {}
    },
    "2453103": {
      "id": "2453103",
      "title": "I Never Loved A Man The Way I Love You",
      "type": "BASS",
      "url": "https://tabs.ultimate-guitar.com/tab/aretha-franklin/i-never-loved-a-man-the-way-i-love-you-bass-2453103",
      "file_path": null,
      "metadata": {}
    },
    "1429266": {
      "id": "1429266",
      "title": "I Say A Little Prayer (ver 2)",
      "type": "CRD",
      "url": "https://tabs.ultimate-guitar.com/tab/aretha-franklin/i-say-a-little-prayer-chords-1429266",
      "file_path": null,
      "metadata": {}
    },
    "1771780": {
      "id": "1771780",
      "title": "I Say A Little Prayer (ver 3)",
      "type": "CRD",
      "url": "https://tabs.ultimate-guitar.com/tab/aretha-franklin/i-say-a-little-prayer-chords-1771780",
      "file_path": null,
      "metadata": {}
    },
    "1871023": {
      "id": "1871023",
      "title": "I Say A Little Prayer (ver 4)",
      "type": "CRD",
      "url": "https://tabs.ultimate-guitar.com/tab/aretha-franklin/i-say-a-little-prayer-chords-1871023",
      "file_path": null,
      "metadata": {}
    },
    "747399": {
      "id": "747399",
      "title": "I Say A Little Prayer",
      "type": "PRO",
      "url": "https://tabs.ultimate-guitar.com/tab/aretha-franklin/i-say-a-little-prayer-guitar-pro-747399",
      "file_path": null,
      "metadata": {}
    },
    "1831318": {
      "id": "1831318",
      "title": "I Say A Little Prayer",
      "type": "PWR",
      "url": "https://tabs.ultimate-guitar.com/tab/aretha-franklin/i-say-a-little-prayer-power-1831318",
      "file_path": null,
      "metadata": {}
    },
    "1831319": {
      "id": "1831319",
      "title": "I Say A Little Prayer",
      "type": "BASS",
      "url": "https://tabs.ultimate-guitar.com/tab/aretha-franklin/i-say-a-little-prayer-bass-1831319",
      "file_path": null,
      "metadata": {}
    },
    "1280679": {
      "id": "1280679",
      "title": "I Say A Little Prayer",
      "type": "UKE",
      "url": "https://tabs.ultimate-guitar.com/tab/aretha-franklin/i-say-a-little-prayer-ukulele-1280679",
      "file_path": null,
      "metadata": {}
    },
    "1341655": {
      "id": "1341655",
      "title": "I Say A Little Prayer (ver 2)",
      "type": "UKE",
      "url": "https://tabs.ultimate-guitar.com/tab/aretha-franklin/i-say-a-little-prayer-ukulele-1341655",
      "file_path": null,
      "metadata": {}
    },
    "4407272": {
      "id": "4407272",
      "title": "I Take What I Want",
      "type": "CRD",
      "url": "https://tabs.ultimate-guitar.com/tab/aretha-franklin/i-take-what-i-want-chords-4407272",
      "file_path": null,
      "metadata": {}
    },
    "3623702": {
      "id": "3623702",
      "title": "I Wanna Be Around",
      "type": "PRO",
      "url": "https://tabs.ultimate-guitar.com/tab/aretha-franklin/i-wanna-be-around-guitar-pro-3623702",
      "file_path": null,
      "metadata": {}
    },
    "3983191": {
      "id": "3983191",
      "title": "I Wonder Where Are You Tonight",
      "type": "CRD",
      "url": "https://tabs.ultimate-guitar.com/tab/aretha-franklin/i-wonder-where-are-you-tonight-chords-3983191",
      "file_path": null,
      "metadata": {}
    },
    "2856500": {
      "id": "2856500",
      "title": "It Aint Fair",
      "type": "CRD",
      "url": "https://tabs.ultimate-guitar.com/tab/aretha-franklin/it-aint-fair-chords-2856500",
      "file_path": null,
      "metadata": {}
    },
    "3677708": {
      "id": "3677708",
      "title": "It Was You",
      "type": "PWR",
      "url": "https://tabs.ultimate-guitar.com/tab/aretha-franklin/it-was-you-power-3677708",
      "file_path": null,
      "metadata": {}
    },
    "2559405": {
      "id": "2559405",
      "title": "It Was You",
      "type": "BASS",
      "url": "https://tabs.ultimate-guitar.com/tab/aretha-franklin/it-was-you-bass-2559405",
      "file_path": null,
      "metadata": {}
    },
    "1116125": {
      "id": "1116125",
      "title": "Kissin By The Mistletoe",
      "type": "CRD",
      "url": "https://tabs.ultimate-guitar.com/tab/aretha-franklin/kissin-by-the-mistletoe-chords-1116125",
      "file_path": null,
      "metadata": {}
    },
    "1368031": {
      "id": "1368031",
      "title": "Kissin By The Mistletoe",
      "type": "UKE",
      "url": "https://tabs.ultimate-guitar.com/tab/aretha-franklin/kissin-by-the-mistletoe-ukulele-1368031",
      "file_path": null,
      "metadata": {}
    },
    "4369853": {
      "id": "4369853",
      "title": "Lean On Me",
      "type": "CRD",
      "url": "https://tabs.ultimate-guitar.com/tab/aretha-franklin/lean-on-me-chords-4369853",
      "file_path": null,
      "metadata": {}
    },
    "5571072": {
      "id": "5571072",
      "title": "Let It Be",
      "type": "BASS",
      "url": "https://tabs.ultimate-guitar.com/tab/aretha-franklin/let-it-be-bass-5571072",
      "file_path": null,
      "metadata": {}
    },
    "5738870": {
      "id": "5738870",
      "title": "Niki Hoeky",
      "type": "CRD",
      "url": "https://tabs.ultimate-guitar.com/tab/aretha-franklin/niki-hoeky-chords-5738870",
      "file_path": null,
      "metadata": {}
    },
    "3749972": {
      "id": "3749972",
      "title": "Niki Hoeky",
      "type": "PWR",
      "url": "https://tabs.ultimate-guitar.com/tab/aretha-franklin/niki-hoeky-power-3749972",
      "file_path": null,
      "metadata": {}
    },
    "3749960": {
      "id": "3749960",
      "title": "Niki Hoeky",
      "type": "BASS",
      "url": "https://tabs.ultimate-guitar.com/tab/aretha-franklin/niki-hoeky-bass-3749960",
      "file_path": null,
      "metadata": {}
    },
    "1928071": {
      "id": "1928071",
      "title": "No No Im Losing You",
      "type": "CRD",
      "url": "https://tabs.ultimate-guitar.com/tab/aretha-franklin/no-no-im-losing-you-chords-1928071",
      "file_path": null,
      "metadata": {}
    },
    "572745": {
      "id": "572745",
      "title": "One Step Ahead",
      "type": "CRD",
      "url": "https://tabs.ultimate-guitar.com/tab/aretha-franklin/one-step-ahead-chords-572745",
      "file_path": null,
      "metadata": {}
    },
    "1298973": {
      "id": "1298973",
      "title": "One Step Ahead",
      "type": "UKE",
      "url": "https://tabs.ultimate-guitar.com/tab/aretha-franklin/one-step-ahead-ukulele-1298973",
      "file_path": null,
      "metadata": {}
    },
    "2525304": {
      "id": "2525304",
      "title": "People Get Ready",
      "type": "CRD",
      "url": "https://tabs.ultimate-guitar.com/tab/aretha-franklin/people-get-ready-chords-2525304",
      "file_path": null,
      "metadata": {}
    },
    "4420766": {
      "id": "4420766",
      "title": "Pepsi The Joy Of Cola Commercial",
      "type": "CRD",
      "url": "https://tabs.ultimate-guitar.com/tab/aretha-franklin/pepsi-the-joy-of-cola-commercial-chords-4420766",
      "file_path": null,
      "metadata": {}
    },
    "1200584": {
      "id": "1200584",
      "title": "Respect (ver 2)",
      "type": "CRD",
      "url": "https://tabs.ultimate-guitar.com/tab/aretha-franklin/respect-chords-1200584",
      "file_path": null,
      "metadata": {}
    },
    "1701375": {
      "id": "1701375",
      "title": "Respect",
      "type": "TAB",
      "url": "https://tabs.ultimate-guitar.com/tab/aretha-franklin/respect-tabs-1701375",
      "file_path": null,
      "metadata": {}
    },
    "219586": {
      "id": "219586",
      "title": "Respect",
      "type": "PRO",
      "url": "https://tabs.ultimate-guitar.com/tab/aretha-franklin/respect-guitar-pro-219586",
      "file_path": null,
      "metadata": {}
    },
    "2478144": {
      "id": "2478144",
      "title": "Respect (ver 2)",
      "type": "PRO",
      "url": "https://tabs.ultimate-guitar.com/tab/aretha-franklin/respect-guitar-pro-2478144",
      "file_path": null,
      "metadata": {}
    },
    "5289222": {
      "id": "5289222",
      "title": "Respect (ver 3)",
      "type": "PRO",
      "url": "https://tabs.ultimate-guitar.com/tab/aretha-franklin/respect-guitar-pro-5289222",
      "file_path": null,
      "metadata": {}
    },
    "1232531": {
      "id": "1232531",
      "title": "Respect",
      "type": "PWR",
      "url": "https://tabs.ultimate-guitar.com/tab/aretha-franklin/respect-power-1232531",
      "file_path": null,
      "metadata": {}
    },
    "1736787": {
      "id": "1736787",
      "title": "Respect (ver 2)",
      "type": "BASS",
      "url": "https://tabs.ultimate-guitar.com/tab/aretha-franklin/respect-bass-1736787",
      "file_path": null,
      "metadata": {}
    },
    "1831320": {
      "id": "1831320",
      "title": "Respect (ver 3)",
      "type": "BASS",
      "url": "https://tabs.ultimate-guitar.com/tab/aretha-franklin/respect-bass-1831320",
      "file_path": null,
      "metadata": {}
    },
    "1384501": {
      "id": "1384501",
      "title": "Respect",
      "type": "UKE",
      "url": "https://tabs.ultimate-guitar.com/tab/aretha-franklin/respect-ukulele-1384501",
      "file_path": null,
      "metadata": {}
    },
    "5792510": {
      "id": "5792510",
      "title": "Rock Steady",
      "type": "CRD",
      "url": "https://tabs.ultimate-guitar.com/tab/aretha-franklin/rock-steady-chords-5792510",
      "file_path": null,
      "metadata": {}
    },
    "2493984": {
      "id": "2493984",
      "title": "Rock Steady",
      "type": "BASS",
      "url": "https://tabs.ultimate-guitar.com/tab/aretha-franklin/rock-steady-bass-2493984",
      "file_path": null,
      "metadata": {}
    },
    "3983659": {
      "id": "3983659",
      "title": "Rock Steady (ver 2)",
      "type": "BASS",
      "url": "https://tabs.ultimate-guitar.com/tab/aretha-franklin/rock-steady-bass-3983659",
      "file_path": null,
      "metadata": {}
    },
    "3468329": {
      "id": "3468329",
      "title": "Runnin Out Of Fools",
      "type": "CRD",
      "url": "https://tabs.ultimate-guitar.com/tab/aretha-franklin/runnin-out-of-fools-chords-3468329",
      "file_path": null,
      "metadata": {}
    },
    "2450817": {
      "id": "2450817",
      "title": "Satisfaction",
      "type": "BASS",
      "url": "https://tabs.ultimate-guitar.com/tab/aretha-franklin/satisfaction-bass-2450817",
      "file_path": null,
      "metadata": {}
    },
    "2509374": {
      "id": "2509374",
      "title": "Save Me",
      "type": "PWR",
      "url": "https://tabs.ultimate-guitar.com/tab/aretha-franklin/save-me-power-2509374",
      "file_path": null,
      "metadata": {}
    },
    "2509377": {
      "id": "2509377",
      "title": "Save Me",
      "type": "BASS",
      "url": "https://tabs.ultimate-guitar.com/tab/aretha-franklin/save-me-bass-2509377",
      "file_path": null,
      "metadata": {}
    },
    "1909687": {
      "id": "1909687",
      "title": "See Saw",
      "type": "PRO",
      "url": "https://tabs.ultimate-guitar.com/tab/aretha-franklin/see-saw-guitar-pro-1909687",
      "file_path": null,
      "metadata": {}
    },
    "5641803": {
      "id": "5641803",
      "title": "See Saw",
      "type": "PWR",
      "url": "https://tabs.ultimate-guitar.com/tab/aretha-franklin/see-saw-power-5641803",
      "file_path": null,
      "metadata": {}
    },
    "5641800": {
      "id": "5641800",
      "title": "See Saw",
      "type": "BASS",
      "url": "https://tabs.ultimate-guitar.com/tab/aretha-franklin/see-saw-bass-5641800",
      "file_path": null,
      "metadata": {}
    },
    "482900": {
      "id": "482900",
      "title": "Since Youve Been Gone",
      "type": "CRD",
      "url": "https://tabs.ultimate-guitar.com/tab/aretha-franklin/since-youve-been-gone-chords-482900",
      "file_path": null,
      "metadata": {}
    },
    "410204": {
      "id": "410204",
      "title": "Since Youve Been Gone",
      "type": "BASS",
      "url": "https://tabs.ultimate-guitar.com/tab/aretha-franklin/since-youve-been-gone-bass-410204",
      "file_path": null,
      "metadata": {}
    },
    "1292715": {
      "id": "1292715",
      "title": "Since Youve Been Gone",
      "type": "UKE",
      "url": "https://tabs.ultimate-guitar.com/tab/aretha-franklin/since-youve-been-gone-ukulele-1292715",
      "file_path": null,
      "metadata": {}
    },
    "3000647": {
      "id": "3000647",
      "title": "Son Of A Preacher Man",
      "type": "CRD",
      "url": "https://tabs.ultimate-guitar.com/tab/aretha-franklin/son-of-a-preacher-man-chords-3000647",
      "file_path": null,
      "metadata": {}
    },
    "3592931": {
      "id": "3592931",
      "title": "Soul Serenade",
      "type": "CRD",
      "url": "https://tabs.ultimate-guitar.com/tab/aretha-franklin/soul-serenade-chords-3592931",
      "file_path": null,
      "metadata": {}
    },
    "2454094": {
      "id": "2454094",
      "title": "Spanish Harlem",
      "type": "CRD",
      "url": "https://tabs.ultimate-guitar.com/tab/aretha-franklin/spanish-harlem-chords-2454094",
      "file_path": null,
      "metadata": {}
    },
    "2454728": {
      "id": "2454728",
      "title": "Spanish Harlem",
      "type": "PWR",
      "url": "https://tabs.ultimate-guitar.com/tab/aretha-franklin/spanish-harlem-power-2454728",
      "file_path": null,
      "metadata": {}
    },
    "2454730": {
      "id": "2454730",
      "title": "Spanish Harlem",
      "type": "BASS",
      "url": "https://tabs.ultimate-guitar.com/tab/aretha-franklin/spanish-harlem-bass-2454730",
      "file_path": null,
      "metadata": {}
    },
    "2956637": {
      "id": "2956637",
      "title": "Sweet Sweet Baby Since Youve Been Gone",
      "type": "CRD",
      "url": "https://tabs.ultimate-guitar.com/tab/aretha-franklin/sweet-sweet-baby-since-youve-been-gone-chords-2956637",
      "file_path": null,
      "metadata": {}
    },
    "68718": {
      "id": "68718",
      "title": "The House That Jack Built",
      "type": "CRD",
      "url": "https://tabs.ultimate-guitar.com/tab/aretha-franklin/the-house-that-jack-built-chords-68718",
      "file_path": null,
      "metadata": {}
    },
    "1262453": {
      "id": "1262453",
      "title": "The House That Jack Built",
      "type": "UKE",
      "url": "https://tabs.ultimate-guitar.com/tab/aretha-franklin/the-house-that-jack-built-ukulele-1262453",
      "file_path": null,
      "metadata": {}
    },
    "4168624": {
      "id": "4168624",
      "title": "The Weight",
      "type": "CRD",
      "url": "https://tabs.ultimate-guitar.com/tab/aretha-franklin/the-weight-chords-4168624",
      "file_path": null,
      "metadata": {}
    },
    "1899882": {
      "id": "1899882",
      "title": "The Weight",
      "type": "TAB",
      "url": "https://tabs.ultimate-guitar.com/tab/aretha-franklin/the-weight-tabs-1899882",
      "file_path": null,
      "metadata": {}
    },
    "1693250": {
      "id": "1693250",
      "title": "The Weight",
      "type": "PRO",
      "url": "https://tabs.ultimate-guitar.com/tab/aretha-franklin/the-weight-guitar-pro-1693250",
      "file_path": null,
      "metadata": {}
    },
    "3434378": {
      "id": "3434378",
      "title": "The Weight (ver 2)",
      "type": "PRO",
      "url": "https://tabs.ultimate-guitar.com/tab/aretha-franklin/the-weight-guitar-pro-3434378",
      "file_path": null,
      "metadata": {}
    },
    "1712701": {
      "id": "1712701",
      "title": "Think (ver 2)",
      "type": "CRD",
      "url": "https://tabs.ultimate-guitar.com/tab/aretha-franklin/think-chords-1712701",
      "file_path": null,
      "metadata": {}
    },
    "423097": {
      "id": "423097",
      "title": "Think",
      "type": "PRO",
      "url": "https://tabs.ultimate-guitar.com/tab/aretha-franklin/think-guitar-pro-423097",
      "file_path": null,
      "metadata": {}
    },
    "4032814": {
      "id": "4032814",
      "title": "Think (ver 2)",
      "type": "PRO",
      "url": "https://tabs.ultimate-guitar.com/tab/aretha-franklin/think-guitar-pro-4032814",
      "file_path": null,
      "metadata": {}
    },
    "5401899": {
      "id": "5401899",
      "title": "Think (ver 3)",
      "type": "PRO",
      "url": "https://tabs.ultimate-guitar.com/tab/aretha-franklin/think-guitar-pro-5401899",
      "file_path": null,
      "metadata": {}
    },
    "410205": {
      "id": "410205",
      "title": "Think",
      "type": "BASS",
      "url": "https://tabs.ultimate-guitar.com/tab/aretha-franklin/think-bass-410205",
      "file_path": null,
      "metadata": {}
    },
    "1799503": {
      "id": "1799503",
      "title": "Think (ver 2)",
      "type": "BASS",
      "url": "https://tabs.ultimate-guitar.com/tab/aretha-franklin/think-bass-1799503",
      "file_path": null,
      "metadata": {}
    },
    "2457434": {
      "id": "2457434",
      "title": "Think (ver 3)",
      "type": "BASS",
      "url": "https://tabs.ultimate-guitar.com/tab/aretha-franklin/think-bass-2457434",
      "file_path": null,
      "metadata": {}
    },
    "2458452": {
      "id": "2458452",
      "title": "Think (ver 4)",
      "type": "BASS",
      "url": "https://tabs.ultimate-guitar.com/tab/aretha-franklin/think-bass-2458452",
      "file_path": null,
      "metadata": {}
    },
    "1312605": {
      "id": "1312605",
      "title": "Think",
      "type": "UKE",
      "url": "https://tabs.ultimate-guitar.com/tab/aretha-franklin/think-ukulele-1312605",
      "file_path": null,
      "metadata": {}
    },
    "4061818": {
      "id": "4061818",
      "title": "Walk On By",
      "type": "CRD",
      "url": "https://tabs.ultimate-guitar.com/tab/aretha-franklin/walk-on-by-chords-4061818",
      "file_path": null,
      "metadata": {}
    },
    "4136284": {
      "id": "4136284",
      "title": "Wonderful",
      "type": "CRD",
      "url": "https://tabs.ultimate-guitar.com/tab/aretha-franklin/wonderful-chords-4136284",
      "file_path": null,
      "metadata": {}
    },
    "4174825": {
      "id": "4174825",
      "title": "Wont Be Long",
      "type": "CRD",
      "url": "https://tabs.ultimate-guitar.com/tab/aretha-franklin/wont-be-long-chords-4174825",
      "file_path": null,
      "metadata": {}
    },
    "690605": {
      "id": "690605",
      "title": "You Make Me Feel Like A Natural Woman (ver 2)",
      "type": "CRD",
      "url": "https://tabs.ultimate-guitar.com/tab/aretha-franklin/you-make-me-feel-like-a-natural-woman-chords-690605",
      "file_path": null,
      "metadata": {}
    },
    "2452093": {
      "id": "2452093",
      "title": "You Make Me Feel Like A Natural Woman (ver 3)",
      "type": "CRD",
      "url": "https://tabs.ultimate-guitar.com/tab/aretha-franklin/you-make-me-feel-like-a-natural-woman-chords-2452093",
      "file_path": null,
      "metadata": {}
    },
    "2451869": {
      "id": "2451869",
      "title": "You Make Me Feel Like A Natural Woman (ver 4)",
      "type": "CRD",
      "url": "https://tabs.ultimate-guitar.com/tab/aretha-franklin/you-make-me-feel-like-a-natural-woman-chords-2451869",
      "file_path": null,
      "metadata": {}
    },
    "2699133": {
      "id": "2699133",
      "title": "You Make Me Feel Like A Natural Woman (ver 5)",
      "type": "CRD",
      "url": "https://tabs.ultimate-guitar.com/tab/aretha-franklin/you-make-me-feel-like-a-natural-woman-chords-2699133",
      "file_path": null,
      "metadata": {}
    },
    "3073280": {
      "id": "3073280",
      "title": "You Make Me Feel Like A Natural Woman (ver 6)",
      "type": "CRD",
      "url": "https://tabs.ultimate-guitar.com/tab/aretha-franklin/you-make-me-feel-like-a-natural-woman-chords-3073280",
      "file_path": null,
      "metadata": {}
    },
    "1141372": {
      "id": "1141372",
      "title": "You Make Me Feel Like A Natural Woman",
      "type": "PRO",
      "url": "https://tabs.ultimate-guitar.com/tab/aretha-franklin/you-make-me-feel-like-a-natural-woman-guitar-pro-1141372",
      "file_path": null,
      "metadata": {}
    },
    "1949023": {
      "id": "1949023",
      "title": "You Make Me Feel Like A Natural Woman",
      "type": "BASS",
      "url": "https://tabs.ultimate-guitar.com/tab/aretha-franklin/you-make-me-feel-like-a-natural-woman-bass-1949023",
      "file_path": null,
      "metadata": {}
    },
    "2451079": {
      "id": "2451079",
      "title": "You Make Me Feel Like A Natural Woman (ver 2)",
      "type": "BASS",
      "url": "https://tabs.ultimate-guitar.com/tab/aretha-franklin/you-make-me-feel-like-a-natural-woman-bass-2451079",
      "file_path": null,
      "metadata": {}
    },
    "1308925": {
      "id": "1308925",
      "title": "You Make Me Feel Like A Natural Woman",
      "type": "UKE",
      "url": "https://tabs.ultimate-guitar.com/tab/aretha-franklin/you-make-me-feel-like-a-natural-woman-ukulele-1308925",
      "file_path": null,
      "metadata": {}
    },
    "5597136": {
      "id": "5597136",
      "title": "You Send Me",
      "type": "CRD",
      "url": "https://tabs.ultimate-guitar.com/tab/aretha-franklin/you-send-me-chords-5597136",
      "file_path": null,
      "metadata": {}
    },
    "3966211": {
      "id": "3966211",
      "title": "Youre A Sweet Sweet Man",
      "type": "CRD",
      "url": "https://tabs.ultimate-guitar.com/tab/aretha-franklin/youre-a-sweet-sweet-man-chords-3966211",
      "file_path": null,
      "metadata": {}
    },
    "2552412": {
      "id": "2552412",
      "title": "Youre All I Need To Get By",
      "type": "CRD",
      "url": "https://tabs.ultimate-guitar.com/tab/aretha-franklin/youre-all-i-need-to-get-by-chords-2552412",
      "file_path": null,
      "metadata": {}
    },
    "2996996": {
      "id": "2996996",
      "title": "Youre All I Need To Get By",
      "type": "PRO",
      "url": "https://tabs.ultimate-guitar.com/tab/aretha-franklin/youre-all-i-need-to-get-by-guitar-pro-2996996",
      "file_path": null,
      "metadata": {}
    }
  }
}