{
  "id": "106485",
  "name": "BETSY",
  "url": "https://www.ultimate-guitar.com/artist/betsy_106485",
  "tabs": {
    "2134623": {
      "id": "2134623",
      "title": "Lost And Found",
      "type": "CRD",
      "url": "https://tabs.ultimate-guitar.com/tab/betsy/lost-and-found-chords-2134623",
      "file_path": null,
      "metadata": {}
    },
    "5555631": {
      "id": "5555631",
      "title": "Sigma Boy",
      "type": "CRD",
      "url": "https://tabs.ultimate-guitar.com/tab/betsy/sigma-boy-chords-5555631",
      "file_path": null,
      "metadata": {}
    },
    "5628066": {
      "id": "5628066",
      "title": "Sigma Boy  Intro",
      "type": "TAB",
      "url": "https://tabs.ultimate-guitar.com/tab/betsy/sigma-boy-tabs-5628066",
      "file_path": null,
      "metadata": {}
    }
  }
}