{
  "id": "1007135",
  "name": "Sean Bertram",
  "url": "https://www.ultimate-guitar.com/artist/sean_bertram_1007135",
  "tabs": {
    "4140562": {
      "id": "4140562",
      "title": "Fourth Place",
      "type": "CRD",
      "url": "https://tabs.ultimate-guitar.com/tab/sean-bertram/fourth-place-chords-4140562",
      "file_path": null,
      "metadata": {}
    },
    "4197505": {
      "id": "4197505",
      "title": "Santa Barbara Pier",
      "type": "CRD",
      "url": "https://tabs.ultimate-guitar.com/tab/sean-bertram/santa-barbara-pier-chords-4197505",
      "file_path": null,
      "metadata": {}
    },
    "3766235": {
      "id": "3766235",
      "title": "The Muffin Song",
      "type": "CRD",
      "url": "https://tabs.ultimate-guitar.com/tab/sean-bertram/the-muffin-song-chords-3766235",
      "file_path": null,
      "metadata": {}
    },
    "3933182": {
      "id": "3933182",
      "title": "The Muffin Song (ver 2)",
      "type": "CRD",
      "url": "https://tabs.ultimate-guitar.com/tab/sean-bertram/the-muffin-song-chords-3933182",
      "file_path": null,
      "metadata": {}
    },
    "3798263": {
      "id": "3798263",
      "title": "The Muffin Song  Solo",
      "type": "TAB",
      "url": "https://tabs.ultimate-guitar.com/tab/sean-bertram/the-muffin-song-tabs-3798263",
      "file_path": null,
      "metadata": {}
    },
    "3805247": {
      "id": "3805247",
      "title": "The Muffin Song  Intro",
      "type": "TAB",
      "url": "https://tabs.ultimate-guitar.com/tab/sean-bertram/the-muffin-song-tabs-3805247",
      "file_path": null,
      "metadata": {}
    },
    "3877352": {
      "id": "3877352",
      "title": "The Muffin Song (ver 2) Intro",
      "type": "TAB",
      "url": "https://tabs.ultimate-guitar.com/tab/sean-bertram/the-muffin-song-tabs-3877352",
      "file_path": null,
      "metadata": {}
    },
    "4007092": {
      "id": "4007092",
      "title": "The Muffin Song",
      "type": "UKE",
      "url": "https://tabs.ultimate-guitar.com/tab/sean-bertram/the-muffin-song-ukulele-4007092",
      "file_path": null,
      "metadata": {}
    },
    "4576574": {
      "id": "4576574",
      "title": "The Muffin Song Collab",
      "type": "CRD",
      "url": "https://tabs.ultimate-guitar.com/tab/sean-bertram/the-muffin-song-collab-chords-4576574",
      "file_path": null,
      "metadata": {}
    }
  }
}