{
  "id": "103929",
  "name": "Zespół Mila",
  "url": "https://www.ultimate-guitar.com/artist/103929",
  "tabs": {
    "2115011": {
      "id": "2115011",
      "title": "Hej Hej Góralu",
      "type": "CRD",
      "url": "https://tabs.ultimate-guitar.com/tab/2115011",
      "file_path": null,
      "metadata": {}
    },
    "5828201": {
      "id": "5828201",
      "title": "Zakopianka",
      "type": "CRD",
      "url": "https://tabs.ultimate-guitar.com/tab/5828201",
      "file_path": null,
      "metadata": {}
    }
  }
}