{
  "id": "10911",
  "name": "John Mellencamp",
  "url": "https://www.ultimate-guitar.com/artist/john_mellencamp_10911",
  "tabs": {
    "208477": {
      "id": "208477",
      "title": "Jack And Diane",
      "type": "CRD",
      "url": "https://tabs.ultimate-guitar.com/tab/john-mellencamp/jack-and-diane-chords-208477",
      "file_path": null,
      "metadata": {}
    },
    "75957": {
      "id": "75957",
      "title": "Hurts So Good",
      "type": "CRD",
      "url": "https://tabs.ultimate-guitar.com/tab/john-mellencamp/hurts-so-good-chords-75957",
      "file_path": null,
      "metadata": {}
    },
    "75970": {
      "id": "75970",
      "title": "Pink Houses",
      "type": "CRD",
      "url": "https://tabs.ultimate-guitar.com/tab/john-mellencamp/pink-houses-chords-75970",
      "file_path": null,
      "metadata": {}
    },
    "75949": {
      "id": "75949",
      "title": "Cherry Bomb",
      "type": "CRD",
      "url": "https://tabs.ultimate-guitar.com/tab/john-mellencamp/cherry-bomb-chords-75949",
      "file_path": null,
      "metadata": {}
    },
    "75954": {
      "id": "75954",
      "title": "Rock In The Usa",
      "type": "CRD",
      "url": "https://tabs.ultimate-guitar.com/tab/john-mellencamp/rock-in-the-usa-chords-75954",
      "file_path": null,
      "metadata": {}
    },
    "902721": {
      "id": "902721",
      "title": "Aint Even Done With The Night",
      "type": "CRD",
      "url": "https://tabs.ultimate-guitar.com/tab/john-mellencamp/aint-even-done-with-the-night-chords-902721",
      "file_path": null,
      "metadata": {}
    },
    "75965": {
      "id": "75965",
      "title": "Rain On The Scarecrow",
      "type": "CRD",
      "url": "https://tabs.ultimate-guitar.com/tab/john-mellencamp/rain-on-the-scarecrow-chords-75965",
      "file_path": null,
      "metadata": {}
    },
    "75973": {
      "id": "75973",
      "title": "Pink Houses",
      "type": "TAB",
      "url": "https://tabs.ultimate-guitar.com/tab/john-mellencamp/pink-houses-tabs-75973",
      "file_path": null,
      "metadata": {}
    },
    "179798": {
      "id": "179798",
      "title": "Authority Song",
      "type": "TAB",
      "url": "https://tabs.ultimate-guitar.com/tab/john-mellencamp/authority-song-tabs-179798",
      "file_path": null,
      "metadata": {}
    },
    "562068": {
      "id": "562068",
      "title": "Hurts So Good",
      "type": "TAB",
      "url": "https://tabs.ultimate-guitar.com/tab/john-mellencamp/hurts-so-good-tabs-562068",
      "file_path": null,
      "metadata": {}
    },
    "1171796": {
      "id": "1171796",
      "title": "A Graceful Fall",
      "type": "CRD",
      "url": "https://tabs.ultimate-guitar.com/tab/john-mellencamp/a-graceful-fall-chords-1171796",
      "file_path": null,
      "metadata": {}
    },
    "4038868": {
      "id": "4038868",
      "title": "A Life Full Of Rain",
      "type": "CRD",
      "url": "https://tabs.ultimate-guitar.com/tab/john-mellencamp/a-life-full-of-rain-chords-4038868",
      "file_path": null,
      "metadata": {}
    },
    "4357361": {
      "id": "4357361",
      "title": "A Little Night Dancin",
      "type": "CRD",
      "url": "https://tabs.ultimate-guitar.com/tab/john-mellencamp/a-little-night-dancin-chords-4357361",
      "file_path": null,
      "metadata": {}
    },
    "737291": {
      "id": "737291",
      "title": "A Ride Back Home",
      "type": "CRD",
      "url": "https://tabs.ultimate-guitar.com/tab/john-mellencamp/a-ride-back-home-chords-737291",
      "file_path": null,
      "metadata": {}
    },
    "742196": {
      "id": "742196",
      "title": "A Ride Back Home (ver 2)",
      "type": "CRD",
      "url": "https://tabs.ultimate-guitar.com/tab/john-mellencamp/a-ride-back-home-chords-742196",
      "file_path": null,
      "metadata": {}
    },
    "1314559": {
      "id": "1314559",
      "title": "A Ride Back Home",
      "type": "UKE",
      "url": "https://tabs.ultimate-guitar.com/tab/john-mellencamp/a-ride-back-home-ukulele-1314559",
      "file_path": null,
      "metadata": {}
    },
    "1315143": {
      "id": "1315143",
      "title": "A Ride Back Home (ver 2)",
      "type": "UKE",
      "url": "https://tabs.ultimate-guitar.com/tab/john-mellencamp/a-ride-back-home-ukulele-1315143",
      "file_path": null,
      "metadata": {}
    },
    "793319": {
      "id": "793319",
      "title": "Again Tonight",
      "type": "CRD",
      "url": "https://tabs.ultimate-guitar.com/tab/john-mellencamp/again-tonight-chords-793319",
      "file_path": null,
      "metadata": {}
    },
    "1018921": {
      "id": "1018921",
      "title": "Again Tonight (ver 2)",
      "type": "CRD",
      "url": "https://tabs.ultimate-guitar.com/tab/john-mellencamp/again-tonight-chords-1018921",
      "file_path": null,
      "metadata": {}
    },
    "1318925": {
      "id": "1318925",
      "title": "Again Tonight",
      "type": "UKE",
      "url": "https://tabs.ultimate-guitar.com/tab/john-mellencamp/again-tonight-ukulele-1318925",
      "file_path": null,
      "metadata": {}
    },
    "5494971": {
      "id": "5494971",
      "title": "Aint Even Done With The Night (ver 2)",
      "type": "CRD",
      "url": "https://tabs.ultimate-guitar.com/tab/john-mellencamp/aint-even-done-with-the-night-chords-5494971",
      "file_path": null,
      "metadata": {}
    },
    "75971": {
      "id": "75971",
      "title": "Aint Even Done With The Night",
      "type": "TAB",
      "url": "https://tabs.ultimate-guitar.com/tab/john-mellencamp/aint-even-done-with-the-night-tabs-75971",
      "file_path": null,
      "metadata": {}
    },
    "1071106": {
      "id": "1071106",
      "title": "Aint Even Done With The Night (ver 2)",
      "type": "TAB",
      "url": "https://tabs.ultimate-guitar.com/tab/john-mellencamp/aint-even-done-with-the-night-tabs-1071106",
      "file_path": null,
      "metadata": {}
    },
    "1171639": {
      "id": "1171639",
      "title": "Aint Even Done With The Night",
      "type": "PWR",
      "url": "https://tabs.ultimate-guitar.com/tab/john-mellencamp/aint-even-done-with-the-night-power-1171639",
      "file_path": null,
      "metadata": {}
    },
    "1217797": {
      "id": "1217797",
      "title": "Aint Even Done With The Night",
      "type": "BASS",
      "url": "https://tabs.ultimate-guitar.com/tab/john-mellencamp/aint-even-done-with-the-night-bass-1217797",
      "file_path": null,
      "metadata": {}
    },
    "1334060": {
      "id": "1334060",
      "title": "Aint Even Done With The Night",
      "type": "UKE",
      "url": "https://tabs.ultimate-guitar.com/tab/john-mellencamp/aint-even-done-with-the-night-ukulele-1334060",
      "file_path": null,
      "metadata": {}
    },
    "1857823": {
      "id": "1857823",
      "title": "American Fool",
      "type": "CRD",
      "url": "https://tabs.ultimate-guitar.com/tab/john-mellencamp/american-fool-chords-1857823",
      "file_path": null,
      "metadata": {}
    },
    "2217387": {
      "id": "2217387",
      "title": "Another Sunny Day 1225",
      "type": "CRD",
      "url": "https://tabs.ultimate-guitar.com/tab/john-mellencamp/another-sunny-day-1225-chords-2217387",
      "file_path": null,
      "metadata": {}
    },
    "75953": {
      "id": "75953",
      "title": "Authority Song",
      "type": "CRD",
      "url": "https://tabs.ultimate-guitar.com/tab/john-mellencamp/authority-song-chords-75953",
      "file_path": null,
      "metadata": {}
    },
    "952395": {
      "id": "952395",
      "title": "Authority Song (ver 2)",
      "type": "CRD",
      "url": "https://tabs.ultimate-guitar.com/tab/john-mellencamp/authority-song-chords-952395",
      "file_path": null,
      "metadata": {}
    },
    "1168292": {
      "id": "1168292",
      "title": "Authority Song (ver 3)",
      "type": "CRD",
      "url": "https://tabs.ultimate-guitar.com/tab/john-mellencamp/authority-song-chords-1168292",
      "file_path": null,
      "metadata": {}
    },
    "1238606": {
      "id": "1238606",
      "title": "Authority Song (ver 4)",
      "type": "CRD",
      "url": "https://tabs.ultimate-guitar.com/tab/john-mellencamp/authority-song-chords-1238606",
      "file_path": null,
      "metadata": {}
    },
    "614864": {
      "id": "614864",
      "title": "Authority Song",
      "type": "BASS",
      "url": "https://tabs.ultimate-guitar.com/tab/john-mellencamp/authority-song-bass-614864",
      "file_path": null,
      "metadata": {}
    },
    "2603505": {
      "id": "2603505",
      "title": "Authority Song (ver 2)",
      "type": "BASS",
      "url": "https://tabs.ultimate-guitar.com/tab/john-mellencamp/authority-song-bass-2603505",
      "file_path": null,
      "metadata": {}
    },
    "1338872": {
      "id": "1338872",
      "title": "Authority Song",
      "type": "UKE",
      "url": "https://tabs.ultimate-guitar.com/tab/john-mellencamp/authority-song-ukulele-1338872",
      "file_path": null,
      "metadata": {}
    },
    "1377666": {
      "id": "1377666",
      "title": "Authority Song (ver 2)",
      "type": "UKE",
      "url": "https://tabs.ultimate-guitar.com/tab/john-mellencamp/authority-song-ukulele-1377666",
      "file_path": null,
      "metadata": {}
    },
    "2895590": {
      "id": "2895590",
      "title": "Beige To Beige",
      "type": "CRD",
      "url": "https://tabs.ultimate-guitar.com/tab/john-mellencamp/beige-to-beige-chords-2895590",
      "file_path": null,
      "metadata": {}
    },
    "354377": {
      "id": "354377",
      "title": "Between A Laugh And A Tear",
      "type": "CRD",
      "url": "https://tabs.ultimate-guitar.com/tab/john-mellencamp/between-a-laugh-and-a-tear-chords-354377",
      "file_path": null,
      "metadata": {}
    },
    "1411366": {
      "id": "1411366",
      "title": "Between A Laugh And A Tear (ver 2)",
      "type": "CRD",
      "url": "https://tabs.ultimate-guitar.com/tab/john-mellencamp/between-a-laugh-and-a-tear-chords-1411366",
      "file_path": null,
      "metadata": {}
    },
    "2730075": {
      "id": "2730075",
      "title": "Between A Laugh And A Tear (ver 3)",
      "type": "CRD",
      "url": "https://tabs.ultimate-guitar.com/tab/john-mellencamp/between-a-laugh-and-a-tear-chords-2730075",
      "file_path": null,
      "metadata": {}
    },
    "1284645": {
      "id": "1284645",
      "title": "Between A Laugh And A Tear",
      "type": "UKE",
      "url": "https://tabs.ultimate-guitar.com/tab/john-mellencamp/between-a-laugh-and-a-tear-ukulele-1284645",
      "file_path": null,
      "metadata": {}
    },
    "2180245": {
      "id": "2180245",
      "title": "Between A Laugh And A Tear (ver 2)",
      "type": "UKE",
      "url": "https://tabs.ultimate-guitar.com/tab/john-mellencamp/between-a-laugh-and-a-tear-ukulele-2180245",
      "file_path": null,
      "metadata": {}
    },
    "1908931": {
      "id": "1908931",
      "title": "Big Daddy Of Them All",
      "type": "CRD",
      "url": "https://tabs.ultimate-guitar.com/tab/john-mellencamp/big-daddy-of-them-all-chords-1908931",
      "file_path": null,
      "metadata": {}
    },
    "3042009": {
      "id": "3042009",
      "title": "Can You Take It",
      "type": "CRD",
      "url": "https://tabs.ultimate-guitar.com/tab/john-mellencamp/can-you-take-it-chords-3042009",
      "file_path": null,
      "metadata": {}
    },
    "4643882": {
      "id": "4643882",
      "title": "Can You Take It  Intro",
      "type": "TAB",
      "url": "https://tabs.ultimate-guitar.com/tab/john-mellencamp/can-you-take-it-tabs-4643882",
      "file_path": null,
      "metadata": {}
    },
    "4377248": {
      "id": "4377248",
      "title": "Carolina Shag",
      "type": "CRD",
      "url": "https://tabs.ultimate-guitar.com/tab/john-mellencamp/carolina-shag-chords-4377248",
      "file_path": null,
      "metadata": {}
    },
    "1997839": {
      "id": "1997839",
      "title": "Chance Meeting At The Tarantula",
      "type": "CRD",
      "url": "https://tabs.ultimate-guitar.com/tab/john-mellencamp/chance-meeting-at-the-tarantula-chords-1997839",
      "file_path": null,
      "metadata": {}
    },
    "3985207": {
      "id": "3985207",
      "title": "Chasing Rainbows",
      "type": "CRD",
      "url": "https://tabs.ultimate-guitar.com/tab/john-mellencamp/chasing-rainbows-chords-3985207",
      "file_path": null,
      "metadata": {}
    },
    "75978": {
      "id": "75978",
      "title": "Check It Out",
      "type": "CRD",
      "url": "https://tabs.ultimate-guitar.com/tab/john-mellencamp/check-it-out-chords-75978",
      "file_path": null,
      "metadata": {}
    },
    "1157586": {
      "id": "1157586",
      "title": "Check It Out (ver 2)",
      "type": "CRD",
      "url": "https://tabs.ultimate-guitar.com/tab/john-mellencamp/check-it-out-chords-1157586",
      "file_path": null,
      "metadata": {}
    },
    "1845441": {
      "id": "1845441",
      "title": "Check It Out (ver 3)",
      "type": "CRD",
      "url": "https://tabs.ultimate-guitar.com/tab/john-mellencamp/check-it-out-chords-1845441",
      "file_path": null,
      "metadata": {}
    },
    "982213": {
      "id": "982213",
      "title": "Check It Out",
      "type": "PWR",
      "url": "https://tabs.ultimate-guitar.com/tab/john-mellencamp/check-it-out-power-982213",
      "file_path": null,
      "metadata": {}
    },
    "973890": {
      "id": "973890",
      "title": "Check It Out",
      "type": "DRM",
      "url": "https://tabs.ultimate-guitar.com/tab/john-mellencamp/check-it-out-drums-973890",
      "file_path": null,
      "metadata": {}
    },
    "1265024": {
      "id": "1265024",
      "title": "Check It Out",
      "type": "UKE",
      "url": "https://tabs.ultimate-guitar.com/tab/john-mellencamp/check-it-out-ukulele-1265024",
      "file_path": null,
      "metadata": {}
    },
    "1375897": {
      "id": "1375897",
      "title": "Check It Out (ver 2)",
      "type": "UKE",
      "url": "https://tabs.ultimate-guitar.com/tab/john-mellencamp/check-it-out-ukulele-1375897",
      "file_path": null,
      "metadata": {}
    },
    "1751919": {
      "id": "1751919",
      "title": "Cherry Bomb (ver 2)",
      "type": "CRD",
      "url": "https://tabs.ultimate-guitar.com/tab/john-mellencamp/cherry-bomb-chords-1751919",
      "file_path": null,
      "metadata": {}
    },
    "5205786": {
      "id": "5205786",
      "title": "Cherry Bomb",
      "type": "PRO",
      "url": "https://tabs.ultimate-guitar.com/tab/john-mellencamp/cherry-bomb-guitar-pro-5205786",
      "file_path": null,
      "metadata": {}
    },
    "2749200": {
      "id": "2749200",
      "title": "Cherry Bomb",
      "type": "BASS",
      "url": "https://tabs.ultimate-guitar.com/tab/john-mellencamp/cherry-bomb-bass-2749200",
      "file_path": null,
      "metadata": {}
    },
    "1215452": {
      "id": "1215452",
      "title": "China Girl",
      "type": "CRD",
      "url": "https://tabs.ultimate-guitar.com/tab/john-mellencamp/china-girl-chords-1215452",
      "file_path": null,
      "metadata": {}
    },
    "1421360": {
      "id": "1421360",
      "title": "China Girl",
      "type": "TAB",
      "url": "https://tabs.ultimate-guitar.com/tab/john-mellencamp/china-girl-tabs-1421360",
      "file_path": null,
      "metadata": {}
    },
    "1387514": {
      "id": "1387514",
      "title": "China Girl",
      "type": "UKE",
      "url": "https://tabs.ultimate-guitar.com/tab/john-mellencamp/china-girl-ukulele-1387514",
      "file_path": null,
      "metadata": {}
    },
    "2018361": {
      "id": "2018361",
      "title": "Close Enough",
      "type": "CRD",
      "url": "https://tabs.ultimate-guitar.com/tab/john-mellencamp/close-enough-chords-2018361",
      "file_path": null,
      "metadata": {}
    },
    "1040384": {
      "id": "1040384",
      "title": "Coming Down The Road",
      "type": "CRD",
      "url": "https://tabs.ultimate-guitar.com/tab/john-mellencamp/coming-down-the-road-chords-1040384",
      "file_path": null,
      "metadata": {}
    },
    "1352971": {
      "id": "1352971",
      "title": "Coming Down The Road",
      "type": "UKE",
      "url": "https://tabs.ultimate-guitar.com/tab/john-mellencamp/coming-down-the-road-ukulele-1352971",
      "file_path": null,
      "metadata": {}
    },
    "5477142": {
      "id": "5477142",
      "title": "Country Gentleman",
      "type": "CRD",
      "url": "https://tabs.ultimate-guitar.com/tab/john-mellencamp/country-gentleman-chords-5477142",
      "file_path": null,
      "metadata": {}
    },
    "5478090": {
      "id": "5478090",
      "title": "Crazy Island",
      "type": "CRD",
      "url": "https://tabs.ultimate-guitar.com/tab/john-mellencamp/crazy-island-chords-5478090",
      "file_path": null,
      "metadata": {}
    },
    "1427568": {
      "id": "1427568",
      "title": "Crazy Ones",
      "type": "CRD",
      "url": "https://tabs.ultimate-guitar.com/tab/john-mellencamp/crazy-ones-chords-1427568",
      "file_path": null,
      "metadata": {}
    },
    "75955": {
      "id": "75955",
      "title": "Crumblin Down",
      "type": "CRD",
      "url": "https://tabs.ultimate-guitar.com/tab/john-mellencamp/crumblin-down-chords-75955",
      "file_path": null,
      "metadata": {}
    },
    "940502": {
      "id": "940502",
      "title": "Crumblin Down",
      "type": "PRO",
      "url": "https://tabs.ultimate-guitar.com/tab/john-mellencamp/crumblin-down-guitar-pro-940502",
      "file_path": null,
      "metadata": {}
    },
    "983914": {
      "id": "983914",
      "title": "Crumblin Down",
      "type": "PWR",
      "url": "https://tabs.ultimate-guitar.com/tab/john-mellencamp/crumblin-down-power-983914",
      "file_path": null,
      "metadata": {}
    },
    "2895968": {
      "id": "2895968",
      "title": "Crumblin Down (ver 2)",
      "type": "PWR",
      "url": "https://tabs.ultimate-guitar.com/tab/john-mellencamp/crumblin-down-power-2895968",
      "file_path": null,
      "metadata": {}
    },
    "2477912": {
      "id": "2477912",
      "title": "Crumblin Down",
      "type": "BASS",
      "url": "https://tabs.ultimate-guitar.com/tab/john-mellencamp/crumblin-down-bass-2477912",
      "file_path": null,
      "metadata": {}
    },
    "1265010": {
      "id": "1265010",
      "title": "Crumblin Down",
      "type": "UKE",
      "url": "https://tabs.ultimate-guitar.com/tab/john-mellencamp/crumblin-down-ukulele-1265010",
      "file_path": null,
      "metadata": {}
    },
    "2116713": {
      "id": "2116713",
      "title": "Dance Naked",
      "type": "CRD",
      "url": "https://tabs.ultimate-guitar.com/tab/john-mellencamp/dance-naked-chords-2116713",
      "file_path": null,
      "metadata": {}
    },
    "1020435": {
      "id": "1020435",
      "title": "Dance Naked",
      "type": "PRO",
      "url": "https://tabs.ultimate-guitar.com/tab/john-mellencamp/dance-naked-guitar-pro-1020435",
      "file_path": null,
      "metadata": {}
    },
    "1513313": {
      "id": "1513313",
      "title": "Danger List",
      "type": "CRD",
      "url": "https://tabs.ultimate-guitar.com/tab/john-mellencamp/danger-list-chords-1513313",
      "file_path": null,
      "metadata": {}
    },
    "4645508": {
      "id": "4645508",
      "title": "Danger List  Intro",
      "type": "TAB",
      "url": "https://tabs.ultimate-guitar.com/tab/john-mellencamp/danger-list-tabs-4645508",
      "file_path": null,
      "metadata": {}
    },
    "831164": {
      "id": "831164",
      "title": "Deep Blue Heart",
      "type": "CRD",
      "url": "https://tabs.ultimate-guitar.com/tab/john-mellencamp/deep-blue-heart-chords-831164",
      "file_path": null,
      "metadata": {}
    },
    "1325166": {
      "id": "1325166",
      "title": "Deep Blue Heart",
      "type": "UKE",
      "url": "https://tabs.ultimate-guitar.com/tab/john-mellencamp/deep-blue-heart-ukulele-1325166",
      "file_path": null,
      "metadata": {}
    },
    "4038841": {
      "id": "4038841",
      "title": "Did You Say Such A Thing",
      "type": "CRD",
      "url": "https://tabs.ultimate-guitar.com/tab/john-mellencamp/did-you-say-such-a-thing-chords-4038841",
      "file_path": null,
      "metadata": {}
    },
    "4636526": {
      "id": "4636526",
      "title": "Do You Think Thats Fair",
      "type": "CRD",
      "url": "https://tabs.ultimate-guitar.com/tab/john-mellencamp/do-you-think-thats-fair-chords-4636526",
      "file_path": null,
      "metadata": {}
    },
    "1172072": {
      "id": "1172072",
      "title": "Dont Forget About Me",
      "type": "CRD",
      "url": "https://tabs.ultimate-guitar.com/tab/john-mellencamp/dont-forget-about-me-chords-1172072",
      "file_path": null,
      "metadata": {}
    },
    "1378514": {
      "id": "1378514",
      "title": "Dont Forget About Me",
      "type": "UKE",
      "url": "https://tabs.ultimate-guitar.com/tab/john-mellencamp/dont-forget-about-me-ukulele-1378514",
      "file_path": null,
      "metadata": {}
    },
    "4041292": {
      "id": "4041292",
      "title": "Drivin In The Rain",
      "type": "CRD",
      "url": "https://tabs.ultimate-guitar.com/tab/john-mellencamp/drivin-in-the-rain-chords-4041292",
      "file_path": null,
      "metadata": {}
    },
    "1174077": {
      "id": "1174077",
      "title": "Each Day Of Sorrow",
      "type": "CRD",
      "url": "https://tabs.ultimate-guitar.com/tab/john-mellencamp/each-day-of-sorrow-chords-1174077",
      "file_path": null,
      "metadata": {}
    },
    "1379070": {
      "id": "1379070",
      "title": "Each Day Of Sorrow",
      "type": "UKE",
      "url": "https://tabs.ultimate-guitar.com/tab/john-mellencamp/each-day-of-sorrow-ukulele-1379070",
      "file_path": null,
      "metadata": {}
    },
    "3659651": {
      "id": "3659651",
      "title": "Early Bird Cafe",
      "type": "CRD",
      "url": "https://tabs.ultimate-guitar.com/tab/john-mellencamp/early-bird-cafe-chords-3659651",
      "file_path": null,
      "metadata": {}
    },
    "3183686": {
      "id": "3183686",
      "title": "Easy Target",
      "type": "CRD",
      "url": "https://tabs.ultimate-guitar.com/tab/john-mellencamp/easy-target-chords-3183686",
      "file_path": null,
      "metadata": {}
    },
    "1668793": {
      "id": "1668793",
      "title": "Eden Is Burning",
      "type": "CRD",
      "url": "https://tabs.ultimate-guitar.com/tab/john-mellencamp/eden-is-burning-chords-1668793",
      "file_path": null,
      "metadata": {}
    },
    "1714722": {
      "id": "1714722",
      "title": "Eden Is Burning (ver 2)",
      "type": "CRD",
      "url": "https://tabs.ultimate-guitar.com/tab/john-mellencamp/eden-is-burning-chords-1714722",
      "file_path": null,
      "metadata": {}
    },
    "3201179": {
      "id": "3201179",
      "title": "Empty Hands",
      "type": "CRD",
      "url": "https://tabs.ultimate-guitar.com/tab/john-mellencamp/empty-hands-chords-3201179",
      "file_path": null,
      "metadata": {}
    },
    "75977": {
      "id": "75977",
      "title": "Farewell Angelina",
      "type": "CRD",
      "url": "https://tabs.ultimate-guitar.com/tab/john-mellencamp/farewell-angelina-chords-75977",
      "file_path": null,
      "metadata": {}
    },
    "1265023": {
      "id": "1265023",
      "title": "Farewell Angelina",
      "type": "UKE",
      "url": "https://tabs.ultimate-guitar.com/tab/john-mellencamp/farewell-angelina-ukulele-1265023",
      "file_path": null,
      "metadata": {}
    },
    "745074": {
      "id": "745074",
      "title": "For The Children",
      "type": "CRD",
      "url": "https://tabs.ultimate-guitar.com/tab/john-mellencamp/for-the-children-chords-745074",
      "file_path": null,
      "metadata": {}
    },
    "1315578": {
      "id": "1315578",
      "title": "For The Children",
      "type": "UKE",
      "url": "https://tabs.ultimate-guitar.com/tab/john-mellencamp/for-the-children-ukulele-1315578",
      "file_path": null,
      "metadata": {}
    },
    "1818045": {
      "id": "1818045",
      "title": "Freedom Of Speech",
      "type": "CRD",
      "url": "https://tabs.ultimate-guitar.com/tab/john-mellencamp/freedom-of-speech-chords-1818045",
      "file_path": null,
      "metadata": {}
    },
    "5478009": {
      "id": "5478009",
      "title": "Fruit Trader",
      "type": "CRD",
      "url": "https://tabs.ultimate-guitar.com/tab/john-mellencamp/fruit-trader-chords-5478009",
      "file_path": null,
      "metadata": {}
    },
    "2755650": {
      "id": "2755650",
      "title": "Get A Leg Up",
      "type": "CRD",
      "url": "https://tabs.ultimate-guitar.com/tab/john-mellencamp/get-a-leg-up-chords-2755650",
      "file_path": null,
      "metadata": {}
    },
    "2083247": {
      "id": "2083247",
      "title": "Golden Gates",
      "type": "CRD",
      "url": "https://tabs.ultimate-guitar.com/tab/john-mellencamp/golden-gates-chords-2083247",
      "file_path": null,
      "metadata": {}
    },
    "4042006": {
      "id": "4042006",
      "title": "Gone So Soon",
      "type": "CRD",
      "url": "https://tabs.ultimate-guitar.com/tab/john-mellencamp/gone-so-soon-chords-4042006",
      "file_path": null,
      "metadata": {}
    },
    "3221435": {
      "id": "3221435",
      "title": "Grandmas Theme",
      "type": "CRD",
      "url": "https://tabs.ultimate-guitar.com/tab/john-mellencamp/grandmas-theme-chords-3221435",
      "file_path": null,
      "metadata": {}
    },
    "1983485": {
      "id": "1983485",
      "title": "Grandview",
      "type": "CRD",
      "url": "https://tabs.ultimate-guitar.com/tab/john-mellencamp/grandview-chords-1983485",
      "file_path": null,
      "metadata": {}
    },
    "135078": {
      "id": "135078",
      "title": "Hand To Hold On To",
      "type": "CRD",
      "url": "https://tabs.ultimate-guitar.com/tab/john-mellencamp/hand-to-hold-on-to-chords-135078",
      "file_path": null,
      "metadata": {}
    },
    "1723310": {
      "id": "1723310",
      "title": "Hand To Hold On To (ver 2)",
      "type": "CRD",
      "url": "https://tabs.ultimate-guitar.com/tab/john-mellencamp/hand-to-hold-on-to-chords-1723310",
      "file_path": null,
      "metadata": {}
    },
    "3985597": {
      "id": "3985597",
      "title": "Hand To Hold On To",
      "type": "TAB",
      "url": "https://tabs.ultimate-guitar.com/tab/john-mellencamp/hand-to-hold-on-to-tabs-3985597",
      "file_path": null,
      "metadata": {}
    },
    "1273020": {
      "id": "1273020",
      "title": "Hand To Hold On To",
      "type": "UKE",
      "url": "https://tabs.ultimate-guitar.com/tab/john-mellencamp/hand-to-hold-on-to-ukulele-1273020",
      "file_path": null,
      "metadata": {}
    },
    "665808": {
      "id": "665808",
      "title": "Hard Times For An Honest Man",
      "type": "CRD",
      "url": "https://tabs.ultimate-guitar.com/tab/john-mellencamp/hard-times-for-an-honest-man-chords-665808",
      "file_path": null,
      "metadata": {}
    },
    "1744143": {
      "id": "1744143",
      "title": "Hard Times For An Honest Man (ver 2)",
      "type": "CRD",
      "url": "https://tabs.ultimate-guitar.com/tab/john-mellencamp/hard-times-for-an-honest-man-chords-1744143",
      "file_path": null,
      "metadata": {}
    },
    "1308865": {
      "id": "1308865",
      "title": "Hard Times For An Honest Man",
      "type": "UKE",
      "url": "https://tabs.ultimate-guitar.com/tab/john-mellencamp/hard-times-for-an-honest-man-ukulele-1308865",
      "file_path": null,
      "metadata": {}
    },
    "4743047": {
      "id": "4743047",
      "title": "Hey God",
      "type": "CRD",
      "url": "https://tabs.ultimate-guitar.com/tab/john-mellencamp/hey-god-chords-4743047",
      "file_path": null,
      "metadata": {}
    },
    "1721786": {
      "id": "1721786",
      "title": "Hot Dogs And Hamburgers",
      "type": "CRD",
      "url": "https://tabs.ultimate-guitar.com/tab/john-mellencamp/hot-dogs-and-hamburgers-chords-1721786",
      "file_path": null,
      "metadata": {}
    },
    "2083245": {
      "id": "2083245",
      "title": "Human Wheels",
      "type": "CRD",
      "url": "https://tabs.ultimate-guitar.com/tab/john-mellencamp/human-wheels-chords-2083245",
      "file_path": null,
      "metadata": {}
    },
    "2945828": {
      "id": "2945828",
      "title": "Human Wheels",
      "type": "CRD",
      "url": "https://tabs.ultimate-guitar.com/tab/john-mellencamp/human-wheels-chords-2945828",
      "file_path": null,
      "metadata": {}
    },
    "57325": {
      "id": "57325",
      "title": "Human Wheels",
      "type": "TAB",
      "url": "https://tabs.ultimate-guitar.com/tab/john-mellencamp/human-wheels-tabs-57325",
      "file_path": null,
      "metadata": {}
    },
    "1265011": {
      "id": "1265011",
      "title": "Human Wheels",
      "type": "UKE",
      "url": "https://tabs.ultimate-guitar.com/tab/john-mellencamp/human-wheels-ukulele-1265011",
      "file_path": null,
      "metadata": {}
    },
    "1398390": {
      "id": "1398390",
      "title": "Hurts So Good (ver 2)",
      "type": "CRD",
      "url": "https://tabs.ultimate-guitar.com/tab/john-mellencamp/hurts-so-good-chords-1398390",
      "file_path": null,
      "metadata": {}
    },
    "1852923": {
      "id": "1852923",
      "title": "Hurts So Good (ver 3)",
      "type": "CRD",
      "url": "https://tabs.ultimate-guitar.com/tab/john-mellencamp/hurts-so-good-chords-1852923",
      "file_path": null,
      "metadata": {}
    },
    "3437774": {
      "id": "3437774",
      "title": "Hurts So Good (ver 4)",
      "type": "CRD",
      "url": "https://tabs.ultimate-guitar.com/tab/john-mellencamp/hurts-so-good-chords-3437774",
      "file_path": null,
      "metadata": {}
    },
    "5741150": {
      "id": "5741150",
      "title": "Hurts So Good  Intro",
      "type": "TAB",
      "url": "https://tabs.ultimate-guitar.com/tab/john-mellencamp/hurts-so-good-tabs-5741150",
      "file_path": null,
      "metadata": {}
    },
    "963335": {
      "id": "963335",
      "title": "Hurts So Good (ver 2)",
      "type": "TAB",
      "url": "https://tabs.ultimate-guitar.com/tab/john-mellencamp/hurts-so-good-tabs-963335",
      "file_path": null,
      "metadata": {}
    },
    "2085719": {
      "id": "2085719",
      "title": "Hurts So Good (ver 3)",
      "type": "TAB",
      "url": "https://tabs.ultimate-guitar.com/tab/john-mellencamp/hurts-so-good-tabs-2085719",
      "file_path": null,
      "metadata": {}
    },
    "390113": {
      "id": "390113",
      "title": "Hurts So Good",
      "type": "PRO",
      "url": "https://tabs.ultimate-guitar.com/tab/john-mellencamp/hurts-so-good-guitar-pro-390113",
      "file_path": null,
      "metadata": {}
    },
    "609155": {
      "id": "609155",
      "title": "Hurts So Good (ver 2)",
      "type": "PRO",
      "url": "https://tabs.ultimate-guitar.com/tab/john-mellencamp/hurts-so-good-guitar-pro-609155",
      "file_path": null,
      "metadata": {}
    },
    "1446625": {
      "id": "1446625",
      "title": "Hurts So Good (ver 3)",
      "type": "PRO",
      "url": "https://tabs.ultimate-guitar.com/tab/john-mellencamp/hurts-so-good-guitar-pro-1446625",
      "file_path": null,
      "metadata": {}
    },
    "304129": {
      "id": "304129",
      "title": "Hurts So Good",
      "type": "PWR",
      "url": "https://tabs.ultimate-guitar.com/tab/john-mellencamp/hurts-so-good-power-304129",
      "file_path": null,
      "metadata": {}
    },
    "1170638": {
      "id": "1170638",
      "title": "Hurts So Good (ver 2)",
      "type": "PWR",
      "url": "https://tabs.ultimate-guitar.com/tab/john-mellencamp/hurts-so-good-power-1170638",
      "file_path": null,
      "metadata": {}
    },
    "474009": {
      "id": "474009",
      "title": "Hurts So Good",
      "type": "BASS",
      "url": "https://tabs.ultimate-guitar.com/tab/john-mellencamp/hurts-so-good-bass-474009",
      "file_path": null,
      "metadata": {}
    },
    "4330877": {
      "id": "4330877",
      "title": "Hurts So Good (ver 2)",
      "type": "BASS",
      "url": "https://tabs.ultimate-guitar.com/tab/john-mellencamp/hurts-so-good-bass-4330877",
      "file_path": null,
      "metadata": {}
    },
    "869453": {
      "id": "869453",
      "title": "Hurts So Good",
      "type": "DRM",
      "url": "https://tabs.ultimate-guitar.com/tab/john-mellencamp/hurts-so-good-drums-869453",
      "file_path": null,
      "metadata": {}
    },
    "1265012": {
      "id": "1265012",
      "title": "Hurts So Good",
      "type": "UKE",
      "url": "https://tabs.ultimate-guitar.com/tab/john-mellencamp/hurts-so-good-ukulele-1265012",
      "file_path": null,
      "metadata": {}
    },
    "2180247": {
      "id": "2180247",
      "title": "Hurts So Good (ver 2)",
      "type": "UKE",
      "url": "https://tabs.ultimate-guitar.com/tab/john-mellencamp/hurts-so-good-ukulele-2180247",
      "file_path": null,
      "metadata": {}
    },
    "2323185": {
      "id": "2323185",
      "title": "Hurts So Good (ver 3)",
      "type": "UKE",
      "url": "https://tabs.ultimate-guitar.com/tab/john-mellencamp/hurts-so-good-ukulele-2323185",
      "file_path": null,
      "metadata": {}
    },
    "5477340": {
      "id": "5477340",
      "title": "I Aint Ever Satisfied",
      "type": "CRD",
      "url": "https://tabs.ultimate-guitar.com/tab/john-mellencamp/i-aint-ever-satisfied-chords-5477340",
      "file_path": null,
      "metadata": {}
    },
    "4039567": {
      "id": "4039567",
      "title": "I Always Lie To Strangers",
      "type": "CRD",
      "url": "https://tabs.ultimate-guitar.com/tab/john-mellencamp/i-always-lie-to-strangers-chords-4039567",
      "file_path": null,
      "metadata": {}
    },
    "4041577": {
      "id": "4041577",
      "title": "I Am A Man That Worries",
      "type": "CRD",
      "url": "https://tabs.ultimate-guitar.com/tab/john-mellencamp/i-am-a-man-that-worries-chords-4041577",
      "file_path": null,
      "metadata": {}
    },
    "3715619": {
      "id": "3715619",
      "title": "I Need A Lover",
      "type": "CRD",
      "url": "https://tabs.ultimate-guitar.com/tab/john-mellencamp/i-need-a-lover-chords-3715619",
      "file_path": null,
      "metadata": {}
    },
    "2761528": {
      "id": "2761528",
      "title": "I Need A Lover",
      "type": "CRD",
      "url": "https://tabs.ultimate-guitar.com/tab/john-mellencamp/i-need-a-lover-chords-2761528",
      "file_path": null,
      "metadata": {}
    },
    "124118": {
      "id": "124118",
      "title": "I Need A Lover  Intro",
      "type": "TAB",
      "url": "https://tabs.ultimate-guitar.com/tab/john-mellencamp/i-need-a-lover-tabs-124118",
      "file_path": null,
      "metadata": {}
    },
    "782455": {
      "id": "782455",
      "title": "I Need A Lover",
      "type": "TAB",
      "url": "https://tabs.ultimate-guitar.com/tab/john-mellencamp/i-need-a-lover-tabs-782455",
      "file_path": null,
      "metadata": {}
    },
    "1201872": {
      "id": "1201872",
      "title": "I Need A Lover (ver 2)",
      "type": "TAB",
      "url": "https://tabs.ultimate-guitar.com/tab/john-mellencamp/i-need-a-lover-tabs-1201872",
      "file_path": null,
      "metadata": {}
    },
    "1132580": {
      "id": "1132580",
      "title": "I Need A Lover",
      "type": "PWR",
      "url": "https://tabs.ultimate-guitar.com/tab/john-mellencamp/i-need-a-lover-power-1132580",
      "file_path": null,
      "metadata": {}
    },
    "1171641": {
      "id": "1171641",
      "title": "I Need A Lover (ver 2)",
      "type": "PWR",
      "url": "https://tabs.ultimate-guitar.com/tab/john-mellencamp/i-need-a-lover-power-1171641",
      "file_path": null,
      "metadata": {}
    },
    "1745921": {
      "id": "1745921",
      "title": "I Need A Lover",
      "type": "BASS",
      "url": "https://tabs.ultimate-guitar.com/tab/john-mellencamp/i-need-a-lover-bass-1745921",
      "file_path": null,
      "metadata": {}
    },
    "1008208": {
      "id": "1008208",
      "title": "I Saw Mommy Kissing Santa Claus",
      "type": "CRD",
      "url": "https://tabs.ultimate-guitar.com/tab/john-mellencamp/i-saw-mommy-kissing-santa-claus-chords-1008208",
      "file_path": null,
      "metadata": {}
    },
    "1203634": {
      "id": "1203634",
      "title": "I Saw Mommy Kissing Santa Claus (ver 2)",
      "type": "CRD",
      "url": "https://tabs.ultimate-guitar.com/tab/john-mellencamp/i-saw-mommy-kissing-santa-claus-chords-1203634",
      "file_path": null,
      "metadata": {}
    },
    "2526999": {
      "id": "2526999",
      "title": "I Saw Mommy Kissing Santa Claus (ver 3)",
      "type": "CRD",
      "url": "https://tabs.ultimate-guitar.com/tab/john-mellencamp/i-saw-mommy-kissing-santa-claus-chords-2526999",
      "file_path": null,
      "metadata": {}
    },
    "1345692": {
      "id": "1345692",
      "title": "I Saw Mommy Kissing Santa Claus",
      "type": "UKE",
      "url": "https://tabs.ultimate-guitar.com/tab/john-mellencamp/i-saw-mommy-kissing-santa-claus-ukulele-1345692",
      "file_path": null,
      "metadata": {}
    },
    "859154": {
      "id": "859154",
      "title": "Im Not Running Anymore",
      "type": "CRD",
      "url": "https://tabs.ultimate-guitar.com/tab/john-mellencamp/im-not-running-anymore-chords-859154",
      "file_path": null,
      "metadata": {}
    },
    "3322721": {
      "id": "3322721",
      "title": "In Our Lives",
      "type": "CRD",
      "url": "https://tabs.ultimate-guitar.com/tab/john-mellencamp/in-our-lives-chords-3322721",
      "file_path": null,
      "metadata": {}
    },
    "1669248": {
      "id": "1669248",
      "title": "It All Comes True",
      "type": "CRD",
      "url": "https://tabs.ultimate-guitar.com/tab/john-mellencamp/it-all-comes-true-chords-1669248",
      "file_path": null,
      "metadata": {}
    },
    "879170": {
      "id": "879170",
      "title": "Jack And Diane (ver 2)",
      "type": "CRD",
      "url": "https://tabs.ultimate-guitar.com/tab/john-mellencamp/jack-and-diane-chords-879170",
      "file_path": null,
      "metadata": {}
    },
    "1409628": {
      "id": "1409628",
      "title": "Jack And Diane (ver 3)",
      "type": "CRD",
      "url": "https://tabs.ultimate-guitar.com/tab/john-mellencamp/jack-and-diane-chords-1409628",
      "file_path": null,
      "metadata": {}
    },
    "1502463": {
      "id": "1502463",
      "title": "Jack And Diane (ver 4)",
      "type": "CRD",
      "url": "https://tabs.ultimate-guitar.com/tab/john-mellencamp/jack-and-diane-chords-1502463",
      "file_path": null,
      "metadata": {}
    },
    "1840614": {
      "id": "1840614",
      "title": "Jack And Diane (ver 5)",
      "type": "CRD",
      "url": "https://tabs.ultimate-guitar.com/tab/john-mellencamp/jack-and-diane-chords-1840614",
      "file_path": null,
      "metadata": {}
    },
    "3066416": {
      "id": "3066416",
      "title": "Jack And Diane  Intro",
      "type": "TAB",
      "url": "https://tabs.ultimate-guitar.com/tab/john-mellencamp/jack-and-diane-tabs-3066416",
      "file_path": null,
      "metadata": {}
    },
    "3453656": {
      "id": "3453656",
      "title": "Jack And Diane (ver 2) Intro",
      "type": "TAB",
      "url": "https://tabs.ultimate-guitar.com/tab/john-mellencamp/jack-and-diane-tabs-3453656",
      "file_path": null,
      "metadata": {}
    },
    "75950": {
      "id": "75950",
      "title": "Jack And Diane",
      "type": "TAB",
      "url": "https://tabs.ultimate-guitar.com/tab/john-mellencamp/jack-and-diane-tabs-75950",
      "file_path": null,
      "metadata": {}
    },
    "322410": {
      "id": "322410",
      "title": "Jack And Diane (ver 2)",
      "type": "TAB",
      "url": "https://tabs.ultimate-guitar.com/tab/john-mellencamp/jack-and-diane-tabs-322410",
      "file_path": null,
      "metadata": {}
    },
    "405732": {
      "id": "405732",
      "title": "Jack And Diane (ver 3)",
      "type": "TAB",
      "url": "https://tabs.ultimate-guitar.com/tab/john-mellencamp/jack-and-diane-tabs-405732",
      "file_path": null,
      "metadata": {}
    },
    "622290": {
      "id": "622290",
      "title": "Jack And Diane (ver 4)",
      "type": "TAB",
      "url": "https://tabs.ultimate-guitar.com/tab/john-mellencamp/jack-and-diane-tabs-622290",
      "file_path": null,
      "metadata": {}
    },
    "1718569": {
      "id": "1718569",
      "title": "Jack And Diane (ver 5)",
      "type": "TAB",
      "url": "https://tabs.ultimate-guitar.com/tab/john-mellencamp/jack-and-diane-tabs-1718569",
      "file_path": null,
      "metadata": {}
    },
    "1943219": {
      "id": "1943219",
      "title": "Jack And Diane (ver 6)",
      "type": "TAB",
      "url": "https://tabs.ultimate-guitar.com/tab/john-mellencamp/jack-and-diane-tabs-1943219",
      "file_path": null,
      "metadata": {}
    },
    "1991831": {
      "id": "1991831",
      "title": "Jack And Diane (ver 7)",
      "type": "TAB",
      "url": "https://tabs.ultimate-guitar.com/tab/john-mellencamp/jack-and-diane-tabs-1991831",
      "file_path": null,
      "metadata": {}
    },
    "650675": {
      "id": "650675",
      "title": "Jack And Diane",
      "type": "PRO",
      "url": "https://tabs.ultimate-guitar.com/tab/john-mellencamp/jack-and-diane-guitar-pro-650675",
      "file_path": null,
      "metadata": {}
    },
    "678151": {
      "id": "678151",
      "title": "Jack And Diane (ver 2)",
      "type": "PRO",
      "url": "https://tabs.ultimate-guitar.com/tab/john-mellencamp/jack-and-diane-guitar-pro-678151",
      "file_path": null,
      "metadata": {}
    },
    "1753261": {
      "id": "1753261",
      "title": "Jack And Diane (ver 3)",
      "type": "PRO",
      "url": "https://tabs.ultimate-guitar.com/tab/john-mellencamp/jack-and-diane-guitar-pro-1753261",
      "file_path": null,
      "metadata": {}
    },
    "3101453": {
      "id": "3101453",
      "title": "Jack And Diane (ver 4)",
      "type": "PRO",
      "url": "https://tabs.ultimate-guitar.com/tab/john-mellencamp/jack-and-diane-guitar-pro-3101453",
      "file_path": null,
      "metadata": {}
    },
    "304130": {
      "id": "304130",
      "title": "Jack And Diane",
      "type": "PWR",
      "url": "https://tabs.ultimate-guitar.com/tab/john-mellencamp/jack-and-diane-power-304130",
      "file_path": null,
      "metadata": {}
    },
    "1171640": {
      "id": "1171640",
      "title": "Jack And Diane (ver 2)",
      "type": "PWR",
      "url": "https://tabs.ultimate-guitar.com/tab/john-mellencamp/jack-and-diane-power-1171640",
      "file_path": null,
      "metadata": {}
    },
    "75951": {
      "id": "75951",
      "title": "Jack And Diane",
      "type": "BASS",
      "url": "https://tabs.ultimate-guitar.com/tab/john-mellencamp/jack-and-diane-bass-75951",
      "file_path": null,
      "metadata": {}
    },
    "852513": {
      "id": "852513",
      "title": "Jack And Diane (ver 2)",
      "type": "BASS",
      "url": "https://tabs.ultimate-guitar.com/tab/john-mellencamp/jack-and-diane-bass-852513",
      "file_path": null,
      "metadata": {}
    },
    "3617528": {
      "id": "3617528",
      "title": "Jack And Diane (ver 3)",
      "type": "BASS",
      "url": "https://tabs.ultimate-guitar.com/tab/john-mellencamp/jack-and-diane-bass-3617528",
      "file_path": null,
      "metadata": {}
    },
    "1035858": {
      "id": "1035858",
      "title": "Jack And Diane",
      "type": "VID",
      "url": "https://tabs.ultimate-guitar.com/tab/john-mellencamp/jack-and-diane-video-1035858",
      "file_path": null,
      "metadata": {}
    },
    "2329857": {
      "id": "2329857",
      "title": "Jack And Diane (ver 2)",
      "type": "VID",
      "url": "https://tabs.ultimate-guitar.com/tab/john-mellencamp/jack-and-diane-video-2329857",
      "file_path": null,
      "metadata": {}
    },
    "75958": {
      "id": "75958",
      "title": "Jackie Brown",
      "type": "CRD",
      "url": "https://tabs.ultimate-guitar.com/tab/john-mellencamp/jackie-brown-chords-75958",
      "file_path": null,
      "metadata": {}
    },
    "1481153": {
      "id": "1481153",
      "title": "Jackie Brown (ver 2)",
      "type": "CRD",
      "url": "https://tabs.ultimate-guitar.com/tab/john-mellencamp/jackie-brown-chords-1481153",
      "file_path": null,
      "metadata": {}
    },
    "2881490": {
      "id": "2881490",
      "title": "Jackie Brown",
      "type": "PWR",
      "url": "https://tabs.ultimate-guitar.com/tab/john-mellencamp/jackie-brown-power-2881490",
      "file_path": null,
      "metadata": {}
    },
    "2514876": {
      "id": "2514876",
      "title": "Jackie Brown",
      "type": "BASS",
      "url": "https://tabs.ultimate-guitar.com/tab/john-mellencamp/jackie-brown-bass-2514876",
      "file_path": null,
      "metadata": {}
    },
    "1744849": {
      "id": "1744849",
      "title": "Jackie O",
      "type": "CRD",
      "url": "https://tabs.ultimate-guitar.com/tab/john-mellencamp/jackie-o-chords-1744849",
      "file_path": null,
      "metadata": {}
    },
    "1204853": {
      "id": "1204853",
      "title": "Jena",
      "type": "CRD",
      "url": "https://tabs.ultimate-guitar.com/tab/john-mellencamp/jena-chords-1204853",
      "file_path": null,
      "metadata": {}
    },
    "1715270": {
      "id": "1715270",
      "title": "Jena (ver 2)",
      "type": "CRD",
      "url": "https://tabs.ultimate-guitar.com/tab/john-mellencamp/jena-chords-1715270",
      "file_path": null,
      "metadata": {}
    },
    "1385452": {
      "id": "1385452",
      "title": "Jena",
      "type": "UKE",
      "url": "https://tabs.ultimate-guitar.com/tab/john-mellencamp/jena-ukulele-1385452",
      "file_path": null,
      "metadata": {}
    },
    "3867218": {
      "id": "3867218",
      "title": "Jerry",
      "type": "CRD",
      "url": "https://tabs.ultimate-guitar.com/tab/john-mellencamp/jerry-chords-3867218",
      "file_path": null,
      "metadata": {}
    },
    "119552": {
      "id": "119552",
      "title": "Jerry",
      "type": "TAB",
      "url": "https://tabs.ultimate-guitar.com/tab/john-mellencamp/jerry-tabs-119552",
      "file_path": null,
      "metadata": {}
    },
    "1670873": {
      "id": "1670873",
      "title": "Jim Crow",
      "type": "CRD",
      "url": "https://tabs.ultimate-guitar.com/tab/john-mellencamp/jim-crow-chords-1670873",
      "file_path": null,
      "metadata": {}
    },
    "3781349": {
      "id": "3781349",
      "title": "Just Another Day",
      "type": "CRD",
      "url": "https://tabs.ultimate-guitar.com/tab/john-mellencamp/just-another-day-chords-3781349",
      "file_path": null,
      "metadata": {}
    },
    "490983": {
      "id": "490983",
      "title": "Just Another Day",
      "type": "TAB",
      "url": "https://tabs.ultimate-guitar.com/tab/john-mellencamp/just-another-day-tabs-490983",
      "file_path": null,
      "metadata": {}
    },
    "972590": {
      "id": "972590",
      "title": "Just Like You",
      "type": "CRD",
      "url": "https://tabs.ultimate-guitar.com/tab/john-mellencamp/just-like-you-chords-972590",
      "file_path": null,
      "metadata": {}
    },
    "1341552": {
      "id": "1341552",
      "title": "Just Like You",
      "type": "UKE",
      "url": "https://tabs.ultimate-guitar.com/tab/john-mellencamp/just-like-you-ukulele-1341552",
      "file_path": null,
      "metadata": {}
    },
    "1722147": {
      "id": "1722147",
      "title": "Justice And Independence",
      "type": "CRD",
      "url": "https://tabs.ultimate-guitar.com/tab/john-mellencamp/justice-and-independence-chords-1722147",
      "file_path": null,
      "metadata": {}
    },
    "75959": {
      "id": "75959",
      "title": "Key West Intermezzo I Saw You First",
      "type": "CRD",
      "url": "https://tabs.ultimate-guitar.com/tab/john-mellencamp/key-west-intermezzo-i-saw-you-first-chords-75959",
      "file_path": null,
      "metadata": {}
    },
    "5744270": {
      "id": "5744270",
      "title": "Key West Intermezzo I Saw You First (ver 2)",
      "type": "CRD",
      "url": "https://tabs.ultimate-guitar.com/tab/john-mellencamp/key-west-intermezzo-i-saw-you-first-chords-5744270",
      "file_path": null,
      "metadata": {}
    },
    "491004": {
      "id": "491004",
      "title": "Key West Intermezzo I Saw You First",
      "type": "TAB",
      "url": "https://tabs.ultimate-guitar.com/tab/john-mellencamp/key-west-intermezzo-i-saw-you-first-tabs-491004",
      "file_path": null,
      "metadata": {}
    },
    "983066": {
      "id": "983066",
      "title": "Key West Intermezzo I Saw You First",
      "type": "PWR",
      "url": "https://tabs.ultimate-guitar.com/tab/john-mellencamp/key-west-intermezzo-i-saw-you-first-power-983066",
      "file_path": null,
      "metadata": {}
    },
    "7125": {
      "id": "7125",
      "title": "Key West Intermezzo I Saw You First",
      "type": "BASS",
      "url": "https://tabs.ultimate-guitar.com/tab/john-mellencamp/key-west-intermezzo-i-saw-you-first-bass-7125",
      "file_path": null,
      "metadata": {}
    },
    "3906641": {
      "id": "3906641",
      "title": "Like A Rolling Stone",
      "type": "CRD",
      "url": "https://tabs.ultimate-guitar.com/tab/john-mellencamp/like-a-rolling-stone-chords-3906641",
      "file_path": null,
      "metadata": {}
    },
    "75964": {
      "id": "75964",
      "title": "Lonely Ol Night",
      "type": "CRD",
      "url": "https://tabs.ultimate-guitar.com/tab/john-mellencamp/lonely-ol-night-chords-75964",
      "file_path": null,
      "metadata": {}
    },
    "544586": {
      "id": "544586",
      "title": "Lonely Ol Night (ver 2)",
      "type": "CRD",
      "url": "https://tabs.ultimate-guitar.com/tab/john-mellencamp/lonely-ol-night-chords-544586",
      "file_path": null,
      "metadata": {}
    },
    "2533407": {
      "id": "2533407",
      "title": "Lonely Ol Night (ver 3)",
      "type": "CRD",
      "url": "https://tabs.ultimate-guitar.com/tab/john-mellencamp/lonely-ol-night-chords-2533407",
      "file_path": null,
      "metadata": {}
    },
    "2324893": {
      "id": "2324893",
      "title": "Lonely Ol Night",
      "type": "PRO",
      "url": "https://tabs.ultimate-guitar.com/tab/john-mellencamp/lonely-ol-night-guitar-pro-2324893",
      "file_path": null,
      "metadata": {}
    },
    "7126": {
      "id": "7126",
      "title": "Lonely Ol Night",
      "type": "BASS",
      "url": "https://tabs.ultimate-guitar.com/tab/john-mellencamp/lonely-ol-night-bass-7126",
      "file_path": null,
      "metadata": {}
    },
    "2226915": {
      "id": "2226915",
      "title": "Lonely Ol Night (ver 2)",
      "type": "BASS",
      "url": "https://tabs.ultimate-guitar.com/tab/john-mellencamp/lonely-ol-night-bass-2226915",
      "file_path": null,
      "metadata": {}
    },
    "1297463": {
      "id": "1297463",
      "title": "Lonely Ol Night",
      "type": "UKE",
      "url": "https://tabs.ultimate-guitar.com/tab/john-mellencamp/lonely-ol-night-ukulele-1297463",
      "file_path": null,
      "metadata": {}
    },
    "737033": {
      "id": "737033",
      "title": "Longest Days",
      "type": "CRD",
      "url": "https://tabs.ultimate-guitar.com/tab/john-mellencamp/longest-days-chords-737033",
      "file_path": null,
      "metadata": {}
    },
    "738999": {
      "id": "738999",
      "title": "Longest Days (ver 2)",
      "type": "CRD",
      "url": "https://tabs.ultimate-guitar.com/tab/john-mellencamp/longest-days-chords-738999",
      "file_path": null,
      "metadata": {}
    },
    "1447043": {
      "id": "1447043",
      "title": "Longest Days (ver 3)",
      "type": "CRD",
      "url": "https://tabs.ultimate-guitar.com/tab/john-mellencamp/longest-days-chords-1447043",
      "file_path": null,
      "metadata": {}
    },
    "1668711": {
      "id": "1668711",
      "title": "Longest Days (ver 4)",
      "type": "CRD",
      "url": "https://tabs.ultimate-guitar.com/tab/john-mellencamp/longest-days-chords-1668711",
      "file_path": null,
      "metadata": {}
    },
    "1314526": {
      "id": "1314526",
      "title": "Longest Days",
      "type": "UKE",
      "url": "https://tabs.ultimate-guitar.com/tab/john-mellencamp/longest-days-ukulele-1314526",
      "file_path": null,
      "metadata": {}
    },
    "1313849": {
      "id": "1313849",
      "title": "Longest Days (ver 2)",
      "type": "UKE",
      "url": "https://tabs.ultimate-guitar.com/tab/john-mellencamp/longest-days-ukulele-1313849",
      "file_path": null,
      "metadata": {}
    },
    "1722502": {
      "id": "1722502",
      "title": "Love And Happiness",
      "type": "CRD",
      "url": "https://tabs.ultimate-guitar.com/tab/john-mellencamp/love-and-happiness-chords-1722502",
      "file_path": null,
      "metadata": {}
    },
    "4878455": {
      "id": "4878455",
      "title": "Love At First Sight",
      "type": "CRD",
      "url": "https://tabs.ultimate-guitar.com/tab/john-mellencamp/love-at-first-sight-chords-4878455",
      "file_path": null,
      "metadata": {}
    },
    "1854665": {
      "id": "1854665",
      "title": "Lovin Mother Fo Ya",
      "type": "CRD",
      "url": "https://tabs.ultimate-guitar.com/tab/john-mellencamp/lovin-mother-fo-ya-chords-1854665",
      "file_path": null,
      "metadata": {}
    },
    "5429025": {
      "id": "5429025",
      "title": "Mansions In Heaven",
      "type": "CRD",
      "url": "https://tabs.ultimate-guitar.com/tab/john-mellencamp/mansions-in-heaven-chords-5429025",
      "file_path": null,
      "metadata": {}
    },
    "1908914": {
      "id": "1908914",
      "title": "Martha Say",
      "type": "CRD",
      "url": "https://tabs.ultimate-guitar.com/tab/john-mellencamp/martha-say-chords-1908914",
      "file_path": null,
      "metadata": {}
    },
    "5588364": {
      "id": "5588364",
      "title": "Miami",
      "type": "CRD",
      "url": "https://tabs.ultimate-guitar.com/tab/john-mellencamp/miami-chords-5588364",
      "file_path": null,
      "metadata": {}
    },
    "75961": {
      "id": "75961",
      "title": "Minutes To Memories",
      "type": "CRD",
      "url": "https://tabs.ultimate-guitar.com/tab/john-mellencamp/minutes-to-memories-chords-75961",
      "file_path": null,
      "metadata": {}
    },
    "908668": {
      "id": "908668",
      "title": "Minutes To Memories (ver 2)",
      "type": "CRD",
      "url": "https://tabs.ultimate-guitar.com/tab/john-mellencamp/minutes-to-memories-chords-908668",
      "file_path": null,
      "metadata": {}
    },
    "3355325": {
      "id": "3355325",
      "title": "Minutes To Memories",
      "type": "CRD",
      "url": "https://tabs.ultimate-guitar.com/tab/john-mellencamp/minutes-to-memories-chords-3355325",
      "file_path": null,
      "metadata": {}
    },
    "1265016": {
      "id": "1265016",
      "title": "Minutes To Memories",
      "type": "UKE",
      "url": "https://tabs.ultimate-guitar.com/tab/john-mellencamp/minutes-to-memories-ukulele-1265016",
      "file_path": null,
      "metadata": {}
    },
    "2666955": {
      "id": "2666955",
      "title": "My Souls Got Wings",
      "type": "CRD",
      "url": "https://tabs.ultimate-guitar.com/tab/john-mellencamp/my-souls-got-wings-chords-2666955",
      "file_path": null,
      "metadata": {}
    },
    "1670874": {
      "id": "1670874",
      "title": "My Sweet Love",
      "type": "CRD",
      "url": "https://tabs.ultimate-guitar.com/tab/john-mellencamp/my-sweet-love-chords-1670874",
      "file_path": null,
      "metadata": {}
    },
    "1174079": {
      "id": "1174079",
      "title": "No Better Than This",
      "type": "CRD",
      "url": "https://tabs.ultimate-guitar.com/tab/john-mellencamp/no-better-than-this-chords-1174079",
      "file_path": null,
      "metadata": {}
    },
    "1379071": {
      "id": "1379071",
      "title": "No Better Than This",
      "type": "UKE",
      "url": "https://tabs.ultimate-guitar.com/tab/john-mellencamp/no-better-than-this-ukulele-1379071",
      "file_path": null,
      "metadata": {}
    },
    "1174073": {
      "id": "1174073",
      "title": "Nobody Cares About Me",
      "type": "CRD",
      "url": "https://tabs.ultimate-guitar.com/tab/john-mellencamp/nobody-cares-about-me-chords-1174073",
      "file_path": null,
      "metadata": {}
    },
    "1379069": {
      "id": "1379069",
      "title": "Nobody Cares About Me",
      "type": "UKE",
      "url": "https://tabs.ultimate-guitar.com/tab/john-mellencamp/nobody-cares-about-me-ukulele-1379069",
      "file_path": null,
      "metadata": {}
    },
    "3039675": {
      "id": "3039675",
      "title": "Now More Than Ever",
      "type": "CRD",
      "url": "https://tabs.ultimate-guitar.com/tab/john-mellencamp/now-more-than-ever-chords-3039675",
      "file_path": null,
      "metadata": {}
    },
    "502108": {
      "id": "502108",
      "title": "Our Country",
      "type": "CRD",
      "url": "https://tabs.ultimate-guitar.com/tab/john-mellencamp/our-country-chords-502108",
      "file_path": null,
      "metadata": {}
    },
    "3692033": {
      "id": "3692033",
      "title": "Our Country",
      "type": "PRO",
      "url": "https://tabs.ultimate-guitar.com/tab/john-mellencamp/our-country-guitar-pro-3692033",
      "file_path": null,
      "metadata": {}
    },
    "1293862": {
      "id": "1293862",
      "title": "Our Country",
      "type": "UKE",
      "url": "https://tabs.ultimate-guitar.com/tab/john-mellencamp/our-country-ukulele-1293862",
      "file_path": null,
      "metadata": {}
    },
    "75962": {
      "id": "75962",
      "title": "Paper In Fire",
      "type": "CRD",
      "url": "https://tabs.ultimate-guitar.com/tab/john-mellencamp/paper-in-fire-chords-75962",
      "file_path": null,
      "metadata": {}
    },
    "1449486": {
      "id": "1449486",
      "title": "Paper In Fire",
      "type": "PWR",
      "url": "https://tabs.ultimate-guitar.com/tab/john-mellencamp/paper-in-fire-power-1449486",
      "file_path": null,
      "metadata": {}
    },
    "7127": {
      "id": "7127",
      "title": "Paper In Fire",
      "type": "BASS",
      "url": "https://tabs.ultimate-guitar.com/tab/john-mellencamp/paper-in-fire-bass-7127",
      "file_path": null,
      "metadata": {}
    },
    "1265017": {
      "id": "1265017",
      "title": "Paper In Fire",
      "type": "UKE",
      "url": "https://tabs.ultimate-guitar.com/tab/john-mellencamp/paper-in-fire-ukulele-1265017",
      "file_path": null,
      "metadata": {}
    },
    "75969": {
      "id": "75969",
      "title": "Peaceful World",
      "type": "CRD",
      "url": "https://tabs.ultimate-guitar.com/tab/john-mellencamp/peaceful-world-chords-75969",
      "file_path": null,
      "metadata": {}
    },
    "650595": {
      "id": "650595",
      "title": "Pink Houses (ver 2)",
      "type": "CRD",
      "url": "https://tabs.ultimate-guitar.com/tab/john-mellencamp/pink-houses-chords-650595",
      "file_path": null,
      "metadata": {}
    },
    "691743": {
      "id": "691743",
      "title": "Pink Houses (ver 3)",
      "type": "CRD",
      "url": "https://tabs.ultimate-guitar.com/tab/john-mellencamp/pink-houses-chords-691743",
      "file_path": null,
      "metadata": {}
    },
    "770280": {
      "id": "770280",
      "title": "Pink Houses (ver 4)",
      "type": "CRD",
      "url": "https://tabs.ultimate-guitar.com/tab/john-mellencamp/pink-houses-chords-770280",
      "file_path": null,
      "metadata": {}
    },
    "967106": {
      "id": "967106",
      "title": "Pink Houses (ver 5)",
      "type": "CRD",
      "url": "https://tabs.ultimate-guitar.com/tab/john-mellencamp/pink-houses-chords-967106",
      "file_path": null,
      "metadata": {}
    },
    "1051347": {
      "id": "1051347",
      "title": "Pink Houses (ver 6)",
      "type": "CRD",
      "url": "https://tabs.ultimate-guitar.com/tab/john-mellencamp/pink-houses-chords-1051347",
      "file_path": null,
      "metadata": {}
    },
    "1192247": {
      "id": "1192247",
      "title": "Pink Houses (ver 7)",
      "type": "CRD",
      "url": "https://tabs.ultimate-guitar.com/tab/john-mellencamp/pink-houses-chords-1192247",
      "file_path": null,
      "metadata": {}
    },
    "1947213": {
      "id": "1947213",
      "title": "Pink Houses (ver 8)",
      "type": "CRD",
      "url": "https://tabs.ultimate-guitar.com/tab/john-mellencamp/pink-houses-chords-1947213",
      "file_path": null,
      "metadata": {}
    },
    "2705706": {
      "id": "2705706",
      "title": "Pink Houses (ver 9)",
      "type": "CRD",
      "url": "https://tabs.ultimate-guitar.com/tab/john-mellencamp/pink-houses-chords-2705706",
      "file_path": null,
      "metadata": {}
    },
    "981900": {
      "id": "981900",
      "title": "Pink Houses",
      "type": "PRO",
      "url": "https://tabs.ultimate-guitar.com/tab/john-mellencamp/pink-houses-guitar-pro-981900",
      "file_path": null,
      "metadata": {}
    },
    "3099704": {
      "id": "3099704",
      "title": "Pink Houses (ver 2)",
      "type": "PRO",
      "url": "https://tabs.ultimate-guitar.com/tab/john-mellencamp/pink-houses-guitar-pro-3099704",
      "file_path": null,
      "metadata": {}
    },
    "304131": {
      "id": "304131",
      "title": "Pink Houses",
      "type": "PWR",
      "url": "https://tabs.ultimate-guitar.com/tab/john-mellencamp/pink-houses-power-304131",
      "file_path": null,
      "metadata": {}
    },
    "2366793": {
      "id": "2366793",
      "title": "Pink Houses",
      "type": "BASS",
      "url": "https://tabs.ultimate-guitar.com/tab/john-mellencamp/pink-houses-bass-2366793",
      "file_path": null,
      "metadata": {}
    },
    "1354981": {
      "id": "1354981",
      "title": "Pink Houses",
      "type": "UKE",
      "url": "https://tabs.ultimate-guitar.com/tab/john-mellencamp/pink-houses-ukulele-1354981",
      "file_path": null,
      "metadata": {}
    },
    "2904515": {
      "id": "2904515",
      "title": "Play Guitar",
      "type": "CRD",
      "url": "https://tabs.ultimate-guitar.com/tab/john-mellencamp/play-guitar-chords-2904515",
      "file_path": null,
      "metadata": {}
    },
    "3714962": {
      "id": "3714962",
      "title": "Play Guitar",
      "type": "TAB",
      "url": "https://tabs.ultimate-guitar.com/tab/john-mellencamp/play-guitar-tabs-3714962",
      "file_path": null,
      "metadata": {}
    },
    "972303": {
      "id": "972303",
      "title": "Play Guitar",
      "type": "PWR",
      "url": "https://tabs.ultimate-guitar.com/tab/john-mellencamp/play-guitar-power-972303",
      "file_path": null,
      "metadata": {}
    },
    "1311021": {
      "id": "1311021",
      "title": "Play Guitar",
      "type": "UKE",
      "url": "https://tabs.ultimate-guitar.com/tab/john-mellencamp/play-guitar-ukulele-1311021",
      "file_path": null,
      "metadata": {}
    },
    "2892014": {
      "id": "2892014",
      "title": "Pop Singer",
      "type": "CRD",
      "url": "https://tabs.ultimate-guitar.com/tab/john-mellencamp/pop-singer-chords-2892014",
      "file_path": null,
      "metadata": {}
    },
    "3833585": {
      "id": "3833585",
      "title": "Pop Singer",
      "type": "PWR",
      "url": "https://tabs.ultimate-guitar.com/tab/john-mellencamp/pop-singer-power-3833585",
      "file_path": null,
      "metadata": {}
    },
    "3833582": {
      "id": "3833582",
      "title": "Pop Singer",
      "type": "BASS",
      "url": "https://tabs.ultimate-guitar.com/tab/john-mellencamp/pop-singer-bass-3833582",
      "file_path": null,
      "metadata": {}
    },
    "4636421": {
      "id": "4636421",
      "title": "Pray For Me",
      "type": "CRD",
      "url": "https://tabs.ultimate-guitar.com/tab/john-mellencamp/pray-for-me-chords-4636421",
      "file_path": null,
      "metadata": {}
    },
    "140724": {
      "id": "140724",
      "title": "Rain On The Scarecrow (ver 2)",
      "type": "CRD",
      "url": "https://tabs.ultimate-guitar.com/tab/john-mellencamp/rain-on-the-scarecrow-chords-140724",
      "file_path": null,
      "metadata": {}
    },
    "987948": {
      "id": "987948",
      "title": "Rain On The Scarecrow",
      "type": "PRO",
      "url": "https://tabs.ultimate-guitar.com/tab/john-mellencamp/rain-on-the-scarecrow-guitar-pro-987948",
      "file_path": null,
      "metadata": {}
    },
    "686652": {
      "id": "686652",
      "title": "Rain On The Scarecrow",
      "type": "PWR",
      "url": "https://tabs.ultimate-guitar.com/tab/john-mellencamp/rain-on-the-scarecrow-power-686652",
      "file_path": null,
      "metadata": {}
    },
    "1407969": {
      "id": "1407969",
      "title": "Rain On The Scarecrow",
      "type": "BASS",
      "url": "https://tabs.ultimate-guitar.com/tab/john-mellencamp/rain-on-the-scarecrow-bass-1407969",
      "file_path": null,
      "metadata": {}
    },
    "1265018": {
      "id": "1265018",
      "title": "Rain On The Scarecrow",
      "type": "UKE",
      "url": "https://tabs.ultimate-guitar.com/tab/john-mellencamp/rain-on-the-scarecrow-ukulele-1265018",
      "file_path": null,
      "metadata": {}
    },
    "5751956": {
      "id": "5751956",
      "title": "Rave On",
      "type": "CRD",
      "url": "https://tabs.ultimate-guitar.com/tab/john-mellencamp/rave-on-chords-5751956",
      "file_path": null,
      "metadata": {}
    },
    "947831": {
      "id": "947831",
      "title": "Rock In The Usa",
      "type": "TAB",
      "url": "https://tabs.ultimate-guitar.com/tab/john-mellencamp/rock-in-the-usa-tabs-947831",
      "file_path": null,
      "metadata": {}
    },
    "390114": {
      "id": "390114",
      "title": "Rock In The Usa",
      "type": "PRO",
      "url": "https://tabs.ultimate-guitar.com/tab/john-mellencamp/rock-in-the-usa-guitar-pro-390114",
      "file_path": null,
      "metadata": {}
    },
    "304132": {
      "id": "304132",
      "title": "Rock In The Usa",
      "type": "PWR",
      "url": "https://tabs.ultimate-guitar.com/tab/john-mellencamp/rock-in-the-usa-power-304132",
      "file_path": null,
      "metadata": {}
    },
    "7128": {
      "id": "7128",
      "title": "Rock In The Usa",
      "type": "BASS",
      "url": "https://tabs.ultimate-guitar.com/tab/john-mellencamp/rock-in-the-usa-bass-7128",
      "file_path": null,
      "metadata": {}
    },
    "797924": {
      "id": "797924",
      "title": "Rock In The Usa (ver 2)",
      "type": "BASS",
      "url": "https://tabs.ultimate-guitar.com/tab/john-mellencamp/rock-in-the-usa-bass-797924",
      "file_path": null,
      "metadata": {}
    },
    "2472500": {
      "id": "2472500",
      "title": "Rock In The Usa (ver 3)",
      "type": "BASS",
      "url": "https://tabs.ultimate-guitar.com/tab/john-mellencamp/rock-in-the-usa-bass-2472500",
      "file_path": null,
      "metadata": {}
    },
    "990146": {
      "id": "990146",
      "title": "Rock In The Usa",
      "type": "VID",
      "url": "https://tabs.ultimate-guitar.com/tab/john-mellencamp/rock-in-the-usa-video-990146",
      "file_path": null,
      "metadata": {}
    },
    "1265009": {
      "id": "1265009",
      "title": "Rock In The Usa",
      "type": "UKE",
      "url": "https://tabs.ultimate-guitar.com/tab/john-mellencamp/rock-in-the-usa-ukulele-1265009",
      "file_path": null,
      "metadata": {}
    },
    "2909582": {
      "id": "2909582",
      "title": "Rooty Toot Toot",
      "type": "CRD",
      "url": "https://tabs.ultimate-guitar.com/tab/john-mellencamp/rooty-toot-toot-chords-2909582",
      "file_path": null,
      "metadata": {}
    },
    "3439280": {
      "id": "3439280",
      "title": "Rumbleseat",
      "type": "CRD",
      "url": "https://tabs.ultimate-guitar.com/tab/john-mellencamp/rumbleseat-chords-3439280",
      "file_path": null,
      "metadata": {}
    },
    "348947": {
      "id": "348947",
      "title": "Rumbleseat",
      "type": "TAB",
      "url": "https://tabs.ultimate-guitar.com/tab/john-mellencamp/rumbleseat-tabs-348947",
      "file_path": null,
      "metadata": {}
    },
    "1143186": {
      "id": "1143186",
      "title": "Rumbleseat (ver 2)",
      "type": "TAB",
      "url": "https://tabs.ultimate-guitar.com/tab/john-mellencamp/rumbleseat-tabs-1143186",
      "file_path": null,
      "metadata": {}
    },
    "145495": {
      "id": "145495",
      "title": "Same Way I Do",
      "type": "CRD",
      "url": "https://tabs.ultimate-guitar.com/tab/john-mellencamp/same-way-i-do-chords-145495",
      "file_path": null,
      "metadata": {}
    },
    "1273914": {
      "id": "1273914",
      "title": "Same Way I Do",
      "type": "UKE",
      "url": "https://tabs.ultimate-guitar.com/tab/john-mellencamp/same-way-i-do-ukulele-1273914",
      "file_path": null,
      "metadata": {}
    },
    "985403": {
      "id": "985403",
      "title": "Save Some Time To Dream",
      "type": "CRD",
      "url": "https://tabs.ultimate-guitar.com/tab/john-mellencamp/save-some-time-to-dream-chords-985403",
      "file_path": null,
      "metadata": {}
    },
    "996597": {
      "id": "996597",
      "title": "Save Some Time To Dream (ver 2)",
      "type": "CRD",
      "url": "https://tabs.ultimate-guitar.com/tab/john-mellencamp/save-some-time-to-dream-chords-996597",
      "file_path": null,
      "metadata": {}
    },
    "1174084": {
      "id": "1174084",
      "title": "Save Some Time To Dream (ver 3)",
      "type": "CRD",
      "url": "https://tabs.ultimate-guitar.com/tab/john-mellencamp/save-some-time-to-dream-chords-1174084",
      "file_path": null,
      "metadata": {}
    },
    "1345141": {
      "id": "1345141",
      "title": "Save Some Time To Dream",
      "type": "UKE",
      "url": "https://tabs.ultimate-guitar.com/tab/john-mellencamp/save-some-time-to-dream-ukulele-1345141",
      "file_path": null,
      "metadata": {}
    },
    "1723537": {
      "id": "1723537",
      "title": "Serious Business",
      "type": "CRD",
      "url": "https://tabs.ultimate-guitar.com/tab/john-mellencamp/serious-business-chords-1723537",
      "file_path": null,
      "metadata": {}
    },
    "4416686": {
      "id": "4416686",
      "title": "Shama Lama Ding Dong",
      "type": "CRD",
      "url": "https://tabs.ultimate-guitar.com/tab/john-mellencamp/shama-lama-ding-dong-chords-4416686",
      "file_path": null,
      "metadata": {}
    },
    "4041217": {
      "id": "4041217",
      "title": "Simply A One-Eyed Jack",
      "type": "CRD",
      "url": "https://tabs.ultimate-guitar.com/tab/john-mellencamp/simply-a-one-eyed-jack-chords-4041217",
      "file_path": null,
      "metadata": {}
    },
    "2554173": {
      "id": "2554173",
      "title": "Small Paradise",
      "type": "CRD",
      "url": "https://tabs.ultimate-guitar.com/tab/john-mellencamp/small-paradise-chords-2554173",
      "file_path": null,
      "metadata": {}
    },
    "466263": {
      "id": "466263",
      "title": "Small Town",
      "type": "CRD",
      "url": "https://tabs.ultimate-guitar.com/tab/john-mellencamp/small-town-chords-466263",
      "file_path": null,
      "metadata": {}
    },
    "603909": {
      "id": "603909",
      "title": "Small Town (ver 2)",
      "type": "CRD",
      "url": "https://tabs.ultimate-guitar.com/tab/john-mellencamp/small-town-chords-603909",
      "file_path": null,
      "metadata": {}
    },
    "1088509": {
      "id": "1088509",
      "title": "Small Town (ver 3)",
      "type": "CRD",
      "url": "https://tabs.ultimate-guitar.com/tab/john-mellencamp/small-town-chords-1088509",
      "file_path": null,
      "metadata": {}
    },
    "1696590": {
      "id": "1696590",
      "title": "Small Town (ver 4)",
      "type": "CRD",
      "url": "https://tabs.ultimate-guitar.com/tab/john-mellencamp/small-town-chords-1696590",
      "file_path": null,
      "metadata": {}
    },
    "1698405": {
      "id": "1698405",
      "title": "Small Town (ver 5)",
      "type": "CRD",
      "url": "https://tabs.ultimate-guitar.com/tab/john-mellencamp/small-town-chords-1698405",
      "file_path": null,
      "metadata": {}
    },
    "4378391": {
      "id": "4378391",
      "title": "Small Town",
      "type": "CRD",
      "url": "https://tabs.ultimate-guitar.com/tab/john-mellencamp/small-town-chords-4378391",
      "file_path": null,
      "metadata": {}
    },
    "1974601": {
      "id": "1974601",
      "title": "Small Town  Intro",
      "type": "TAB",
      "url": "https://tabs.ultimate-guitar.com/tab/john-mellencamp/small-town-tabs-1974601",
      "file_path": null,
      "metadata": {}
    },
    "146826": {
      "id": "146826",
      "title": "Small Town",
      "type": "TAB",
      "url": "https://tabs.ultimate-guitar.com/tab/john-mellencamp/small-town-tabs-146826",
      "file_path": null,
      "metadata": {}
    },
    "558683": {
      "id": "558683",
      "title": "Small Town",
      "type": "TAB",
      "url": "https://tabs.ultimate-guitar.com/tab/john-mellencamp/small-town-tabs-558683",
      "file_path": null,
      "metadata": {}
    },
    "2818577": {
      "id": "2818577",
      "title": "Small Town",
      "type": "PRO",
      "url": "https://tabs.ultimate-guitar.com/tab/john-mellencamp/small-town-guitar-pro-2818577",
      "file_path": null,
      "metadata": {}
    },
    "981923": {
      "id": "981923",
      "title": "Small Town",
      "type": "PWR",
      "url": "https://tabs.ultimate-guitar.com/tab/john-mellencamp/small-town-power-981923",
      "file_path": null,
      "metadata": {}
    },
    "614776": {
      "id": "614776",
      "title": "Small Town",
      "type": "BASS",
      "url": "https://tabs.ultimate-guitar.com/tab/john-mellencamp/small-town-bass-614776",
      "file_path": null,
      "metadata": {}
    },
    "1300857": {
      "id": "1300857",
      "title": "Small Town",
      "type": "UKE",
      "url": "https://tabs.ultimate-guitar.com/tab/john-mellencamp/small-town-ukulele-1300857",
      "file_path": null,
      "metadata": {}
    },
    "2180253": {
      "id": "2180253",
      "title": "Small Town (ver 2)",
      "type": "UKE",
      "url": "https://tabs.ultimate-guitar.com/tab/john-mellencamp/small-town-ukulele-2180253",
      "file_path": null,
      "metadata": {}
    },
    "2180255": {
      "id": "2180255",
      "title": "Small Town (ver 3)",
      "type": "UKE",
      "url": "https://tabs.ultimate-guitar.com/tab/john-mellencamp/small-town-ukulele-2180255",
      "file_path": null,
      "metadata": {}
    },
    "4413788": {
      "id": "4413788",
      "title": "Smart Guys",
      "type": "CRD",
      "url": "https://tabs.ultimate-guitar.com/tab/john-mellencamp/smart-guys-chords-4413788",
      "file_path": null,
      "metadata": {}
    },
    "1725340": {
      "id": "1725340",
      "title": "Someday",
      "type": "CRD",
      "url": "https://tabs.ultimate-guitar.com/tab/john-mellencamp/someday-chords-1725340",
      "file_path": null,
      "metadata": {}
    },
    "1794085": {
      "id": "1794085",
      "title": "Someday The Rains Will Fall",
      "type": "CRD",
      "url": "https://tabs.ultimate-guitar.com/tab/john-mellencamp/someday-the-rains-will-fall-chords-1794085",
      "file_path": null,
      "metadata": {}
    },
    "5477298": {
      "id": "5477298",
      "title": "Sometimes A Great Notion",
      "type": "CRD",
      "url": "https://tabs.ultimate-guitar.com/tab/john-mellencamp/sometimes-a-great-notion-chords-5477298",
      "file_path": null,
      "metadata": {}
    },
    "1668650": {
      "id": "1668650",
      "title": "Sometimes Theres God",
      "type": "CRD",
      "url": "https://tabs.ultimate-guitar.com/tab/john-mellencamp/sometimes-theres-god-chords-1668650",
      "file_path": null,
      "metadata": {}
    },
    "4038829": {
      "id": "4038829",
      "title": "Streets Of Galilee",
      "type": "CRD",
      "url": "https://tabs.ultimate-guitar.com/tab/john-mellencamp/streets-of-galilee-chords-4038829",
      "file_path": null,
      "metadata": {}
    },
    "1642207": {
      "id": "1642207",
      "title": "Sugar Marie",
      "type": "CRD",
      "url": "https://tabs.ultimate-guitar.com/tab/john-mellencamp/sugar-marie-chords-1642207",
      "file_path": null,
      "metadata": {}
    },
    "4296035": {
      "id": "4296035",
      "title": "Suzanne And The Jewels",
      "type": "CRD",
      "url": "https://tabs.ultimate-guitar.com/tab/john-mellencamp/suzanne-and-the-jewels-chords-4296035",
      "file_path": null,
      "metadata": {}
    },
    "3771335": {
      "id": "3771335",
      "title": "Sweet Evening Breeze",
      "type": "CRD",
      "url": "https://tabs.ultimate-guitar.com/tab/john-mellencamp/sweet-evening-breeze-chords-3771335",
      "file_path": null,
      "metadata": {}
    },
    "75967": {
      "id": "75967",
      "title": "Sweet Evening Breeze",
      "type": "TAB",
      "url": "https://tabs.ultimate-guitar.com/tab/john-mellencamp/sweet-evening-breeze-tabs-75967",
      "file_path": null,
      "metadata": {}
    },
    "4041190": {
      "id": "4041190",
      "title": "Sweet Honey Brown",
      "type": "CRD",
      "url": "https://tabs.ultimate-guitar.com/tab/john-mellencamp/sweet-honey-brown-chords-4041190",
      "file_path": null,
      "metadata": {}
    },
    "1458345": {
      "id": "1458345",
      "title": "Sweet Suzanne",
      "type": "CRD",
      "url": "https://tabs.ultimate-guitar.com/tab/john-mellencamp/sweet-suzanne-chords-1458345",
      "file_path": null,
      "metadata": {}
    },
    "4357352": {
      "id": "4357352",
      "title": "Take Home Pay",
      "type": "CRD",
      "url": "https://tabs.ultimate-guitar.com/tab/john-mellencamp/take-home-pay-chords-4357352",
      "file_path": null,
      "metadata": {}
    },
    "4299383": {
      "id": "4299383",
      "title": "Taxi Dancer",
      "type": "CRD",
      "url": "https://tabs.ultimate-guitar.com/tab/john-mellencamp/taxi-dancer-chords-4299383",
      "file_path": null,
      "metadata": {}
    },
    "52981": {
      "id": "52981",
      "title": "Teardrops Will Fall",
      "type": "CRD",
      "url": "https://tabs.ultimate-guitar.com/tab/john-mellencamp/teardrops-will-fall-chords-52981",
      "file_path": null,
      "metadata": {}
    },
    "53457": {
      "id": "53457",
      "title": "Teardrops Will Fall (ver 2)",
      "type": "CRD",
      "url": "https://tabs.ultimate-guitar.com/tab/john-mellencamp/teardrops-will-fall-chords-53457",
      "file_path": null,
      "metadata": {}
    },
    "1256379": {
      "id": "1256379",
      "title": "Teardrops Will Fall",
      "type": "UKE",
      "url": "https://tabs.ultimate-guitar.com/tab/john-mellencamp/teardrops-will-fall-ukulele-1256379",
      "file_path": null,
      "metadata": {}
    },
    "2686584": {
      "id": "2686584",
      "title": "Tears In Vain",
      "type": "CRD",
      "url": "https://tabs.ultimate-guitar.com/tab/john-mellencamp/tears-in-vain-chords-2686584",
      "file_path": null,
      "metadata": {}
    },
    "147746": {
      "id": "147746",
      "title": "Thank You",
      "type": "CRD",
      "url": "https://tabs.ultimate-guitar.com/tab/john-mellencamp/thank-you-chords-147746",
      "file_path": null,
      "metadata": {}
    },
    "1274102": {
      "id": "1274102",
      "title": "Thank You",
      "type": "UKE",
      "url": "https://tabs.ultimate-guitar.com/tab/john-mellencamp/thank-you-ukulele-1274102",
      "file_path": null,
      "metadata": {}
    },
    "832626": {
      "id": "832626",
      "title": "The Americans",
      "type": "CRD",
      "url": "https://tabs.ultimate-guitar.com/tab/john-mellencamp/the-americans-chords-832626",
      "file_path": null,
      "metadata": {}
    },
    "1319207": {
      "id": "1319207",
      "title": "The Americans",
      "type": "UKE",
      "url": "https://tabs.ultimate-guitar.com/tab/john-mellencamp/the-americans-ukulele-1319207",
      "file_path": null,
      "metadata": {}
    },
    "3578810": {
      "id": "3578810",
      "title": "The Big Jack",
      "type": "CRD",
      "url": "https://tabs.ultimate-guitar.com/tab/john-mellencamp/the-big-jack-chords-3578810",
      "file_path": null,
      "metadata": {}
    },
    "5291127": {
      "id": "5291127",
      "title": "The End Of The World",
      "type": "CRD",
      "url": "https://tabs.ultimate-guitar.com/tab/john-mellencamp/the-end-of-the-world-chords-5291127",
      "file_path": null,
      "metadata": {}
    },
    "4770890": {
      "id": "4770890",
      "title": "The Eyes Of Portland",
      "type": "CRD",
      "url": "https://tabs.ultimate-guitar.com/tab/john-mellencamp/the-eyes-of-portland-chords-4770890",
      "file_path": null,
      "metadata": {}
    },
    "2664387": {
      "id": "2664387",
      "title": "The Face Of The Nation",
      "type": "CRD",
      "url": "https://tabs.ultimate-guitar.com/tab/john-mellencamp/the-face-of-the-nation-chords-2664387",
      "file_path": null,
      "metadata": {}
    },
    "3682130": {
      "id": "3682130",
      "title": "The Great Midwest",
      "type": "CRD",
      "url": "https://tabs.ultimate-guitar.com/tab/john-mellencamp/the-great-midwest-chords-3682130",
      "file_path": null,
      "metadata": {}
    },
    "5522262": {
      "id": "5522262",
      "title": "The Kind Of Fella I Am",
      "type": "CRD",
      "url": "https://tabs.ultimate-guitar.com/tab/john-mellencamp/the-kind-of-fella-i-am-chords-5522262",
      "file_path": null,
      "metadata": {}
    },
    "1412083": {
      "id": "1412083",
      "title": "The Real Life",
      "type": "CRD",
      "url": "https://tabs.ultimate-guitar.com/tab/john-mellencamp/the-real-life-chords-1412083",
      "file_path": null,
      "metadata": {}
    },
    "1057877": {
      "id": "1057877",
      "title": "The Same Way I Do",
      "type": "CRD",
      "url": "https://tabs.ultimate-guitar.com/tab/john-mellencamp/the-same-way-i-do-chords-1057877",
      "file_path": null,
      "metadata": {}
    },
    "1353389": {
      "id": "1353389",
      "title": "The Same Way I Do",
      "type": "UKE",
      "url": "https://tabs.ultimate-guitar.com/tab/john-mellencamp/the-same-way-i-do-ukulele-1353389",
      "file_path": null,
      "metadata": {}
    },
    "3677387": {
      "id": "3677387",
      "title": "Them Double Blues",
      "type": "CRD",
      "url": "https://tabs.ultimate-guitar.com/tab/john-mellencamp/them-double-blues-chords-3677387",
      "file_path": null,
      "metadata": {}
    },
    "5477232": {
      "id": "5477232",
      "title": "Theo And Weird Henry",
      "type": "CRD",
      "url": "https://tabs.ultimate-guitar.com/tab/john-mellencamp/theo-and-weird-henry-chords-5477232",
      "file_path": null,
      "metadata": {}
    },
    "1174080": {
      "id": "1174080",
      "title": "Thinking About You",
      "type": "CRD",
      "url": "https://tabs.ultimate-guitar.com/tab/john-mellencamp/thinking-about-you-chords-1174080",
      "file_path": null,
      "metadata": {}
    },
    "1379072": {
      "id": "1379072",
      "title": "Thinking About You",
      "type": "UKE",
      "url": "https://tabs.ultimate-guitar.com/tab/john-mellencamp/thinking-about-you-ukulele-1379072",
      "file_path": null,
      "metadata": {}
    },
    "664323": {
      "id": "664323",
      "title": "This Time",
      "type": "CRD",
      "url": "https://tabs.ultimate-guitar.com/tab/john-mellencamp/this-time-chords-664323",
      "file_path": null,
      "metadata": {}
    },
    "1300401": {
      "id": "1300401",
      "title": "This Time",
      "type": "UKE",
      "url": "https://tabs.ultimate-guitar.com/tab/john-mellencamp/this-time-ukulele-1300401",
      "file_path": null,
      "metadata": {}
    },
    "1723254": {
      "id": "1723254",
      "title": "Thundering Hearts",
      "type": "CRD",
      "url": "https://tabs.ultimate-guitar.com/tab/john-mellencamp/thundering-hearts-chords-1723254",
      "file_path": null,
      "metadata": {}
    },
    "5477208": {
      "id": "5477208",
      "title": "To Live",
      "type": "CRD",
      "url": "https://tabs.ultimate-guitar.com/tab/john-mellencamp/to-live-chords-5477208",
      "file_path": null,
      "metadata": {}
    },
    "1852245": {
      "id": "1852245",
      "title": "To Mg Wherever She May Be",
      "type": "CRD",
      "url": "https://tabs.ultimate-guitar.com/tab/john-mellencamp/to-mg-wherever-she-may-be-chords-1852245",
      "file_path": null,
      "metadata": {}
    },
    "2599179": {
      "id": "2599179",
      "title": "To The River",
      "type": "CRD",
      "url": "https://tabs.ultimate-guitar.com/tab/john-mellencamp/to-the-river-chords-2599179",
      "file_path": null,
      "metadata": {}
    },
    "120322": {
      "id": "120322",
      "title": "To Washington",
      "type": "CRD",
      "url": "https://tabs.ultimate-guitar.com/tab/john-mellencamp/to-washington-chords-120322",
      "file_path": null,
      "metadata": {}
    },
    "4643939": {
      "id": "4643939",
      "title": "Tonight",
      "type": "CRD",
      "url": "https://tabs.ultimate-guitar.com/tab/john-mellencamp/tonight-chords-4643939",
      "file_path": null,
      "metadata": {}
    },
    "2576538": {
      "id": "2576538",
      "title": "Troubled Land",
      "type": "CRD",
      "url": "https://tabs.ultimate-guitar.com/tab/john-mellencamp/troubled-land-chords-2576538",
      "file_path": null,
      "metadata": {}
    },
    "1830457": {
      "id": "1830457",
      "title": "Troubled Man",
      "type": "CRD",
      "url": "https://tabs.ultimate-guitar.com/tab/john-mellencamp/troubled-man-chords-1830457",
      "file_path": null,
      "metadata": {}
    },
    "4043428": {
      "id": "4043428",
      "title": "Under The Boardwalk",
      "type": "CRD",
      "url": "https://tabs.ultimate-guitar.com/tab/john-mellencamp/under-the-boardwalk-chords-4043428",
      "file_path": null,
      "metadata": {}
    },
    "1847203": {
      "id": "1847203",
      "title": "Void In My Heart",
      "type": "CRD",
      "url": "https://tabs.ultimate-guitar.com/tab/john-mellencamp/void-in-my-heart-chords-1847203",
      "file_path": null,
      "metadata": {}
    },
    "159890": {
      "id": "159890",
      "title": "Walk Tall",
      "type": "CRD",
      "url": "https://tabs.ultimate-guitar.com/tab/john-mellencamp/walk-tall-chords-159890",
      "file_path": null,
      "metadata": {}
    },
    "1274946": {
      "id": "1274946",
      "title": "Walk Tall",
      "type": "UKE",
      "url": "https://tabs.ultimate-guitar.com/tab/john-mellencamp/walk-tall-ukulele-1274946",
      "file_path": null,
      "metadata": {}
    },
    "1845887": {
      "id": "1845887",
      "title": "Warmer Place To Sleep",
      "type": "CRD",
      "url": "https://tabs.ultimate-guitar.com/tab/john-mellencamp/warmer-place-to-sleep-chords-1845887",
      "file_path": null,
      "metadata": {}
    },
    "934318": {
      "id": "934318",
      "title": "Warmer Place To Sleep  Intro",
      "type": "PWR",
      "url": "https://tabs.ultimate-guitar.com/tab/john-mellencamp/warmer-place-to-sleep-power-934318",
      "file_path": null,
      "metadata": {}
    },
    "3893249": {
      "id": "3893249",
      "title": "Wasted Days",
      "type": "CRD",
      "url": "https://tabs.ultimate-guitar.com/tab/john-mellencamp/wasted-days-chords-3893249",
      "file_path": null,
      "metadata": {}
    },
    "5200830": {
      "id": "5200830",
      "title": "Wasted Days",
      "type": "TAB",
      "url": "https://tabs.ultimate-guitar.com/tab/john-mellencamp/wasted-days-tabs-5200830",
      "file_path": null,
      "metadata": {}
    },
    "4911550": {
      "id": "4911550",
      "title": "We Are The People",
      "type": "CRD",
      "url": "https://tabs.ultimate-guitar.com/tab/john-mellencamp/we-are-the-people-chords-4911550",
      "file_path": null,
      "metadata": {}
    },
    "837326": {
      "id": "837326",
      "title": "Weakest Moments",
      "type": "CRD",
      "url": "https://tabs.ultimate-guitar.com/tab/john-mellencamp/weakest-moments-chords-837326",
      "file_path": null,
      "metadata": {}
    },
    "1166725": {
      "id": "1166725",
      "title": "Weakest Moments (ver 2)",
      "type": "CRD",
      "url": "https://tabs.ultimate-guitar.com/tab/john-mellencamp/weakest-moments-chords-1166725",
      "file_path": null,
      "metadata": {}
    },
    "1947075": {
      "id": "1947075",
      "title": "Weakest Moments (ver 3)",
      "type": "CRD",
      "url": "https://tabs.ultimate-guitar.com/tab/john-mellencamp/weakest-moments-chords-1947075",
      "file_path": null,
      "metadata": {}
    },
    "1326077": {
      "id": "1326077",
      "title": "Weakest Moments",
      "type": "UKE",
      "url": "https://tabs.ultimate-guitar.com/tab/john-mellencamp/weakest-moments-ukulele-1326077",
      "file_path": null,
      "metadata": {}
    },
    "1377287": {
      "id": "1377287",
      "title": "Weakest Moments (ver 2)",
      "type": "UKE",
      "url": "https://tabs.ultimate-guitar.com/tab/john-mellencamp/weakest-moments-ukulele-1377287",
      "file_path": null,
      "metadata": {}
    },
    "4636544": {
      "id": "4636544",
      "title": "Welcome To Chinatown",
      "type": "CRD",
      "url": "https://tabs.ultimate-guitar.com/tab/john-mellencamp/welcome-to-chinatown-chords-4636544",
      "file_path": null,
      "metadata": {}
    },
    "1725110": {
      "id": "1725110",
      "title": "What If I Came Knocking",
      "type": "CRD",
      "url": "https://tabs.ultimate-guitar.com/tab/john-mellencamp/what-if-i-came-knocking-chords-1725110",
      "file_path": null,
      "metadata": {}
    },
    "3444170": {
      "id": "3444170",
      "title": "What Kind Of Man Am I",
      "type": "CRD",
      "url": "https://tabs.ultimate-guitar.com/tab/john-mellencamp/what-kind-of-man-am-i-chords-3444170",
      "file_path": null,
      "metadata": {}
    },
    "1751692": {
      "id": "1751692",
      "title": "When Jesus Left Birmingham",
      "type": "CRD",
      "url": "https://tabs.ultimate-guitar.com/tab/john-mellencamp/when-jesus-left-birmingham-chords-1751692",
      "file_path": null,
      "metadata": {}
    },
    "1723264": {
      "id": "1723264",
      "title": "Whenever We Wanted",
      "type": "CRD",
      "url": "https://tabs.ultimate-guitar.com/tab/john-mellencamp/whenever-we-wanted-chords-1723264",
      "file_path": null,
      "metadata": {}
    },
    "75968": {
      "id": "75968",
      "title": "Wild Night",
      "type": "CRD",
      "url": "https://tabs.ultimate-guitar.com/tab/john-mellencamp/wild-night-chords-75968",
      "file_path": null,
      "metadata": {}
    },
    "75976": {
      "id": "75976",
      "title": "Wild Night (ver 2)",
      "type": "CRD",
      "url": "https://tabs.ultimate-guitar.com/tab/john-mellencamp/wild-night-chords-75976",
      "file_path": null,
      "metadata": {}
    },
    "3126236": {
      "id": "3126236",
      "title": "Wild Night",
      "type": "PRO",
      "url": "https://tabs.ultimate-guitar.com/tab/john-mellencamp/wild-night-guitar-pro-3126236",
      "file_path": null,
      "metadata": {}
    },
    "547787": {
      "id": "547787",
      "title": "Wild Night",
      "type": "BASS",
      "url": "https://tabs.ultimate-guitar.com/tab/john-mellencamp/wild-night-bass-547787",
      "file_path": null,
      "metadata": {}
    },
    "582093": {
      "id": "582093",
      "title": "Wild Night (ver 2)",
      "type": "BASS",
      "url": "https://tabs.ultimate-guitar.com/tab/john-mellencamp/wild-night-bass-582093",
      "file_path": null,
      "metadata": {}
    },
    "1815324": {
      "id": "1815324",
      "title": "Wild Night (ver 3)",
      "type": "BASS",
      "url": "https://tabs.ultimate-guitar.com/tab/john-mellencamp/wild-night-bass-1815324",
      "file_path": null,
      "metadata": {}
    },
    "2544564": {
      "id": "2544564",
      "title": "Wild Night (ver 4)",
      "type": "BASS",
      "url": "https://tabs.ultimate-guitar.com/tab/john-mellencamp/wild-night-bass-2544564",
      "file_path": null,
      "metadata": {}
    },
    "4838000": {
      "id": "4838000",
      "title": "Wild Night (ver 5)",
      "type": "BASS",
      "url": "https://tabs.ultimate-guitar.com/tab/john-mellencamp/wild-night-bass-4838000",
      "file_path": null,
      "metadata": {}
    },
    "1265022": {
      "id": "1265022",
      "title": "Wild Night",
      "type": "UKE",
      "url": "https://tabs.ultimate-guitar.com/tab/john-mellencamp/wild-night-ukulele-1265022",
      "file_path": null,
      "metadata": {}
    },
    "270469": {
      "id": "270469",
      "title": "Without Expression",
      "type": "CRD",
      "url": "https://tabs.ultimate-guitar.com/tab/john-mellencamp/without-expression-chords-270469",
      "file_path": null,
      "metadata": {}
    },
    "1279055": {
      "id": "1279055",
      "title": "Without Expression",
      "type": "UKE",
      "url": "https://tabs.ultimate-guitar.com/tab/john-mellencamp/without-expression-ukulele-1279055",
      "file_path": null,
      "metadata": {}
    },
    "75975": {
      "id": "75975",
      "title": "Women Seem",
      "type": "CRD",
      "url": "https://tabs.ultimate-guitar.com/tab/john-mellencamp/women-seem-chords-75975",
      "file_path": null,
      "metadata": {}
    },
    "1265021": {
      "id": "1265021",
      "title": "Women Seem",
      "type": "UKE",
      "url": "https://tabs.ultimate-guitar.com/tab/john-mellencamp/women-seem-ukulele-1265021",
      "file_path": null,
      "metadata": {}
    },
    "75974": {
      "id": "75974",
      "title": "Your Life Is Now",
      "type": "CRD",
      "url": "https://tabs.ultimate-guitar.com/tab/john-mellencamp/your-life-is-now-chords-75974",
      "file_path": null,
      "metadata": {}
    },
    "27669": {
      "id": "27669",
      "title": "Your Life Is Now",
      "type": "TAB",
      "url": "https://tabs.ultimate-guitar.com/tab/john-mellencamp/your-life-is-now-tabs-27669",
      "file_path": null,
      "metadata": {}
    },
    "981531": {
      "id": "981531",
      "title": "Your Life Is Now",
      "type": "PWR",
      "url": "https://tabs.ultimate-guitar.com/tab/john-mellencamp/your-life-is-now-power-981531",
      "file_path": null,
      "metadata": {}
    },
    "1265020": {
      "id": "1265020",
      "title": "Your Life Is Now",
      "type": "UKE",
      "url": "https://tabs.ultimate-guitar.com/tab/john-mellencamp/your-life-is-now-ukulele-1265020",
      "file_path": null,
      "metadata": {}
    },
    "1737608": {
      "id": "1737608",
      "title": "Yours Forever",
      "type": "CRD",
      "url": "https://tabs.ultimate-guitar.com/tab/john-mellencamp/yours-forever-chords-1737608",
      "file_path": null,
      "metadata": {}
    },
    "2252835": {
      "id": "2252835",
      "title": "Yours Forever (ver 2)",
      "type": "CRD",
      "url": "https://tabs.ultimate-guitar.com/tab/john-mellencamp/yours-forever-chords-2252835",
      "file_path": null,
      "metadata": {}
    },
    "539217": {
      "id": "539217",
      "title": "Youve Got To Stand For Somethin  Intro",
      "type": "TAB",
      "url": "https://tabs.ultimate-guitar.com/tab/john-mellencamp/youve-got-to-stand-for-somethin-tabs-539217",
      "file_path": null,
      "metadata": {}
    },
    "936407": {
      "id": "936407",
      "title": "Youve Got To Stand For Somethin  Intro",
      "type": "PRO",
      "url": "https://tabs.ultimate-guitar.com/tab/john-mellencamp/youve-got-to-stand-for-somethin-guitar-pro-936407",
      "file_path": null,
      "metadata": {}
    }
  }
}