{
  "id": "109059",
  "name": "Il Cile",
  "url": "https://www.ultimate-guitar.com/artist/il_cile_109059",
  "tabs": {
    "2161083": {
      "id": "2161083",
      "title": "Cemento Armato",
      "type": "CRD",
      "url": "https://tabs.ultimate-guitar.com/tab/il-cile/cemento-armato-chords-2161083",
      "file_path": null,
      "metadata": {}
    },
    "2829832": {
      "id": "2829832",
      "title": "Liberi Di Vivere",
      "type": "CRD",
      "url": "https://tabs.ultimate-guitar.com/tab/il-cile/liberi-di-vivere-chords-2829832",
      "file_path": null,
      "metadata": {}
    }
  }
}