{
  "id": "10916",
  "name": "Freddie Mercury",
  "url": "https://www.ultimate-guitar.com/artist/freddie_mercury_10916",
  "tabs": {
    "98413": {
      "id": "98413",
      "title": "Love Me Like Theres No Tomorrow",
      "type": "CRD",
      "url": "https://tabs.ultimate-guitar.com/tab/freddie-mercury/love-me-like-theres-no-tomorrow-chords-98413",
      "file_path": null,
      "metadata": {}
    },
    "860335": {
      "id": "860335",
      "title": "I Was Born To Love You",
      "type": "CRD",
      "url": "https://tabs.ultimate-guitar.com/tab/freddie-mercury/i-was-born-to-love-you-chords-860335",
      "file_path": null,
      "metadata": {}
    },
    "575322": {
      "id": "575322",
      "title": "Living On My Own",
      "type": "CRD",
      "url": "https://tabs.ultimate-guitar.com/tab/freddie-mercury/living-on-my-own-chords-575322",
      "file_path": null,
      "metadata": {}
    },
    "80616": {
      "id": "80616",
      "title": "The Great Pretender",
      "type": "CRD",
      "url": "https://tabs.ultimate-guitar.com/tab/freddie-mercury/the-great-pretender-chords-80616",
      "file_path": null,
      "metadata": {}
    },
    "98408": {
      "id": "98408",
      "title": "In My Defence",
      "type": "CRD",
      "url": "https://tabs.ultimate-guitar.com/tab/freddie-mercury/in-my-defence-chords-98408",
      "file_path": null,
      "metadata": {}
    },
    "2736021": {
      "id": "2736021",
      "title": "Time Waits For No One",
      "type": "CRD",
      "url": "https://tabs.ultimate-guitar.com/tab/freddie-mercury/time-waits-for-no-one-chords-2736021",
      "file_path": null,
      "metadata": {}
    },
    "1064022": {
      "id": "1064022",
      "title": "Love Kills",
      "type": "CRD",
      "url": "https://tabs.ultimate-guitar.com/tab/freddie-mercury/love-kills-chords-1064022",
      "file_path": null,
      "metadata": {}
    },
    "1210151": {
      "id": "1210151",
      "title": "Tavaszi Szel",
      "type": "CRD",
      "url": "https://tabs.ultimate-guitar.com/tab/freddie-mercury/tavaszi-szel-chords-1210151",
      "file_path": null,
      "metadata": {}
    },
    "98412": {
      "id": "98412",
      "title": "There Must Be More To Life Than This",
      "type": "CRD",
      "url": "https://tabs.ultimate-guitar.com/tab/freddie-mercury/there-must-be-more-to-life-than-this-chords-98412",
      "file_path": null,
      "metadata": {}
    },
    "1733205": {
      "id": "1733205",
      "title": "Barcelona",
      "type": "CRD",
      "url": "https://tabs.ultimate-guitar.com/tab/freddie-mercury/barcelona-chords-1733205",
      "file_path": null,
      "metadata": {}
    },
    "1469284": {
      "id": "1469284",
      "title": "The Man From Manhattan",
      "type": "CRD",
      "url": "https://tabs.ultimate-guitar.com/tab/eddie-howell/the-man-from-manhattan-chords-1469284",
      "file_path": null,
      "metadata": {}
    },
    "688297": {
      "id": "688297",
      "title": "Exercises In Free Love",
      "type": "PRO",
      "url": "https://tabs.ultimate-guitar.com/tab/freddie-mercury/exercises-in-free-love-guitar-pro-688297",
      "file_path": null,
      "metadata": {}
    },
    "3103709": {
      "id": "3103709",
      "title": "Foolin Around",
      "type": "BASS",
      "url": "https://tabs.ultimate-guitar.com/tab/freddie-mercury/foolin-around-bass-3103709",
      "file_path": null,
      "metadata": {}
    },
    "98410": {
      "id": "98410",
      "title": "Going Back",
      "type": "CRD",
      "url": "https://tabs.ultimate-guitar.com/tab/freddie-mercury/going-back-chords-98410",
      "file_path": null,
      "metadata": {}
    },
    "321242": {
      "id": "321242",
      "title": "Going Back (ver 2)",
      "type": "CRD",
      "url": "https://tabs.ultimate-guitar.com/tab/freddie-mercury/going-back-chords-321242",
      "file_path": null,
      "metadata": {}
    },
    "1270658": {
      "id": "1270658",
      "title": "Going Back",
      "type": "UKE",
      "url": "https://tabs.ultimate-guitar.com/tab/freddie-mercury/going-back-ukulele-1270658",
      "file_path": null,
      "metadata": {}
    },
    "4045258": {
      "id": "4045258",
      "title": "Guide Me Home",
      "type": "CRD",
      "url": "https://tabs.ultimate-guitar.com/tab/freddie-mercury/guide-me-home-chords-4045258",
      "file_path": null,
      "metadata": {}
    },
    "1863196": {
      "id": "1863196",
      "title": "Hold On",
      "type": "CRD",
      "url": "https://tabs.ultimate-guitar.com/tab/freddie-mercury/hold-on-chords-1863196",
      "file_path": null,
      "metadata": {}
    },
    "1908219": {
      "id": "1908219",
      "title": "How Can I Go On",
      "type": "CRD",
      "url": "https://tabs.ultimate-guitar.com/tab/freddie-mercury/how-can-i-go-on-chords-1908219",
      "file_path": null,
      "metadata": {}
    },
    "1866460": {
      "id": "1866460",
      "title": "I Can Hear Music",
      "type": "CRD",
      "url": "https://tabs.ultimate-guitar.com/tab/freddie-mercury/i-can-hear-music-chords-1866460",
      "file_path": null,
      "metadata": {}
    },
    "2586219": {
      "id": "2586219",
      "title": "I Was Born To Love You (ver 2)",
      "type": "CRD",
      "url": "https://tabs.ultimate-guitar.com/tab/freddie-mercury/i-was-born-to-love-you-chords-2586219",
      "file_path": null,
      "metadata": {}
    },
    "3842063": {
      "id": "3842063",
      "title": "I Was Born To Love You (ver 3)",
      "type": "CRD",
      "url": "https://tabs.ultimate-guitar.com/tab/freddie-mercury/i-was-born-to-love-you-chords-3842063",
      "file_path": null,
      "metadata": {}
    },
    "1744047": {
      "id": "1744047",
      "title": "I Was Born To Love You",
      "type": "BASS",
      "url": "https://tabs.ultimate-guitar.com/tab/freddie-mercury/i-was-born-to-love-you-bass-1744047",
      "file_path": null,
      "metadata": {}
    },
    "1328758": {
      "id": "1328758",
      "title": "I Was Born To Love You",
      "type": "UKE",
      "url": "https://tabs.ultimate-guitar.com/tab/freddie-mercury/i-was-born-to-love-you-ukulele-1328758",
      "file_path": null,
      "metadata": {}
    },
    "687304": {
      "id": "687304",
      "title": "In My Defence",
      "type": "PRO",
      "url": "https://tabs.ultimate-guitar.com/tab/freddie-mercury/in-my-defence-guitar-pro-687304",
      "file_path": null,
      "metadata": {}
    },
    "1270657": {
      "id": "1270657",
      "title": "In My Defence",
      "type": "UKE",
      "url": "https://tabs.ultimate-guitar.com/tab/freddie-mercury/in-my-defence-ukulele-1270657",
      "file_path": null,
      "metadata": {}
    },
    "1666563": {
      "id": "1666563",
      "title": "Living On My Own (ver 2)",
      "type": "CRD",
      "url": "https://tabs.ultimate-guitar.com/tab/freddie-mercury/living-on-my-own-chords-1666563",
      "file_path": null,
      "metadata": {}
    },
    "228954": {
      "id": "228954",
      "title": "Living On My Own",
      "type": "PRO",
      "url": "https://tabs.ultimate-guitar.com/tab/freddie-mercury/living-on-my-own-guitar-pro-228954",
      "file_path": null,
      "metadata": {}
    },
    "799779": {
      "id": "799779",
      "title": "Living On My Own",
      "type": "BASS",
      "url": "https://tabs.ultimate-guitar.com/tab/freddie-mercury/living-on-my-own-bass-799779",
      "file_path": null,
      "metadata": {}
    },
    "2719821": {
      "id": "2719821",
      "title": "Living On My Own (ver 2)",
      "type": "BASS",
      "url": "https://tabs.ultimate-guitar.com/tab/freddie-mercury/living-on-my-own-bass-2719821",
      "file_path": null,
      "metadata": {}
    },
    "2895137": {
      "id": "2895137",
      "title": "Living On My Own (ver 3)",
      "type": "BASS",
      "url": "https://tabs.ultimate-guitar.com/tab/freddie-mercury/living-on-my-own-bass-2895137",
      "file_path": null,
      "metadata": {}
    },
    "1297030": {
      "id": "1297030",
      "title": "Living On My Own",
      "type": "UKE",
      "url": "https://tabs.ultimate-guitar.com/tab/freddie-mercury/living-on-my-own-ukulele-1297030",
      "file_path": null,
      "metadata": {}
    },
    "1761525": {
      "id": "1761525",
      "title": "Love Kills",
      "type": "BASS",
      "url": "https://tabs.ultimate-guitar.com/tab/freddie-mercury/love-kills-bass-1761525",
      "file_path": null,
      "metadata": {}
    },
    "1357690": {
      "id": "1357690",
      "title": "Love Kills",
      "type": "UKE",
      "url": "https://tabs.ultimate-guitar.com/tab/freddie-mercury/love-kills-ukulele-1357690",
      "file_path": null,
      "metadata": {}
    },
    "3588026": {
      "id": "3588026",
      "title": "Love Me Like Theres No Tomorrow",
      "type": "BASS",
      "url": "https://tabs.ultimate-guitar.com/tab/freddie-mercury/love-me-like-theres-no-tomorrow-bass-3588026",
      "file_path": null,
      "metadata": {}
    },
    "1270661": {
      "id": "1270661",
      "title": "Love Me Like Theres No Tomorrow",
      "type": "UKE",
      "url": "https://tabs.ultimate-guitar.com/tab/freddie-mercury/love-me-like-theres-no-tomorrow-ukulele-1270661",
      "file_path": null,
      "metadata": {}
    },
    "1129395": {
      "id": "1129395",
      "title": "Man Made Paradise",
      "type": "CRD",
      "url": "https://tabs.ultimate-guitar.com/tab/freddie-mercury/man-made-paradise-chords-1129395",
      "file_path": null,
      "metadata": {}
    },
    "3196319": {
      "id": "3196319",
      "title": "Man Made Paradise",
      "type": "BASS",
      "url": "https://tabs.ultimate-guitar.com/tab/freddie-mercury/man-made-paradise-bass-3196319",
      "file_path": null,
      "metadata": {}
    },
    "1370269": {
      "id": "1370269",
      "title": "Man Made Paradise",
      "type": "UKE",
      "url": "https://tabs.ultimate-guitar.com/tab/freddie-mercury/man-made-paradise-ukulele-1370269",
      "file_path": null,
      "metadata": {}
    },
    "1863302": {
      "id": "1863302",
      "title": "Mr Bad Guy",
      "type": "CRD",
      "url": "https://tabs.ultimate-guitar.com/tab/freddie-mercury/mr-bad-guy-chords-1863302",
      "file_path": null,
      "metadata": {}
    },
    "2622033": {
      "id": "2622033",
      "title": "My Love Is Dangerous",
      "type": "CRD",
      "url": "https://tabs.ultimate-guitar.com/tab/freddie-mercury/my-love-is-dangerous-chords-2622033",
      "file_path": null,
      "metadata": {}
    },
    "2116831": {
      "id": "2116831",
      "title": "She Blows Hot And Cold",
      "type": "CRD",
      "url": "https://tabs.ultimate-guitar.com/tab/freddie-mercury/she-blows-hot-and-cold-chords-2116831",
      "file_path": null,
      "metadata": {}
    },
    "1861048": {
      "id": "1861048",
      "title": "The Golden Boy",
      "type": "CRD",
      "url": "https://tabs.ultimate-guitar.com/tab/freddie-mercury/the-golden-boy-chords-1861048",
      "file_path": null,
      "metadata": {}
    },
    "3528509": {
      "id": "3528509",
      "title": "The Great Pretender (ver 2)",
      "type": "CRD",
      "url": "https://tabs.ultimate-guitar.com/tab/freddie-mercury/the-great-pretender-chords-3528509",
      "file_path": null,
      "metadata": {}
    },
    "1702180": {
      "id": "1702180",
      "title": "The Great Pretender",
      "type": "PRO",
      "url": "https://tabs.ultimate-guitar.com/tab/freddie-mercury/the-great-pretender-guitar-pro-1702180",
      "file_path": null,
      "metadata": {}
    },
    "2894774": {
      "id": "2894774",
      "title": "The Great Pretender",
      "type": "BASS",
      "url": "https://tabs.ultimate-guitar.com/tab/freddie-mercury/the-great-pretender-bass-2894774",
      "file_path": null,
      "metadata": {}
    },
    "1270660": {
      "id": "1270660",
      "title": "There Must Be More To Life Than This",
      "type": "UKE",
      "url": "https://tabs.ultimate-guitar.com/tab/freddie-mercury/there-must-be-more-to-life-than-this-ukulele-1270660",
      "file_path": null,
      "metadata": {}
    },
    "1666566": {
      "id": "1666566",
      "title": "Time",
      "type": "CRD",
      "url": "https://tabs.ultimate-guitar.com/tab/freddie-mercury/time-chords-1666566",
      "file_path": null,
      "metadata": {}
    },
    "2738685": {
      "id": "2738685",
      "title": "Time Waits For No One (ver 2)",
      "type": "CRD",
      "url": "https://tabs.ultimate-guitar.com/tab/freddie-mercury/time-waits-for-no-one-chords-2738685",
      "file_path": null,
      "metadata": {}
    },
    "3213311": {
      "id": "3213311",
      "title": "Your Kind Of Lover",
      "type": "CRD",
      "url": "https://tabs.ultimate-guitar.com/tab/freddie-mercury/your-kind-of-lover-chords-3213311",
      "file_path": null,
      "metadata": {}
    }
  }
}