{
  "id": "10108",
  "name": "Rodney Crowell",
  "url": "https://www.ultimate-guitar.com/artist/rodney_crowell_10108",
  "tabs": {
    "1051756": {
      "id": "1051756",
      "title": "I Walk The Line Revisited",
      "type": "CRD",
      "url": "https://tabs.ultimate-guitar.com/tab/rodney-crowell/i-walk-the-line-revisited-chords-1051756",
      "file_path": null,
      "metadata": {}
    },
    "2366647": {
      "id": "2366647",
      "title": "Til I Gain Control Again",
      "type": "CRD",
      "url": "https://tabs.ultimate-guitar.com/tab/rodney-crowell/til-i-gain-control-again-chords-2366647",
      "file_path": null,
      "metadata": {}
    },
    "65403": {
      "id": "65403",
      "title": "I Couldnt Leave You If I Tried",
      "type": "CRD",
      "url": "https://tabs.ultimate-guitar.com/tab/rodney-crowell/i-couldnt-leave-you-if-i-tried-chords-65403",
      "file_path": null,
      "metadata": {}
    },
    "65401": {
      "id": "65401",
      "title": "After All This Time",
      "type": "CRD",
      "url": "https://tabs.ultimate-guitar.com/tab/rodney-crowell/after-all-this-time-chords-65401",
      "file_path": null,
      "metadata": {}
    },
    "65404": {
      "id": "65404",
      "title": "Now And Then Theres A Fool Such As I",
      "type": "CRD",
      "url": "https://tabs.ultimate-guitar.com/tab/rodney-crowell/now-and-then-theres-a-fool-such-as-i-chords-65404",
      "file_path": null,
      "metadata": {}
    },
    "1755716": {
      "id": "1755716",
      "title": "Oh What A Beautiful World",
      "type": "CRD",
      "url": "https://tabs.ultimate-guitar.com/tab/rodney-crowell/oh-what-a-beautiful-world-chords-1755716",
      "file_path": null,
      "metadata": {}
    },
    "3892061": {
      "id": "3892061",
      "title": "Bluebird Wine",
      "type": "CRD",
      "url": "https://tabs.ultimate-guitar.com/tab/rodney-crowell/bluebird-wine-chords-3892061",
      "file_path": null,
      "metadata": {}
    },
    "65405": {
      "id": "65405",
      "title": "Song For Life",
      "type": "CRD",
      "url": "https://tabs.ultimate-guitar.com/tab/rodney-crowell/song-for-life-chords-65405",
      "file_path": null,
      "metadata": {}
    },
    "262873": {
      "id": "262873",
      "title": "I Wish It Would Rain",
      "type": "CRD",
      "url": "https://tabs.ultimate-guitar.com/tab/rodney-crowell/i-wish-it-would-rain-chords-262873",
      "file_path": null,
      "metadata": {}
    },
    "87972": {
      "id": "87972",
      "title": "Heavenly Houseboat Blues",
      "type": "CRD",
      "url": "https://tabs.ultimate-guitar.com/tab/rodney-crowell/heavenly-houseboat-blues-chords-87972",
      "file_path": null,
      "metadata": {}
    },
    "5816192": {
      "id": "5816192",
      "title": "Taking Flight",
      "type": "CRD",
      "url": "https://tabs.ultimate-guitar.com/tab/rodney-crowell/taking-flight-chords-5816192",
      "file_path": null,
      "metadata": {}
    },
    "4697339": {
      "id": "4697339",
      "title": "Flyin And Cryin",
      "type": "CRD",
      "url": "https://tabs.ultimate-guitar.com/tab/lisa-morales/flyin-and-cryin-chords-4697339",
      "file_path": null,
      "metadata": {}
    },
    "2265683": {
      "id": "2265683",
      "title": "Invitation To The Blues",
      "type": "CRD",
      "url": "https://tabs.ultimate-guitar.com/tab/emmylou-harris/invitation-to-the-blues-chords-2265683",
      "file_path": null,
      "metadata": {}
    },
    "5578869": {
      "id": "5578869",
      "title": "It Doesnt Hurt Right Now",
      "type": "CRD",
      "url": "https://tabs.ultimate-guitar.com/tab/jewel/it-doesnt-hurt-right-now-chords-5578869",
      "file_path": null,
      "metadata": {}
    },
    "5222532": {
      "id": "5222532",
      "title": "Looking Forward To The Past",
      "type": "UKE",
      "url": "https://tabs.ultimate-guitar.com/tab/tommy-emmanuel/looking-forward-to-the-past-ukulele-5222532",
      "file_path": null,
      "metadata": {}
    },
    "4739615": {
      "id": "4739615",
      "title": "My Babys Gone Duet",
      "type": "CRD",
      "url": "https://tabs.ultimate-guitar.com/tab/emmylou-harris/my-babys-gone-duet-chords-4739615",
      "file_path": null,
      "metadata": {}
    },
    "1474592": {
      "id": "1474592",
      "title": "Nothing For A Broken Heart",
      "type": "CRD",
      "url": "https://tabs.ultimate-guitar.com/tab/vince-gill/nothing-for-a-broken-heart-chords-1474592",
      "file_path": null,
      "metadata": {}
    },
    "5707565": {
      "id": "5707565",
      "title": "Oh What A Beautiful World",
      "type": "CRD",
      "url": "https://tabs.ultimate-guitar.com/tab/willie-nelson/oh-what-a-beautiful-world-chords-5707565",
      "file_path": null,
      "metadata": {}
    },
    "1755724": {
      "id": "1755724",
      "title": "Open Season On My Heart",
      "type": "CRD",
      "url": "https://tabs.ultimate-guitar.com/tab/emmylou-harris/open-season-on-my-heart-chords-1755724",
      "file_path": null,
      "metadata": {}
    },
    "3305030": {
      "id": "3305030",
      "title": "Til I Can Gain Control Again",
      "type": "CRD",
      "url": "https://tabs.ultimate-guitar.com/tab/kieran-goss/til-i-can-gain-control-again-chords-3305030",
      "file_path": null,
      "metadata": {}
    },
    "5734736": {
      "id": "5734736",
      "title": "With A Little Help From My Friends",
      "type": "CRD",
      "url": "https://tabs.ultimate-guitar.com/tab/ringo-starr/with-a-little-help-from-my-friends-chords-5734736",
      "file_path": null,
      "metadata": {}
    },
    "4127761": {
      "id": "4127761",
      "title": "56 Fury",
      "type": "CRD",
      "url": "https://tabs.ultimate-guitar.com/tab/rodney-crowell/56-fury-chords-4127761",
      "file_path": null,
      "metadata": {}
    },
    "1823745": {
      "id": "1823745",
      "title": "Above And Beyond",
      "type": "CRD",
      "url": "https://tabs.ultimate-guitar.com/tab/rodney-crowell/above-and-beyond-chords-1823745",
      "file_path": null,
      "metadata": {}
    },
    "2118119": {
      "id": "2118119",
      "title": "Above And Beyond (ver 2)",
      "type": "CRD",
      "url": "https://tabs.ultimate-guitar.com/tab/rodney-crowell/above-and-beyond-chords-2118119",
      "file_path": null,
      "metadata": {}
    },
    "801285": {
      "id": "801285",
      "title": "Adams Song",
      "type": "CRD",
      "url": "https://tabs.ultimate-guitar.com/tab/rodney-crowell/adams-song-chords-801285",
      "file_path": null,
      "metadata": {}
    },
    "3660911": {
      "id": "3660911",
      "title": "Adams Song (ver 2)",
      "type": "CRD",
      "url": "https://tabs.ultimate-guitar.com/tab/rodney-crowell/adams-song-chords-3660911",
      "file_path": null,
      "metadata": {}
    },
    "1320323": {
      "id": "1320323",
      "title": "Adams Song",
      "type": "UKE",
      "url": "https://tabs.ultimate-guitar.com/tab/rodney-crowell/adams-song-ukulele-1320323",
      "file_path": null,
      "metadata": {}
    },
    "1002937": {
      "id": "1002937",
      "title": "After All This Time (ver 2)",
      "type": "CRD",
      "url": "https://tabs.ultimate-guitar.com/tab/rodney-crowell/after-all-this-time-chords-1002937",
      "file_path": null,
      "metadata": {}
    },
    "1261351": {
      "id": "1261351",
      "title": "After All This Time",
      "type": "UKE",
      "url": "https://tabs.ultimate-guitar.com/tab/rodney-crowell/after-all-this-time-ukulele-1261351",
      "file_path": null,
      "metadata": {}
    },
    "740163": {
      "id": "740163",
      "title": "Alone But Not Alone",
      "type": "CRD",
      "url": "https://tabs.ultimate-guitar.com/tab/rodney-crowell/alone-but-not-alone-chords-740163",
      "file_path": null,
      "metadata": {}
    },
    "1314841": {
      "id": "1314841",
      "title": "Alone But Not Alone",
      "type": "UKE",
      "url": "https://tabs.ultimate-guitar.com/tab/rodney-crowell/alone-but-not-alone-ukulele-1314841",
      "file_path": null,
      "metadata": {}
    },
    "2285987": {
      "id": "2285987",
      "title": "American Dream",
      "type": "CRD",
      "url": "https://tabs.ultimate-guitar.com/tab/rodney-crowell/american-dream-chords-2285987",
      "file_path": null,
      "metadata": {}
    },
    "2366691": {
      "id": "2366691",
      "title": "Anything But Tame",
      "type": "CRD",
      "url": "https://tabs.ultimate-guitar.com/tab/rodney-crowell/anything-but-tame-chords-2366691",
      "file_path": null,
      "metadata": {}
    },
    "2285989": {
      "id": "2285989",
      "title": "Baby Better Start Turning",
      "type": "CRD",
      "url": "https://tabs.ultimate-guitar.com/tab/rodney-crowell/baby-better-start-turning-chords-2285989",
      "file_path": null,
      "metadata": {}
    },
    "2285991": {
      "id": "2285991",
      "title": "Banks Of The Old Bandera",
      "type": "CRD",
      "url": "https://tabs.ultimate-guitar.com/tab/rodney-crowell/banks-of-the-old-bandera-chords-2285991",
      "file_path": null,
      "metadata": {}
    },
    "801295": {
      "id": "801295",
      "title": "Big Heart",
      "type": "CRD",
      "url": "https://tabs.ultimate-guitar.com/tab/rodney-crowell/big-heart-chords-801295",
      "file_path": null,
      "metadata": {}
    },
    "1320313": {
      "id": "1320313",
      "title": "Big Heart",
      "type": "UKE",
      "url": "https://tabs.ultimate-guitar.com/tab/rodney-crowell/big-heart-ukulele-1320313",
      "file_path": null,
      "metadata": {}
    },
    "3997072": {
      "id": "3997072",
      "title": "Blonde Ambition",
      "type": "CRD",
      "url": "https://tabs.ultimate-guitar.com/tab/rodney-crowell/blonde-ambition-chords-3997072",
      "file_path": null,
      "metadata": {}
    },
    "801289": {
      "id": "801289",
      "title": "Brand New Rag",
      "type": "CRD",
      "url": "https://tabs.ultimate-guitar.com/tab/rodney-crowell/brand-new-rag-chords-801289",
      "file_path": null,
      "metadata": {}
    },
    "1320318": {
      "id": "1320318",
      "title": "Brand New Rag",
      "type": "UKE",
      "url": "https://tabs.ultimate-guitar.com/tab/rodney-crowell/brand-new-rag-ukulele-1320318",
      "file_path": null,
      "metadata": {}
    },
    "637596": {
      "id": "637596",
      "title": "California Earthquake",
      "type": "CRD",
      "url": "https://tabs.ultimate-guitar.com/tab/rodney-crowell/california-earthquake-chords-637596",
      "file_path": null,
      "metadata": {}
    },
    "1306205": {
      "id": "1306205",
      "title": "California Earthquake",
      "type": "UKE",
      "url": "https://tabs.ultimate-guitar.com/tab/rodney-crowell/california-earthquake-ukulele-1306205",
      "file_path": null,
      "metadata": {}
    },
    "4397543": {
      "id": "4397543",
      "title": "Caw Caw Blues",
      "type": "CRD",
      "url": "https://tabs.ultimate-guitar.com/tab/rodney-crowell/caw-caw-blues-chords-4397543",
      "file_path": null,
      "metadata": {}
    },
    "801286": {
      "id": "801286",
      "title": "Closer To Heaven",
      "type": "CRD",
      "url": "https://tabs.ultimate-guitar.com/tab/rodney-crowell/closer-to-heaven-chords-801286",
      "file_path": null,
      "metadata": {}
    },
    "2265629": {
      "id": "2265629",
      "title": "Closer To Heaven (ver 2)",
      "type": "CRD",
      "url": "https://tabs.ultimate-guitar.com/tab/rodney-crowell/closer-to-heaven-chords-2265629",
      "file_path": null,
      "metadata": {}
    },
    "1320321": {
      "id": "1320321",
      "title": "Closer To Heaven",
      "type": "UKE",
      "url": "https://tabs.ultimate-guitar.com/tab/rodney-crowell/closer-to-heaven-ukulele-1320321",
      "file_path": null,
      "metadata": {}
    },
    "1742613": {
      "id": "1742613",
      "title": "Come On Funny Feelin",
      "type": "CRD",
      "url": "https://tabs.ultimate-guitar.com/tab/rodney-crowell/come-on-funny-feelin-chords-1742613",
      "file_path": null,
      "metadata": {}
    },
    "3065789": {
      "id": "3065789",
      "title": "Come On Funny Feelin (ver 2)",
      "type": "CRD",
      "url": "https://tabs.ultimate-guitar.com/tab/rodney-crowell/come-on-funny-feelin-chords-3065789",
      "file_path": null,
      "metadata": {}
    },
    "5092897": {
      "id": "5092897",
      "title": "Crazy Baby",
      "type": "CRD",
      "url": "https://tabs.ultimate-guitar.com/tab/rodney-crowell/crazy-baby-chords-5092897",
      "file_path": null,
      "metadata": {}
    },
    "740162": {
      "id": "740162",
      "title": "Dont Let Your Feet Slow You Down",
      "type": "CRD",
      "url": "https://tabs.ultimate-guitar.com/tab/rodney-crowell/dont-let-your-feet-slow-you-down-chords-740162",
      "file_path": null,
      "metadata": {}
    },
    "1314840": {
      "id": "1314840",
      "title": "Dont Let Your Feet Slow You Down",
      "type": "UKE",
      "url": "https://tabs.ultimate-guitar.com/tab/rodney-crowell/dont-let-your-feet-slow-you-down-ukulele-1314840",
      "file_path": null,
      "metadata": {}
    },
    "2646891": {
      "id": "2646891",
      "title": "Earthbound",
      "type": "CRD",
      "url": "https://tabs.ultimate-guitar.com/tab/rodney-crowell/earthbound-chords-2646891",
      "file_path": null,
      "metadata": {}
    },
    "3115118": {
      "id": "3115118",
      "title": "East Houston Blues  Intro",
      "type": "TAB",
      "url": "https://tabs.ultimate-guitar.com/tab/rodney-crowell/east-houston-blues-tabs-3115118",
      "file_path": null,
      "metadata": {}
    },
    "2285997": {
      "id": "2285997",
      "title": "Elvira",
      "type": "CRD",
      "url": "https://tabs.ultimate-guitar.com/tab/rodney-crowell/elvira-chords-2285997",
      "file_path": null,
      "metadata": {}
    },
    "4708667": {
      "id": "4708667",
      "title": "Everything At Once",
      "type": "CRD",
      "url": "https://tabs.ultimate-guitar.com/tab/rodney-crowell/everything-at-once-chords-4708667",
      "file_path": null,
      "metadata": {}
    },
    "1459387": {
      "id": "1459387",
      "title": "Fates Right Hand",
      "type": "CRD",
      "url": "https://tabs.ultimate-guitar.com/tab/rodney-crowell/fates-right-hand-chords-1459387",
      "file_path": null,
      "metadata": {}
    },
    "1677067": {
      "id": "1677067",
      "title": "Fever On The Bayou",
      "type": "CRD",
      "url": "https://tabs.ultimate-guitar.com/tab/rodney-crowell/fever-on-the-bayou-chords-1677067",
      "file_path": null,
      "metadata": {}
    },
    "801284": {
      "id": "801284",
      "title": "Forty Winters",
      "type": "CRD",
      "url": "https://tabs.ultimate-guitar.com/tab/rodney-crowell/forty-winters-chords-801284",
      "file_path": null,
      "metadata": {}
    },
    "1320322": {
      "id": "1320322",
      "title": "Forty Winters",
      "type": "UKE",
      "url": "https://tabs.ultimate-guitar.com/tab/rodney-crowell/forty-winters-ukulele-1320322",
      "file_path": null,
      "metadata": {}
    },
    "3798872": {
      "id": "3798872",
      "title": "Frankie Please",
      "type": "CRD",
      "url": "https://tabs.ultimate-guitar.com/tab/rodney-crowell/frankie-please-chords-3798872",
      "file_path": null,
      "metadata": {}
    },
    "1709773": {
      "id": "1709773",
      "title": "Glasgow Girl",
      "type": "UKE",
      "url": "https://tabs.ultimate-guitar.com/tab/rodney-crowell/glasgow-girl-ukulele-1709773",
      "file_path": null,
      "metadata": {}
    },
    "1755714": {
      "id": "1755714",
      "title": "God Im Missing You",
      "type": "CRD",
      "url": "https://tabs.ultimate-guitar.com/tab/rodney-crowell/god-im-missing-you-chords-1755714",
      "file_path": null,
      "metadata": {}
    },
    "65402": {
      "id": "65402",
      "title": "Heartbroke",
      "type": "CRD",
      "url": "https://tabs.ultimate-guitar.com/tab/rodney-crowell/heartbroke-chords-65402",
      "file_path": null,
      "metadata": {}
    },
    "1261352": {
      "id": "1261352",
      "title": "Heartbroke",
      "type": "UKE",
      "url": "https://tabs.ultimate-guitar.com/tab/rodney-crowell/heartbroke-ukulele-1261352",
      "file_path": null,
      "metadata": {}
    },
    "1905324": {
      "id": "1905324",
      "title": "Highway 17",
      "type": "CRD",
      "url": "https://tabs.ultimate-guitar.com/tab/rodney-crowell/highway-17-chords-1905324",
      "file_path": null,
      "metadata": {}
    },
    "4291802": {
      "id": "4291802",
      "title": "Hungry For Home",
      "type": "CRD",
      "url": "https://tabs.ultimate-guitar.com/tab/rodney-crowell/hungry-for-home-chords-4291802",
      "file_path": null,
      "metadata": {}
    },
    "3891947": {
      "id": "3891947",
      "title": "Hymn 43",
      "type": "CRD",
      "url": "https://tabs.ultimate-guitar.com/tab/rodney-crowell/hymn-43-chords-3891947",
      "file_path": null,
      "metadata": {}
    },
    "1477811": {
      "id": "1477811",
      "title": "I Couldnt Leave You If I Tried (ver 2)",
      "type": "CRD",
      "url": "https://tabs.ultimate-guitar.com/tab/rodney-crowell/i-couldnt-leave-you-if-i-tried-chords-1477811",
      "file_path": null,
      "metadata": {}
    },
    "1261353": {
      "id": "1261353",
      "title": "I Couldnt Leave You If I Tried",
      "type": "UKE",
      "url": "https://tabs.ultimate-guitar.com/tab/rodney-crowell/i-couldnt-leave-you-if-i-tried-ukulele-1261353",
      "file_path": null,
      "metadata": {}
    },
    "2575113": {
      "id": "2575113",
      "title": "I Couldnt Leave You If I Tried (ver 2)",
      "type": "UKE",
      "url": "https://tabs.ultimate-guitar.com/tab/rodney-crowell/i-couldnt-leave-you-if-i-tried-ukulele-2575113",
      "file_path": null,
      "metadata": {}
    },
    "4007584": {
      "id": "4007584",
      "title": "I Dont Care Anymore",
      "type": "CRD",
      "url": "https://tabs.ultimate-guitar.com/tab/rodney-crowell/i-dont-care-anymore-chords-4007584",
      "file_path": null,
      "metadata": {}
    },
    "801294": {
      "id": "801294",
      "title": "I Guess Weve Been Together For Too Long",
      "type": "CRD",
      "url": "https://tabs.ultimate-guitar.com/tab/rodney-crowell/i-guess-weve-been-together-for-too-long-chords-801294",
      "file_path": null,
      "metadata": {}
    },
    "1320314": {
      "id": "1320314",
      "title": "I Guess Weve Been Together For Too Long",
      "type": "UKE",
      "url": "https://tabs.ultimate-guitar.com/tab/rodney-crowell/i-guess-weve-been-together-for-too-long-ukulele-1320314",
      "file_path": null,
      "metadata": {}
    },
    "2286005": {
      "id": "2286005",
      "title": "I Hardly Know How To Be Myself",
      "type": "CRD",
      "url": "https://tabs.ultimate-guitar.com/tab/rodney-crowell/i-hardly-know-how-to-be-myself-chords-2286005",
      "file_path": null,
      "metadata": {}
    },
    "2286007": {
      "id": "2286007",
      "title": "I Heard You Calling My Name",
      "type": "CRD",
      "url": "https://tabs.ultimate-guitar.com/tab/rodney-crowell/i-heard-you-calling-my-name-chords-2286007",
      "file_path": null,
      "metadata": {}
    },
    "2720640": {
      "id": "2720640",
      "title": "I Know Love Is All I Need",
      "type": "CRD",
      "url": "https://tabs.ultimate-guitar.com/tab/rodney-crowell/i-know-love-is-all-i-need-chords-2720640",
      "file_path": null,
      "metadata": {}
    },
    "637597": {
      "id": "637597",
      "title": "I Know Youre Married",
      "type": "CRD",
      "url": "https://tabs.ultimate-guitar.com/tab/rodney-crowell/i-know-youre-married-chords-637597",
      "file_path": null,
      "metadata": {}
    },
    "1306206": {
      "id": "1306206",
      "title": "I Know Youre Married",
      "type": "UKE",
      "url": "https://tabs.ultimate-guitar.com/tab/rodney-crowell/i-know-youre-married-ukulele-1306206",
      "file_path": null,
      "metadata": {}
    },
    "2118117": {
      "id": "2118117",
      "title": "I Walk The Line",
      "type": "CRD",
      "url": "https://tabs.ultimate-guitar.com/tab/rodney-crowell/i-walk-the-line-chords-2118117",
      "file_path": null,
      "metadata": {}
    },
    "2636226": {
      "id": "2636226",
      "title": "I Walk The Line Revisited",
      "type": "BASS",
      "url": "https://tabs.ultimate-guitar.com/tab/rodney-crowell/i-walk-the-line-revisited-bass-2636226",
      "file_path": null,
      "metadata": {}
    },
    "1279915": {
      "id": "1279915",
      "title": "I Wish It Would Rain",
      "type": "UKE",
      "url": "https://tabs.ultimate-guitar.com/tab/rodney-crowell/i-wish-it-would-rain-ukulele-1279915",
      "file_path": null,
      "metadata": {}
    },
    "1755715": {
      "id": "1755715",
      "title": "I Wouldnt Be Me Without You",
      "type": "CRD",
      "url": "https://tabs.ultimate-guitar.com/tab/rodney-crowell/i-wouldnt-be-me-without-you-chords-1755715",
      "file_path": null,
      "metadata": {}
    },
    "740157": {
      "id": "740157",
      "title": "If Looks Could Kill",
      "type": "CRD",
      "url": "https://tabs.ultimate-guitar.com/tab/rodney-crowell/if-looks-could-kill-chords-740157",
      "file_path": null,
      "metadata": {}
    },
    "1314836": {
      "id": "1314836",
      "title": "If Looks Could Kill",
      "type": "UKE",
      "url": "https://tabs.ultimate-guitar.com/tab/rodney-crowell/if-looks-could-kill-ukulele-1314836",
      "file_path": null,
      "metadata": {}
    },
    "2366621": {
      "id": "2366621",
      "title": "If The Law Dont Want You",
      "type": "CRD",
      "url": "https://tabs.ultimate-guitar.com/tab/rodney-crowell/if-the-law-dont-want-you-chords-2366621",
      "file_path": null,
      "metadata": {}
    },
    "2286009": {
      "id": "2286009",
      "title": "Ignorance Is The Enemy",
      "type": "CRD",
      "url": "https://tabs.ultimate-guitar.com/tab/rodney-crowell/ignorance-is-the-enemy-chords-2286009",
      "file_path": null,
      "metadata": {}
    },
    "2393235": {
      "id": "2393235",
      "title": "It Aint Over Yet",
      "type": "CRD",
      "url": "https://tabs.ultimate-guitar.com/tab/rodney-crowell/it-aint-over-yet-chords-2393235",
      "file_path": null,
      "metadata": {}
    },
    "2510541": {
      "id": "2510541",
      "title": "It Aint Over Yet (ver 2)",
      "type": "CRD",
      "url": "https://tabs.ultimate-guitar.com/tab/rodney-crowell/it-aint-over-yet-chords-2510541",
      "file_path": null,
      "metadata": {}
    },
    "5369907": {
      "id": "5369907",
      "title": "It Aint Over Yet",
      "type": "CRD",
      "url": "https://tabs.ultimate-guitar.com/tab/rodney-crowell/it-aint-over-yet-chords-5369907",
      "file_path": null,
      "metadata": {}
    },
    "801296": {
      "id": "801296",
      "title": "It Dont Get Better Than This",
      "type": "CRD",
      "url": "https://tabs.ultimate-guitar.com/tab/rodney-crowell/it-dont-get-better-than-this-chords-801296",
      "file_path": null,
      "metadata": {}
    },
    "1320312": {
      "id": "1320312",
      "title": "It Dont Get Better Than This",
      "type": "UKE",
      "url": "https://tabs.ultimate-guitar.com/tab/rodney-crowell/it-dont-get-better-than-this-ukulele-1320312",
      "file_path": null,
      "metadata": {}
    },
    "801287": {
      "id": "801287",
      "title": "Its A Different World Now",
      "type": "CRD",
      "url": "https://tabs.ultimate-guitar.com/tab/rodney-crowell/its-a-different-world-now-chords-801287",
      "file_path": null,
      "metadata": {}
    },
    "1320320": {
      "id": "1320320",
      "title": "Its A Different World Now",
      "type": "UKE",
      "url": "https://tabs.ultimate-guitar.com/tab/rodney-crowell/its-a-different-world-now-ukulele-1320320",
      "file_path": null,
      "metadata": {}
    },
    "740158": {
      "id": "740158",
      "title": "Its Lonely Out",
      "type": "CRD",
      "url": "https://tabs.ultimate-guitar.com/tab/rodney-crowell/its-lonely-out-chords-740158",
      "file_path": null,
      "metadata": {}
    },
    "1314837": {
      "id": "1314837",
      "title": "Its Lonely Out",
      "type": "UKE",
      "url": "https://tabs.ultimate-guitar.com/tab/rodney-crowell/its-lonely-out-ukulele-1314837",
      "file_path": null,
      "metadata": {}
    },
    "2286011": {
      "id": "2286011",
      "title": "Its Not For Me To Judge",
      "type": "CRD",
      "url": "https://tabs.ultimate-guitar.com/tab/rodney-crowell/its-not-for-me-to-judge-chords-2286011",
      "file_path": null,
      "metadata": {}
    },
    "2105417": {
      "id": "2105417",
      "title": "Its Such A Small World",
      "type": "CRD",
      "url": "https://tabs.ultimate-guitar.com/tab/rodney-crowell/its-such-a-small-world-chords-2105417",
      "file_path": null,
      "metadata": {}
    },
    "5692307": {
      "id": "5692307",
      "title": "Jesus Talk To Mama",
      "type": "CRD",
      "url": "https://tabs.ultimate-guitar.com/tab/rodney-crowell/jesus-talk-to-mama-chords-5692307",
      "file_path": null,
      "metadata": {}
    },
    "4161484": {
      "id": "4161484",
      "title": "Jewel Of The South",
      "type": "CRD",
      "url": "https://tabs.ultimate-guitar.com/tab/rodney-crowell/jewel-of-the-south-chords-4161484",
      "file_path": null,
      "metadata": {}
    },
    "2118115": {
      "id": "2118115",
      "title": "Just Say Yes",
      "type": "CRD",
      "url": "https://tabs.ultimate-guitar.com/tab/rodney-crowell/just-say-yes-chords-2118115",
      "file_path": null,
      "metadata": {}
    },
    "801291": {
      "id": "801291",
      "title": "Ladder Of Love",
      "type": "CRD",
      "url": "https://tabs.ultimate-guitar.com/tab/rodney-crowell/ladder-of-love-chords-801291",
      "file_path": null,
      "metadata": {}
    },
    "1320317": {
      "id": "1320317",
      "title": "Ladder Of Love",
      "type": "UKE",
      "url": "https://tabs.ultimate-guitar.com/tab/rodney-crowell/ladder-of-love-ukulele-1320317",
      "file_path": null,
      "metadata": {}
    },
    "2286017": {
      "id": "2286017",
      "title": "Last Waltz",
      "type": "CRD",
      "url": "https://tabs.ultimate-guitar.com/tab/rodney-crowell/last-waltz-chords-2286017",
      "file_path": null,
      "metadata": {}
    },
    "4219906": {
      "id": "4219906",
      "title": "Leaving Louisiana In The Broad Daylight",
      "type": "CRD",
      "url": "https://tabs.ultimate-guitar.com/tab/rodney-crowell/leaving-louisiana-in-the-broad-daylight-chords-4219906",
      "file_path": null,
      "metadata": {}
    },
    "3252887": {
      "id": "3252887",
      "title": "Let The Picture Paint Itself",
      "type": "CRD",
      "url": "https://tabs.ultimate-guitar.com/tab/rodney-crowell/let-the-picture-paint-itself-chords-3252887",
      "file_path": null,
      "metadata": {}
    },
    "740151": {
      "id": "740151",
      "title": "Lets Make Trouble",
      "type": "CRD",
      "url": "https://tabs.ultimate-guitar.com/tab/rodney-crowell/lets-make-trouble-chords-740151",
      "file_path": null,
      "metadata": {}
    },
    "1314833": {
      "id": "1314833",
      "title": "Lets Make Trouble",
      "type": "UKE",
      "url": "https://tabs.ultimate-guitar.com/tab/rodney-crowell/lets-make-trouble-ukulele-1314833",
      "file_path": null,
      "metadata": {}
    },
    "740148": {
      "id": "740148",
      "title": "Life Is Messy",
      "type": "CRD",
      "url": "https://tabs.ultimate-guitar.com/tab/rodney-crowell/life-is-messy-chords-740148",
      "file_path": null,
      "metadata": {}
    },
    "1314831": {
      "id": "1314831",
      "title": "Life Is Messy",
      "type": "UKE",
      "url": "https://tabs.ultimate-guitar.com/tab/rodney-crowell/life-is-messy-ukulele-1314831",
      "file_path": null,
      "metadata": {}
    },
    "2366619": {
      "id": "2366619",
      "title": "Long Time Girl Gone By",
      "type": "CRD",
      "url": "https://tabs.ultimate-guitar.com/tab/rodney-crowell/long-time-girl-gone-by-chords-2366619",
      "file_path": null,
      "metadata": {}
    },
    "637598": {
      "id": "637598",
      "title": "Looking For You",
      "type": "CRD",
      "url": "https://tabs.ultimate-guitar.com/tab/rodney-crowell/looking-for-you-chords-637598",
      "file_path": null,
      "metadata": {}
    },
    "1306207": {
      "id": "1306207",
      "title": "Looking For You",
      "type": "UKE",
      "url": "https://tabs.ultimate-guitar.com/tab/rodney-crowell/looking-for-you-ukulele-1306207",
      "file_path": null,
      "metadata": {}
    },
    "2853602": {
      "id": "2853602",
      "title": "Lovin All Night",
      "type": "CRD",
      "url": "https://tabs.ultimate-guitar.com/tab/rodney-crowell/lovin-all-night-chords-2853602",
      "file_path": null,
      "metadata": {}
    },
    "2894339": {
      "id": "2894339",
      "title": "Loving All Night",
      "type": "CRD",
      "url": "https://tabs.ultimate-guitar.com/tab/rodney-crowell/loving-all-night-chords-2894339",
      "file_path": null,
      "metadata": {}
    },
    "4708634": {
      "id": "4708634",
      "title": "Loving You Is The Only Way To Fly",
      "type": "CRD",
      "url": "https://tabs.ultimate-guitar.com/tab/rodney-crowell/loving-you-is-the-only-way-to-fly-chords-4708634",
      "file_path": null,
      "metadata": {}
    },
    "4767080": {
      "id": "4767080",
      "title": "Loving You Is The Only Way To Fly (ver 2)",
      "type": "CRD",
      "url": "https://tabs.ultimate-guitar.com/tab/rodney-crowell/loving-you-is-the-only-way-to-fly-chords-4767080",
      "file_path": null,
      "metadata": {}
    },
    "2988116": {
      "id": "2988116",
      "title": "Loving You Makes Me Strong",
      "type": "CRD",
      "url": "https://tabs.ultimate-guitar.com/tab/rodney-crowell/loving-you-makes-me-strong-chords-2988116",
      "file_path": null,
      "metadata": {}
    },
    "4906432": {
      "id": "4906432",
      "title": "Lucky",
      "type": "CRD",
      "url": "https://tabs.ultimate-guitar.com/tab/rodney-crowell/lucky-chords-4906432",
      "file_path": null,
      "metadata": {}
    },
    "740159": {
      "id": "740159",
      "title": "Many A Long And Lonesome Highway",
      "type": "CRD",
      "url": "https://tabs.ultimate-guitar.com/tab/rodney-crowell/many-a-long-and-lonesome-highway-chords-740159",
      "file_path": null,
      "metadata": {}
    },
    "1734198": {
      "id": "1734198",
      "title": "Many A Long And Lonesome Highway (ver 2)",
      "type": "CRD",
      "url": "https://tabs.ultimate-guitar.com/tab/rodney-crowell/many-a-long-and-lonesome-highway-chords-1734198",
      "file_path": null,
      "metadata": {}
    },
    "2920163": {
      "id": "2920163",
      "title": "Many A Long And Lonesome Highway (ver 3)",
      "type": "CRD",
      "url": "https://tabs.ultimate-guitar.com/tab/rodney-crowell/many-a-long-and-lonesome-highway-chords-2920163",
      "file_path": null,
      "metadata": {}
    },
    "1314838": {
      "id": "1314838",
      "title": "Many A Long And Lonesome Highway",
      "type": "UKE",
      "url": "https://tabs.ultimate-guitar.com/tab/rodney-crowell/many-a-long-and-lonesome-highway-ukulele-1314838",
      "file_path": null,
      "metadata": {}
    },
    "740150": {
      "id": "740150",
      "title": "Maybe Next Time",
      "type": "CRD",
      "url": "https://tabs.ultimate-guitar.com/tab/rodney-crowell/maybe-next-time-chords-740150",
      "file_path": null,
      "metadata": {}
    },
    "1314832": {
      "id": "1314832",
      "title": "Maybe Next Time",
      "type": "UKE",
      "url": "https://tabs.ultimate-guitar.com/tab/rodney-crowell/maybe-next-time-ukulele-1314832",
      "file_path": null,
      "metadata": {}
    },
    "801283": {
      "id": "801283",
      "title": "Moving Work Of Art",
      "type": "CRD",
      "url": "https://tabs.ultimate-guitar.com/tab/rodney-crowell/moving-work-of-art-chords-801283",
      "file_path": null,
      "metadata": {}
    },
    "1503398": {
      "id": "1503398",
      "title": "Moving Work Of Art (ver 2)",
      "type": "CRD",
      "url": "https://tabs.ultimate-guitar.com/tab/rodney-crowell/moving-work-of-art-chords-1503398",
      "file_path": null,
      "metadata": {}
    },
    "1320324": {
      "id": "1320324",
      "title": "Moving Work Of Art",
      "type": "UKE",
      "url": "https://tabs.ultimate-guitar.com/tab/rodney-crowell/moving-work-of-art-ukulele-1320324",
      "file_path": null,
      "metadata": {}
    },
    "5784119": {
      "id": "5784119",
      "title": "Mr Soul",
      "type": "CRD",
      "url": "https://tabs.ultimate-guitar.com/tab/rodney-crowell/mr-soul-chords-5784119",
      "file_path": null,
      "metadata": {}
    },
    "4322897": {
      "id": "4322897",
      "title": "My Babys Gone",
      "type": "CRD",
      "url": "https://tabs.ultimate-guitar.com/tab/rodney-crowell/my-babys-gone-chords-4322897",
      "file_path": null,
      "metadata": {}
    },
    "1815314": {
      "id": "1815314",
      "title": "My Fathers Advice",
      "type": "CRD",
      "url": "https://tabs.ultimate-guitar.com/tab/rodney-crowell/my-fathers-advice-chords-1815314",
      "file_path": null,
      "metadata": {}
    },
    "2634990": {
      "id": "2634990",
      "title": "Nashville 1972",
      "type": "CRD",
      "url": "https://tabs.ultimate-guitar.com/tab/rodney-crowell/nashville-1972-chords-2634990",
      "file_path": null,
      "metadata": {}
    },
    "4765853": {
      "id": "4765853",
      "title": "No Place To Fall",
      "type": "CRD",
      "url": "https://tabs.ultimate-guitar.com/tab/rodney-crowell/no-place-to-fall-chords-4765853",
      "file_path": null,
      "metadata": {}
    },
    "801288": {
      "id": "801288",
      "title": "Nothing",
      "type": "CRD",
      "url": "https://tabs.ultimate-guitar.com/tab/rodney-crowell/nothing-chords-801288",
      "file_path": null,
      "metadata": {}
    },
    "1320319": {
      "id": "1320319",
      "title": "Nothing",
      "type": "UKE",
      "url": "https://tabs.ultimate-guitar.com/tab/rodney-crowell/nothing-ukulele-1320319",
      "file_path": null,
      "metadata": {}
    },
    "1261354": {
      "id": "1261354",
      "title": "Now And Then Theres A Fool Such As I",
      "type": "UKE",
      "url": "https://tabs.ultimate-guitar.com/tab/rodney-crowell/now-and-then-theres-a-fool-such-as-i-ukulele-1261354",
      "file_path": null,
      "metadata": {}
    },
    "801292": {
      "id": "801292",
      "title": "Now That Were Alone",
      "type": "CRD",
      "url": "https://tabs.ultimate-guitar.com/tab/rodney-crowell/now-that-were-alone-chords-801292",
      "file_path": null,
      "metadata": {}
    },
    "1320316": {
      "id": "1320316",
      "title": "Now That Were Alone",
      "type": "UKE",
      "url": "https://tabs.ultimate-guitar.com/tab/rodney-crowell/now-that-were-alone-ukulele-1320316",
      "file_path": null,
      "metadata": {}
    },
    "4422449": {
      "id": "4422449",
      "title": "Old Five And Dimers Like Me",
      "type": "CRD",
      "url": "https://tabs.ultimate-guitar.com/tab/rodney-crowell/old-five-and-dimers-like-me-chords-4422449",
      "file_path": null,
      "metadata": {}
    },
    "5618337": {
      "id": "5618337",
      "title": "Old Pipeliner",
      "type": "CRD",
      "url": "https://tabs.ultimate-guitar.com/tab/rodney-crowell/old-pipeliner-chords-5618337",
      "file_path": null,
      "metadata": {}
    },
    "637600": {
      "id": "637600",
      "title": "On A Real Good Night",
      "type": "CRD",
      "url": "https://tabs.ultimate-guitar.com/tab/rodney-crowell/on-a-real-good-night-chords-637600",
      "file_path": null,
      "metadata": {}
    },
    "1306208": {
      "id": "1306208",
      "title": "On A Real Good Night",
      "type": "UKE",
      "url": "https://tabs.ultimate-guitar.com/tab/rodney-crowell/on-a-real-good-night-ukulele-1306208",
      "file_path": null,
      "metadata": {}
    },
    "740152": {
      "id": "740152",
      "title": "Once In A While",
      "type": "CRD",
      "url": "https://tabs.ultimate-guitar.com/tab/rodney-crowell/once-in-a-while-chords-740152",
      "file_path": null,
      "metadata": {}
    },
    "1314834": {
      "id": "1314834",
      "title": "Once In A While",
      "type": "UKE",
      "url": "https://tabs.ultimate-guitar.com/tab/rodney-crowell/once-in-a-while-ukulele-1314834",
      "file_path": null,
      "metadata": {}
    },
    "637601": {
      "id": "637601",
      "title": "Past Like A Mask",
      "type": "CRD",
      "url": "https://tabs.ultimate-guitar.com/tab/rodney-crowell/past-like-a-mask-chords-637601",
      "file_path": null,
      "metadata": {}
    },
    "1306209": {
      "id": "1306209",
      "title": "Past Like A Mask",
      "type": "UKE",
      "url": "https://tabs.ultimate-guitar.com/tab/rodney-crowell/past-like-a-mask-ukulele-1306209",
      "file_path": null,
      "metadata": {}
    },
    "2286027": {
      "id": "2286027",
      "title": "Please Remember Me",
      "type": "CRD",
      "url": "https://tabs.ultimate-guitar.com/tab/rodney-crowell/please-remember-me-chords-2286027",
      "file_path": null,
      "metadata": {}
    },
    "5290323": {
      "id": "5290323",
      "title": "Queen Of Hearts",
      "type": "CRD",
      "url": "https://tabs.ultimate-guitar.com/tab/rodney-crowell/queen-of-hearts-chords-5290323",
      "file_path": null,
      "metadata": {}
    },
    "4976506": {
      "id": "4976506",
      "title": "Ready To Move On",
      "type": "CRD",
      "url": "https://tabs.ultimate-guitar.com/tab/rodney-crowell/ready-to-move-on-chords-4976506",
      "file_path": null,
      "metadata": {}
    },
    "4132279": {
      "id": "4132279",
      "title": "Reckless",
      "type": "CRD",
      "url": "https://tabs.ultimate-guitar.com/tab/rodney-crowell/reckless-chords-4132279",
      "file_path": null,
      "metadata": {}
    },
    "2105419": {
      "id": "2105419",
      "title": "Ridin Out The Storm",
      "type": "CRD",
      "url": "https://tabs.ultimate-guitar.com/tab/rodney-crowell/ridin-out-the-storm-chords-2105419",
      "file_path": null,
      "metadata": {}
    },
    "2286031": {
      "id": "2286031",
      "title": "Riding Out The Storm",
      "type": "CRD",
      "url": "https://tabs.ultimate-guitar.com/tab/rodney-crowell/riding-out-the-storm-chords-2286031",
      "file_path": null,
      "metadata": {}
    },
    "2286037": {
      "id": "2286037",
      "title": "She Aint Going Nowhere",
      "type": "CRD",
      "url": "https://tabs.ultimate-guitar.com/tab/rodney-crowell/she-aint-going-nowhere-chords-2286037",
      "file_path": null,
      "metadata": {}
    },
    "637602": {
      "id": "637602",
      "title": "She Loves The Jerk",
      "type": "CRD",
      "url": "https://tabs.ultimate-guitar.com/tab/rodney-crowell/she-loves-the-jerk-chords-637602",
      "file_path": null,
      "metadata": {}
    },
    "1306210": {
      "id": "1306210",
      "title": "She Loves The Jerk",
      "type": "UKE",
      "url": "https://tabs.ultimate-guitar.com/tab/rodney-crowell/she-loves-the-jerk-ukulele-1306210",
      "file_path": null,
      "metadata": {}
    },
    "740164": {
      "id": "740164",
      "title": "Shelter From The Storm",
      "type": "CRD",
      "url": "https://tabs.ultimate-guitar.com/tab/rodney-crowell/shelter-from-the-storm-chords-740164",
      "file_path": null,
      "metadata": {}
    },
    "1137482": {
      "id": "1137482",
      "title": "Shes Crazy For Leavin",
      "type": "CRD",
      "url": "https://tabs.ultimate-guitar.com/tab/rodney-crowell/shes-crazy-for-leavin-chords-1137482",
      "file_path": null,
      "metadata": {}
    },
    "2286039": {
      "id": "2286039",
      "title": "Shes Crazy For Leavin (ver 2)",
      "type": "CRD",
      "url": "https://tabs.ultimate-guitar.com/tab/rodney-crowell/shes-crazy-for-leavin-chords-2286039",
      "file_path": null,
      "metadata": {}
    },
    "4575527": {
      "id": "4575527",
      "title": "Silent Night",
      "type": "CRD",
      "url": "https://tabs.ultimate-guitar.com/tab/rodney-crowell/silent-night-chords-4575527",
      "file_path": null,
      "metadata": {}
    },
    "4765787": {
      "id": "4765787",
      "title": "Somebody Loves You",
      "type": "CRD",
      "url": "https://tabs.ultimate-guitar.com/tab/rodney-crowell/somebody-loves-you-chords-4765787",
      "file_path": null,
      "metadata": {}
    },
    "3785573": {
      "id": "3785573",
      "title": "Something Has To Change",
      "type": "CRD",
      "url": "https://tabs.ultimate-guitar.com/tab/rodney-crowell/something-has-to-change-chords-3785573",
      "file_path": null,
      "metadata": {}
    },
    "927724": {
      "id": "927724",
      "title": "Song For Life",
      "type": "BASS",
      "url": "https://tabs.ultimate-guitar.com/tab/rodney-crowell/song-for-life-bass-927724",
      "file_path": null,
      "metadata": {}
    },
    "1261355": {
      "id": "1261355",
      "title": "Song For Life",
      "type": "UKE",
      "url": "https://tabs.ultimate-guitar.com/tab/rodney-crowell/song-for-life-ukulele-1261355",
      "file_path": null,
      "metadata": {}
    },
    "2286043": {
      "id": "2286043",
      "title": "Soul Searchin",
      "type": "CRD",
      "url": "https://tabs.ultimate-guitar.com/tab/rodney-crowell/soul-searchin-chords-2286043",
      "file_path": null,
      "metadata": {}
    },
    "5318826": {
      "id": "5318826",
      "title": "Stars On The Water",
      "type": "CRD",
      "url": "https://tabs.ultimate-guitar.com/tab/rodney-crowell/stars-on-the-water-chords-5318826",
      "file_path": null,
      "metadata": {}
    },
    "1869593": {
      "id": "1869593",
      "title": "Still Learning How To Fly",
      "type": "CRD",
      "url": "https://tabs.ultimate-guitar.com/tab/rodney-crowell/still-learning-how-to-fly-chords-1869593",
      "file_path": null,
      "metadata": {}
    },
    "2285779": {
      "id": "2285779",
      "title": "Storm Of Love",
      "type": "CRD",
      "url": "https://tabs.ultimate-guitar.com/tab/rodney-crowell/storm-of-love-chords-2285779",
      "file_path": null,
      "metadata": {}
    },
    "3065039": {
      "id": "3065039",
      "title": "Telephone Road",
      "type": "CRD",
      "url": "https://tabs.ultimate-guitar.com/tab/rodney-crowell/telephone-road-chords-3065039",
      "file_path": null,
      "metadata": {}
    },
    "740153": {
      "id": "740153",
      "title": "That Ol Door",
      "type": "CRD",
      "url": "https://tabs.ultimate-guitar.com/tab/rodney-crowell/that-ol-door-chords-740153",
      "file_path": null,
      "metadata": {}
    },
    "1314835": {
      "id": "1314835",
      "title": "That Ol Door",
      "type": "UKE",
      "url": "https://tabs.ultimate-guitar.com/tab/rodney-crowell/that-ol-door-ukulele-1314835",
      "file_path": null,
      "metadata": {}
    },
    "801293": {
      "id": "801293",
      "title": "The Best Years Of Our Lives",
      "type": "CRD",
      "url": "https://tabs.ultimate-guitar.com/tab/rodney-crowell/the-best-years-of-our-lives-chords-801293",
      "file_path": null,
      "metadata": {}
    },
    "1320315": {
      "id": "1320315",
      "title": "The Best Years Of Our Lives",
      "type": "UKE",
      "url": "https://tabs.ultimate-guitar.com/tab/rodney-crowell/the-best-years-of-our-lives-ukulele-1320315",
      "file_path": null,
      "metadata": {}
    },
    "1243124": {
      "id": "1243124",
      "title": "The Faith Is Mine",
      "type": "CRD",
      "url": "https://tabs.ultimate-guitar.com/tab/rodney-crowell/the-faith-is-mine-chords-1243124",
      "file_path": null,
      "metadata": {}
    },
    "1392618": {
      "id": "1392618",
      "title": "The Faith Is Mine",
      "type": "UKE",
      "url": "https://tabs.ultimate-guitar.com/tab/rodney-crowell/the-faith-is-mine-ukulele-1392618",
      "file_path": null,
      "metadata": {}
    },
    "1827039": {
      "id": "1827039",
      "title": "The Flyboy And The Kid",
      "type": "CRD",
      "url": "https://tabs.ultimate-guitar.com/tab/rodney-crowell/the-flyboy-and-the-kid-chords-1827039",
      "file_path": null,
      "metadata": {}
    },
    "1853462": {
      "id": "1853462",
      "title": "The Flyboy And The Kid",
      "type": "BASS",
      "url": "https://tabs.ultimate-guitar.com/tab/rodney-crowell/the-flyboy-and-the-kid-bass-1853462",
      "file_path": null,
      "metadata": {}
    },
    "1485619": {
      "id": "1485619",
      "title": "The Long Journey Home",
      "type": "CRD",
      "url": "https://tabs.ultimate-guitar.com/tab/rodney-crowell/the-long-journey-home-chords-1485619",
      "file_path": null,
      "metadata": {}
    },
    "1485621": {
      "id": "1485621",
      "title": "The Long Journey Home (ver 2)",
      "type": "CRD",
      "url": "https://tabs.ultimate-guitar.com/tab/rodney-crowell/the-long-journey-home-chords-1485621",
      "file_path": null,
      "metadata": {}
    },
    "637603": {
      "id": "637603",
      "title": "The Man In Me",
      "type": "CRD",
      "url": "https://tabs.ultimate-guitar.com/tab/rodney-crowell/the-man-in-me-chords-637603",
      "file_path": null,
      "metadata": {}
    },
    "5110498": {
      "id": "5110498",
      "title": "The Man In Me (ver 2)",
      "type": "CRD",
      "url": "https://tabs.ultimate-guitar.com/tab/rodney-crowell/the-man-in-me-chords-5110498",
      "file_path": null,
      "metadata": {}
    },
    "1306211": {
      "id": "1306211",
      "title": "The Man In Me",
      "type": "UKE",
      "url": "https://tabs.ultimate-guitar.com/tab/rodney-crowell/the-man-in-me-ukulele-1306211",
      "file_path": null,
      "metadata": {}
    },
    "2105421": {
      "id": "2105421",
      "title": "The Obscenity Prayer",
      "type": "CRD",
      "url": "https://tabs.ultimate-guitar.com/tab/rodney-crowell/the-obscenity-prayer-chords-2105421",
      "file_path": null,
      "metadata": {}
    },
    "3205898": {
      "id": "3205898",
      "title": "The Obscenity Prayer Give It To Me",
      "type": "CRD",
      "url": "https://tabs.ultimate-guitar.com/tab/rodney-crowell/the-obscenity-prayer-give-it-to-me-chords-3205898",
      "file_path": null,
      "metadata": {}
    },
    "91292": {
      "id": "91292",
      "title": "The One About England",
      "type": "CRD",
      "url": "https://tabs.ultimate-guitar.com/tab/rodney-crowell/the-one-about-england-chords-91292",
      "file_path": null,
      "metadata": {}
    },
    "1270059": {
      "id": "1270059",
      "title": "The One About England",
      "type": "UKE",
      "url": "https://tabs.ultimate-guitar.com/tab/rodney-crowell/the-one-about-england-ukulele-1270059",
      "file_path": null,
      "metadata": {}
    },
    "5778413": {
      "id": "5778413",
      "title": "The Outsider",
      "type": "BASS",
      "url": "https://tabs.ultimate-guitar.com/tab/rodney-crowell/the-outsider-bass-5778413",
      "file_path": null,
      "metadata": {}
    },
    "123348": {
      "id": "123348",
      "title": "The Rock Of My Soul",
      "type": "CRD",
      "url": "https://tabs.ultimate-guitar.com/tab/rodney-crowell/the-rock-of-my-soul-chords-123348",
      "file_path": null,
      "metadata": {}
    },
    "1272309": {
      "id": "1272309",
      "title": "The Rock Of My Soul",
      "type": "UKE",
      "url": "https://tabs.ultimate-guitar.com/tab/rodney-crowell/the-rock-of-my-soul-ukulele-1272309",
      "file_path": null,
      "metadata": {}
    },
    "3474653": {
      "id": "3474653",
      "title": "Things I Wish Id Said",
      "type": "CRD",
      "url": "https://tabs.ultimate-guitar.com/tab/rodney-crowell/things-i-wish-id-said-chords-3474653",
      "file_path": null,
      "metadata": {}
    },
    "3544574": {
      "id": "3544574",
      "title": "Time To Go Inward",
      "type": "CRD",
      "url": "https://tabs.ultimate-guitar.com/tab/rodney-crowell/time-to-go-inward-chords-3544574",
      "file_path": null,
      "metadata": {}
    },
    "801300": {
      "id": "801300",
      "title": "Topsy Turvy",
      "type": "CRD",
      "url": "https://tabs.ultimate-guitar.com/tab/rodney-crowell/topsy-turvy-chords-801300",
      "file_path": null,
      "metadata": {}
    },
    "910958": {
      "id": "910958",
      "title": "Topsy Turvy (ver 2)",
      "type": "CRD",
      "url": "https://tabs.ultimate-guitar.com/tab/rodney-crowell/topsy-turvy-chords-910958",
      "file_path": null,
      "metadata": {}
    },
    "1320310": {
      "id": "1320310",
      "title": "Topsy Turvy",
      "type": "UKE",
      "url": "https://tabs.ultimate-guitar.com/tab/rodney-crowell/topsy-turvy-ukulele-1320310",
      "file_path": null,
      "metadata": {}
    },
    "3789242": {
      "id": "3789242",
      "title": "Transient Global Amnesia Blues",
      "type": "CRD",
      "url": "https://tabs.ultimate-guitar.com/tab/rodney-crowell/transient-global-amnesia-blues-chords-3789242",
      "file_path": null,
      "metadata": {}
    },
    "3789185": {
      "id": "3789185",
      "title": "Triage",
      "type": "CRD",
      "url": "https://tabs.ultimate-guitar.com/tab/rodney-crowell/triage-chords-3789185",
      "file_path": null,
      "metadata": {}
    },
    "759064": {
      "id": "759064",
      "title": "Until Now",
      "type": "CRD",
      "url": "https://tabs.ultimate-guitar.com/tab/rodney-crowell/until-now-chords-759064",
      "file_path": null,
      "metadata": {}
    },
    "1316996": {
      "id": "1316996",
      "title": "Until Now",
      "type": "UKE",
      "url": "https://tabs.ultimate-guitar.com/tab/rodney-crowell/until-now-ukulele-1316996",
      "file_path": null,
      "metadata": {}
    },
    "65406": {
      "id": "65406",
      "title": "Victim Or A Fool",
      "type": "CRD",
      "url": "https://tabs.ultimate-guitar.com/tab/rodney-crowell/victim-or-a-fool-chords-65406",
      "file_path": null,
      "metadata": {}
    },
    "1261356": {
      "id": "1261356",
      "title": "Victim Or A Fool",
      "type": "UKE",
      "url": "https://tabs.ultimate-guitar.com/tab/rodney-crowell/victim-or-a-fool-ukulele-1261356",
      "file_path": null,
      "metadata": {}
    },
    "65407": {
      "id": "65407",
      "title": "Viola An American Dream",
      "type": "CRD",
      "url": "https://tabs.ultimate-guitar.com/tab/rodney-crowell/viola-an-american-dream-chords-65407",
      "file_path": null,
      "metadata": {}
    },
    "1261357": {
      "id": "1261357",
      "title": "Viola An American Dream",
      "type": "UKE",
      "url": "https://tabs.ultimate-guitar.com/tab/rodney-crowell/viola-an-american-dream-ukulele-1261357",
      "file_path": null,
      "metadata": {}
    },
    "429399": {
      "id": "429399",
      "title": "Wandering Boy",
      "type": "CRD",
      "url": "https://tabs.ultimate-guitar.com/tab/rodney-crowell/wandering-boy-chords-429399",
      "file_path": null,
      "metadata": {}
    },
    "429407": {
      "id": "429407",
      "title": "Wandering Boy (ver 2)",
      "type": "CRD",
      "url": "https://tabs.ultimate-guitar.com/tab/rodney-crowell/wandering-boy-chords-429407",
      "file_path": null,
      "metadata": {}
    },
    "925144": {
      "id": "925144",
      "title": "Wandering Boy  Solo",
      "type": "TAB",
      "url": "https://tabs.ultimate-guitar.com/tab/rodney-crowell/wandering-boy-tabs-925144",
      "file_path": null,
      "metadata": {}
    },
    "1292402": {
      "id": "1292402",
      "title": "Wandering Boy",
      "type": "UKE",
      "url": "https://tabs.ultimate-guitar.com/tab/rodney-crowell/wandering-boy-ukulele-1292402",
      "file_path": null,
      "metadata": {}
    },
    "2286059": {
      "id": "2286059",
      "title": "What Kind Of Love",
      "type": "CRD",
      "url": "https://tabs.ultimate-guitar.com/tab/rodney-crowell/what-kind-of-love-chords-2286059",
      "file_path": null,
      "metadata": {}
    },
    "3902804": {
      "id": "3902804",
      "title": "What Kind Of Love (ver 2)",
      "type": "CRD",
      "url": "https://tabs.ultimate-guitar.com/tab/rodney-crowell/what-kind-of-love-chords-3902804",
      "file_path": null,
      "metadata": {}
    },
    "3892067": {
      "id": "3892067",
      "title": "What You Gonna Do Now",
      "type": "CRD",
      "url": "https://tabs.ultimate-guitar.com/tab/rodney-crowell/what-you-gonna-do-now-chords-3892067",
      "file_path": null,
      "metadata": {}
    },
    "637604": {
      "id": "637604",
      "title": "When Im Free Again",
      "type": "CRD",
      "url": "https://tabs.ultimate-guitar.com/tab/rodney-crowell/when-im-free-again-chords-637604",
      "file_path": null,
      "metadata": {}
    },
    "1306212": {
      "id": "1306212",
      "title": "When Im Free Again",
      "type": "UKE",
      "url": "https://tabs.ultimate-guitar.com/tab/rodney-crowell/when-im-free-again-ukulele-1306212",
      "file_path": null,
      "metadata": {}
    },
    "637605": {
      "id": "637605",
      "title": "When The Blue Hour Comes",
      "type": "CRD",
      "url": "https://tabs.ultimate-guitar.com/tab/rodney-crowell/when-the-blue-hour-comes-chords-637605",
      "file_path": null,
      "metadata": {}
    },
    "1306213": {
      "id": "1306213",
      "title": "When The Blue Hour Comes",
      "type": "UKE",
      "url": "https://tabs.ultimate-guitar.com/tab/rodney-crowell/when-the-blue-hour-comes-ukulele-1306213",
      "file_path": null,
      "metadata": {}
    },
    "801297": {
      "id": "801297",
      "title": "Why Dont We Talk About It",
      "type": "CRD",
      "url": "https://tabs.ultimate-guitar.com/tab/rodney-crowell/why-dont-we-talk-about-it-chords-801297",
      "file_path": null,
      "metadata": {}
    },
    "1815447": {
      "id": "1815447",
      "title": "Why Dont We Talk About It (ver 2)",
      "type": "CRD",
      "url": "https://tabs.ultimate-guitar.com/tab/rodney-crowell/why-dont-we-talk-about-it-chords-1815447",
      "file_path": null,
      "metadata": {}
    },
    "1320311": {
      "id": "1320311",
      "title": "Why Dont We Talk About It",
      "type": "UKE",
      "url": "https://tabs.ultimate-guitar.com/tab/rodney-crowell/why-dont-we-talk-about-it-ukulele-1320311",
      "file_path": null,
      "metadata": {}
    },
    "4766762": {
      "id": "4766762",
      "title": "Youre Supposed To Be Feeling Good",
      "type": "CRD",
      "url": "https://tabs.ultimate-guitar.com/tab/rodney-crowell/youre-supposed-to-be-feeling-good-chords-4766762",
      "file_path": null,
      "metadata": {}
    }
  }
}