{
  "id": "10823",
  "name": "Barış Manço",
  "url": "https://www.ultimate-guitar.com/artist/10823",
  "tabs": {
    "749459": {
      "id": "749459",
      "title": "Gulpembe",
      "type": "PRO",
      "url": "https://tabs.ultimate-guitar.com/tab/749459",
      "file_path": null,
      "metadata": {}
    },
    "224596": {
      "id": "224596",
      "title": "Donence",
      "type": "PRO",
      "url": "https://tabs.ultimate-guitar.com/tab/224596",
      "file_path": null,
      "metadata": {}
    },
    "1471214": {
      "id": "1471214",
      "title": "Gulpembe",
      "type": "CRD",
      "url": "https://tabs.ultimate-guitar.com/tab/1471214",
      "file_path": null,
      "metadata": {}
    },
    "77201": {
      "id": "77201",
      "title": "Gulpembe",
      "type": "BASS",
      "url": "https://tabs.ultimate-guitar.com/tab/77201",
      "file_path": null,
      "metadata": {}
    },
    "77195": {
      "id": "77195",
      "title": "Donence",
      "type": "BASS",
      "url": "https://tabs.ultimate-guitar.com/tab/77195",
      "file_path": null,
      "metadata": {}
    },
    "3232379": {
      "id": "3232379",
      "title": "Egri Bügrü",
      "type": "CRD",
      "url": "https://tabs.ultimate-guitar.com/tab/3232379",
      "file_path": null,
      "metadata": {}
    },
    "77196": {
      "id": "77196",
      "title": "Daglar Daglar",
      "type": "CRD",
      "url": "https://tabs.ultimate-guitar.com/tab/77196",
      "file_path": null,
      "metadata": {}
    },
    "1034019": {
      "id": "1034019",
      "title": "Donence",
      "type": "TAB",
      "url": "https://tabs.ultimate-guitar.com/tab/1034019",
      "file_path": null,
      "metadata": {}
    },
    "2895593": {
      "id": "2895593",
      "title": "Kara Sevda",
      "type": "CRD",
      "url": "https://tabs.ultimate-guitar.com/tab/2895593",
      "file_path": null,
      "metadata": {}
    },
    "4710845": {
      "id": "4710845",
      "title": "Alla Beni Pulla Beni",
      "type": "PRO",
      "url": "https://tabs.ultimate-guitar.com/tab/4710845",
      "file_path": null,
      "metadata": {}
    },
    "3022928": {
      "id": "3022928",
      "title": "Alla Beni Pulla Beni",
      "type": "CRD",
      "url": "https://tabs.ultimate-guitar.com/tab/3022928",
      "file_path": null,
      "metadata": {}
    },
    "5502177": {
      "id": "5502177",
      "title": "Alla Beni Pulla Beni  Intro",
      "type": "TAB",
      "url": "https://tabs.ultimate-guitar.com/tab/5502177",
      "file_path": null,
      "metadata": {}
    },
    "4315382": {
      "id": "4315382",
      "title": "Aman Yavaş Aheste",
      "type": "TAB",
      "url": "https://tabs.ultimate-guitar.com/tab/4315382",
      "file_path": null,
      "metadata": {}
    },
    "1463555": {
      "id": "1463555",
      "title": "Anliyorsun Degil Mi",
      "type": "CRD",
      "url": "https://tabs.ultimate-guitar.com/tab/1463555",
      "file_path": null,
      "metadata": {}
    },
    "2600052": {
      "id": "2600052",
      "title": "Anliyorsun Degil Mi",
      "type": "UKE",
      "url": "https://tabs.ultimate-guitar.com/tab/2600052",
      "file_path": null,
      "metadata": {}
    },
    "2682615": {
      "id": "2682615",
      "title": "Arkadaşım Eşek",
      "type": "CRD",
      "url": "https://tabs.ultimate-guitar.com/tab/2682615",
      "file_path": null,
      "metadata": {}
    },
    "4685306": {
      "id": "4685306",
      "title": "Arkadaşım Eşek  Intro",
      "type": "TAB",
      "url": "https://tabs.ultimate-guitar.com/tab/4685306",
      "file_path": null,
      "metadata": {}
    },
    "2716890": {
      "id": "2716890",
      "title": "Aynalı Kemer",
      "type": "CRD",
      "url": "https://tabs.ultimate-guitar.com/tab/2716890",
      "file_path": null,
      "metadata": {}
    },
    "3946682": {
      "id": "3946682",
      "title": "Ben Bilirim",
      "type": "CRD",
      "url": "https://tabs.ultimate-guitar.com/tab/3946682",
      "file_path": null,
      "metadata": {}
    },
    "5306541": {
      "id": "5306541",
      "title": "Bir Selam Sana Gönül Dağlarından",
      "type": "CRD",
      "url": "https://tabs.ultimate-guitar.com/tab/5306541",
      "file_path": null,
      "metadata": {}
    },
    "4266634": {
      "id": "4266634",
      "title": "Bugün Bayram",
      "type": "CRD",
      "url": "https://tabs.ultimate-guitar.com/tab/4266634",
      "file_path": null,
      "metadata": {}
    },
    "3271802": {
      "id": "3271802",
      "title": "Bugün Bayram",
      "type": "TAB",
      "url": "https://tabs.ultimate-guitar.com/tab/3271802",
      "file_path": null,
      "metadata": {}
    },
    "5020609": {
      "id": "5020609",
      "title": "Cacık  Intro",
      "type": "TAB",
      "url": "https://tabs.ultimate-guitar.com/tab/5020609",
      "file_path": null,
      "metadata": {}
    },
    "77199": {
      "id": "77199",
      "title": "Can Bedenden Cikmayinca",
      "type": "CRD",
      "url": "https://tabs.ultimate-guitar.com/tab/77199",
      "file_path": null,
      "metadata": {}
    },
    "1265632": {
      "id": "1265632",
      "title": "Can Bedenden Cikmayinca",
      "type": "UKE",
      "url": "https://tabs.ultimate-guitar.com/tab/1265632",
      "file_path": null,
      "metadata": {}
    },
    "1265630": {
      "id": "1265630",
      "title": "Daglar Daglar",
      "type": "UKE",
      "url": "https://tabs.ultimate-guitar.com/tab/1265630",
      "file_path": null,
      "metadata": {}
    },
    "224595": {
      "id": "224595",
      "title": "Dnence Cover By Dedlam",
      "type": "PRO",
      "url": "https://tabs.ultimate-guitar.com/tab/224595",
      "file_path": null,
      "metadata": {}
    },
    "3147206": {
      "id": "3147206",
      "title": "Domates Biber Patlıcan",
      "type": "CRD",
      "url": "https://tabs.ultimate-guitar.com/tab/3147206",
      "file_path": null,
      "metadata": {}
    },
    "1696751": {
      "id": "1696751",
      "title": "Donence  Solo",
      "type": "TAB",
      "url": "https://tabs.ultimate-guitar.com/tab/1696751",
      "file_path": null,
      "metadata": {}
    },
    "1215382": {
      "id": "1215382",
      "title": "Donence  Solo",
      "type": "PRO",
      "url": "https://tabs.ultimate-guitar.com/tab/1215382",
      "file_path": null,
      "metadata": {}
    },
    "2818433": {
      "id": "2818433",
      "title": "Donence (ver 2)",
      "type": "PRO",
      "url": "https://tabs.ultimate-guitar.com/tab/2818433",
      "file_path": null,
      "metadata": {}
    },
    "5509518": {
      "id": "5509518",
      "title": "Donence (ver 3)",
      "type": "PRO",
      "url": "https://tabs.ultimate-guitar.com/tab/5509518",
      "file_path": null,
      "metadata": {}
    },
    "5216043": {
      "id": "5216043",
      "title": "Eğri Eğri Doğru Doğru Eğri Büğrü Ama Yinede Doğru",
      "type": "CRD",
      "url": "https://tabs.ultimate-guitar.com/tab/5216043",
      "file_path": null,
      "metadata": {}
    },
    "3948131": {
      "id": "3948131",
      "title": "Eski Bir Fincan",
      "type": "CRD",
      "url": "https://tabs.ultimate-guitar.com/tab/3948131",
      "file_path": null,
      "metadata": {}
    },
    "77197": {
      "id": "77197",
      "title": "Flower Of Love",
      "type": "CRD",
      "url": "https://tabs.ultimate-guitar.com/tab/77197",
      "file_path": null,
      "metadata": {}
    },
    "5308890": {
      "id": "5308890",
      "title": "Flower Of Love (ver 2)",
      "type": "CRD",
      "url": "https://tabs.ultimate-guitar.com/tab/5308890",
      "file_path": null,
      "metadata": {}
    },
    "1265631": {
      "id": "1265631",
      "title": "Flower Of Love",
      "type": "UKE",
      "url": "https://tabs.ultimate-guitar.com/tab/1265631",
      "file_path": null,
      "metadata": {}
    },
    "1816170": {
      "id": "1816170",
      "title": "Gesi Baglari",
      "type": "CRD",
      "url": "https://tabs.ultimate-guitar.com/tab/1816170",
      "file_path": null,
      "metadata": {}
    },
    "1688157": {
      "id": "1688157",
      "title": "Gesi Baglari",
      "type": "PRO",
      "url": "https://tabs.ultimate-guitar.com/tab/1688157",
      "file_path": null,
      "metadata": {}
    },
    "3941456": {
      "id": "3941456",
      "title": "Gül Bebeğim",
      "type": "CRD",
      "url": "https://tabs.ultimate-guitar.com/tab/3941456",
      "file_path": null,
      "metadata": {}
    },
    "5611089": {
      "id": "5611089",
      "title": "Gülme Ha Gülme",
      "type": "CRD",
      "url": "https://tabs.ultimate-guitar.com/tab/5611089",
      "file_path": null,
      "metadata": {}
    },
    "2596710": {
      "id": "2596710",
      "title": "Gulpembe  Intro",
      "type": "TAB",
      "url": "https://tabs.ultimate-guitar.com/tab/2596710",
      "file_path": null,
      "metadata": {}
    },
    "4685309": {
      "id": "4685309",
      "title": "Gulpembe (ver 2) Intro",
      "type": "TAB",
      "url": "https://tabs.ultimate-guitar.com/tab/4685309",
      "file_path": null,
      "metadata": {}
    },
    "5111089": {
      "id": "5111089",
      "title": "Gulpembe (ver 3) Intro",
      "type": "TAB",
      "url": "https://tabs.ultimate-guitar.com/tab/5111089",
      "file_path": null,
      "metadata": {}
    },
    "1026276": {
      "id": "1026276",
      "title": "Gulpembe (ver 2)",
      "type": "PRO",
      "url": "https://tabs.ultimate-guitar.com/tab/1026276",
      "file_path": null,
      "metadata": {}
    },
    "1425802": {
      "id": "1425802",
      "title": "Gulpembe (ver 3)",
      "type": "PRO",
      "url": "https://tabs.ultimate-guitar.com/tab/1425802",
      "file_path": null,
      "metadata": {}
    },
    "5337357": {
      "id": "5337357",
      "title": "Gulpembe (ver 4)",
      "type": "PRO",
      "url": "https://tabs.ultimate-guitar.com/tab/5337357",
      "file_path": null,
      "metadata": {}
    },
    "3178955": {
      "id": "3178955",
      "title": "Hal Hal",
      "type": "CRD",
      "url": "https://tabs.ultimate-guitar.com/tab/3178955",
      "file_path": null,
      "metadata": {}
    },
    "3039249": {
      "id": "3039249",
      "title": "Halhal",
      "type": "CRD",
      "url": "https://tabs.ultimate-guitar.com/tab/3039249",
      "file_path": null,
      "metadata": {}
    },
    "224597": {
      "id": "224597",
      "title": "Halhal",
      "type": "PRO",
      "url": "https://tabs.ultimate-guitar.com/tab/224597",
      "file_path": null,
      "metadata": {}
    },
    "5182119": {
      "id": "5182119",
      "title": "Halil Ibrahim Sofrasi",
      "type": "CRD",
      "url": "https://tabs.ultimate-guitar.com/tab/5182119",
      "file_path": null,
      "metadata": {}
    },
    "77202": {
      "id": "77202",
      "title": "Halil Ibrahim Sofrasi",
      "type": "TAB",
      "url": "https://tabs.ultimate-guitar.com/tab/77202",
      "file_path": null,
      "metadata": {}
    },
    "3851567": {
      "id": "3851567",
      "title": "İşte Hendek İşte Deve",
      "type": "CRD",
      "url": "https://tabs.ultimate-guitar.com/tab/3851567",
      "file_path": null,
      "metadata": {}
    },
    "4019131": {
      "id": "4019131",
      "title": "Kara Sevda",
      "type": "PRO",
      "url": "https://tabs.ultimate-guitar.com/tab/4019131",
      "file_path": null,
      "metadata": {}
    },
    "1416138": {
      "id": "1416138",
      "title": "Kol Dugmeleri",
      "type": "CRD",
      "url": "https://tabs.ultimate-guitar.com/tab/1416138",
      "file_path": null,
      "metadata": {}
    },
    "77203": {
      "id": "77203",
      "title": "Kol Dugmeleri",
      "type": "TAB",
      "url": "https://tabs.ultimate-guitar.com/tab/77203",
      "file_path": null,
      "metadata": {}
    },
    "224598": {
      "id": "224598",
      "title": "Kol Dugmeleri",
      "type": "PRO",
      "url": "https://tabs.ultimate-guitar.com/tab/224598",
      "file_path": null,
      "metadata": {}
    },
    "4585325": {
      "id": "4585325",
      "title": "Küheylan",
      "type": "CRD",
      "url": "https://tabs.ultimate-guitar.com/tab/4585325",
      "file_path": null,
      "metadata": {}
    },
    "4680527": {
      "id": "4680527",
      "title": "La Casa Della Mamma Tulipano",
      "type": "CRD",
      "url": "https://tabs.ultimate-guitar.com/tab/4680527",
      "file_path": null,
      "metadata": {}
    },
    "77200": {
      "id": "77200",
      "title": "Lady Of The Seventh Sky",
      "type": "CRD",
      "url": "https://tabs.ultimate-guitar.com/tab/77200",
      "file_path": null,
      "metadata": {}
    },
    "1265633": {
      "id": "1265633",
      "title": "Lady Of The Seventh Sky",
      "type": "UKE",
      "url": "https://tabs.ultimate-guitar.com/tab/1265633",
      "file_path": null,
      "metadata": {}
    },
    "77198": {
      "id": "77198",
      "title": "Lahburger",
      "type": "BASS",
      "url": "https://tabs.ultimate-guitar.com/tab/77198",
      "file_path": null,
      "metadata": {}
    },
    "77204": {
      "id": "77204",
      "title": "Lonely Man",
      "type": "CRD",
      "url": "https://tabs.ultimate-guitar.com/tab/77204",
      "file_path": null,
      "metadata": {}
    },
    "1265634": {
      "id": "1265634",
      "title": "Lonely Man",
      "type": "UKE",
      "url": "https://tabs.ultimate-guitar.com/tab/1265634",
      "file_path": null,
      "metadata": {}
    },
    "77205": {
      "id": "77205",
      "title": "Lucky Road",
      "type": "CRD",
      "url": "https://tabs.ultimate-guitar.com/tab/77205",
      "file_path": null,
      "metadata": {}
    },
    "1265635": {
      "id": "1265635",
      "title": "Lucky Road",
      "type": "UKE",
      "url": "https://tabs.ultimate-guitar.com/tab/1265635",
      "file_path": null,
      "metadata": {}
    },
    "5219535": {
      "id": "5219535",
      "title": "Ne Ola Yar Ola",
      "type": "CRD",
      "url": "https://tabs.ultimate-guitar.com/tab/5219535",
      "file_path": null,
      "metadata": {}
    },
    "3845003": {
      "id": "3845003",
      "title": "Ömrümün Sonbaharında",
      "type": "CRD",
      "url": "https://tabs.ultimate-guitar.com/tab/3845003",
      "file_path": null,
      "metadata": {}
    },
    "224599": {
      "id": "224599",
      "title": "Sar Izmeli Mehmet Aa",
      "type": "PRO",
      "url": "https://tabs.ultimate-guitar.com/tab/224599",
      "file_path": null,
      "metadata": {}
    },
    "5689964": {
      "id": "5689964",
      "title": "Sarı Çizmeli Mehmet Ağa",
      "type": "CRD",
      "url": "https://tabs.ultimate-guitar.com/tab/5689964",
      "file_path": null,
      "metadata": {}
    },
    "2462430": {
      "id": "2462430",
      "title": "Seher Vakti",
      "type": "CRD",
      "url": "https://tabs.ultimate-guitar.com/tab/2462430",
      "file_path": null,
      "metadata": {}
    },
    "3696185": {
      "id": "3696185",
      "title": "Trip Fairground",
      "type": "BASS",
      "url": "https://tabs.ultimate-guitar.com/tab/3696185",
      "file_path": null,
      "metadata": {}
    },
    "3491522": {
      "id": "3491522",
      "title": "Unutamadim",
      "type": "CRD",
      "url": "https://tabs.ultimate-guitar.com/tab/3491522",
      "file_path": null,
      "metadata": {}
    },
    "3065174": {
      "id": "3065174",
      "title": "Unutamıyorum",
      "type": "CRD",
      "url": "https://tabs.ultimate-guitar.com/tab/3065174",
      "file_path": null,
      "metadata": {}
    },
    "5496780": {
      "id": "5496780",
      "title": "Vur Ha Vur",
      "type": "CRD",
      "url": "https://tabs.ultimate-guitar.com/tab/5496780",
      "file_path": null,
      "metadata": {}
    },
    "1416142": {
      "id": "1416142",
      "title": "Yemen Turkusu",
      "type": "CRD",
      "url": "https://tabs.ultimate-guitar.com/tab/1416142",
      "file_path": null,
      "metadata": {}
    },
    "4645028": {
      "id": "4645028",
      "title": "Yeni Bir Gün",
      "type": "CRD",
      "url": "https://tabs.ultimate-guitar.com/tab/4645028",
      "file_path": null,
      "metadata": {}
    },
    "2462438": {
      "id": "2462438",
      "title": "Yine Yol Göründü Gurbete",
      "type": "CRD",
      "url": "https://tabs.ultimate-guitar.com/tab/2462438",
      "file_path": null,
      "metadata": {}
    }
  }
}