{
  "id": "110577",
  "name": "Quercia",
  "url": "https://www.ultimate-guitar.com/artist/quercia_110577",
  "tabs": {
    "3080474": {
      "id": "3080474",
      "title": "Bivio 岐路",
      "type": "CRD",
      "url": "https://tabs.ultimate-guitar.com/tab/3080474",
      "file_path": null,
      "metadata": {}
    },
    "5559693": {
      "id": "5559693",
      "title": "Confini",
      "type": "CRD",
      "url": "https://tabs.ultimate-guitar.com/tab/quercia/confini-chords-5559693",
      "file_path": null,
      "metadata": {}
    },
    "2409581": {
      "id": "2409581",
      "title": "Grazie E Arrivederci",
      "type": "CRD",
      "url": "https://tabs.ultimate-guitar.com/tab/quercia/grazie-e-arrivederci-chords-2409581",
      "file_path": null,
      "metadata": {}
    },
    "2379635": {
      "id": "2379635",
      "title": "Lynch",
      "type": "CRD",
      "url": "https://tabs.ultimate-guitar.com/tab/quercia/lynch-chords-2379635",
      "file_path": null,
      "metadata": {}
    },
    "2379641": {
      "id": "2379641",
      "title": "Mida",
      "type": "CRD",
      "url": "https://tabs.ultimate-guitar.com/tab/quercia/mida-chords-2379641",
      "file_path": null,
      "metadata": {}
    },
    "3164396": {
      "id": "3164396",
      "title": "Mida (ver 2)",
      "type": "CRD",
      "url": "https://tabs.ultimate-guitar.com/tab/quercia/mida-chords-3164396",
      "file_path": null,
      "metadata": {}
    },
    "2523237": {
      "id": "2523237",
      "title": "Nubi",
      "type": "CRD",
      "url": "https://tabs.ultimate-guitar.com/tab/quercia/nubi-chords-2523237",
      "file_path": null,
      "metadata": {}
    },
    "2969855": {
      "id": "2969855",
      "title": "Posto Di Blocco",
      "type": "CRD",
      "url": "https://tabs.ultimate-guitar.com/tab/quercia/posto-di-blocco-chords-2969855",
      "file_path": null,
      "metadata": {}
    },
    "2379633": {
      "id": "2379633",
      "title": "Ritardo",
      "type": "CRD",
      "url": "https://tabs.ultimate-guitar.com/tab/quercia/ritardo-chords-2379633",
      "file_path": null,
      "metadata": {}
    },
    "2409597": {
      "id": "2409597",
      "title": "Sempre Lividi",
      "type": "CRD",
      "url": "https://tabs.ultimate-guitar.com/tab/quercia/sempre-lividi-chords-2409597",
      "file_path": null,
      "metadata": {}
    },
    "2913050": {
      "id": "2913050",
      "title": "Torri",
      "type": "CRD",
      "url": "https://tabs.ultimate-guitar.com/tab/quercia/torri-chords-2913050",
      "file_path": null,
      "metadata": {}
    }
  }
}