{
  "id": "10960",
  "name": "Ian Moore",
  "url": "https://www.ultimate-guitar.com/artist/ian_moore_10960",
  "tabs": {
    "473250": {
      "id": "473250",
      "title": "April",
      "type": "TAB",
      "url": "https://tabs.ultimate-guitar.com/tab/ian-moore/april-tabs-473250",
      "file_path": null,
      "metadata": {}
    },
    "76859": {
      "id": "76859",
      "title": "Bar Line 9",
      "type": "TAB",
      "url": "https://tabs.ultimate-guitar.com/tab/ian-moore/bar-line-9-tabs-76859",
      "file_path": null,
      "metadata": {}
    },
    "1687650": {
      "id": "1687650",
      "title": "Blue Sky",
      "type": "CRD",
      "url": "https://tabs.ultimate-guitar.com/tab/ian-moore/blue-sky-chords-1687650",
      "file_path": null,
      "metadata": {}
    },
    "182416": {
      "id": "182416",
      "title": "Caroline",
      "type": "TAB",
      "url": "https://tabs.ultimate-guitar.com/tab/ian-moore/caroline-tabs-182416",
      "file_path": null,
      "metadata": {}
    },
    "566750": {
      "id": "566750",
      "title": "Harlem",
      "type": "TAB",
      "url": "https://tabs.ultimate-guitar.com/tab/ian-moore/harlem-tabs-566750",
      "file_path": null,
      "metadata": {}
    },
    "186097": {
      "id": "186097",
      "title": "How Does It Feel",
      "type": "TAB",
      "url": "https://tabs.ultimate-guitar.com/tab/ian-moore/how-does-it-feel-tabs-186097",
      "file_path": null,
      "metadata": {}
    },
    "507730": {
      "id": "507730",
      "title": "Jesus Wash Away My Troubles",
      "type": "TAB",
      "url": "https://tabs.ultimate-guitar.com/tab/ian-moore/jesus-wash-away-my-troubles-tabs-507730",
      "file_path": null,
      "metadata": {}
    },
    "76860": {
      "id": "76860",
      "title": "Lie",
      "type": "CRD",
      "url": "https://tabs.ultimate-guitar.com/tab/ian-moore/lie-chords-76860",
      "file_path": null,
      "metadata": {}
    },
    "1265450": {
      "id": "1265450",
      "title": "Lie",
      "type": "UKE",
      "url": "https://tabs.ultimate-guitar.com/tab/ian-moore/lie-ukulele-1265450",
      "file_path": null,
      "metadata": {}
    },
    "3161630": {
      "id": "3161630",
      "title": "Lords Of The Levee",
      "type": "CRD",
      "url": "https://tabs.ultimate-guitar.com/tab/ian-moore/lords-of-the-levee-chords-3161630",
      "file_path": null,
      "metadata": {}
    },
    "76861": {
      "id": "76861",
      "title": "Magdalena",
      "type": "CRD",
      "url": "https://tabs.ultimate-guitar.com/tab/ian-moore/magdalena-chords-76861",
      "file_path": null,
      "metadata": {}
    },
    "472953": {
      "id": "472953",
      "title": "Magdalena",
      "type": "TAB",
      "url": "https://tabs.ultimate-guitar.com/tab/ian-moore/magdalena-tabs-472953",
      "file_path": null,
      "metadata": {}
    },
    "1265451": {
      "id": "1265451",
      "title": "Magdalena",
      "type": "UKE",
      "url": "https://tabs.ultimate-guitar.com/tab/ian-moore/magdalena-ukulele-1265451",
      "file_path": null,
      "metadata": {}
    },
    "898922": {
      "id": "898922",
      "title": "Muddy Jesus",
      "type": "CRD",
      "url": "https://tabs.ultimate-guitar.com/tab/ian-moore/muddy-jesus-chords-898922",
      "file_path": null,
      "metadata": {}
    },
    "1049398": {
      "id": "1049398",
      "title": "Muddy Jesus",
      "type": "TAB",
      "url": "https://tabs.ultimate-guitar.com/tab/ian-moore/muddy-jesus-tabs-1049398",
      "file_path": null,
      "metadata": {}
    },
    "1052003": {
      "id": "1052003",
      "title": "Muddy Jesus",
      "type": "PRO",
      "url": "https://tabs.ultimate-guitar.com/tab/ian-moore/muddy-jesus-guitar-pro-1052003",
      "file_path": null,
      "metadata": {}
    },
    "1056765": {
      "id": "1056765",
      "title": "Muddy Jesus",
      "type": "PWR",
      "url": "https://tabs.ultimate-guitar.com/tab/ian-moore/muddy-jesus-power-1056765",
      "file_path": null,
      "metadata": {}
    },
    "1049383": {
      "id": "1049383",
      "title": "Muddy Jesus",
      "type": "BASS",
      "url": "https://tabs.ultimate-guitar.com/tab/ian-moore/muddy-jesus-bass-1049383",
      "file_path": null,
      "metadata": {}
    },
    "1332948": {
      "id": "1332948",
      "title": "Muddy Jesus",
      "type": "UKE",
      "url": "https://tabs.ultimate-guitar.com/tab/ian-moore/muddy-jesus-ukulele-1332948",
      "file_path": null,
      "metadata": {}
    },
    "182414": {
      "id": "182414",
      "title": "New Day",
      "type": "TAB",
      "url": "https://tabs.ultimate-guitar.com/tab/ian-moore/new-day-tabs-182414",
      "file_path": null,
      "metadata": {}
    },
    "51638": {
      "id": "51638",
      "title": "Satisfied",
      "type": "CRD",
      "url": "https://tabs.ultimate-guitar.com/tab/ian-moore/satisfied-chords-51638",
      "file_path": null,
      "metadata": {}
    },
    "1054399": {
      "id": "1054399",
      "title": "Satisfied",
      "type": "PRO",
      "url": "https://tabs.ultimate-guitar.com/tab/ian-moore/satisfied-guitar-pro-1054399",
      "file_path": null,
      "metadata": {}
    },
    "1432757": {
      "id": "1432757",
      "title": "Satisfied",
      "type": "BASS",
      "url": "https://tabs.ultimate-guitar.com/tab/ian-moore/satisfied-bass-1432757",
      "file_path": null,
      "metadata": {}
    },
    "1256732": {
      "id": "1256732",
      "title": "Satisfied",
      "type": "UKE",
      "url": "https://tabs.ultimate-guitar.com/tab/ian-moore/satisfied-ukulele-1256732",
      "file_path": null,
      "metadata": {}
    },
    "4948264": {
      "id": "4948264",
      "title": "Sir Robert Scott",
      "type": "CRD",
      "url": "https://tabs.ultimate-guitar.com/tab/ian-moore/sir-robert-scott-chords-4948264",
      "file_path": null,
      "metadata": {}
    },
    "508034": {
      "id": "508034",
      "title": "Society",
      "type": "TAB",
      "url": "https://tabs.ultimate-guitar.com/tab/ian-moore/society-tabs-508034",
      "file_path": null,
      "metadata": {}
    },
    "511674": {
      "id": "511674",
      "title": "Today",
      "type": "TAB",
      "url": "https://tabs.ultimate-guitar.com/tab/ian-moore/today-tabs-511674",
      "file_path": null,
      "metadata": {}
    }
  }
}