{
  "id": "10489",
  "name": "Isaac Hayes",
  "url": "https://www.ultimate-guitar.com/artist/isaac_hayes_10489",
  "tabs": {
    "5664018": {
      "id": "5664018",
      "title": "Blues Brothers 2000 - How Blue Can You Get",
      "type": "CRD",
      "url": "https://tabs.ultimate-guitar.com/tab/misc-soundtrack/blues-brothers-2000-how-blue-can-you-get-chords-5664018",
      "file_path": null,
      "metadata": {}
    },
    "2685402": {
      "id": "2685402",
      "title": "Bumpys Lament",
      "type": "BASS",
      "url": "https://tabs.ultimate-guitar.com/tab/isaac-hayes/bumpys-lament-bass-2685402",
      "file_path": null,
      "metadata": {}
    },
    "3992860": {
      "id": "3992860",
      "title": "Shaft - Bumpys Lament  Intro",
      "type": "TAB",
      "url": "https://tabs.ultimate-guitar.com/tab/misc-soundtrack/shaft-bumpys-lament-tabs-3992860",
      "file_path": null,
      "metadata": {}
    },
    "2131957": {
      "id": "2131957",
      "title": "South Park - Simultaneous",
      "type": "BASS",
      "url": "https://tabs.ultimate-guitar.com/tab/misc-cartoons/south-park-simultaneous-bass-2131957",
      "file_path": null,
      "metadata": {}
    },
    "1241735": {
      "id": "1241735",
      "title": "Chocolate Salty Balls",
      "type": "CRD",
      "url": "https://tabs.ultimate-guitar.com/tab/isaac-hayes/chocolate-salty-balls-chords-1241735",
      "file_path": null,
      "metadata": {}
    },
    "916031": {
      "id": "916031",
      "title": "Chocolate Salty Balls",
      "type": "PRO",
      "url": "https://tabs.ultimate-guitar.com/tab/isaac-hayes/chocolate-salty-balls-guitar-pro-916031",
      "file_path": null,
      "metadata": {}
    },
    "1392259": {
      "id": "1392259",
      "title": "Chocolate Salty Balls",
      "type": "UKE",
      "url": "https://tabs.ultimate-guitar.com/tab/isaac-hayes/chocolate-salty-balls-ukulele-1392259",
      "file_path": null,
      "metadata": {}
    },
    "2052847": {
      "id": "2052847",
      "title": "Do Your Thing",
      "type": "CRD",
      "url": "https://tabs.ultimate-guitar.com/tab/isaac-hayes/do-your-thing-chords-2052847",
      "file_path": null,
      "metadata": {}
    },
    "4645496": {
      "id": "4645496",
      "title": "Hung Up On My Baby",
      "type": "TAB",
      "url": "https://tabs.ultimate-guitar.com/tab/isaac-hayes/hung-up-on-my-baby-tabs-4645496",
      "file_path": null,
      "metadata": {}
    },
    "1695857": {
      "id": "1695857",
      "title": "Hung Up On My Baby",
      "type": "PRO",
      "url": "https://tabs.ultimate-guitar.com/tab/isaac-hayes/hung-up-on-my-baby-guitar-pro-1695857",
      "file_path": null,
      "metadata": {}
    },
    "4983337": {
      "id": "4983337",
      "title": "Ikes Rap Iv - A Brand New Me",
      "type": "CRD",
      "url": "https://tabs.ultimate-guitar.com/tab/isaac-hayes/ikes-rap-iv-a-brand-new-me-chords-4983337",
      "file_path": null,
      "metadata": {}
    },
    "5586999": {
      "id": "5586999",
      "title": "Never Gonna Give You Up",
      "type": "BASS",
      "url": "https://tabs.ultimate-guitar.com/tab/isaac-hayes/never-gonna-give-you-up-bass-5586999",
      "file_path": null,
      "metadata": {}
    },
    "4021069": {
      "id": "4021069",
      "title": "Shafts Cab Ride",
      "type": "PWR",
      "url": "https://tabs.ultimate-guitar.com/tab/isaac-hayes/shafts-cab-ride-power-4021069",
      "file_path": null,
      "metadata": {}
    },
    "2385597": {
      "id": "2385597",
      "title": "Shafts Cab Ride",
      "type": "BASS",
      "url": "https://tabs.ultimate-guitar.com/tab/isaac-hayes/shafts-cab-ride-bass-2385597",
      "file_path": null,
      "metadata": {}
    },
    "2685399": {
      "id": "2685399",
      "title": "Soulsville",
      "type": "BASS",
      "url": "https://tabs.ultimate-guitar.com/tab/isaac-hayes/soulsville-bass-2685399",
      "file_path": null,
      "metadata": {}
    },
    "3171083": {
      "id": "3171083",
      "title": "Theme From Shaft",
      "type": "TAB",
      "url": "https://tabs.ultimate-guitar.com/tab/isaac-hayes/theme-from-shaft-tabs-3171083",
      "file_path": null,
      "metadata": {}
    },
    "1055916": {
      "id": "1055916",
      "title": "Theme From Shaft",
      "type": "PRO",
      "url": "https://tabs.ultimate-guitar.com/tab/isaac-hayes/theme-from-shaft-guitar-pro-1055916",
      "file_path": null,
      "metadata": {}
    },
    "2375383": {
      "id": "2375383",
      "title": "Theme From Shaft",
      "type": "PWR",
      "url": "https://tabs.ultimate-guitar.com/tab/isaac-hayes/theme-from-shaft-power-2375383",
      "file_path": null,
      "metadata": {}
    },
    "11546": {
      "id": "11546",
      "title": "Theme From Shaft",
      "type": "BASS",
      "url": "https://tabs.ultimate-guitar.com/tab/isaac-hayes/theme-from-shaft-bass-11546",
      "file_path": null,
      "metadata": {}
    },
    "2375769": {
      "id": "2375769",
      "title": "Theme From Shaft (ver 2)",
      "type": "BASS",
      "url": "https://tabs.ultimate-guitar.com/tab/isaac-hayes/theme-from-shaft-bass-2375769",
      "file_path": null,
      "metadata": {}
    },
    "1134830": {
      "id": "1134830",
      "title": "Theme From Shaft  Intro",
      "type": "VID",
      "url": "https://tabs.ultimate-guitar.com/tab/isaac-hayes/theme-from-shaft-video-1134830",
      "file_path": null,
      "metadata": {}
    },
    "901489": {
      "id": "901489",
      "title": "Walk On By",
      "type": "TAB",
      "url": "https://tabs.ultimate-guitar.com/tab/isaac-hayes/walk-on-by-tabs-901489",
      "file_path": null,
      "metadata": {}
    },
    "943255": {
      "id": "943255",
      "title": "Walk On By",
      "type": "PRO",
      "url": "https://tabs.ultimate-guitar.com/tab/isaac-hayes/walk-on-by-guitar-pro-943255",
      "file_path": null,
      "metadata": {}
    }
  }
}