{
  "id": "10781",
  "name": "Kenny Loggins",
  "url": "https://www.ultimate-guitar.com/artist/kenny_loggins_10781",
  "tabs": {
    "22350": {
      "id": "22350",
      "title": "Rainbow Connection",
      "type": "CRD",
      "url": "https://tabs.ultimate-guitar.com/tab/kenny-loggins/rainbow-connection-chords-22350",
      "file_path": null,
      "metadata": {}
    },
    "9298": {
      "id": "9298",
      "title": "House At Pooh Corner",
      "type": "CRD",
      "url": "https://tabs.ultimate-guitar.com/tab/kenny-loggins/house-at-pooh-corner-chords-9298",
      "file_path": null,
      "metadata": {}
    },
    "813972": {
      "id": "813972",
      "title": "Return To Pooh Corner",
      "type": "CRD",
      "url": "https://tabs.ultimate-guitar.com/tab/kenny-loggins/return-to-pooh-corner-chords-813972",
      "file_path": null,
      "metadata": {}
    },
    "197523": {
      "id": "197523",
      "title": "Return To Pooh Corner",
      "type": "TAB",
      "url": "https://tabs.ultimate-guitar.com/tab/kenny-loggins/return-to-pooh-corner-tabs-197523",
      "file_path": null,
      "metadata": {}
    },
    "237872": {
      "id": "237872",
      "title": "Footloose",
      "type": "PRO",
      "url": "https://tabs.ultimate-guitar.com/tab/kenny-loggins/footloose-guitar-pro-237872",
      "file_path": null,
      "metadata": {}
    },
    "333082": {
      "id": "333082",
      "title": "Footloose",
      "type": "PWR",
      "url": "https://tabs.ultimate-guitar.com/tab/kenny-loggins/footloose-power-333082",
      "file_path": null,
      "metadata": {}
    },
    "74343": {
      "id": "74343",
      "title": "Welcome To Heartlight",
      "type": "CRD",
      "url": "https://tabs.ultimate-guitar.com/tab/kenny-loggins/welcome-to-heartlight-chords-74343",
      "file_path": null,
      "metadata": {}
    },
    "1681196": {
      "id": "1681196",
      "title": "Footloose",
      "type": "BASS",
      "url": "https://tabs.ultimate-guitar.com/tab/kenny-loggins/footloose-bass-1681196",
      "file_path": null,
      "metadata": {}
    },
    "1712607": {
      "id": "1712607",
      "title": "Im Alright",
      "type": "CRD",
      "url": "https://tabs.ultimate-guitar.com/tab/kenny-loggins/im-alright-chords-1712607",
      "file_path": null,
      "metadata": {}
    },
    "413897": {
      "id": "413897",
      "title": "Celebrate Me Home",
      "type": "CRD",
      "url": "https://tabs.ultimate-guitar.com/tab/kenny-loggins/celebrate-me-home-chords-413897",
      "file_path": null,
      "metadata": {}
    },
    "1782206": {
      "id": "1782206",
      "title": "Archer - Danger Zone",
      "type": "CRD",
      "url": "https://tabs.ultimate-guitar.com/tab/misc-cartoons/archer-danger-zone-chords-1782206",
      "file_path": null,
      "metadata": {}
    },
    "1984643": {
      "id": "1984643",
      "title": "Show You The Way",
      "type": "CRD",
      "url": "https://tabs.ultimate-guitar.com/tab/thundercat/show-you-the-way-chords-1984643",
      "file_path": null,
      "metadata": {}
    },
    "3091553": {
      "id": "3091553",
      "title": "Show You The Way (ver 2)",
      "type": "CRD",
      "url": "https://tabs.ultimate-guitar.com/tab/thundercat/show-you-the-way-chords-3091553",
      "file_path": null,
      "metadata": {}
    },
    "4067662": {
      "id": "4067662",
      "title": "Show You The Way",
      "type": "PRO",
      "url": "https://tabs.ultimate-guitar.com/tab/thundercat/show-you-the-way-guitar-pro-4067662",
      "file_path": null,
      "metadata": {}
    },
    "21735": {
      "id": "21735",
      "title": "Top Gun - Danger Zone",
      "type": "CRD",
      "url": "https://tabs.ultimate-guitar.com/tab/misc-soundtrack/top-gun-danger-zone-chords-21735",
      "file_path": null,
      "metadata": {}
    },
    "1248302": {
      "id": "1248302",
      "title": "Top Gun - Danger Zone (ver 2)",
      "type": "CRD",
      "url": "https://tabs.ultimate-guitar.com/tab/misc-soundtrack/top-gun-danger-zone-chords-1248302",
      "file_path": null,
      "metadata": {}
    },
    "1777942": {
      "id": "1777942",
      "title": "Top Gun - Danger Zone (ver 3)",
      "type": "CRD",
      "url": "https://tabs.ultimate-guitar.com/tab/misc-soundtrack/top-gun-danger-zone-chords-1777942",
      "file_path": null,
      "metadata": {}
    },
    "4792055": {
      "id": "4792055",
      "title": "Top Gun - Danger Zone (ver 4)",
      "type": "CRD",
      "url": "https://tabs.ultimate-guitar.com/tab/misc-soundtrack/top-gun-danger-zone-chords-4792055",
      "file_path": null,
      "metadata": {}
    },
    "74342": {
      "id": "74342",
      "title": "Top Gun - Danger Zone",
      "type": "TAB",
      "url": "https://tabs.ultimate-guitar.com/tab/misc-soundtrack/top-gun-danger-zone-tabs-74342",
      "file_path": null,
      "metadata": {}
    },
    "74344": {
      "id": "74344",
      "title": "Top Gun - Danger Zone (ver 2)",
      "type": "TAB",
      "url": "https://tabs.ultimate-guitar.com/tab/misc-soundtrack/top-gun-danger-zone-tabs-74344",
      "file_path": null,
      "metadata": {}
    },
    "237873": {
      "id": "237873",
      "title": "Top Gun - Danger Zone",
      "type": "PRO",
      "url": "https://tabs.ultimate-guitar.com/tab/misc-soundtrack/top-gun-danger-zone-guitar-pro-237873",
      "file_path": null,
      "metadata": {}
    },
    "224178": {
      "id": "224178",
      "title": "Top Gun - Danger Zone (ver 2)",
      "type": "PRO",
      "url": "https://tabs.ultimate-guitar.com/tab/misc-soundtrack/top-gun-danger-zone-guitar-pro-224178",
      "file_path": null,
      "metadata": {}
    },
    "1885931": {
      "id": "1885931",
      "title": "Top Gun - Danger Zone (ver 3)",
      "type": "PRO",
      "url": "https://tabs.ultimate-guitar.com/tab/misc-soundtrack/top-gun-danger-zone-guitar-pro-1885931",
      "file_path": null,
      "metadata": {}
    },
    "5657628": {
      "id": "5657628",
      "title": "Top Gun - Danger Zone (ver 4)",
      "type": "PRO",
      "url": "https://tabs.ultimate-guitar.com/tab/misc-soundtrack/top-gun-danger-zone-guitar-pro-5657628",
      "file_path": null,
      "metadata": {}
    },
    "449197": {
      "id": "449197",
      "title": "Top Gun - Danger Zone",
      "type": "BASS",
      "url": "https://tabs.ultimate-guitar.com/tab/misc-soundtrack/top-gun-danger-zone-bass-449197",
      "file_path": null,
      "metadata": {}
    },
    "1981955": {
      "id": "1981955",
      "title": "Top Gun - Danger Zone (ver 2)",
      "type": "BASS",
      "url": "https://tabs.ultimate-guitar.com/tab/misc-soundtrack/top-gun-danger-zone-bass-1981955",
      "file_path": null,
      "metadata": {}
    },
    "787283": {
      "id": "787283",
      "title": "All The Pretty Ponies",
      "type": "CRD",
      "url": "https://tabs.ultimate-guitar.com/tab/kenny-loggins/all-the-pretty-ponies-chords-787283",
      "file_path": null,
      "metadata": {}
    },
    "2317699": {
      "id": "2317699",
      "title": "All The Pretty Ponies (ver 2)",
      "type": "CRD",
      "url": "https://tabs.ultimate-guitar.com/tab/kenny-loggins/all-the-pretty-ponies-chords-2317699",
      "file_path": null,
      "metadata": {}
    },
    "1320267": {
      "id": "1320267",
      "title": "All The Pretty Ponies",
      "type": "UKE",
      "url": "https://tabs.ultimate-guitar.com/tab/kenny-loggins/all-the-pretty-ponies-ukulele-1320267",
      "file_path": null,
      "metadata": {}
    },
    "5400969": {
      "id": "5400969",
      "title": "Always In All Ways",
      "type": "CRD",
      "url": "https://tabs.ultimate-guitar.com/tab/kenny-loggins/always-in-all-ways-chords-5400969",
      "file_path": null,
      "metadata": {}
    },
    "1445414": {
      "id": "1445414",
      "title": "Celebrate Me Home (ver 2)",
      "type": "CRD",
      "url": "https://tabs.ultimate-guitar.com/tab/kenny-loggins/celebrate-me-home-chords-1445414",
      "file_path": null,
      "metadata": {}
    },
    "1445113": {
      "id": "1445113",
      "title": "Celebrate Me Home (ver 3)",
      "type": "CRD",
      "url": "https://tabs.ultimate-guitar.com/tab/kenny-loggins/celebrate-me-home-chords-1445113",
      "file_path": null,
      "metadata": {}
    },
    "1290831": {
      "id": "1290831",
      "title": "Celebrate Me Home",
      "type": "UKE",
      "url": "https://tabs.ultimate-guitar.com/tab/kenny-loggins/celebrate-me-home-ukulele-1290831",
      "file_path": null,
      "metadata": {}
    },
    "1469828": {
      "id": "1469828",
      "title": "Codys Song",
      "type": "CRD",
      "url": "https://tabs.ultimate-guitar.com/tab/kenny-loggins/codys-song-chords-1469828",
      "file_path": null,
      "metadata": {}
    },
    "1185529": {
      "id": "1185529",
      "title": "Conviction Of The Heart",
      "type": "CRD",
      "url": "https://tabs.ultimate-guitar.com/tab/kenny-loggins/conviction-of-the-heart-chords-1185529",
      "file_path": null,
      "metadata": {}
    },
    "3634034": {
      "id": "3634034",
      "title": "Conviction Of The Heart (ver 2)",
      "type": "CRD",
      "url": "https://tabs.ultimate-guitar.com/tab/kenny-loggins/conviction-of-the-heart-chords-3634034",
      "file_path": null,
      "metadata": {}
    },
    "2776642": {
      "id": "2776642",
      "title": "Conviction Of The Heart",
      "type": "CRD",
      "url": "https://tabs.ultimate-guitar.com/tab/kenny-loggins/conviction-of-the-heart-chords-2776642",
      "file_path": null,
      "metadata": {}
    },
    "1104583": {
      "id": "1104583",
      "title": "Conviction Of The Heart",
      "type": "TAB",
      "url": "https://tabs.ultimate-guitar.com/tab/kenny-loggins/conviction-of-the-heart-tabs-1104583",
      "file_path": null,
      "metadata": {}
    },
    "1381455": {
      "id": "1381455",
      "title": "Conviction Of The Heart",
      "type": "UKE",
      "url": "https://tabs.ultimate-guitar.com/tab/kenny-loggins/conviction-of-the-heart-ukulele-1381455",
      "file_path": null,
      "metadata": {}
    },
    "4398602": {
      "id": "4398602",
      "title": "Dont Fight It",
      "type": "CRD",
      "url": "https://tabs.ultimate-guitar.com/tab/kenny-loggins/dont-fight-it-chords-4398602",
      "file_path": null,
      "metadata": {}
    },
    "204312": {
      "id": "204312",
      "title": "Footloose",
      "type": "CRD",
      "url": "https://tabs.ultimate-guitar.com/tab/kenny-loggins/footloose-chords-204312",
      "file_path": null,
      "metadata": {}
    },
    "697886": {
      "id": "697886",
      "title": "Footloose (ver 2)",
      "type": "CRD",
      "url": "https://tabs.ultimate-guitar.com/tab/kenny-loggins/footloose-chords-697886",
      "file_path": null,
      "metadata": {}
    },
    "1746741": {
      "id": "1746741",
      "title": "Footloose (ver 3)",
      "type": "CRD",
      "url": "https://tabs.ultimate-guitar.com/tab/kenny-loggins/footloose-chords-1746741",
      "file_path": null,
      "metadata": {}
    },
    "1473536": {
      "id": "1473536",
      "title": "Footloose (ver 2)",
      "type": "PRO",
      "url": "https://tabs.ultimate-guitar.com/tab/kenny-loggins/footloose-guitar-pro-1473536",
      "file_path": null,
      "metadata": {}
    },
    "1277993": {
      "id": "1277993",
      "title": "Footloose",
      "type": "UKE",
      "url": "https://tabs.ultimate-guitar.com/tab/kenny-loggins/footloose-ukulele-1277993",
      "file_path": null,
      "metadata": {}
    },
    "1310843": {
      "id": "1310843",
      "title": "Footloose (ver 2)",
      "type": "UKE",
      "url": "https://tabs.ultimate-guitar.com/tab/kenny-loggins/footloose-ukulele-1310843",
      "file_path": null,
      "metadata": {}
    },
    "2181101": {
      "id": "2181101",
      "title": "Footloose (ver 3)",
      "type": "UKE",
      "url": "https://tabs.ultimate-guitar.com/tab/kenny-loggins/footloose-ukulele-2181101",
      "file_path": null,
      "metadata": {}
    },
    "109359": {
      "id": "109359",
      "title": "For The First Time",
      "type": "CRD",
      "url": "https://tabs.ultimate-guitar.com/tab/kenny-loggins/for-the-first-time-chords-109359",
      "file_path": null,
      "metadata": {}
    },
    "881599": {
      "id": "881599",
      "title": "For The First Time (ver 2)",
      "type": "CRD",
      "url": "https://tabs.ultimate-guitar.com/tab/kenny-loggins/for-the-first-time-chords-881599",
      "file_path": null,
      "metadata": {}
    },
    "1022073": {
      "id": "1022073",
      "title": "For The First Time (ver 3)",
      "type": "CRD",
      "url": "https://tabs.ultimate-guitar.com/tab/kenny-loggins/for-the-first-time-chords-1022073",
      "file_path": null,
      "metadata": {}
    },
    "2238183": {
      "id": "2238183",
      "title": "For The First Time (ver 4)",
      "type": "CRD",
      "url": "https://tabs.ultimate-guitar.com/tab/kenny-loggins/for-the-first-time-chords-2238183",
      "file_path": null,
      "metadata": {}
    },
    "74341": {
      "id": "74341",
      "title": "For The First Time",
      "type": "TAB",
      "url": "https://tabs.ultimate-guitar.com/tab/kenny-loggins/for-the-first-time-tabs-74341",
      "file_path": null,
      "metadata": {}
    },
    "1271478": {
      "id": "1271478",
      "title": "For The First Time",
      "type": "UKE",
      "url": "https://tabs.ultimate-guitar.com/tab/kenny-loggins/for-the-first-time-ukulele-1271478",
      "file_path": null,
      "metadata": {}
    },
    "1238035": {
      "id": "1238035",
      "title": "Forever",
      "type": "CRD",
      "url": "https://tabs.ultimate-guitar.com/tab/kenny-loggins/forever-chords-1238035",
      "file_path": null,
      "metadata": {}
    },
    "1424824": {
      "id": "1424824",
      "title": "Forever (ver 2)",
      "type": "CRD",
      "url": "https://tabs.ultimate-guitar.com/tab/kenny-loggins/forever-chords-1424824",
      "file_path": null,
      "metadata": {}
    },
    "1428306": {
      "id": "1428306",
      "title": "Forever (ver 3)",
      "type": "CRD",
      "url": "https://tabs.ultimate-guitar.com/tab/kenny-loggins/forever-chords-1428306",
      "file_path": null,
      "metadata": {}
    },
    "1429641": {
      "id": "1429641",
      "title": "Forever (ver 4)",
      "type": "CRD",
      "url": "https://tabs.ultimate-guitar.com/tab/kenny-loggins/forever-chords-1429641",
      "file_path": null,
      "metadata": {}
    },
    "4436594": {
      "id": "4436594",
      "title": "Forever (ver 5)",
      "type": "CRD",
      "url": "https://tabs.ultimate-guitar.com/tab/kenny-loggins/forever-chords-4436594",
      "file_path": null,
      "metadata": {}
    },
    "5006815": {
      "id": "5006815",
      "title": "Forever (ver 6)",
      "type": "CRD",
      "url": "https://tabs.ultimate-guitar.com/tab/kenny-loggins/forever-chords-5006815",
      "file_path": null,
      "metadata": {}
    },
    "1447489": {
      "id": "1447489",
      "title": "Heart To Heart",
      "type": "CRD",
      "url": "https://tabs.ultimate-guitar.com/tab/kenny-loggins/heart-to-heart-chords-1447489",
      "file_path": null,
      "metadata": {}
    },
    "3192842": {
      "id": "3192842",
      "title": "Heart To Heart (ver 2)",
      "type": "CRD",
      "url": "https://tabs.ultimate-guitar.com/tab/kenny-loggins/heart-to-heart-chords-3192842",
      "file_path": null,
      "metadata": {}
    },
    "4391075": {
      "id": "4391075",
      "title": "Heartlight",
      "type": "CRD",
      "url": "https://tabs.ultimate-guitar.com/tab/kenny-loggins/heartlight-chords-4391075",
      "file_path": null,
      "metadata": {}
    },
    "210752": {
      "id": "210752",
      "title": "House At Pooh Corner (ver 2)",
      "type": "CRD",
      "url": "https://tabs.ultimate-guitar.com/tab/kenny-loggins/house-at-pooh-corner-chords-210752",
      "file_path": null,
      "metadata": {}
    },
    "1443026": {
      "id": "1443026",
      "title": "House At Pooh Corner (ver 3)",
      "type": "CRD",
      "url": "https://tabs.ultimate-guitar.com/tab/kenny-loggins/house-at-pooh-corner-chords-1443026",
      "file_path": null,
      "metadata": {}
    },
    "1672692": {
      "id": "1672692",
      "title": "House At Pooh Corner (ver 4)",
      "type": "CRD",
      "url": "https://tabs.ultimate-guitar.com/tab/kenny-loggins/house-at-pooh-corner-chords-1672692",
      "file_path": null,
      "metadata": {}
    },
    "5149687": {
      "id": "5149687",
      "title": "House At Pooh Corner  Intro",
      "type": "TAB",
      "url": "https://tabs.ultimate-guitar.com/tab/kenny-loggins/house-at-pooh-corner-tabs-5149687",
      "file_path": null,
      "metadata": {}
    },
    "2584920": {
      "id": "2584920",
      "title": "House At Pooh Corner",
      "type": "TAB",
      "url": "https://tabs.ultimate-guitar.com/tab/kenny-loggins/house-at-pooh-corner-tabs-2584920",
      "file_path": null,
      "metadata": {}
    },
    "1278449": {
      "id": "1278449",
      "title": "House At Pooh Corner",
      "type": "UKE",
      "url": "https://tabs.ultimate-guitar.com/tab/kenny-loggins/house-at-pooh-corner-ukulele-1278449",
      "file_path": null,
      "metadata": {}
    },
    "2343913": {
      "id": "2343913",
      "title": "House At Pooh Corner (ver 2)",
      "type": "UKE",
      "url": "https://tabs.ultimate-guitar.com/tab/kenny-loggins/house-at-pooh-corner-ukulele-2343913",
      "file_path": null,
      "metadata": {}
    },
    "3523727": {
      "id": "3523727",
      "title": "I Believe In Love",
      "type": "CRD",
      "url": "https://tabs.ultimate-guitar.com/tab/kenny-loggins/i-believe-in-love-chords-3523727",
      "file_path": null,
      "metadata": {}
    },
    "5705984": {
      "id": "5705984",
      "title": "If Its Not What Youre Looking For",
      "type": "CRD",
      "url": "https://tabs.ultimate-guitar.com/tab/kenny-loggins/if-its-not-what-youre-looking-for-chords-5705984",
      "file_path": null,
      "metadata": {}
    },
    "4382030": {
      "id": "4382030",
      "title": "Im Alright (ver 2)",
      "type": "CRD",
      "url": "https://tabs.ultimate-guitar.com/tab/kenny-loggins/im-alright-chords-4382030",
      "file_path": null,
      "metadata": {}
    },
    "1339319": {
      "id": "1339319",
      "title": "Im Alright",
      "type": "UKE",
      "url": "https://tabs.ultimate-guitar.com/tab/kenny-loggins/im-alright-ukulele-1339319",
      "file_path": null,
      "metadata": {}
    },
    "2726901": {
      "id": "2726901",
      "title": "Im Free Heaven Helps The Man",
      "type": "CRD",
      "url": "https://tabs.ultimate-guitar.com/tab/kenny-loggins/im-free-heaven-helps-the-man-chords-2726901",
      "file_path": null,
      "metadata": {}
    },
    "3592184": {
      "id": "3592184",
      "title": "Im Free Heaven Helps The Man",
      "type": "PRO",
      "url": "https://tabs.ultimate-guitar.com/tab/kenny-loggins/im-free-heaven-helps-the-man-guitar-pro-3592184",
      "file_path": null,
      "metadata": {}
    },
    "3618338": {
      "id": "3618338",
      "title": "Leap Of Faith",
      "type": "CRD",
      "url": "https://tabs.ultimate-guitar.com/tab/kenny-loggins/leap-of-faith-chords-3618338",
      "file_path": null,
      "metadata": {}
    },
    "4373303": {
      "id": "4373303",
      "title": "Love",
      "type": "CRD",
      "url": "https://tabs.ultimate-guitar.com/tab/kenny-loggins/love-chords-4373303",
      "file_path": null,
      "metadata": {}
    },
    "2089413": {
      "id": "2089413",
      "title": "Meet Me Half Way",
      "type": "CRD",
      "url": "https://tabs.ultimate-guitar.com/tab/kenny-loggins/meet-me-half-way-chords-2089413",
      "file_path": null,
      "metadata": {}
    },
    "2767381": {
      "id": "2767381",
      "title": "Meet Me Half Way (ver 2)",
      "type": "CRD",
      "url": "https://tabs.ultimate-guitar.com/tab/kenny-loggins/meet-me-half-way-chords-2767381",
      "file_path": null,
      "metadata": {}
    },
    "646336": {
      "id": "646336",
      "title": "Mr Night",
      "type": "CRD",
      "url": "https://tabs.ultimate-guitar.com/tab/kenny-loggins/mr-night-chords-646336",
      "file_path": null,
      "metadata": {}
    },
    "1306847": {
      "id": "1306847",
      "title": "Mr Night",
      "type": "UKE",
      "url": "https://tabs.ultimate-guitar.com/tab/kenny-loggins/mr-night-ukulele-1306847",
      "file_path": null,
      "metadata": {}
    },
    "3491894": {
      "id": "3491894",
      "title": "Neverland Medley",
      "type": "CRD",
      "url": "https://tabs.ultimate-guitar.com/tab/kenny-loggins/neverland-medley-chords-3491894",
      "file_path": null,
      "metadata": {}
    },
    "3190388": {
      "id": "3190388",
      "title": "No Lookin Back",
      "type": "CRD",
      "url": "https://tabs.ultimate-guitar.com/tab/kenny-loggins/no-lookin-back-chords-3190388",
      "file_path": null,
      "metadata": {}
    },
    "3382751": {
      "id": "3382751",
      "title": "Now And Then",
      "type": "CRD",
      "url": "https://tabs.ultimate-guitar.com/tab/kenny-loggins/now-and-then-chords-3382751",
      "file_path": null,
      "metadata": {}
    },
    "3603785": {
      "id": "3603785",
      "title": "Now And Then (ver 2)",
      "type": "CRD",
      "url": "https://tabs.ultimate-guitar.com/tab/kenny-loggins/now-and-then-chords-3603785",
      "file_path": null,
      "metadata": {}
    },
    "2898731": {
      "id": "2898731",
      "title": "On Christmas Morning",
      "type": "CRD",
      "url": "https://tabs.ultimate-guitar.com/tab/kenny-loggins/on-christmas-morning-chords-2898731",
      "file_path": null,
      "metadata": {}
    },
    "9296": {
      "id": "9296",
      "title": "One Promise Too Late",
      "type": "CRD",
      "url": "https://tabs.ultimate-guitar.com/tab/kenny-loggins/one-promise-too-late-chords-9296",
      "file_path": null,
      "metadata": {}
    },
    "1256001": {
      "id": "1256001",
      "title": "One Promise Too Late",
      "type": "UKE",
      "url": "https://tabs.ultimate-guitar.com/tab/kenny-loggins/one-promise-too-late-ukulele-1256001",
      "file_path": null,
      "metadata": {}
    },
    "941005": {
      "id": "941005",
      "title": "Playing With The Boys",
      "type": "CRD",
      "url": "https://tabs.ultimate-guitar.com/tab/kenny-loggins/playing-with-the-boys-chords-941005",
      "file_path": null,
      "metadata": {}
    },
    "3492131": {
      "id": "3492131",
      "title": "Playing With The Boys",
      "type": "PRO",
      "url": "https://tabs.ultimate-guitar.com/tab/kenny-loggins/playing-with-the-boys-guitar-pro-3492131",
      "file_path": null,
      "metadata": {}
    },
    "1336865": {
      "id": "1336865",
      "title": "Playing With The Boys",
      "type": "UKE",
      "url": "https://tabs.ultimate-guitar.com/tab/kenny-loggins/playing-with-the-boys-ukulele-1336865",
      "file_path": null,
      "metadata": {}
    },
    "1411502": {
      "id": "1411502",
      "title": "Rainbow Connection (ver 2)",
      "type": "CRD",
      "url": "https://tabs.ultimate-guitar.com/tab/kenny-loggins/rainbow-connection-chords-1411502",
      "file_path": null,
      "metadata": {}
    },
    "1874568": {
      "id": "1874568",
      "title": "Rainbow Connection (ver 3)",
      "type": "CRD",
      "url": "https://tabs.ultimate-guitar.com/tab/kenny-loggins/rainbow-connection-chords-1874568",
      "file_path": null,
      "metadata": {}
    },
    "2181109": {
      "id": "2181109",
      "title": "Rainbow Connection",
      "type": "UKE",
      "url": "https://tabs.ultimate-guitar.com/tab/kenny-loggins/rainbow-connection-ukulele-2181109",
      "file_path": null,
      "metadata": {}
    },
    "2453710": {
      "id": "2453710",
      "title": "Return To Pooh Corner (ver 2)",
      "type": "CRD",
      "url": "https://tabs.ultimate-guitar.com/tab/kenny-loggins/return-to-pooh-corner-chords-2453710",
      "file_path": null,
      "metadata": {}
    },
    "3361682": {
      "id": "3361682",
      "title": "Return To Pooh Corner (ver 3)",
      "type": "CRD",
      "url": "https://tabs.ultimate-guitar.com/tab/kenny-loggins/return-to-pooh-corner-chords-3361682",
      "file_path": null,
      "metadata": {}
    },
    "1143833": {
      "id": "1143833",
      "title": "Return To Pooh Corner",
      "type": "PRO",
      "url": "https://tabs.ultimate-guitar.com/tab/kenny-loggins/return-to-pooh-corner-guitar-pro-1143833",
      "file_path": null,
      "metadata": {}
    },
    "1319613": {
      "id": "1319613",
      "title": "Return To Pooh Corner",
      "type": "UKE",
      "url": "https://tabs.ultimate-guitar.com/tab/kenny-loggins/return-to-pooh-corner-ukulele-1319613",
      "file_path": null,
      "metadata": {}
    },
    "4225915": {
      "id": "4225915",
      "title": "St Judys Comet",
      "type": "CRD",
      "url": "https://tabs.ultimate-guitar.com/tab/kenny-loggins/st-judys-comet-chords-4225915",
      "file_path": null,
      "metadata": {}
    },
    "2833411": {
      "id": "2833411",
      "title": "St Judys Comet",
      "type": "TAB",
      "url": "https://tabs.ultimate-guitar.com/tab/kenny-loggins/st-judys-comet-tabs-2833411",
      "file_path": null,
      "metadata": {}
    },
    "1815645": {
      "id": "1815645",
      "title": "The Art Of The Deal Theme",
      "type": "CRD",
      "url": "https://tabs.ultimate-guitar.com/tab/kenny-loggins/the-art-of-the-deal-theme-chords-1815645",
      "file_path": null,
      "metadata": {}
    },
    "1419142": {
      "id": "1419142",
      "title": "The More We Try",
      "type": "CRD",
      "url": "https://tabs.ultimate-guitar.com/tab/kenny-loggins/the-more-we-try-chords-1419142",
      "file_path": null,
      "metadata": {}
    },
    "5710829": {
      "id": "5710829",
      "title": "The One That Got Away",
      "type": "CRD",
      "url": "https://tabs.ultimate-guitar.com/tab/kenny-loggins/the-one-that-got-away-chords-5710829",
      "file_path": null,
      "metadata": {}
    },
    "1992211": {
      "id": "1992211",
      "title": "The Real Thing",
      "type": "CRD",
      "url": "https://tabs.ultimate-guitar.com/tab/kenny-loggins/the-real-thing-chords-1992211",
      "file_path": null,
      "metadata": {}
    },
    "1161336": {
      "id": "1161336",
      "title": "This Is It",
      "type": "CRD",
      "url": "https://tabs.ultimate-guitar.com/tab/kenny-loggins/this-is-it-chords-1161336",
      "file_path": null,
      "metadata": {}
    },
    "2072969": {
      "id": "2072969",
      "title": "This Is It (ver 2)",
      "type": "CRD",
      "url": "https://tabs.ultimate-guitar.com/tab/kenny-loggins/this-is-it-chords-2072969",
      "file_path": null,
      "metadata": {}
    },
    "4720100": {
      "id": "4720100",
      "title": "This Is It (ver 3)",
      "type": "CRD",
      "url": "https://tabs.ultimate-guitar.com/tab/kenny-loggins/this-is-it-chords-4720100",
      "file_path": null,
      "metadata": {}
    },
    "1376318": {
      "id": "1376318",
      "title": "This Is It",
      "type": "UKE",
      "url": "https://tabs.ultimate-guitar.com/tab/kenny-loggins/this-is-it-ukulele-1376318",
      "file_path": null,
      "metadata": {}
    },
    "154045": {
      "id": "154045",
      "title": "Vahevala",
      "type": "CRD",
      "url": "https://tabs.ultimate-guitar.com/tab/kenny-loggins/vahevala-chords-154045",
      "file_path": null,
      "metadata": {}
    },
    "1274580": {
      "id": "1274580",
      "title": "Vahevala",
      "type": "UKE",
      "url": "https://tabs.ultimate-guitar.com/tab/kenny-loggins/vahevala-ukulele-1274580",
      "file_path": null,
      "metadata": {}
    },
    "1690018": {
      "id": "1690018",
      "title": "Welcome To Heartlight (ver 2)",
      "type": "CRD",
      "url": "https://tabs.ultimate-guitar.com/tab/kenny-loggins/welcome-to-heartlight-chords-1690018",
      "file_path": null,
      "metadata": {}
    },
    "1767079": {
      "id": "1767079",
      "title": "What A Fool Believes",
      "type": "CRD",
      "url": "https://tabs.ultimate-guitar.com/tab/kenny-loggins/what-a-fool-believes-chords-1767079",
      "file_path": null,
      "metadata": {}
    },
    "3620081": {
      "id": "3620081",
      "title": "What A Fool Believes",
      "type": "CRD",
      "url": "https://tabs.ultimate-guitar.com/tab/kenny-loggins/what-a-fool-believes-chords-3620081",
      "file_path": null,
      "metadata": {}
    },
    "355860": {
      "id": "355860",
      "title": "Whenever I Call You Friend",
      "type": "CRD",
      "url": "https://tabs.ultimate-guitar.com/tab/kenny-loggins/whenever-i-call-you-friend-chords-355860",
      "file_path": null,
      "metadata": {}
    },
    "1284807": {
      "id": "1284807",
      "title": "Whenever I Call You Friend",
      "type": "UKE",
      "url": "https://tabs.ultimate-guitar.com/tab/kenny-loggins/whenever-i-call-you-friend-ukulele-1284807",
      "file_path": null,
      "metadata": {}
    },
    "4216975": {
      "id": "4216975",
      "title": "Will Of The Wind",
      "type": "CRD",
      "url": "https://tabs.ultimate-guitar.com/tab/kenny-loggins/will-of-the-wind-chords-4216975",
      "file_path": null,
      "metadata": {}
    },
    "359314": {
      "id": "359314",
      "title": "Will Of The Wind",
      "type": "TAB",
      "url": "https://tabs.ultimate-guitar.com/tab/kenny-loggins/will-of-the-wind-tabs-359314",
      "file_path": null,
      "metadata": {}
    },
    "3974329": {
      "id": "3974329",
      "title": "Youll Be In My Heart",
      "type": "CRD",
      "url": "https://tabs.ultimate-guitar.com/tab/kenny-loggins/youll-be-in-my-heart-chords-3974329",
      "file_path": null,
      "metadata": {}
    },
    "122229": {
      "id": "122229",
      "title": "Your Heart Will Lead You Home",
      "type": "CRD",
      "url": "https://tabs.ultimate-guitar.com/tab/kenny-loggins/your-heart-will-lead-you-home-chords-122229",
      "file_path": null,
      "metadata": {}
    },
    "2219545": {
      "id": "2219545",
      "title": "Your Heart Will Lead You Home (ver 2)",
      "type": "CRD",
      "url": "https://tabs.ultimate-guitar.com/tab/kenny-loggins/your-heart-will-lead-you-home-chords-2219545",
      "file_path": null,
      "metadata": {}
    },
    "2604477": {
      "id": "2604477",
      "title": "Your Heart Will Lead You Home (ver 3)",
      "type": "CRD",
      "url": "https://tabs.ultimate-guitar.com/tab/kenny-loggins/your-heart-will-lead-you-home-chords-2604477",
      "file_path": null,
      "metadata": {}
    },
    "1272265": {
      "id": "1272265",
      "title": "Your Heart Will Lead You Home",
      "type": "UKE",
      "url": "https://tabs.ultimate-guitar.com/tab/kenny-loggins/your-heart-will-lead-you-home-ukulele-1272265",
      "file_path": null,
      "metadata": {}
    },
    "2145997": {
      "id": "2145997",
      "title": "Your Heart Will Lead You Home (ver 2)",
      "type": "UKE",
      "url": "https://tabs.ultimate-guitar.com/tab/kenny-loggins/your-heart-will-lead-you-home-ukulele-2145997",
      "file_path": null,
      "metadata": {}
    },
    "2181111": {
      "id": "2181111",
      "title": "Your Heart Will Lead You Home (ver 3)",
      "type": "UKE",
      "url": "https://tabs.ultimate-guitar.com/tab/kenny-loggins/your-heart-will-lead-you-home-ukulele-2181111",
      "file_path": null,
      "metadata": {}
    }
  }
}