{
  "id": "10743",
  "name": "Peggy Lee",
  "url": "https://www.ultimate-guitar.com/artist/peggy_lee_10743",
  "tabs": {
    "783603": {
      "id": "783603",
      "title": "Fever",
      "type": "CRD",
      "url": "https://tabs.ultimate-guitar.com/tab/peggy-lee/fever-chords-783603",
      "file_path": null,
      "metadata": {}
    },
    "608888": {
      "id": "608888",
      "title": "Why Dont You Do Right",
      "type": "CRD",
      "url": "https://tabs.ultimate-guitar.com/tab/peggy-lee/why-dont-you-do-right-chords-608888",
      "file_path": null,
      "metadata": {}
    },
    "950549": {
      "id": "950549",
      "title": "Fever",
      "type": "BASS",
      "url": "https://tabs.ultimate-guitar.com/tab/peggy-lee/fever-bass-950549",
      "file_path": null,
      "metadata": {}
    },
    "1058574": {
      "id": "1058574",
      "title": "Johnny Guitar",
      "type": "CRD",
      "url": "https://tabs.ultimate-guitar.com/tab/peggy-lee/johnny-guitar-chords-1058574",
      "file_path": null,
      "metadata": {}
    },
    "1072983": {
      "id": "1072983",
      "title": "Johnny Guitar",
      "type": "TAB",
      "url": "https://tabs.ultimate-guitar.com/tab/peggy-lee/johnny-guitar-tabs-1072983",
      "file_path": null,
      "metadata": {}
    },
    "869513": {
      "id": "869513",
      "title": "Bella Notte",
      "type": "CRD",
      "url": "https://tabs.ultimate-guitar.com/tab/peggy-lee/bella-notte-chords-869513",
      "file_path": null,
      "metadata": {}
    },
    "1833138": {
      "id": "1833138",
      "title": "Its A Good Day",
      "type": "CRD",
      "url": "https://tabs.ultimate-guitar.com/tab/peggy-lee/its-a-good-day-chords-1833138",
      "file_path": null,
      "metadata": {}
    },
    "1782319": {
      "id": "1782319",
      "title": "Black Coffee",
      "type": "CRD",
      "url": "https://tabs.ultimate-guitar.com/tab/peggy-lee/black-coffee-chords-1782319",
      "file_path": null,
      "metadata": {}
    },
    "993915": {
      "id": "993915",
      "title": "Fever",
      "type": "PRO",
      "url": "https://tabs.ultimate-guitar.com/tab/peggy-lee/fever-guitar-pro-993915",
      "file_path": null,
      "metadata": {}
    },
    "5852162": {
      "id": "5852162",
      "title": "Golden Earrings",
      "type": "CRD",
      "url": "https://tabs.ultimate-guitar.com/tab/peggy-lee/golden-earrings-chords-5852162",
      "file_path": null,
      "metadata": {}
    },
    "1947863": {
      "id": "1947863",
      "title": "A Doodlin Song",
      "type": "CRD",
      "url": "https://tabs.ultimate-guitar.com/tab/peggy-lee/a-doodlin-song-chords-1947863",
      "file_path": null,
      "metadata": {}
    },
    "1949967": {
      "id": "1949967",
      "title": "A Doodlin Song",
      "type": "UKE",
      "url": "https://tabs.ultimate-guitar.com/tab/peggy-lee/a-doodlin-song-ukulele-1949967",
      "file_path": null,
      "metadata": {}
    },
    "1461293": {
      "id": "1461293",
      "title": "Aint We Got Fun",
      "type": "CRD",
      "url": "https://tabs.ultimate-guitar.com/tab/peggy-lee/aint-we-got-fun-chords-1461293",
      "file_path": null,
      "metadata": {}
    },
    "4755419": {
      "id": "4755419",
      "title": "Alone Together",
      "type": "CRD",
      "url": "https://tabs.ultimate-guitar.com/tab/peggy-lee/alone-together-chords-4755419",
      "file_path": null,
      "metadata": {}
    },
    "2262031": {
      "id": "2262031",
      "title": "Bella Notte",
      "type": "TAB",
      "url": "https://tabs.ultimate-guitar.com/tab/peggy-lee/bella-notte-tabs-2262031",
      "file_path": null,
      "metadata": {}
    },
    "3390824": {
      "id": "3390824",
      "title": "Bella Notte",
      "type": "PRO",
      "url": "https://tabs.ultimate-guitar.com/tab/peggy-lee/bella-notte-guitar-pro-3390824",
      "file_path": null,
      "metadata": {}
    },
    "1329701": {
      "id": "1329701",
      "title": "Bella Notte",
      "type": "UKE",
      "url": "https://tabs.ultimate-guitar.com/tab/peggy-lee/bella-notte-ukulele-1329701",
      "file_path": null,
      "metadata": {}
    },
    "2099083": {
      "id": "2099083",
      "title": "Big Spender",
      "type": "UKE",
      "url": "https://tabs.ultimate-guitar.com/tab/peggy-lee/big-spender-ukulele-2099083",
      "file_path": null,
      "metadata": {}
    },
    "2660280": {
      "id": "2660280",
      "title": "Cest Magnifique",
      "type": "CRD",
      "url": "https://tabs.ultimate-guitar.com/tab/peggy-lee/cest-magnifique-chords-2660280",
      "file_path": null,
      "metadata": {}
    },
    "1905327": {
      "id": "1905327",
      "title": "Christmas Carousel",
      "type": "CRD",
      "url": "https://tabs.ultimate-guitar.com/tab/peggy-lee/christmas-carousel-chords-1905327",
      "file_path": null,
      "metadata": {}
    },
    "1074547": {
      "id": "1074547",
      "title": "Fever (ver 2)",
      "type": "CRD",
      "url": "https://tabs.ultimate-guitar.com/tab/peggy-lee/fever-chords-1074547",
      "file_path": null,
      "metadata": {}
    },
    "5710958": {
      "id": "5710958",
      "title": "Fever (ver 3)",
      "type": "CRD",
      "url": "https://tabs.ultimate-guitar.com/tab/peggy-lee/fever-chords-5710958",
      "file_path": null,
      "metadata": {}
    },
    "4202686": {
      "id": "4202686",
      "title": "Fever",
      "type": "TAB",
      "url": "https://tabs.ultimate-guitar.com/tab/peggy-lee/fever-tabs-4202686",
      "file_path": null,
      "metadata": {}
    },
    "1519800": {
      "id": "1519800",
      "title": "Fever (ver 2)",
      "type": "PRO",
      "url": "https://tabs.ultimate-guitar.com/tab/peggy-lee/fever-guitar-pro-1519800",
      "file_path": null,
      "metadata": {}
    },
    "308989": {
      "id": "308989",
      "title": "Fever",
      "type": "PWR",
      "url": "https://tabs.ultimate-guitar.com/tab/peggy-lee/fever-power-308989",
      "file_path": null,
      "metadata": {}
    },
    "1110095": {
      "id": "1110095",
      "title": "Fever (ver 2)",
      "type": "BASS",
      "url": "https://tabs.ultimate-guitar.com/tab/peggy-lee/fever-bass-1110095",
      "file_path": null,
      "metadata": {}
    },
    "1516502": {
      "id": "1516502",
      "title": "Fever (ver 3)",
      "type": "BASS",
      "url": "https://tabs.ultimate-guitar.com/tab/peggy-lee/fever-bass-1516502",
      "file_path": null,
      "metadata": {}
    },
    "5397348": {
      "id": "5397348",
      "title": "Ghost Riders In The Sky A Cowboy Legend",
      "type": "CRD",
      "url": "https://tabs.ultimate-guitar.com/tab/peggy-lee/ghost-riders-in-the-sky-a-cowboy-legend-chords-5397348",
      "file_path": null,
      "metadata": {}
    },
    "4371950": {
      "id": "4371950",
      "title": "Goin On A Hayride",
      "type": "CRD",
      "url": "https://tabs.ultimate-guitar.com/tab/peggy-lee/goin-on-a-hayride-chords-4371950",
      "file_path": null,
      "metadata": {}
    },
    "2214873": {
      "id": "2214873",
      "title": "Happy Holiday",
      "type": "BASS",
      "url": "https://tabs.ultimate-guitar.com/tab/peggy-lee/happy-holiday-bass-2214873",
      "file_path": null,
      "metadata": {}
    },
    "1078811": {
      "id": "1078811",
      "title": "Hes A Tramp",
      "type": "CRD",
      "url": "https://tabs.ultimate-guitar.com/tab/peggy-lee/hes-a-tramp-chords-1078811",
      "file_path": null,
      "metadata": {}
    },
    "1448448": {
      "id": "1448448",
      "title": "Hes A Tramp (ver 2)",
      "type": "CRD",
      "url": "https://tabs.ultimate-guitar.com/tab/peggy-lee/hes-a-tramp-chords-1448448",
      "file_path": null,
      "metadata": {}
    },
    "1807198": {
      "id": "1807198",
      "title": "Hes A Tramp",
      "type": "TAB",
      "url": "https://tabs.ultimate-guitar.com/tab/peggy-lee/hes-a-tramp-tabs-1807198",
      "file_path": null,
      "metadata": {}
    },
    "1359787": {
      "id": "1359787",
      "title": "Hes A Tramp",
      "type": "UKE",
      "url": "https://tabs.ultimate-guitar.com/tab/peggy-lee/hes-a-tramp-ukulele-1359787",
      "file_path": null,
      "metadata": {}
    },
    "1238245": {
      "id": "1238245",
      "title": "I Dont Know Enough About You",
      "type": "CRD",
      "url": "https://tabs.ultimate-guitar.com/tab/peggy-lee/i-dont-know-enough-about-you-chords-1238245",
      "file_path": null,
      "metadata": {}
    },
    "1391433": {
      "id": "1391433",
      "title": "I Dont Know Enough About You",
      "type": "UKE",
      "url": "https://tabs.ultimate-guitar.com/tab/peggy-lee/i-dont-know-enough-about-you-ukulele-1391433",
      "file_path": null,
      "metadata": {}
    },
    "4407695": {
      "id": "4407695",
      "title": "I Dont Want To Play In Your Yard",
      "type": "CRD",
      "url": "https://tabs.ultimate-guitar.com/tab/peggy-lee/i-dont-want-to-play-in-your-yard-chords-4407695",
      "file_path": null,
      "metadata": {}
    },
    "5028226": {
      "id": "5028226",
      "title": "I Go To Sleep",
      "type": "CRD",
      "url": "https://tabs.ultimate-guitar.com/tab/peggy-lee/i-go-to-sleep-chords-5028226",
      "file_path": null,
      "metadata": {}
    },
    "5500926": {
      "id": "5500926",
      "title": "I Go To Sleep",
      "type": "BASS",
      "url": "https://tabs.ultimate-guitar.com/tab/peggy-lee/i-go-to-sleep-bass-5500926",
      "file_path": null,
      "metadata": {}
    },
    "1090006": {
      "id": "1090006",
      "title": "I Love Being Here With You",
      "type": "CRD",
      "url": "https://tabs.ultimate-guitar.com/tab/peggy-lee/i-love-being-here-with-you-chords-1090006",
      "file_path": null,
      "metadata": {}
    },
    "1362960": {
      "id": "1362960",
      "title": "I Love Being Here With You",
      "type": "UKE",
      "url": "https://tabs.ultimate-guitar.com/tab/peggy-lee/i-love-being-here-with-you-ukulele-1362960",
      "file_path": null,
      "metadata": {}
    },
    "4417142": {
      "id": "4417142",
      "title": "I Love The Way Youre Breaking My Heart",
      "type": "CRD",
      "url": "https://tabs.ultimate-guitar.com/tab/peggy-lee/i-love-the-way-youre-breaking-my-heart-chords-4417142",
      "file_path": null,
      "metadata": {}
    },
    "4420355": {
      "id": "4420355",
      "title": "I Love The Way Youre Breaking My Heart (ver 2)",
      "type": "CRD",
      "url": "https://tabs.ultimate-guitar.com/tab/peggy-lee/i-love-the-way-youre-breaking-my-heart-chords-4420355",
      "file_path": null,
      "metadata": {}
    },
    "1859819": {
      "id": "1859819",
      "title": "Im A Woman",
      "type": "CRD",
      "url": "https://tabs.ultimate-guitar.com/tab/peggy-lee/im-a-woman-chords-1859819",
      "file_path": null,
      "metadata": {}
    },
    "2442753": {
      "id": "2442753",
      "title": "Im A Woman (ver 2)",
      "type": "CRD",
      "url": "https://tabs.ultimate-guitar.com/tab/peggy-lee/im-a-woman-chords-2442753",
      "file_path": null,
      "metadata": {}
    },
    "3730997": {
      "id": "3730997",
      "title": "Im Confessin That I Love You",
      "type": "CRD",
      "url": "https://tabs.ultimate-guitar.com/tab/peggy-lee/im-confessin-that-i-love-you-chords-3730997",
      "file_path": null,
      "metadata": {}
    },
    "3678602": {
      "id": "3678602",
      "title": "Im Walking Through Heaven With You",
      "type": "CRD",
      "url": "https://tabs.ultimate-guitar.com/tab/peggy-lee/im-walking-through-heaven-with-you-chords-3678602",
      "file_path": null,
      "metadata": {}
    },
    "2516055": {
      "id": "2516055",
      "title": "Is That All There Is",
      "type": "CRD",
      "url": "https://tabs.ultimate-guitar.com/tab/peggy-lee/is-that-all-there-is-chords-2516055",
      "file_path": null,
      "metadata": {}
    },
    "3143243": {
      "id": "3143243",
      "title": "Is That All There Is (ver 2)",
      "type": "CRD",
      "url": "https://tabs.ultimate-guitar.com/tab/peggy-lee/is-that-all-there-is-chords-3143243",
      "file_path": null,
      "metadata": {}
    },
    "1352286": {
      "id": "1352286",
      "title": "Johnny Guitar",
      "type": "UKE",
      "url": "https://tabs.ultimate-guitar.com/tab/peggy-lee/johnny-guitar-ukulele-1352286",
      "file_path": null,
      "metadata": {}
    },
    "1875555": {
      "id": "1875555",
      "title": "La La Lu",
      "type": "CRD",
      "url": "https://tabs.ultimate-guitar.com/tab/peggy-lee/la-la-lu-chords-1875555",
      "file_path": null,
      "metadata": {}
    },
    "4371470": {
      "id": "4371470",
      "title": "La La Lu",
      "type": "UKE",
      "url": "https://tabs.ultimate-guitar.com/tab/peggy-lee/la-la-lu-ukulele-4371470",
      "file_path": null,
      "metadata": {}
    },
    "4233178": {
      "id": "4233178",
      "title": "Mañana",
      "type": "UKE",
      "url": "https://tabs.ultimate-guitar.com/tab/4233178",
      "file_path": null,
      "metadata": {}
    },
    "3569708": {
      "id": "3569708",
      "title": "Mr Wonderful",
      "type": "UKE",
      "url": "https://tabs.ultimate-guitar.com/tab/peggy-lee/mr-wonderful-ukulele-3569708",
      "file_path": null,
      "metadata": {}
    },
    "5309643": {
      "id": "5309643",
      "title": "On The Sunny Side Of The Street",
      "type": "UKE",
      "url": "https://tabs.ultimate-guitar.com/tab/peggy-lee/on-the-sunny-side-of-the-street-ukulele-5309643",
      "file_path": null,
      "metadata": {}
    },
    "3065951": {
      "id": "3065951",
      "title": "Pass Me By",
      "type": "CRD",
      "url": "https://tabs.ultimate-guitar.com/tab/peggy-lee/pass-me-by-chords-3065951",
      "file_path": null,
      "metadata": {}
    },
    "2108439": {
      "id": "2108439",
      "title": "Somebody Else Is Taking My Place",
      "type": "CRD",
      "url": "https://tabs.ultimate-guitar.com/tab/peggy-lee/somebody-else-is-taking-my-place-chords-2108439",
      "file_path": null,
      "metadata": {}
    },
    "4779203": {
      "id": "4779203",
      "title": "Take A Little Time To Smile",
      "type": "CRD",
      "url": "https://tabs.ultimate-guitar.com/tab/peggy-lee/take-a-little-time-to-smile-chords-4779203",
      "file_path": null,
      "metadata": {}
    },
    "2004659": {
      "id": "2004659",
      "title": "The Alley Cat Song",
      "type": "CRD",
      "url": "https://tabs.ultimate-guitar.com/tab/peggy-lee/the-alley-cat-song-chords-2004659",
      "file_path": null,
      "metadata": {}
    },
    "5513904": {
      "id": "5513904",
      "title": "The Christmas Waltz",
      "type": "CRD",
      "url": "https://tabs.ultimate-guitar.com/tab/peggy-lee/the-christmas-waltz-chords-5513904",
      "file_path": null,
      "metadata": {}
    },
    "3142799": {
      "id": "3142799",
      "title": "The Folks Who Live On The Hill",
      "type": "CRD",
      "url": "https://tabs.ultimate-guitar.com/tab/peggy-lee/the-folks-who-live-on-the-hill-chords-3142799",
      "file_path": null,
      "metadata": {}
    },
    "4429787": {
      "id": "4429787",
      "title": "The Glory Of Love",
      "type": "CRD",
      "url": "https://tabs.ultimate-guitar.com/tab/peggy-lee/the-glory-of-love-chords-4429787",
      "file_path": null,
      "metadata": {}
    },
    "4348556": {
      "id": "4348556",
      "title": "The Mill On The Floss",
      "type": "CRD",
      "url": "https://tabs.ultimate-guitar.com/tab/peggy-lee/the-mill-on-the-floss-chords-4348556",
      "file_path": null,
      "metadata": {}
    },
    "3301145": {
      "id": "3301145",
      "title": "Them There Eyes",
      "type": "CRD",
      "url": "https://tabs.ultimate-guitar.com/tab/peggy-lee/them-there-eyes-chords-3301145",
      "file_path": null,
      "metadata": {}
    },
    "4747049": {
      "id": "4747049",
      "title": "Till There Was You",
      "type": "CRD",
      "url": "https://tabs.ultimate-guitar.com/tab/peggy-lee/till-there-was-you-chords-4747049",
      "file_path": null,
      "metadata": {}
    },
    "1079870": {
      "id": "1079870",
      "title": "Where Can I Go Without You",
      "type": "CRD",
      "url": "https://tabs.ultimate-guitar.com/tab/peggy-lee/where-can-i-go-without-you-chords-1079870",
      "file_path": null,
      "metadata": {}
    },
    "1359594": {
      "id": "1359594",
      "title": "Where Can I Go Without You",
      "type": "UKE",
      "url": "https://tabs.ultimate-guitar.com/tab/peggy-lee/where-can-i-go-without-you-ukulele-1359594",
      "file_path": null,
      "metadata": {}
    },
    "1030661": {
      "id": "1030661",
      "title": "Why Dont You Do Right (ver 2)",
      "type": "CRD",
      "url": "https://tabs.ultimate-guitar.com/tab/peggy-lee/why-dont-you-do-right-chords-1030661",
      "file_path": null,
      "metadata": {}
    },
    "1041280": {
      "id": "1041280",
      "title": "Why Dont You Do Right (ver 3)",
      "type": "CRD",
      "url": "https://tabs.ultimate-guitar.com/tab/peggy-lee/why-dont-you-do-right-chords-1041280",
      "file_path": null,
      "metadata": {}
    },
    "1990297": {
      "id": "1990297",
      "title": "Why Dont You Do Right (ver 4)",
      "type": "CRD",
      "url": "https://tabs.ultimate-guitar.com/tab/peggy-lee/why-dont-you-do-right-chords-1990297",
      "file_path": null,
      "metadata": {}
    },
    "4150504": {
      "id": "4150504",
      "title": "Why Dont You Do Right (ver 5)",
      "type": "CRD",
      "url": "https://tabs.ultimate-guitar.com/tab/peggy-lee/why-dont-you-do-right-chords-4150504",
      "file_path": null,
      "metadata": {}
    },
    "1722960": {
      "id": "1722960",
      "title": "Why Dont You Do Right  Solo",
      "type": "TAB",
      "url": "https://tabs.ultimate-guitar.com/tab/peggy-lee/why-dont-you-do-right-tabs-1722960",
      "file_path": null,
      "metadata": {}
    },
    "1302992": {
      "id": "1302992",
      "title": "Why Dont You Do Right",
      "type": "UKE",
      "url": "https://tabs.ultimate-guitar.com/tab/peggy-lee/why-dont-you-do-right-ukulele-1302992",
      "file_path": null,
      "metadata": {}
    },
    "1746874": {
      "id": "1746874",
      "title": "Why Dont You Do Right (ver 2)",
      "type": "UKE",
      "url": "https://tabs.ultimate-guitar.com/tab/peggy-lee/why-dont-you-do-right-ukulele-1746874",
      "file_path": null,
      "metadata": {}
    },
    "5643759": {
      "id": "5643759",
      "title": "You Was Right Baby",
      "type": "CRD",
      "url": "https://tabs.ultimate-guitar.com/tab/peggy-lee/you-was-right-baby-chords-5643759",
      "file_path": null,
      "metadata": {}
    }
  }
}