{
  "id": "10606",
  "name": "Sammy Johns",
  "url": "https://www.ultimate-guitar.com/artist/sammy_johns_10606",
  "tabs": {
    "3487778": {
      "id": "3487778",
      "title": "America",
      "type": "CRD",
      "url": "https://tabs.ultimate-guitar.com/tab/sammy-johns/america-chords-3487778",
      "file_path": null,
      "metadata": {}
    },
    "2402809": {
      "id": "2402809",
      "title": "Bayou Bay",
      "type": "BASS",
      "url": "https://tabs.ultimate-guitar.com/tab/sammy-johns/bayou-bay-bass-2402809",
      "file_path": null,
      "metadata": {}
    },
    "72537": {
      "id": "72537",
      "title": "Chevy Van",
      "type": "CRD",
      "url": "https://tabs.ultimate-guitar.com/tab/sammy-johns/chevy-van-chords-72537",
      "file_path": null,
      "metadata": {}
    },
    "446367": {
      "id": "446367",
      "title": "Chevy Van",
      "type": "PWR",
      "url": "https://tabs.ultimate-guitar.com/tab/sammy-johns/chevy-van-power-446367",
      "file_path": null,
      "metadata": {}
    },
    "1263873": {
      "id": "1263873",
      "title": "Chevy Van",
      "type": "UKE",
      "url": "https://tabs.ultimate-guitar.com/tab/sammy-johns/chevy-van-ukulele-1263873",
      "file_path": null,
      "metadata": {}
    },
    "2402293": {
      "id": "2402293",
      "title": "Cry",
      "type": "BASS",
      "url": "https://tabs.ultimate-guitar.com/tab/sammy-johns/cry-bass-2402293",
      "file_path": null,
      "metadata": {}
    },
    "3485648": {
      "id": "3485648",
      "title": "Early Morning Love",
      "type": "CRD",
      "url": "https://tabs.ultimate-guitar.com/tab/sammy-johns/early-morning-love-chords-3485648",
      "file_path": null,
      "metadata": {}
    },
    "1858284": {
      "id": "1858284",
      "title": "Early Morning Love",
      "type": "BASS",
      "url": "https://tabs.ultimate-guitar.com/tab/sammy-johns/early-morning-love-bass-1858284",
      "file_path": null,
      "metadata": {}
    },
    "3483821": {
      "id": "3483821",
      "title": "Holy Mother Aging Father",
      "type": "CRD",
      "url": "https://tabs.ultimate-guitar.com/tab/sammy-johns/holy-mother-aging-father-chords-3483821",
      "file_path": null,
      "metadata": {}
    },
    "2403225": {
      "id": "2403225",
      "title": "Peas In A Pod",
      "type": "BASS",
      "url": "https://tabs.ultimate-guitar.com/tab/sammy-johns/peas-in-a-pod-bass-2403225",
      "file_path": null,
      "metadata": {}
    },
    "2409679": {
      "id": "2409679",
      "title": "Rag Doll",
      "type": "BASS",
      "url": "https://tabs.ultimate-guitar.com/tab/sammy-johns/rag-doll-bass-2409679",
      "file_path": null,
      "metadata": {}
    }
  }
}