{
  "id": "1071752",
  "name": "Ivo Martin",
  "url": "https://www.ultimate-guitar.com/artist/ivo_martin_1071752",
  "tabs": {
    "5168977": {
      "id": "5168977",
      "title": "Altbaudielen",
      "type": "CRD",
      "url": "https://tabs.ultimate-guitar.com/tab/ivo-martin/altbaudielen-chords-5168977",
      "file_path": null,
      "metadata": {}
    },
    "5701304": {
      "id": "5701304",
      "title": "Brenn Für Dich",
      "type": "CRD",
      "url": "https://tabs.ultimate-guitar.com/tab/5701304",
      "file_path": null,
      "metadata": {}
    },
    "5861753": {
      "id": "5861753",
      "title": "Chatgpt",
      "type": "CRD",
      "url": "https://tabs.ultimate-guitar.com/tab/ivo-martin/chatgpt-chords-5861753",
      "file_path": null,
      "metadata": {}
    },
    "5565570": {
      "id": "5565570",
      "title": "Diese Eine",
      "type": "CRD",
      "url": "https://tabs.ultimate-guitar.com/tab/ivo-martin/diese-eine-chords-5565570",
      "file_path": null,
      "metadata": {}
    },
    "5869538": {
      "id": "5869538",
      "title": "Gladiolen",
      "type": "CRD",
      "url": "https://tabs.ultimate-guitar.com/tab/ivo-martin/gladiolen-chords-5869538",
      "file_path": null,
      "metadata": {}
    },
    "5870345": {
      "id": "5870345",
      "title": "Gladiolen (ver 2)",
      "type": "CRD",
      "url": "https://tabs.ultimate-guitar.com/tab/ivo-martin/gladiolen-chords-5870345",
      "file_path": null,
      "metadata": {}
    },
    "5666133": {
      "id": "5666133",
      "title": "Hallo",
      "type": "CRD",
      "url": "https://tabs.ultimate-guitar.com/tab/ivo-martin/hallo-chords-5666133",
      "file_path": null,
      "metadata": {}
    },
    "5767643": {
      "id": "5767643",
      "title": "Ich Kenn Liebe Nicht",
      "type": "CRD",
      "url": "https://tabs.ultimate-guitar.com/tab/ivo-martin/ich-kenn-liebe-nicht-chords-5767643",
      "file_path": null,
      "metadata": {}
    },
    "4943884": {
      "id": "4943884",
      "title": "Küss Mich",
      "type": "CRD",
      "url": "https://tabs.ultimate-guitar.com/tab/4943884",
      "file_path": null,
      "metadata": {}
    },
    "5260443": {
      "id": "5260443",
      "title": "Küss Mich (ver 2)",
      "type": "CRD",
      "url": "https://tabs.ultimate-guitar.com/tab/5260443",
      "file_path": null,
      "metadata": {}
    },
    "5330481": {
      "id": "5330481",
      "title": "Mensch",
      "type": "CRD",
      "url": "https://tabs.ultimate-guitar.com/tab/ivo-martin/mensch-chords-5330481",
      "file_path": null,
      "metadata": {}
    },
    "5861789": {
      "id": "5861789",
      "title": "Musiek",
      "type": "CRD",
      "url": "https://tabs.ultimate-guitar.com/tab/ivo-martin/musiek-chords-5861789",
      "file_path": null,
      "metadata": {}
    },
    "5108827": {
      "id": "5108827",
      "title": "Nicht Allein",
      "type": "CRD",
      "url": "https://tabs.ultimate-guitar.com/tab/ivo-martin/nicht-allein-chords-5108827",
      "file_path": null,
      "metadata": {}
    },
    "5210196": {
      "id": "5210196",
      "title": "Nur 3 Sekunden",
      "type": "CRD",
      "url": "https://tabs.ultimate-guitar.com/tab/ivo-martin/nur-3-sekunden-chords-5210196",
      "file_path": null,
      "metadata": {}
    },
    "5203374": {
      "id": "5203374",
      "title": "Sonnenuntergang",
      "type": "CRD",
      "url": "https://tabs.ultimate-guitar.com/tab/ivo-martin/sonnenuntergang-chords-5203374",
      "file_path": null,
      "metadata": {}
    },
    "5413890": {
      "id": "5413890",
      "title": "Teleskop",
      "type": "CRD",
      "url": "https://tabs.ultimate-guitar.com/tab/ivo-martin/teleskop-chords-5413890",
      "file_path": null,
      "metadata": {}
    },
    "5228391": {
      "id": "5228391",
      "title": "Verliebt",
      "type": "CRD",
      "url": "https://tabs.ultimate-guitar.com/tab/ivo-martin/verliebt-chords-5228391",
      "file_path": null,
      "metadata": {}
    },
    "4763243": {
      "id": "4763243",
      "title": "Weit Weg",
      "type": "CRD",
      "url": "https://tabs.ultimate-guitar.com/tab/ivo-martin/weit-weg-chords-4763243",
      "file_path": null,
      "metadata": {}
    },
    "4882460": {
      "id": "4882460",
      "title": "Wie Dus Liebe Nennst",
      "type": "CRD",
      "url": "https://tabs.ultimate-guitar.com/tab/ivo-martin/wie-dus-liebe-nennst-chords-4882460",
      "file_path": null,
      "metadata": {}
    },
    "5653395": {
      "id": "5653395",
      "title": "Wie Schön Es War",
      "type": "CRD",
      "url": "https://tabs.ultimate-guitar.com/tab/5653395",
      "file_path": null,
      "metadata": {}
    }
  }
}