{
  "id": "11200",
  "name": "Sam Roberts",
  "url": "https://www.ultimate-guitar.com/artist/sam_roberts_11200",
  "tabs": {
    "359082": {
      "id": "359082",
      "title": "Bridge To Nowhere",
      "type": "CRD",
      "url": "https://tabs.ultimate-guitar.com/tab/sam-roberts/bridge-to-nowhere-chords-359082",
      "file_path": null,
      "metadata": {}
    },
    "100649": {
      "id": "100649",
      "title": "Brother Down",
      "type": "CRD",
      "url": "https://tabs.ultimate-guitar.com/tab/sam-roberts/brother-down-chords-100649",
      "file_path": null,
      "metadata": {}
    },
    "400713": {
      "id": "400713",
      "title": "Hard Road",
      "type": "CRD",
      "url": "https://tabs.ultimate-guitar.com/tab/sam-roberts/hard-road-chords-400713",
      "file_path": null,
      "metadata": {}
    },
    "83603": {
      "id": "83603",
      "title": "Brother Down",
      "type": "TAB",
      "url": "https://tabs.ultimate-guitar.com/tab/sam-roberts/brother-down-tabs-83603",
      "file_path": null,
      "metadata": {}
    },
    "394145": {
      "id": "394145",
      "title": "Where Have All The Good People Gone",
      "type": "CRD",
      "url": "https://tabs.ultimate-guitar.com/tab/sam-roberts/where-have-all-the-good-people-gone-chords-394145",
      "file_path": null,
      "metadata": {}
    },
    "661868": {
      "id": "661868",
      "title": "Them Kids",
      "type": "TAB",
      "url": "https://tabs.ultimate-guitar.com/tab/sam-roberts/them-kids-tabs-661868",
      "file_path": null,
      "metadata": {}
    },
    "404452": {
      "id": "404452",
      "title": "Uprising Down Under",
      "type": "CRD",
      "url": "https://tabs.ultimate-guitar.com/tab/sam-roberts/uprising-down-under-chords-404452",
      "file_path": null,
      "metadata": {}
    },
    "48855": {
      "id": "48855",
      "title": "Dont Walk Away Eileen",
      "type": "CRD",
      "url": "https://tabs.ultimate-guitar.com/tab/sam-roberts/dont-walk-away-eileen-chords-48855",
      "file_path": null,
      "metadata": {}
    },
    "359942": {
      "id": "359942",
      "title": "Uprising Down Under",
      "type": "TAB",
      "url": "https://tabs.ultimate-guitar.com/tab/sam-roberts/uprising-down-under-tabs-359942",
      "file_path": null,
      "metadata": {}
    },
    "411433": {
      "id": "411433",
      "title": "Dont Walk Away Eileen",
      "type": "TAB",
      "url": "https://tabs.ultimate-guitar.com/tab/sam-roberts/dont-walk-away-eileen-tabs-411433",
      "file_path": null,
      "metadata": {}
    },
    "367347": {
      "id": "367347",
      "title": "An American Draft Dodger In Thunder Bay",
      "type": "CRD",
      "url": "https://tabs.ultimate-guitar.com/tab/sam-roberts/an-american-draft-dodger-in-thunder-bay-chords-367347",
      "file_path": null,
      "metadata": {}
    },
    "447443": {
      "id": "447443",
      "title": "An American Draft Dodger In Thunder Bay  Intro",
      "type": "TAB",
      "url": "https://tabs.ultimate-guitar.com/tab/sam-roberts/an-american-draft-dodger-in-thunder-bay-tabs-447443",
      "file_path": null,
      "metadata": {}
    },
    "1285914": {
      "id": "1285914",
      "title": "An American Draft Dodger In Thunder Bay",
      "type": "UKE",
      "url": "https://tabs.ultimate-guitar.com/tab/sam-roberts/an-american-draft-dodger-in-thunder-bay-ukulele-1285914",
      "file_path": null,
      "metadata": {}
    },
    "365189": {
      "id": "365189",
      "title": "Bootleg Saint",
      "type": "CRD",
      "url": "https://tabs.ultimate-guitar.com/tab/sam-roberts/bootleg-saint-chords-365189",
      "file_path": null,
      "metadata": {}
    },
    "371482": {
      "id": "371482",
      "title": "Bootleg Saint (ver 2)",
      "type": "CRD",
      "url": "https://tabs.ultimate-guitar.com/tab/sam-roberts/bootleg-saint-chords-371482",
      "file_path": null,
      "metadata": {}
    },
    "398115": {
      "id": "398115",
      "title": "Bootleg Saint",
      "type": "TAB",
      "url": "https://tabs.ultimate-guitar.com/tab/sam-roberts/bootleg-saint-tabs-398115",
      "file_path": null,
      "metadata": {}
    },
    "1286307": {
      "id": "1286307",
      "title": "Bootleg Saint",
      "type": "UKE",
      "url": "https://tabs.ultimate-guitar.com/tab/sam-roberts/bootleg-saint-ukulele-1286307",
      "file_path": null,
      "metadata": {}
    },
    "402602": {
      "id": "402602",
      "title": "Bridge To Nowhere",
      "type": "TAB",
      "url": "https://tabs.ultimate-guitar.com/tab/sam-roberts/bridge-to-nowhere-tabs-402602",
      "file_path": null,
      "metadata": {}
    },
    "776308": {
      "id": "776308",
      "title": "Bridge To Nowhere",
      "type": "BASS",
      "url": "https://tabs.ultimate-guitar.com/tab/sam-roberts/bridge-to-nowhere-bass-776308",
      "file_path": null,
      "metadata": {}
    },
    "1285134": {
      "id": "1285134",
      "title": "Bridge To Nowhere",
      "type": "UKE",
      "url": "https://tabs.ultimate-guitar.com/tab/sam-roberts/bridge-to-nowhere-ukulele-1285134",
      "file_path": null,
      "metadata": {}
    },
    "1281362": {
      "id": "1281362",
      "title": "Brisge To Nowhere",
      "type": "UKE",
      "url": "https://tabs.ultimate-guitar.com/tab/sam-roberts/brisge-to-nowhere-ukulele-1281362",
      "file_path": null,
      "metadata": {}
    },
    "159724": {
      "id": "159724",
      "title": "Brother Down (ver 2)",
      "type": "TAB",
      "url": "https://tabs.ultimate-guitar.com/tab/sam-roberts/brother-down-tabs-159724",
      "file_path": null,
      "metadata": {}
    },
    "1162575": {
      "id": "1162575",
      "title": "Brother Down (ver 3)",
      "type": "TAB",
      "url": "https://tabs.ultimate-guitar.com/tab/sam-roberts/brother-down-tabs-1162575",
      "file_path": null,
      "metadata": {}
    },
    "601313": {
      "id": "601313",
      "title": "Brother Down  Intro",
      "type": "PWR",
      "url": "https://tabs.ultimate-guitar.com/tab/sam-roberts/brother-down-power-601313",
      "file_path": null,
      "metadata": {}
    },
    "1945497": {
      "id": "1945497",
      "title": "Brother Down",
      "type": "BASS",
      "url": "https://tabs.ultimate-guitar.com/tab/sam-roberts/brother-down-bass-1945497",
      "file_path": null,
      "metadata": {}
    },
    "865089": {
      "id": "865089",
      "title": "Brother Down",
      "type": "DRM",
      "url": "https://tabs.ultimate-guitar.com/tab/sam-roberts/brother-down-drums-865089",
      "file_path": null,
      "metadata": {}
    },
    "1270813": {
      "id": "1270813",
      "title": "Brother Down",
      "type": "UKE",
      "url": "https://tabs.ultimate-guitar.com/tab/sam-roberts/brother-down-ukulele-1270813",
      "file_path": null,
      "metadata": {}
    },
    "2150667": {
      "id": "2150667",
      "title": "Brother Down (ver 2)",
      "type": "UKE",
      "url": "https://tabs.ultimate-guitar.com/tab/sam-roberts/brother-down-ukulele-2150667",
      "file_path": null,
      "metadata": {}
    },
    "457392": {
      "id": "457392",
      "title": "Canadian Dream",
      "type": "TAB",
      "url": "https://tabs.ultimate-guitar.com/tab/sam-roberts/canadian-dream-tabs-457392",
      "file_path": null,
      "metadata": {}
    },
    "1171140": {
      "id": "1171140",
      "title": "Canadian Dream (ver 2)",
      "type": "TAB",
      "url": "https://tabs.ultimate-guitar.com/tab/sam-roberts/canadian-dream-tabs-1171140",
      "file_path": null,
      "metadata": {}
    },
    "1026187": {
      "id": "1026187",
      "title": "Canadian Dream",
      "type": "BASS",
      "url": "https://tabs.ultimate-guitar.com/tab/sam-roberts/canadian-dream-bass-1026187",
      "file_path": null,
      "metadata": {}
    },
    "657179": {
      "id": "657179",
      "title": "Dead End",
      "type": "CRD",
      "url": "https://tabs.ultimate-guitar.com/tab/sam-roberts/dead-end-chords-657179",
      "file_path": null,
      "metadata": {}
    },
    "1305917": {
      "id": "1305917",
      "title": "Dead End",
      "type": "UKE",
      "url": "https://tabs.ultimate-guitar.com/tab/sam-roberts/dead-end-ukulele-1305917",
      "file_path": null,
      "metadata": {}
    },
    "756539": {
      "id": "756539",
      "title": "Detroit 67",
      "type": "CRD",
      "url": "https://tabs.ultimate-guitar.com/tab/sam-roberts/detroit-67-chords-756539",
      "file_path": null,
      "metadata": {}
    },
    "767188": {
      "id": "767188",
      "title": "Detroit 67",
      "type": "TAB",
      "url": "https://tabs.ultimate-guitar.com/tab/sam-roberts/detroit-67-tabs-767188",
      "file_path": null,
      "metadata": {}
    },
    "1316628": {
      "id": "1316628",
      "title": "Detroit 67",
      "type": "UKE",
      "url": "https://tabs.ultimate-guitar.com/tab/sam-roberts/detroit-67-ukulele-1316628",
      "file_path": null,
      "metadata": {}
    },
    "1874101": {
      "id": "1874101",
      "title": "Dont Walk Away Eileen (ver 2)",
      "type": "CRD",
      "url": "https://tabs.ultimate-guitar.com/tab/sam-roberts/dont-walk-away-eileen-chords-1874101",
      "file_path": null,
      "metadata": {}
    },
    "548791": {
      "id": "548791",
      "title": "Dont Walk Away Eileen",
      "type": "PRO",
      "url": "https://tabs.ultimate-guitar.com/tab/sam-roberts/dont-walk-away-eileen-guitar-pro-548791",
      "file_path": null,
      "metadata": {}
    },
    "311217": {
      "id": "311217",
      "title": "Dont Walk Away Eileen",
      "type": "PWR",
      "url": "https://tabs.ultimate-guitar.com/tab/sam-roberts/dont-walk-away-eileen-power-311217",
      "file_path": null,
      "metadata": {}
    },
    "776314": {
      "id": "776314",
      "title": "Dont Walk Away Eileen",
      "type": "BASS",
      "url": "https://tabs.ultimate-guitar.com/tab/sam-roberts/dont-walk-away-eileen-bass-776314",
      "file_path": null,
      "metadata": {}
    },
    "1257467": {
      "id": "1257467",
      "title": "Dont Walk Away Eileen",
      "type": "UKE",
      "url": "https://tabs.ultimate-guitar.com/tab/sam-roberts/dont-walk-away-eileen-ukulele-1257467",
      "file_path": null,
      "metadata": {}
    },
    "57266": {
      "id": "57266",
      "title": "Every Part Of Me",
      "type": "CRD",
      "url": "https://tabs.ultimate-guitar.com/tab/sam-roberts/every-part-of-me-chords-57266",
      "file_path": null,
      "metadata": {}
    },
    "905886": {
      "id": "905886",
      "title": "Every Part Of Me (ver 2)",
      "type": "CRD",
      "url": "https://tabs.ultimate-guitar.com/tab/sam-roberts/every-part-of-me-chords-905886",
      "file_path": null,
      "metadata": {}
    },
    "1898043": {
      "id": "1898043",
      "title": "Every Part Of Me (ver 3)",
      "type": "CRD",
      "url": "https://tabs.ultimate-guitar.com/tab/sam-roberts/every-part-of-me-chords-1898043",
      "file_path": null,
      "metadata": {}
    },
    "143963": {
      "id": "143963",
      "title": "Every Part Of Me",
      "type": "TAB",
      "url": "https://tabs.ultimate-guitar.com/tab/sam-roberts/every-part-of-me-tabs-143963",
      "file_path": null,
      "metadata": {}
    },
    "1257468": {
      "id": "1257468",
      "title": "Every Part Of Me",
      "type": "UKE",
      "url": "https://tabs.ultimate-guitar.com/tab/sam-roberts/every-part-of-me-ukulele-1257468",
      "file_path": null,
      "metadata": {}
    },
    "1670223": {
      "id": "1670223",
      "title": "Faultline Blues",
      "type": "CRD",
      "url": "https://tabs.ultimate-guitar.com/tab/sam-roberts/faultline-blues-chords-1670223",
      "file_path": null,
      "metadata": {}
    },
    "759462": {
      "id": "759462",
      "title": "Fixed To Ruin",
      "type": "CRD",
      "url": "https://tabs.ultimate-guitar.com/tab/sam-roberts/fixed-to-ruin-chords-759462",
      "file_path": null,
      "metadata": {}
    },
    "850321": {
      "id": "850321",
      "title": "Fixed To Ruin",
      "type": "TAB",
      "url": "https://tabs.ultimate-guitar.com/tab/sam-roberts/fixed-to-ruin-tabs-850321",
      "file_path": null,
      "metadata": {}
    },
    "1317046": {
      "id": "1317046",
      "title": "Fixed To Ruin",
      "type": "UKE",
      "url": "https://tabs.ultimate-guitar.com/tab/sam-roberts/fixed-to-ruin-ukulele-1317046",
      "file_path": null,
      "metadata": {}
    },
    "445560": {
      "id": "445560",
      "title": "Gate",
      "type": "CRD",
      "url": "https://tabs.ultimate-guitar.com/tab/sam-roberts/gate-chords-445560",
      "file_path": null,
      "metadata": {}
    },
    "1288593": {
      "id": "1288593",
      "title": "Gate",
      "type": "UKE",
      "url": "https://tabs.ultimate-guitar.com/tab/sam-roberts/gate-ukulele-1288593",
      "file_path": null,
      "metadata": {}
    },
    "1723017": {
      "id": "1723017",
      "title": "Golden Hour",
      "type": "CRD",
      "url": "https://tabs.ultimate-guitar.com/tab/sam-roberts/golden-hour-chords-1723017",
      "file_path": null,
      "metadata": {}
    },
    "1056838": {
      "id": "1056838",
      "title": "Graveyard Shift  Intro",
      "type": "TAB",
      "url": "https://tabs.ultimate-guitar.com/tab/sam-roberts/graveyard-shift-tabs-1056838",
      "file_path": null,
      "metadata": {}
    },
    "821057": {
      "id": "821057",
      "title": "Hard Road (ver 2)",
      "type": "CRD",
      "url": "https://tabs.ultimate-guitar.com/tab/sam-roberts/hard-road-chords-821057",
      "file_path": null,
      "metadata": {}
    },
    "4424162": {
      "id": "4424162",
      "title": "Hard Road (ver 3)",
      "type": "CRD",
      "url": "https://tabs.ultimate-guitar.com/tab/sam-roberts/hard-road-chords-4424162",
      "file_path": null,
      "metadata": {}
    },
    "3061944": {
      "id": "3061944",
      "title": "Hard Road  Solo",
      "type": "TAB",
      "url": "https://tabs.ultimate-guitar.com/tab/sam-roberts/hard-road-tabs-3061944",
      "file_path": null,
      "metadata": {}
    },
    "5333802": {
      "id": "5333802",
      "title": "Hard Road",
      "type": "BASS",
      "url": "https://tabs.ultimate-guitar.com/tab/sam-roberts/hard-road-bass-5333802",
      "file_path": null,
      "metadata": {}
    },
    "4047034": {
      "id": "4047034",
      "title": "I Feel You  Intro",
      "type": "TAB",
      "url": "https://tabs.ultimate-guitar.com/tab/sam-roberts/i-feel-you-tabs-4047034",
      "file_path": null,
      "metadata": {}
    },
    "1087316": {
      "id": "1087316",
      "title": "I Feel You",
      "type": "TAB",
      "url": "https://tabs.ultimate-guitar.com/tab/sam-roberts/i-feel-you-tabs-1087316",
      "file_path": null,
      "metadata": {}
    },
    "1138398": {
      "id": "1138398",
      "title": "I Feel You (ver 2)",
      "type": "TAB",
      "url": "https://tabs.ultimate-guitar.com/tab/sam-roberts/i-feel-you-tabs-1138398",
      "file_path": null,
      "metadata": {}
    },
    "1155539": {
      "id": "1155539",
      "title": "Let It In",
      "type": "TAB",
      "url": "https://tabs.ultimate-guitar.com/tab/sam-roberts/let-it-in-tabs-1155539",
      "file_path": null,
      "metadata": {}
    },
    "748524": {
      "id": "748524",
      "title": "Lions Of The Kalahari",
      "type": "CRD",
      "url": "https://tabs.ultimate-guitar.com/tab/sam-roberts/lions-of-the-kalahari-chords-748524",
      "file_path": null,
      "metadata": {}
    },
    "1315876": {
      "id": "1315876",
      "title": "Lions Of The Kalahari",
      "type": "UKE",
      "url": "https://tabs.ultimate-guitar.com/tab/sam-roberts/lions-of-the-kalahari-ukulele-1315876",
      "file_path": null,
      "metadata": {}
    },
    "686883": {
      "id": "686883",
      "title": "Love At The End Of The World",
      "type": "CRD",
      "url": "https://tabs.ultimate-guitar.com/tab/sam-roberts/love-at-the-end-of-the-world-chords-686883",
      "file_path": null,
      "metadata": {}
    },
    "684030": {
      "id": "684030",
      "title": "Love At The End Of The World",
      "type": "TAB",
      "url": "https://tabs.ultimate-guitar.com/tab/sam-roberts/love-at-the-end-of-the-world-tabs-684030",
      "file_path": null,
      "metadata": {}
    },
    "1306484": {
      "id": "1306484",
      "title": "Love At The End Of The World",
      "type": "UKE",
      "url": "https://tabs.ultimate-guitar.com/tab/sam-roberts/love-at-the-end-of-the-world-ukulele-1306484",
      "file_path": null,
      "metadata": {}
    },
    "2224369": {
      "id": "2224369",
      "title": "Metal Skin",
      "type": "CRD",
      "url": "https://tabs.ultimate-guitar.com/tab/sam-roberts/metal-skin-chords-2224369",
      "file_path": null,
      "metadata": {}
    },
    "369201": {
      "id": "369201",
      "title": "Mind Flood",
      "type": "CRD",
      "url": "https://tabs.ultimate-guitar.com/tab/sam-roberts/mind-flood-chords-369201",
      "file_path": null,
      "metadata": {}
    },
    "1286075": {
      "id": "1286075",
      "title": "Mind Flood",
      "type": "UKE",
      "url": "https://tabs.ultimate-guitar.com/tab/sam-roberts/mind-flood-ukulele-1286075",
      "file_path": null,
      "metadata": {}
    },
    "409329": {
      "id": "409329",
      "title": "My Love Is Freeing",
      "type": "TAB",
      "url": "https://tabs.ultimate-guitar.com/tab/sam-roberts/my-love-is-freeing-tabs-409329",
      "file_path": null,
      "metadata": {}
    },
    "974548": {
      "id": "974548",
      "title": "My Love Is Freeing (ver 2)",
      "type": "TAB",
      "url": "https://tabs.ultimate-guitar.com/tab/sam-roberts/my-love-is-freeing-tabs-974548",
      "file_path": null,
      "metadata": {}
    },
    "366648": {
      "id": "366648",
      "title": "Mystified Heavy",
      "type": "CRD",
      "url": "https://tabs.ultimate-guitar.com/tab/sam-roberts/mystified-heavy-chords-366648",
      "file_path": null,
      "metadata": {}
    },
    "557092": {
      "id": "557092",
      "title": "Mystified Heavy  Intro",
      "type": "TAB",
      "url": "https://tabs.ultimate-guitar.com/tab/sam-roberts/mystified-heavy-tabs-557092",
      "file_path": null,
      "metadata": {}
    },
    "1285849": {
      "id": "1285849",
      "title": "Mystified Heavy",
      "type": "UKE",
      "url": "https://tabs.ultimate-guitar.com/tab/sam-roberts/mystified-heavy-ukulele-1285849",
      "file_path": null,
      "metadata": {}
    },
    "1470128": {
      "id": "1470128",
      "title": "Never Enough",
      "type": "CRD",
      "url": "https://tabs.ultimate-guitar.com/tab/sam-roberts/never-enough-chords-1470128",
      "file_path": null,
      "metadata": {}
    },
    "369194": {
      "id": "369194",
      "title": "No Sleep",
      "type": "CRD",
      "url": "https://tabs.ultimate-guitar.com/tab/sam-roberts/no-sleep-chords-369194",
      "file_path": null,
      "metadata": {}
    },
    "466211": {
      "id": "466211",
      "title": "No Sleep",
      "type": "TAB",
      "url": "https://tabs.ultimate-guitar.com/tab/sam-roberts/no-sleep-tabs-466211",
      "file_path": null,
      "metadata": {}
    },
    "1286073": {
      "id": "1286073",
      "title": "No Sleep",
      "type": "UKE",
      "url": "https://tabs.ultimate-guitar.com/tab/sam-roberts/no-sleep-ukulele-1286073",
      "file_path": null,
      "metadata": {}
    },
    "680964": {
      "id": "680964",
      "title": "Oh Maria",
      "type": "CRD",
      "url": "https://tabs.ultimate-guitar.com/tab/sam-roberts/oh-maria-chords-680964",
      "file_path": null,
      "metadata": {}
    },
    "715187": {
      "id": "715187",
      "title": "Oh Maria (ver 2)",
      "type": "CRD",
      "url": "https://tabs.ultimate-guitar.com/tab/sam-roberts/oh-maria-chords-715187",
      "file_path": null,
      "metadata": {}
    },
    "756909": {
      "id": "756909",
      "title": "Oh Maria (ver 3)",
      "type": "CRD",
      "url": "https://tabs.ultimate-guitar.com/tab/sam-roberts/oh-maria-chords-756909",
      "file_path": null,
      "metadata": {}
    },
    "762426": {
      "id": "762426",
      "title": "Oh Maria (ver 4)",
      "type": "CRD",
      "url": "https://tabs.ultimate-guitar.com/tab/sam-roberts/oh-maria-chords-762426",
      "file_path": null,
      "metadata": {}
    },
    "1308889": {
      "id": "1308889",
      "title": "Oh Maria",
      "type": "UKE",
      "url": "https://tabs.ultimate-guitar.com/tab/sam-roberts/oh-maria-ukulele-1308889",
      "file_path": null,
      "metadata": {}
    },
    "369188": {
      "id": "369188",
      "title": "Paranoia",
      "type": "CRD",
      "url": "https://tabs.ultimate-guitar.com/tab/sam-roberts/paranoia-chords-369188",
      "file_path": null,
      "metadata": {}
    },
    "371840": {
      "id": "371840",
      "title": "Paranoia",
      "type": "TAB",
      "url": "https://tabs.ultimate-guitar.com/tab/sam-roberts/paranoia-tabs-371840",
      "file_path": null,
      "metadata": {}
    },
    "1286072": {
      "id": "1286072",
      "title": "Paranoia",
      "type": "UKE",
      "url": "https://tabs.ultimate-guitar.com/tab/sam-roberts/paranoia-ukulele-1286072",
      "file_path": null,
      "metadata": {}
    },
    "1057970": {
      "id": "1057970",
      "title": "Partition Blues",
      "type": "CRD",
      "url": "https://tabs.ultimate-guitar.com/tab/sam-roberts/partition-blues-chords-1057970",
      "file_path": null,
      "metadata": {}
    },
    "1353228": {
      "id": "1353228",
      "title": "Partition Blues",
      "type": "UKE",
      "url": "https://tabs.ultimate-guitar.com/tab/sam-roberts/partition-blues-ukulele-1353228",
      "file_path": null,
      "metadata": {}
    },
    "3914027": {
      "id": "3914027",
      "title": "Shapeshifters",
      "type": "CRD",
      "url": "https://tabs.ultimate-guitar.com/tab/sam-roberts/shapeshifters-chords-3914027",
      "file_path": null,
      "metadata": {}
    },
    "1464325": {
      "id": "1464325",
      "title": "Shapeshifters",
      "type": "BASS",
      "url": "https://tabs.ultimate-guitar.com/tab/sam-roberts/shapeshifters-bass-1464325",
      "file_path": null,
      "metadata": {}
    },
    "3072674": {
      "id": "3072674",
      "title": "Streets Of Heaven Promises Promises",
      "type": "CRD",
      "url": "https://tabs.ultimate-guitar.com/tab/sam-roberts/streets-of-heaven-promises-promises-chords-3072674",
      "file_path": null,
      "metadata": {}
    },
    "1845440": {
      "id": "1845440",
      "title": "Stripmall Religion",
      "type": "CRD",
      "url": "https://tabs.ultimate-guitar.com/tab/sam-roberts/stripmall-religion-chords-1845440",
      "file_path": null,
      "metadata": {}
    },
    "1328435": {
      "id": "1328435",
      "title": "Stripmall Religion",
      "type": "UKE",
      "url": "https://tabs.ultimate-guitar.com/tab/sam-roberts/stripmall-religion-ukulele-1328435",
      "file_path": null,
      "metadata": {}
    },
    "681203": {
      "id": "681203",
      "title": "Sundance",
      "type": "CRD",
      "url": "https://tabs.ultimate-guitar.com/tab/sam-roberts/sundance-chords-681203",
      "file_path": null,
      "metadata": {}
    },
    "1308816": {
      "id": "1308816",
      "title": "Sundance",
      "type": "UKE",
      "url": "https://tabs.ultimate-guitar.com/tab/sam-roberts/sundance-ukulele-1308816",
      "file_path": null,
      "metadata": {}
    },
    "1234714": {
      "id": "1234714",
      "title": "Taj Mahal",
      "type": "CRD",
      "url": "https://tabs.ultimate-guitar.com/tab/sam-roberts/taj-mahal-chords-1234714",
      "file_path": null,
      "metadata": {}
    },
    "1390713": {
      "id": "1390713",
      "title": "Taj Mahal",
      "type": "UKE",
      "url": "https://tabs.ultimate-guitar.com/tab/sam-roberts/taj-mahal-ukulele-1390713",
      "file_path": null,
      "metadata": {}
    },
    "1792908": {
      "id": "1792908",
      "title": "The Band Vs The World  Intro",
      "type": "TAB",
      "url": "https://tabs.ultimate-guitar.com/tab/sam-roberts/the-band-vs-the-world-tabs-1792908",
      "file_path": null,
      "metadata": {}
    },
    "3155297": {
      "id": "3155297",
      "title": "The Gate",
      "type": "TAB",
      "url": "https://tabs.ultimate-guitar.com/tab/sam-roberts/the-gate-tabs-3155297",
      "file_path": null,
      "metadata": {}
    },
    "757471": {
      "id": "757471",
      "title": "The Pilgrim",
      "type": "CRD",
      "url": "https://tabs.ultimate-guitar.com/tab/sam-roberts/the-pilgrim-chords-757471",
      "file_path": null,
      "metadata": {}
    },
    "1316706": {
      "id": "1316706",
      "title": "The Pilgrim",
      "type": "UKE",
      "url": "https://tabs.ultimate-guitar.com/tab/sam-roberts/the-pilgrim-ukulele-1316706",
      "file_path": null,
      "metadata": {}
    },
    "1492436": {
      "id": "1492436",
      "title": "Them Kids",
      "type": "CRD",
      "url": "https://tabs.ultimate-guitar.com/tab/sam-roberts/them-kids-chords-1492436",
      "file_path": null,
      "metadata": {}
    },
    "1171691": {
      "id": "1171691",
      "title": "Them Kids (ver 2)",
      "type": "TAB",
      "url": "https://tabs.ultimate-guitar.com/tab/sam-roberts/them-kids-tabs-1171691",
      "file_path": null,
      "metadata": {}
    },
    "1142631": {
      "id": "1142631",
      "title": "Them Kids",
      "type": "PRO",
      "url": "https://tabs.ultimate-guitar.com/tab/sam-roberts/them-kids-guitar-pro-1142631",
      "file_path": null,
      "metadata": {}
    },
    "386359": {
      "id": "386359",
      "title": "This Wreck Of A Life",
      "type": "CRD",
      "url": "https://tabs.ultimate-guitar.com/tab/sam-roberts/this-wreck-of-a-life-chords-386359",
      "file_path": null,
      "metadata": {}
    },
    "1287761": {
      "id": "1287761",
      "title": "This Wreck Of A Life",
      "type": "UKE",
      "url": "https://tabs.ultimate-guitar.com/tab/sam-roberts/this-wreck-of-a-life-ukulele-1287761",
      "file_path": null,
      "metadata": {}
    },
    "1193159": {
      "id": "1193159",
      "title": "Tractor Beam Blues",
      "type": "CRD",
      "url": "https://tabs.ultimate-guitar.com/tab/sam-roberts/tractor-beam-blues-chords-1193159",
      "file_path": null,
      "metadata": {}
    },
    "1382881": {
      "id": "1382881",
      "title": "Tractor Beam Blues",
      "type": "UKE",
      "url": "https://tabs.ultimate-guitar.com/tab/sam-roberts/tractor-beam-blues-ukulele-1382881",
      "file_path": null,
      "metadata": {}
    },
    "1092291": {
      "id": "1092291",
      "title": "Twist The Knife",
      "type": "CRD",
      "url": "https://tabs.ultimate-guitar.com/tab/sam-roberts/twist-the-knife-chords-1092291",
      "file_path": null,
      "metadata": {}
    },
    "1358429": {
      "id": "1358429",
      "title": "Twist The Knife",
      "type": "UKE",
      "url": "https://tabs.ultimate-guitar.com/tab/sam-roberts/twist-the-knife-ukulele-1358429",
      "file_path": null,
      "metadata": {}
    },
    "365794": {
      "id": "365794",
      "title": "Uprising Down Under (ver 2)",
      "type": "TAB",
      "url": "https://tabs.ultimate-guitar.com/tab/sam-roberts/uprising-down-under-tabs-365794",
      "file_path": null,
      "metadata": {}
    },
    "1031971": {
      "id": "1031971",
      "title": "Uprising Down Under (ver 3)",
      "type": "TAB",
      "url": "https://tabs.ultimate-guitar.com/tab/sam-roberts/uprising-down-under-tabs-1031971",
      "file_path": null,
      "metadata": {}
    },
    "1289727": {
      "id": "1289727",
      "title": "Uprising Down Under",
      "type": "UKE",
      "url": "https://tabs.ultimate-guitar.com/tab/sam-roberts/uprising-down-under-ukulele-1289727",
      "file_path": null,
      "metadata": {}
    },
    "1461713": {
      "id": "1461713",
      "title": "Were All In This Together",
      "type": "CRD",
      "url": "https://tabs.ultimate-guitar.com/tab/sam-roberts/were-all-in-this-together-chords-1461713",
      "file_path": null,
      "metadata": {}
    },
    "1288513": {
      "id": "1288513",
      "title": "Where Have All The Good People Gone",
      "type": "UKE",
      "url": "https://tabs.ultimate-guitar.com/tab/sam-roberts/where-have-all-the-good-people-gone-ukulele-1288513",
      "file_path": null,
      "metadata": {}
    },
    "942208": {
      "id": "942208",
      "title": "With A Bullet",
      "type": "CRD",
      "url": "https://tabs.ultimate-guitar.com/tab/sam-roberts/with-a-bullet-chords-942208",
      "file_path": null,
      "metadata": {}
    },
    "676858": {
      "id": "676858",
      "title": "With A Bullet",
      "type": "PRO",
      "url": "https://tabs.ultimate-guitar.com/tab/sam-roberts/with-a-bullet-guitar-pro-676858",
      "file_path": null,
      "metadata": {}
    },
    "1333535": {
      "id": "1333535",
      "title": "With A Bullet",
      "type": "UKE",
      "url": "https://tabs.ultimate-guitar.com/tab/sam-roberts/with-a-bullet-ukulele-1333535",
      "file_path": null,
      "metadata": {}
    },
    "1087746": {
      "id": "1087746",
      "title": "Without A Map",
      "type": "CRD",
      "url": "https://tabs.ultimate-guitar.com/tab/sam-roberts/without-a-map-chords-1087746",
      "file_path": null,
      "metadata": {}
    },
    "1093267": {
      "id": "1093267",
      "title": "Without A Map (ver 2)",
      "type": "CRD",
      "url": "https://tabs.ultimate-guitar.com/tab/sam-roberts/without-a-map-chords-1093267",
      "file_path": null,
      "metadata": {}
    },
    "2718810": {
      "id": "2718810",
      "title": "Without A Map",
      "type": "PRO",
      "url": "https://tabs.ultimate-guitar.com/tab/sam-roberts/without-a-map-guitar-pro-2718810",
      "file_path": null,
      "metadata": {}
    },
    "1362274": {
      "id": "1362274",
      "title": "Without A Map",
      "type": "UKE",
      "url": "https://tabs.ultimate-guitar.com/tab/sam-roberts/without-a-map-ukulele-1362274",
      "file_path": null,
      "metadata": {}
    },
    "748258": {
      "id": "748258",
      "title": "Words Fire",
      "type": "CRD",
      "url": "https://tabs.ultimate-guitar.com/tab/sam-roberts/words-fire-chords-748258",
      "file_path": null,
      "metadata": {}
    },
    "760950": {
      "id": "760950",
      "title": "Words Fire",
      "type": "TAB",
      "url": "https://tabs.ultimate-guitar.com/tab/sam-roberts/words-fire-tabs-760950",
      "file_path": null,
      "metadata": {}
    },
    "1315823": {
      "id": "1315823",
      "title": "Words Fire",
      "type": "UKE",
      "url": "https://tabs.ultimate-guitar.com/tab/sam-roberts/words-fire-ukulele-1315823",
      "file_path": null,
      "metadata": {}
    }
  }
}