{
  "id": "10892",
  "name": "Sarah McLachlan",
  "url": "https://www.ultimate-guitar.com/artist/sarah_mclachlan_10892",
  "tabs": {
    "7817": {
      "id": "7817",
      "title": "I Will Remember You",
      "type": "CRD",
      "url": "https://tabs.ultimate-guitar.com/tab/sarah-mclachlan/i-will-remember-you-chords-7817",
      "file_path": null,
      "metadata": {}
    },
    "643976": {
      "id": "643976",
      "title": "Blackbird",
      "type": "TAB",
      "url": "https://tabs.ultimate-guitar.com/tab/sarah-mclachlan/blackbird-tabs-643976",
      "file_path": null,
      "metadata": {}
    },
    "760890": {
      "id": "760890",
      "title": "Wintersong",
      "type": "CRD",
      "url": "https://tabs.ultimate-guitar.com/tab/sarah-mclachlan/wintersong-chords-760890",
      "file_path": null,
      "metadata": {}
    },
    "7818": {
      "id": "7818",
      "title": "Sweet Surrender",
      "type": "CRD",
      "url": "https://tabs.ultimate-guitar.com/tab/sarah-mclachlan/sweet-surrender-chords-7818",
      "file_path": null,
      "metadata": {}
    },
    "152810": {
      "id": "152810",
      "title": "World On Fire",
      "type": "CRD",
      "url": "https://tabs.ultimate-guitar.com/tab/sarah-mclachlan/world-on-fire-chords-152810",
      "file_path": null,
      "metadata": {}
    },
    "456723": {
      "id": "456723",
      "title": "Ordinary Miracle",
      "type": "CRD",
      "url": "https://tabs.ultimate-guitar.com/tab/sarah-mclachlan/ordinary-miracle-chords-456723",
      "file_path": null,
      "metadata": {}
    },
    "128849": {
      "id": "128849",
      "title": "Do What You Have To Do",
      "type": "CRD",
      "url": "https://tabs.ultimate-guitar.com/tab/sarah-mclachlan/do-what-you-have-to-do-chords-128849",
      "file_path": null,
      "metadata": {}
    },
    "995509": {
      "id": "995509",
      "title": "Possession",
      "type": "CRD",
      "url": "https://tabs.ultimate-guitar.com/tab/sarah-mclachlan/possession-chords-995509",
      "file_path": null,
      "metadata": {}
    },
    "784429": {
      "id": "784429",
      "title": "Answer",
      "type": "CRD",
      "url": "https://tabs.ultimate-guitar.com/tab/sarah-mclachlan/answer-chords-784429",
      "file_path": null,
      "metadata": {}
    },
    "75835": {
      "id": "75835",
      "title": "Song For A Winters Night",
      "type": "CRD",
      "url": "https://tabs.ultimate-guitar.com/tab/sarah-mclachlan/song-for-a-winters-night-chords-75835",
      "file_path": null,
      "metadata": {}
    },
    "3857144": {
      "id": "3857144",
      "title": "Bring On The Wonder",
      "type": "CRD",
      "url": "https://tabs.ultimate-guitar.com/tab/susan-enan/bring-on-the-wonder-chords-3857144",
      "file_path": null,
      "metadata": {}
    },
    "75834": {
      "id": "75834",
      "title": "Silence",
      "type": "CRD",
      "url": "https://tabs.ultimate-guitar.com/tab/delerium/silence-chords-75834",
      "file_path": null,
      "metadata": {}
    },
    "881774": {
      "id": "881774",
      "title": "Silence (ver 2)",
      "type": "CRD",
      "url": "https://tabs.ultimate-guitar.com/tab/delerium/silence-chords-881774",
      "file_path": null,
      "metadata": {}
    },
    "1264958": {
      "id": "1264958",
      "title": "Silence",
      "type": "UKE",
      "url": "https://tabs.ultimate-guitar.com/tab/delerium/silence-ukulele-1264958",
      "file_path": null,
      "metadata": {}
    },
    "1327515": {
      "id": "1327515",
      "title": "Silence (ver 2)",
      "type": "UKE",
      "url": "https://tabs.ultimate-guitar.com/tab/delerium/silence-ukulele-1327515",
      "file_path": null,
      "metadata": {}
    },
    "11173": {
      "id": "11173",
      "title": "The Water Is Wide",
      "type": "CRD",
      "url": "https://tabs.ultimate-guitar.com/tab/indigo-girls/the-water-is-wide-chords-11173",
      "file_path": null,
      "metadata": {}
    },
    "1255329": {
      "id": "1255329",
      "title": "The Water Is Wide",
      "type": "UKE",
      "url": "https://tabs.ultimate-guitar.com/tab/indigo-girls/the-water-is-wide-ukulele-1255329",
      "file_path": null,
      "metadata": {}
    },
    "800975": {
      "id": "800975",
      "title": "Toy Story 2 - When She Loved Me",
      "type": "CRD",
      "url": "https://tabs.ultimate-guitar.com/tab/misc-cartoons/toy-story-2-when-she-loved-me-chords-800975",
      "file_path": null,
      "metadata": {}
    },
    "1007461": {
      "id": "1007461",
      "title": "Toy Story 2 - When She Loved Me (ver 2)",
      "type": "CRD",
      "url": "https://tabs.ultimate-guitar.com/tab/misc-cartoons/toy-story-2-when-she-loved-me-chords-1007461",
      "file_path": null,
      "metadata": {}
    },
    "1027389": {
      "id": "1027389",
      "title": "Toy Story 2 - When She Loved Me (ver 3)",
      "type": "CRD",
      "url": "https://tabs.ultimate-guitar.com/tab/misc-cartoons/toy-story-2-when-she-loved-me-chords-1027389",
      "file_path": null,
      "metadata": {}
    },
    "1422349": {
      "id": "1422349",
      "title": "Toy Story 2 - When She Loved Me (ver 4)",
      "type": "CRD",
      "url": "https://tabs.ultimate-guitar.com/tab/misc-cartoons/toy-story-2-when-she-loved-me-chords-1422349",
      "file_path": null,
      "metadata": {}
    },
    "3106061": {
      "id": "3106061",
      "title": "Toy Story 2 - When She Loved Me (ver 5)",
      "type": "CRD",
      "url": "https://tabs.ultimate-guitar.com/tab/misc-cartoons/toy-story-2-when-she-loved-me-chords-3106061",
      "file_path": null,
      "metadata": {}
    },
    "3272831": {
      "id": "3272831",
      "title": "Toy Story 2 - When She Loved Me (ver 6)",
      "type": "CRD",
      "url": "https://tabs.ultimate-guitar.com/tab/misc-cartoons/toy-story-2-when-she-loved-me-chords-3272831",
      "file_path": null,
      "metadata": {}
    },
    "3614990": {
      "id": "3614990",
      "title": "Toy Story 2 - When She Loved Me (ver 7)",
      "type": "CRD",
      "url": "https://tabs.ultimate-guitar.com/tab/misc-cartoons/toy-story-2-when-she-loved-me-chords-3614990",
      "file_path": null,
      "metadata": {}
    },
    "4229209": {
      "id": "4229209",
      "title": "Toy Story 2 - When She Loved Me (ver 8)",
      "type": "CRD",
      "url": "https://tabs.ultimate-guitar.com/tab/misc-cartoons/toy-story-2-when-she-loved-me-chords-4229209",
      "file_path": null,
      "metadata": {}
    },
    "4674089": {
      "id": "4674089",
      "title": "Toy Story 2 - When She Loved Me (ver 9)",
      "type": "CRD",
      "url": "https://tabs.ultimate-guitar.com/tab/misc-cartoons/toy-story-2-when-she-loved-me-chords-4674089",
      "file_path": null,
      "metadata": {}
    },
    "4732553": {
      "id": "4732553",
      "title": "Toy Story 2 - When She Loved Me (ver 10)",
      "type": "CRD",
      "url": "https://tabs.ultimate-guitar.com/tab/misc-cartoons/toy-story-2-when-she-loved-me-chords-4732553",
      "file_path": null,
      "metadata": {}
    },
    "895768": {
      "id": "895768",
      "title": "Toy Story 2 - When She Loved Me  Intro",
      "type": "TAB",
      "url": "https://tabs.ultimate-guitar.com/tab/misc-cartoons/toy-story-2-when-she-loved-me-tabs-895768",
      "file_path": null,
      "metadata": {}
    },
    "3526004": {
      "id": "3526004",
      "title": "Toy Story 2 - When She Loved Me",
      "type": "TAB",
      "url": "https://tabs.ultimate-guitar.com/tab/misc-cartoons/toy-story-2-when-she-loved-me-tabs-3526004",
      "file_path": null,
      "metadata": {}
    },
    "3255581": {
      "id": "3255581",
      "title": "Toy Story 2 - When She Loved Me (ver 2) Intro",
      "type": "TAB",
      "url": "https://tabs.ultimate-guitar.com/tab/misc-cartoons/toy-story-2-when-she-loved-me-tabs-3255581",
      "file_path": null,
      "metadata": {}
    },
    "3365639": {
      "id": "3365639",
      "title": "Toy Story 2 - When She Loved Me (ver 3) Intro",
      "type": "TAB",
      "url": "https://tabs.ultimate-guitar.com/tab/misc-cartoons/toy-story-2-when-she-loved-me-tabs-3365639",
      "file_path": null,
      "metadata": {}
    },
    "3608720": {
      "id": "3608720",
      "title": "Toy Story 2 - When She Loved Me (ver 4) Intro",
      "type": "TAB",
      "url": "https://tabs.ultimate-guitar.com/tab/misc-cartoons/toy-story-2-when-she-loved-me-tabs-3608720",
      "file_path": null,
      "metadata": {}
    },
    "931551": {
      "id": "931551",
      "title": "Toy Story 2 - When She Loved Me",
      "type": "PRO",
      "url": "https://tabs.ultimate-guitar.com/tab/misc-cartoons/toy-story-2-when-she-loved-me-guitar-pro-931551",
      "file_path": null,
      "metadata": {}
    },
    "1179953": {
      "id": "1179953",
      "title": "Toy Story 2 - When She Loved Me (ver 2)",
      "type": "PRO",
      "url": "https://tabs.ultimate-guitar.com/tab/misc-cartoons/toy-story-2-when-she-loved-me-guitar-pro-1179953",
      "file_path": null,
      "metadata": {}
    },
    "1877367": {
      "id": "1877367",
      "title": "Toy Story 2 - When She Loved Me",
      "type": "UKE",
      "url": "https://tabs.ultimate-guitar.com/tab/misc-cartoons/toy-story-2-when-she-loved-me-ukulele-1877367",
      "file_path": null,
      "metadata": {}
    },
    "2139097": {
      "id": "2139097",
      "title": "Toy Story 2 - When She Loved Me (ver 2)",
      "type": "UKE",
      "url": "https://tabs.ultimate-guitar.com/tab/misc-cartoons/toy-story-2-when-she-loved-me-ukulele-2139097",
      "file_path": null,
      "metadata": {}
    },
    "3193982": {
      "id": "3193982",
      "title": "Toy Story 2 - When She Loved Me (ver 3)",
      "type": "UKE",
      "url": "https://tabs.ultimate-guitar.com/tab/misc-cartoons/toy-story-2-when-she-loved-me-ukulele-3193982",
      "file_path": null,
      "metadata": {}
    },
    "4242820": {
      "id": "4242820",
      "title": "Toy Story 2 - When She Loved Me (ver 4)",
      "type": "UKE",
      "url": "https://tabs.ultimate-guitar.com/tab/misc-cartoons/toy-story-2-when-she-loved-me-ukulele-4242820",
      "file_path": null,
      "metadata": {}
    },
    "4293287": {
      "id": "4293287",
      "title": "Toy Story 2 - When She Loved Me (ver 5)",
      "type": "UKE",
      "url": "https://tabs.ultimate-guitar.com/tab/misc-cartoons/toy-story-2-when-she-loved-me-ukulele-4293287",
      "file_path": null,
      "metadata": {}
    },
    "58383": {
      "id": "58383",
      "title": "Adia",
      "type": "CRD",
      "url": "https://tabs.ultimate-guitar.com/tab/sarah-mclachlan/adia-chords-58383",
      "file_path": null,
      "metadata": {}
    },
    "177360": {
      "id": "177360",
      "title": "Adia (ver 2)",
      "type": "CRD",
      "url": "https://tabs.ultimate-guitar.com/tab/sarah-mclachlan/adia-chords-177360",
      "file_path": null,
      "metadata": {}
    },
    "947922": {
      "id": "947922",
      "title": "Adia (ver 3)",
      "type": "CRD",
      "url": "https://tabs.ultimate-guitar.com/tab/sarah-mclachlan/adia-chords-947922",
      "file_path": null,
      "metadata": {}
    },
    "1209730": {
      "id": "1209730",
      "title": "Adia (ver 4)",
      "type": "CRD",
      "url": "https://tabs.ultimate-guitar.com/tab/sarah-mclachlan/adia-chords-1209730",
      "file_path": null,
      "metadata": {}
    },
    "1772062": {
      "id": "1772062",
      "title": "Adia (ver 5)",
      "type": "CRD",
      "url": "https://tabs.ultimate-guitar.com/tab/sarah-mclachlan/adia-chords-1772062",
      "file_path": null,
      "metadata": {}
    },
    "2065319": {
      "id": "2065319",
      "title": "Adia (ver 6)",
      "type": "CRD",
      "url": "https://tabs.ultimate-guitar.com/tab/sarah-mclachlan/adia-chords-2065319",
      "file_path": null,
      "metadata": {}
    },
    "798063": {
      "id": "798063",
      "title": "Adia  Solo",
      "type": "TAB",
      "url": "https://tabs.ultimate-guitar.com/tab/sarah-mclachlan/adia-tabs-798063",
      "file_path": null,
      "metadata": {}
    },
    "857544": {
      "id": "857544",
      "title": "Adia (ver 2) Solo",
      "type": "TAB",
      "url": "https://tabs.ultimate-guitar.com/tab/sarah-mclachlan/adia-tabs-857544",
      "file_path": null,
      "metadata": {}
    },
    "1276107": {
      "id": "1276107",
      "title": "Adia",
      "type": "UKE",
      "url": "https://tabs.ultimate-guitar.com/tab/sarah-mclachlan/adia-ukulele-1276107",
      "file_path": null,
      "metadata": {}
    },
    "2149855": {
      "id": "2149855",
      "title": "Adia (ver 2)",
      "type": "UKE",
      "url": "https://tabs.ultimate-guitar.com/tab/sarah-mclachlan/adia-ukulele-2149855",
      "file_path": null,
      "metadata": {}
    },
    "22056": {
      "id": "22056",
      "title": "Angel",
      "type": "CRD",
      "url": "https://tabs.ultimate-guitar.com/tab/sarah-mclachlan/angel-chords-22056",
      "file_path": null,
      "metadata": {}
    },
    "28902": {
      "id": "28902",
      "title": "Angel (ver 2)",
      "type": "CRD",
      "url": "https://tabs.ultimate-guitar.com/tab/sarah-mclachlan/angel-chords-28902",
      "file_path": null,
      "metadata": {}
    },
    "105198": {
      "id": "105198",
      "title": "Angel (ver 3)",
      "type": "CRD",
      "url": "https://tabs.ultimate-guitar.com/tab/sarah-mclachlan/angel-chords-105198",
      "file_path": null,
      "metadata": {}
    },
    "600839": {
      "id": "600839",
      "title": "Angel (ver 4)",
      "type": "CRD",
      "url": "https://tabs.ultimate-guitar.com/tab/sarah-mclachlan/angel-chords-600839",
      "file_path": null,
      "metadata": {}
    },
    "640951": {
      "id": "640951",
      "title": "Angel (ver 5)",
      "type": "CRD",
      "url": "https://tabs.ultimate-guitar.com/tab/sarah-mclachlan/angel-chords-640951",
      "file_path": null,
      "metadata": {}
    },
    "724322": {
      "id": "724322",
      "title": "Angel (ver 6)",
      "type": "CRD",
      "url": "https://tabs.ultimate-guitar.com/tab/sarah-mclachlan/angel-chords-724322",
      "file_path": null,
      "metadata": {}
    },
    "830070": {
      "id": "830070",
      "title": "Angel (ver 7)",
      "type": "CRD",
      "url": "https://tabs.ultimate-guitar.com/tab/sarah-mclachlan/angel-chords-830070",
      "file_path": null,
      "metadata": {}
    },
    "879506": {
      "id": "879506",
      "title": "Angel (ver 8)",
      "type": "CRD",
      "url": "https://tabs.ultimate-guitar.com/tab/sarah-mclachlan/angel-chords-879506",
      "file_path": null,
      "metadata": {}
    },
    "887167": {
      "id": "887167",
      "title": "Angel (ver 9)",
      "type": "CRD",
      "url": "https://tabs.ultimate-guitar.com/tab/sarah-mclachlan/angel-chords-887167",
      "file_path": null,
      "metadata": {}
    },
    "911877": {
      "id": "911877",
      "title": "Angel (ver 10)",
      "type": "CRD",
      "url": "https://tabs.ultimate-guitar.com/tab/sarah-mclachlan/angel-chords-911877",
      "file_path": null,
      "metadata": {}
    },
    "1413013": {
      "id": "1413013",
      "title": "Angel (ver 11)",
      "type": "CRD",
      "url": "https://tabs.ultimate-guitar.com/tab/sarah-mclachlan/angel-chords-1413013",
      "file_path": null,
      "metadata": {}
    },
    "1429223": {
      "id": "1429223",
      "title": "Angel (ver 12)",
      "type": "CRD",
      "url": "https://tabs.ultimate-guitar.com/tab/sarah-mclachlan/angel-chords-1429223",
      "file_path": null,
      "metadata": {}
    },
    "2023733": {
      "id": "2023733",
      "title": "Angel (ver 13)",
      "type": "CRD",
      "url": "https://tabs.ultimate-guitar.com/tab/sarah-mclachlan/angel-chords-2023733",
      "file_path": null,
      "metadata": {}
    },
    "2440987": {
      "id": "2440987",
      "title": "Angel (ver 14)",
      "type": "CRD",
      "url": "https://tabs.ultimate-guitar.com/tab/sarah-mclachlan/angel-chords-2440987",
      "file_path": null,
      "metadata": {}
    },
    "2851445": {
      "id": "2851445",
      "title": "Angel (ver 15)",
      "type": "CRD",
      "url": "https://tabs.ultimate-guitar.com/tab/sarah-mclachlan/angel-chords-2851445",
      "file_path": null,
      "metadata": {}
    },
    "1693899": {
      "id": "1693899",
      "title": "Angel  Solo",
      "type": "TAB",
      "url": "https://tabs.ultimate-guitar.com/tab/sarah-mclachlan/angel-tabs-1693899",
      "file_path": null,
      "metadata": {}
    },
    "2942264": {
      "id": "2942264",
      "title": "Angel",
      "type": "TAB",
      "url": "https://tabs.ultimate-guitar.com/tab/sarah-mclachlan/angel-tabs-2942264",
      "file_path": null,
      "metadata": {}
    },
    "1477155": {
      "id": "1477155",
      "title": "Angel",
      "type": "PRO",
      "url": "https://tabs.ultimate-guitar.com/tab/sarah-mclachlan/angel-guitar-pro-1477155",
      "file_path": null,
      "metadata": {}
    },
    "2578179": {
      "id": "2578179",
      "title": "Angel (ver 2)",
      "type": "PRO",
      "url": "https://tabs.ultimate-guitar.com/tab/sarah-mclachlan/angel-guitar-pro-2578179",
      "file_path": null,
      "metadata": {}
    },
    "2229763": {
      "id": "2229763",
      "title": "Angel",
      "type": "BASS",
      "url": "https://tabs.ultimate-guitar.com/tab/sarah-mclachlan/angel-bass-2229763",
      "file_path": null,
      "metadata": {}
    },
    "1302473": {
      "id": "1302473",
      "title": "Angel",
      "type": "UKE",
      "url": "https://tabs.ultimate-guitar.com/tab/sarah-mclachlan/angel-ukulele-1302473",
      "file_path": null,
      "metadata": {}
    },
    "1323318": {
      "id": "1323318",
      "title": "Angel (ver 2)",
      "type": "UKE",
      "url": "https://tabs.ultimate-guitar.com/tab/sarah-mclachlan/angel-ukulele-1323318",
      "file_path": null,
      "metadata": {}
    },
    "1479526": {
      "id": "1479526",
      "title": "Angel (ver 3)",
      "type": "UKE",
      "url": "https://tabs.ultimate-guitar.com/tab/sarah-mclachlan/angel-ukulele-1479526",
      "file_path": null,
      "metadata": {}
    },
    "2139099": {
      "id": "2139099",
      "title": "Angel (ver 4)",
      "type": "UKE",
      "url": "https://tabs.ultimate-guitar.com/tab/sarah-mclachlan/angel-ukulele-2139099",
      "file_path": null,
      "metadata": {}
    },
    "2149849": {
      "id": "2149849",
      "title": "Angel (ver 5)",
      "type": "UKE",
      "url": "https://tabs.ultimate-guitar.com/tab/sarah-mclachlan/angel-ukulele-2149849",
      "file_path": null,
      "metadata": {}
    },
    "2536503": {
      "id": "2536503",
      "title": "Answer (ver 2)",
      "type": "CRD",
      "url": "https://tabs.ultimate-guitar.com/tab/sarah-mclachlan/answer-chords-2536503",
      "file_path": null,
      "metadata": {}
    },
    "1316677": {
      "id": "1316677",
      "title": "Answer",
      "type": "UKE",
      "url": "https://tabs.ultimate-guitar.com/tab/sarah-mclachlan/answer-ukulele-1316677",
      "file_path": null,
      "metadata": {}
    },
    "1786788": {
      "id": "1786788",
      "title": "Beautiful Girl",
      "type": "CRD",
      "url": "https://tabs.ultimate-guitar.com/tab/sarah-mclachlan/beautiful-girl-chords-1786788",
      "file_path": null,
      "metadata": {}
    },
    "1197006": {
      "id": "1197006",
      "title": "Bens Song",
      "type": "CRD",
      "url": "https://tabs.ultimate-guitar.com/tab/sarah-mclachlan/bens-song-chords-1197006",
      "file_path": null,
      "metadata": {}
    },
    "1383725": {
      "id": "1383725",
      "title": "Bens Song",
      "type": "UKE",
      "url": "https://tabs.ultimate-guitar.com/tab/sarah-mclachlan/bens-song-ukulele-1383725",
      "file_path": null,
      "metadata": {}
    },
    "445901": {
      "id": "445901",
      "title": "Black",
      "type": "CRD",
      "url": "https://tabs.ultimate-guitar.com/tab/sarah-mclachlan/black-chords-445901",
      "file_path": null,
      "metadata": {}
    },
    "1288500": {
      "id": "1288500",
      "title": "Black",
      "type": "UKE",
      "url": "https://tabs.ultimate-guitar.com/tab/sarah-mclachlan/black-ukulele-1288500",
      "file_path": null,
      "metadata": {}
    },
    "75818": {
      "id": "75818",
      "title": "Black And White",
      "type": "CRD",
      "url": "https://tabs.ultimate-guitar.com/tab/sarah-mclachlan/black-and-white-chords-75818",
      "file_path": null,
      "metadata": {}
    },
    "75842": {
      "id": "75842",
      "title": "Black And White (ver 2)",
      "type": "CRD",
      "url": "https://tabs.ultimate-guitar.com/tab/sarah-mclachlan/black-and-white-chords-75842",
      "file_path": null,
      "metadata": {}
    },
    "1264947": {
      "id": "1264947",
      "title": "Black And White",
      "type": "UKE",
      "url": "https://tabs.ultimate-guitar.com/tab/sarah-mclachlan/black-and-white-ukulele-1264947",
      "file_path": null,
      "metadata": {}
    },
    "3091700": {
      "id": "3091700",
      "title": "Blackbird",
      "type": "PRO",
      "url": "https://tabs.ultimate-guitar.com/tab/sarah-mclachlan/blackbird-guitar-pro-3091700",
      "file_path": null,
      "metadata": {}
    },
    "1482442": {
      "id": "1482442",
      "title": "Brink Of Destruction",
      "type": "CRD",
      "url": "https://tabs.ultimate-guitar.com/tab/sarah-mclachlan/brink-of-destruction-chords-1482442",
      "file_path": null,
      "metadata": {}
    },
    "1482379": {
      "id": "1482379",
      "title": "Broken Heart",
      "type": "CRD",
      "url": "https://tabs.ultimate-guitar.com/tab/sarah-mclachlan/broken-heart-chords-1482379",
      "file_path": null,
      "metadata": {}
    },
    "93340": {
      "id": "93340",
      "title": "Building A Mystery",
      "type": "CRD",
      "url": "https://tabs.ultimate-guitar.com/tab/sarah-mclachlan/building-a-mystery-chords-93340",
      "file_path": null,
      "metadata": {}
    },
    "696128": {
      "id": "696128",
      "title": "Building A Mystery (ver 2)",
      "type": "CRD",
      "url": "https://tabs.ultimate-guitar.com/tab/sarah-mclachlan/building-a-mystery-chords-696128",
      "file_path": null,
      "metadata": {}
    },
    "1209729": {
      "id": "1209729",
      "title": "Building A Mystery (ver 3)",
      "type": "CRD",
      "url": "https://tabs.ultimate-guitar.com/tab/sarah-mclachlan/building-a-mystery-chords-1209729",
      "file_path": null,
      "metadata": {}
    },
    "1878625": {
      "id": "1878625",
      "title": "Building A Mystery (ver 4)",
      "type": "CRD",
      "url": "https://tabs.ultimate-guitar.com/tab/sarah-mclachlan/building-a-mystery-chords-1878625",
      "file_path": null,
      "metadata": {}
    },
    "75820": {
      "id": "75820",
      "title": "Building A Mystery",
      "type": "CRD",
      "url": "https://tabs.ultimate-guitar.com/tab/sarah-mclachlan/building-a-mystery-chords-75820",
      "file_path": null,
      "metadata": {}
    },
    "2777830": {
      "id": "2777830",
      "title": "Building A Mystery",
      "type": "CRD",
      "url": "https://tabs.ultimate-guitar.com/tab/sarah-mclachlan/building-a-mystery-chords-2777830",
      "file_path": null,
      "metadata": {}
    },
    "109752": {
      "id": "109752",
      "title": "Building A Mystery",
      "type": "TAB",
      "url": "https://tabs.ultimate-guitar.com/tab/sarah-mclachlan/building-a-mystery-tabs-109752",
      "file_path": null,
      "metadata": {}
    },
    "1143804": {
      "id": "1143804",
      "title": "Building A Mystery",
      "type": "PRO",
      "url": "https://tabs.ultimate-guitar.com/tab/sarah-mclachlan/building-a-mystery-guitar-pro-1143804",
      "file_path": null,
      "metadata": {}
    },
    "2345727": {
      "id": "2345727",
      "title": "Building A Mystery (ver 2)",
      "type": "PRO",
      "url": "https://tabs.ultimate-guitar.com/tab/sarah-mclachlan/building-a-mystery-guitar-pro-2345727",
      "file_path": null,
      "metadata": {}
    },
    "1270189": {
      "id": "1270189",
      "title": "Building A Mystery",
      "type": "UKE",
      "url": "https://tabs.ultimate-guitar.com/tab/sarah-mclachlan/building-a-mystery-ukulele-1270189",
      "file_path": null,
      "metadata": {}
    },
    "385635": {
      "id": "385635",
      "title": "Dirty Little Secret",
      "type": "CRD",
      "url": "https://tabs.ultimate-guitar.com/tab/sarah-mclachlan/dirty-little-secret-chords-385635",
      "file_path": null,
      "metadata": {}
    },
    "1287698": {
      "id": "1287698",
      "title": "Dirty Little Secret",
      "type": "UKE",
      "url": "https://tabs.ultimate-guitar.com/tab/sarah-mclachlan/dirty-little-secret-ukulele-1287698",
      "file_path": null,
      "metadata": {}
    },
    "4151902": {
      "id": "4151902",
      "title": "Do What You Have To Do (ver 2)",
      "type": "CRD",
      "url": "https://tabs.ultimate-guitar.com/tab/sarah-mclachlan/do-what-you-have-to-do-chords-4151902",
      "file_path": null,
      "metadata": {}
    },
    "1272642": {
      "id": "1272642",
      "title": "Do What You Have To Do",
      "type": "UKE",
      "url": "https://tabs.ultimate-guitar.com/tab/sarah-mclachlan/do-what-you-have-to-do-ukulele-1272642",
      "file_path": null,
      "metadata": {}
    },
    "751465": {
      "id": "751465",
      "title": "Dont Give Up On Us",
      "type": "CRD",
      "url": "https://tabs.ultimate-guitar.com/tab/sarah-mclachlan/dont-give-up-on-us-chords-751465",
      "file_path": null,
      "metadata": {}
    },
    "1314564": {
      "id": "1314564",
      "title": "Dont Give Up On Us",
      "type": "UKE",
      "url": "https://tabs.ultimate-guitar.com/tab/sarah-mclachlan/dont-give-up-on-us-ukulele-1314564",
      "file_path": null,
      "metadata": {}
    },
    "3790676": {
      "id": "3790676",
      "title": "Drawn To The Rhythm",
      "type": "CRD",
      "url": "https://tabs.ultimate-guitar.com/tab/sarah-mclachlan/drawn-to-the-rhythm-chords-3790676",
      "file_path": null,
      "metadata": {}
    },
    "629926": {
      "id": "629926",
      "title": "Drawn To The Rhythm",
      "type": "TAB",
      "url": "https://tabs.ultimate-guitar.com/tab/sarah-mclachlan/drawn-to-the-rhythm-tabs-629926",
      "file_path": null,
      "metadata": {}
    },
    "3490310": {
      "id": "3490310",
      "title": "Drawn To The Rhythm",
      "type": "UKE",
      "url": "https://tabs.ultimate-guitar.com/tab/sarah-mclachlan/drawn-to-the-rhythm-ukulele-3490310",
      "file_path": null,
      "metadata": {}
    },
    "1902435": {
      "id": "1902435",
      "title": "Drifting",
      "type": "CRD",
      "url": "https://tabs.ultimate-guitar.com/tab/sarah-mclachlan/drifting-chords-1902435",
      "file_path": null,
      "metadata": {}
    },
    "769575": {
      "id": "769575",
      "title": "Elsewhere",
      "type": "CRD",
      "url": "https://tabs.ultimate-guitar.com/tab/sarah-mclachlan/elsewhere-chords-769575",
      "file_path": null,
      "metadata": {}
    },
    "828118": {
      "id": "828118",
      "title": "Elsewhere (ver 2)",
      "type": "CRD",
      "url": "https://tabs.ultimate-guitar.com/tab/sarah-mclachlan/elsewhere-chords-828118",
      "file_path": null,
      "metadata": {}
    },
    "1843902": {
      "id": "1843902",
      "title": "Elsewhere (ver 3)",
      "type": "CRD",
      "url": "https://tabs.ultimate-guitar.com/tab/sarah-mclachlan/elsewhere-chords-1843902",
      "file_path": null,
      "metadata": {}
    },
    "75821": {
      "id": "75821",
      "title": "Elsewhere",
      "type": "TAB",
      "url": "https://tabs.ultimate-guitar.com/tab/sarah-mclachlan/elsewhere-tabs-75821",
      "file_path": null,
      "metadata": {}
    },
    "1318297": {
      "id": "1318297",
      "title": "Elsewhere",
      "type": "UKE",
      "url": "https://tabs.ultimate-guitar.com/tab/sarah-mclachlan/elsewhere-ukulele-1318297",
      "file_path": null,
      "metadata": {}
    },
    "95360": {
      "id": "95360",
      "title": "Fallen",
      "type": "CRD",
      "url": "https://tabs.ultimate-guitar.com/tab/sarah-mclachlan/fallen-chords-95360",
      "file_path": null,
      "metadata": {}
    },
    "95902": {
      "id": "95902",
      "title": "Fallen (ver 2)",
      "type": "CRD",
      "url": "https://tabs.ultimate-guitar.com/tab/sarah-mclachlan/fallen-chords-95902",
      "file_path": null,
      "metadata": {}
    },
    "1161927": {
      "id": "1161927",
      "title": "Fallen (ver 3)",
      "type": "CRD",
      "url": "https://tabs.ultimate-guitar.com/tab/sarah-mclachlan/fallen-chords-1161927",
      "file_path": null,
      "metadata": {}
    },
    "1270400": {
      "id": "1270400",
      "title": "Fallen",
      "type": "UKE",
      "url": "https://tabs.ultimate-guitar.com/tab/sarah-mclachlan/fallen-ukulele-1270400",
      "file_path": null,
      "metadata": {}
    },
    "3912191": {
      "id": "3912191",
      "title": "Fear",
      "type": "CRD",
      "url": "https://tabs.ultimate-guitar.com/tab/sarah-mclachlan/fear-chords-3912191",
      "file_path": null,
      "metadata": {}
    },
    "5277492": {
      "id": "5277492",
      "title": "Fear",
      "type": "CRD",
      "url": "https://tabs.ultimate-guitar.com/tab/sarah-mclachlan/fear-chords-5277492",
      "file_path": null,
      "metadata": {}
    },
    "1443938": {
      "id": "1443938",
      "title": "Find Your Voice",
      "type": "CRD",
      "url": "https://tabs.ultimate-guitar.com/tab/sarah-mclachlan/find-your-voice-chords-1443938",
      "file_path": null,
      "metadata": {}
    },
    "2348795": {
      "id": "2348795",
      "title": "Flesh And Blood",
      "type": "CRD",
      "url": "https://tabs.ultimate-guitar.com/tab/sarah-mclachlan/flesh-and-blood-chords-2348795",
      "file_path": null,
      "metadata": {}
    },
    "1050189": {
      "id": "1050189",
      "title": "Forgiveness",
      "type": "CRD",
      "url": "https://tabs.ultimate-guitar.com/tab/sarah-mclachlan/forgiveness-chords-1050189",
      "file_path": null,
      "metadata": {}
    },
    "1354653": {
      "id": "1354653",
      "title": "Forgiveness",
      "type": "UKE",
      "url": "https://tabs.ultimate-guitar.com/tab/sarah-mclachlan/forgiveness-ukulele-1354653",
      "file_path": null,
      "metadata": {}
    },
    "75819": {
      "id": "75819",
      "title": "Full Of Grace",
      "type": "CRD",
      "url": "https://tabs.ultimate-guitar.com/tab/sarah-mclachlan/full-of-grace-chords-75819",
      "file_path": null,
      "metadata": {}
    },
    "75822": {
      "id": "75822",
      "title": "Full Of Grace (ver 2)",
      "type": "CRD",
      "url": "https://tabs.ultimate-guitar.com/tab/sarah-mclachlan/full-of-grace-chords-75822",
      "file_path": null,
      "metadata": {}
    },
    "1264948": {
      "id": "1264948",
      "title": "Full Of Grace",
      "type": "UKE",
      "url": "https://tabs.ultimate-guitar.com/tab/sarah-mclachlan/full-of-grace-ukulele-1264948",
      "file_path": null,
      "metadata": {}
    },
    "75823": {
      "id": "75823",
      "title": "Fumbling Toward Ecstasy",
      "type": "CRD",
      "url": "https://tabs.ultimate-guitar.com/tab/sarah-mclachlan/fumbling-toward-ecstasy-chords-75823",
      "file_path": null,
      "metadata": {}
    },
    "4898005": {
      "id": "4898005",
      "title": "Fumbling Toward Ecstasy (ver 2)",
      "type": "CRD",
      "url": "https://tabs.ultimate-guitar.com/tab/sarah-mclachlan/fumbling-toward-ecstasy-chords-4898005",
      "file_path": null,
      "metadata": {}
    },
    "1264950": {
      "id": "1264950",
      "title": "Fumbling Toward Ecstasy",
      "type": "UKE",
      "url": "https://tabs.ultimate-guitar.com/tab/sarah-mclachlan/fumbling-toward-ecstasy-ukulele-1264950",
      "file_path": null,
      "metadata": {}
    },
    "3776582": {
      "id": "3776582",
      "title": "Gloomy Sunday",
      "type": "CRD",
      "url": "https://tabs.ultimate-guitar.com/tab/sarah-mclachlan/gloomy-sunday-chords-3776582",
      "file_path": null,
      "metadata": {}
    },
    "992975": {
      "id": "992975",
      "title": "Gloomy Sunday",
      "type": "TAB",
      "url": "https://tabs.ultimate-guitar.com/tab/sarah-mclachlan/gloomy-sunday-tabs-992975",
      "file_path": null,
      "metadata": {}
    },
    "311171": {
      "id": "311171",
      "title": "Gloomy Sunday",
      "type": "PRO",
      "url": "https://tabs.ultimate-guitar.com/tab/sarah-mclachlan/gloomy-sunday-guitar-pro-311171",
      "file_path": null,
      "metadata": {}
    },
    "75824": {
      "id": "75824",
      "title": "Good Enough",
      "type": "CRD",
      "url": "https://tabs.ultimate-guitar.com/tab/sarah-mclachlan/good-enough-chords-75824",
      "file_path": null,
      "metadata": {}
    },
    "101345": {
      "id": "101345",
      "title": "Good Enough (ver 2)",
      "type": "CRD",
      "url": "https://tabs.ultimate-guitar.com/tab/sarah-mclachlan/good-enough-chords-101345",
      "file_path": null,
      "metadata": {}
    },
    "1270890": {
      "id": "1270890",
      "title": "Good Enough",
      "type": "UKE",
      "url": "https://tabs.ultimate-guitar.com/tab/sarah-mclachlan/good-enough-ukulele-1270890",
      "file_path": null,
      "metadata": {}
    },
    "4384883": {
      "id": "4384883",
      "title": "Hallelujah",
      "type": "CRD",
      "url": "https://tabs.ultimate-guitar.com/tab/sarah-mclachlan/hallelujah-chords-4384883",
      "file_path": null,
      "metadata": {}
    },
    "5061772": {
      "id": "5061772",
      "title": "Happy Xmas War Is Over",
      "type": "CRD",
      "url": "https://tabs.ultimate-guitar.com/tab/sarah-mclachlan/happy-xmas-war-is-over-chords-5061772",
      "file_path": null,
      "metadata": {}
    },
    "1470810": {
      "id": "1470810",
      "title": "Heartbreak",
      "type": "CRD",
      "url": "https://tabs.ultimate-guitar.com/tab/sarah-mclachlan/heartbreak-chords-1470810",
      "file_path": null,
      "metadata": {}
    },
    "75825": {
      "id": "75825",
      "title": "Hold On",
      "type": "CRD",
      "url": "https://tabs.ultimate-guitar.com/tab/sarah-mclachlan/hold-on-chords-75825",
      "file_path": null,
      "metadata": {}
    },
    "208102": {
      "id": "208102",
      "title": "Hold On (ver 2)",
      "type": "CRD",
      "url": "https://tabs.ultimate-guitar.com/tab/sarah-mclachlan/hold-on-chords-208102",
      "file_path": null,
      "metadata": {}
    },
    "358333": {
      "id": "358333",
      "title": "Hold On (ver 3)",
      "type": "CRD",
      "url": "https://tabs.ultimate-guitar.com/tab/sarah-mclachlan/hold-on-chords-358333",
      "file_path": null,
      "metadata": {}
    },
    "436748": {
      "id": "436748",
      "title": "Hold On (ver 4)",
      "type": "CRD",
      "url": "https://tabs.ultimate-guitar.com/tab/sarah-mclachlan/hold-on-chords-436748",
      "file_path": null,
      "metadata": {}
    },
    "123208": {
      "id": "123208",
      "title": "Hold On",
      "type": "TAB",
      "url": "https://tabs.ultimate-guitar.com/tab/sarah-mclachlan/hold-on-tabs-123208",
      "file_path": null,
      "metadata": {}
    },
    "2958494": {
      "id": "2958494",
      "title": "Hold On",
      "type": "PRO",
      "url": "https://tabs.ultimate-guitar.com/tab/sarah-mclachlan/hold-on-guitar-pro-2958494",
      "file_path": null,
      "metadata": {}
    },
    "1285056": {
      "id": "1285056",
      "title": "Hold On",
      "type": "UKE",
      "url": "https://tabs.ultimate-guitar.com/tab/sarah-mclachlan/hold-on-ukulele-1285056",
      "file_path": null,
      "metadata": {}
    },
    "1290964": {
      "id": "1290964",
      "title": "Hold On (ver 2)",
      "type": "UKE",
      "url": "https://tabs.ultimate-guitar.com/tab/sarah-mclachlan/hold-on-ukulele-1290964",
      "file_path": null,
      "metadata": {}
    },
    "75840": {
      "id": "75840",
      "title": "I Love You",
      "type": "CRD",
      "url": "https://tabs.ultimate-guitar.com/tab/sarah-mclachlan/i-love-you-chords-75840",
      "file_path": null,
      "metadata": {}
    },
    "2589873": {
      "id": "2589873",
      "title": "I Love You (ver 2)",
      "type": "CRD",
      "url": "https://tabs.ultimate-guitar.com/tab/sarah-mclachlan/i-love-you-chords-2589873",
      "file_path": null,
      "metadata": {}
    },
    "75816": {
      "id": "75816",
      "title": "I Love You",
      "type": "TAB",
      "url": "https://tabs.ultimate-guitar.com/tab/sarah-mclachlan/i-love-you-tabs-75816",
      "file_path": null,
      "metadata": {}
    },
    "879401": {
      "id": "879401",
      "title": "I Love You",
      "type": "PRO",
      "url": "https://tabs.ultimate-guitar.com/tab/sarah-mclachlan/i-love-you-guitar-pro-879401",
      "file_path": null,
      "metadata": {}
    },
    "1264951": {
      "id": "1264951",
      "title": "I Love You",
      "type": "UKE",
      "url": "https://tabs.ultimate-guitar.com/tab/sarah-mclachlan/i-love-you-ukulele-1264951",
      "file_path": null,
      "metadata": {}
    },
    "75827": {
      "id": "75827",
      "title": "I Will Not Forget You",
      "type": "CRD",
      "url": "https://tabs.ultimate-guitar.com/tab/sarah-mclachlan/i-will-not-forget-you-chords-75827",
      "file_path": null,
      "metadata": {}
    },
    "752657": {
      "id": "752657",
      "title": "I Will Not Forget You (ver 2)",
      "type": "CRD",
      "url": "https://tabs.ultimate-guitar.com/tab/sarah-mclachlan/i-will-not-forget-you-chords-752657",
      "file_path": null,
      "metadata": {}
    },
    "1459157": {
      "id": "1459157",
      "title": "I Will Not Forget You (ver 3)",
      "type": "CRD",
      "url": "https://tabs.ultimate-guitar.com/tab/sarah-mclachlan/i-will-not-forget-you-chords-1459157",
      "file_path": null,
      "metadata": {}
    },
    "1264952": {
      "id": "1264952",
      "title": "I Will Not Forget You",
      "type": "UKE",
      "url": "https://tabs.ultimate-guitar.com/tab/sarah-mclachlan/i-will-not-forget-you-ukulele-1264952",
      "file_path": null,
      "metadata": {}
    },
    "1047102": {
      "id": "1047102",
      "title": "I Will Remember You (ver 2)",
      "type": "CRD",
      "url": "https://tabs.ultimate-guitar.com/tab/sarah-mclachlan/i-will-remember-you-chords-1047102",
      "file_path": null,
      "metadata": {}
    },
    "1238669": {
      "id": "1238669",
      "title": "I Will Remember You (ver 3)",
      "type": "CRD",
      "url": "https://tabs.ultimate-guitar.com/tab/sarah-mclachlan/i-will-remember-you-chords-1238669",
      "file_path": null,
      "metadata": {}
    },
    "1419959": {
      "id": "1419959",
      "title": "I Will Remember You (ver 4)",
      "type": "CRD",
      "url": "https://tabs.ultimate-guitar.com/tab/sarah-mclachlan/i-will-remember-you-chords-1419959",
      "file_path": null,
      "metadata": {}
    },
    "1773461": {
      "id": "1773461",
      "title": "I Will Remember You (ver 5)",
      "type": "CRD",
      "url": "https://tabs.ultimate-guitar.com/tab/sarah-mclachlan/i-will-remember-you-chords-1773461",
      "file_path": null,
      "metadata": {}
    },
    "2210139": {
      "id": "2210139",
      "title": "I Will Remember You (ver 6)",
      "type": "CRD",
      "url": "https://tabs.ultimate-guitar.com/tab/sarah-mclachlan/i-will-remember-you-chords-2210139",
      "file_path": null,
      "metadata": {}
    },
    "75817": {
      "id": "75817",
      "title": "I Will Remember You",
      "type": "TAB",
      "url": "https://tabs.ultimate-guitar.com/tab/sarah-mclachlan/i-will-remember-you-tabs-75817",
      "file_path": null,
      "metadata": {}
    },
    "1256360": {
      "id": "1256360",
      "title": "I Will Remember You",
      "type": "UKE",
      "url": "https://tabs.ultimate-guitar.com/tab/sarah-mclachlan/i-will-remember-you-ukulele-1256360",
      "file_path": null,
      "metadata": {}
    },
    "2142967": {
      "id": "2142967",
      "title": "I Will Remember You (ver 2)",
      "type": "UKE",
      "url": "https://tabs.ultimate-guitar.com/tab/sarah-mclachlan/i-will-remember-you-ukulele-2142967",
      "file_path": null,
      "metadata": {}
    },
    "75828": {
      "id": "75828",
      "title": "Ice",
      "type": "CRD",
      "url": "https://tabs.ultimate-guitar.com/tab/sarah-mclachlan/ice-chords-75828",
      "file_path": null,
      "metadata": {}
    },
    "4179118": {
      "id": "4179118",
      "title": "Ice (ver 2)",
      "type": "CRD",
      "url": "https://tabs.ultimate-guitar.com/tab/sarah-mclachlan/ice-chords-4179118",
      "file_path": null,
      "metadata": {}
    },
    "202290": {
      "id": "202290",
      "title": "Ice",
      "type": "TAB",
      "url": "https://tabs.ultimate-guitar.com/tab/sarah-mclachlan/ice-tabs-202290",
      "file_path": null,
      "metadata": {}
    },
    "311172": {
      "id": "311172",
      "title": "Ice",
      "type": "PRO",
      "url": "https://tabs.ultimate-guitar.com/tab/sarah-mclachlan/ice-guitar-pro-311172",
      "file_path": null,
      "metadata": {}
    },
    "7820": {
      "id": "7820",
      "title": "Ice",
      "type": "BASS",
      "url": "https://tabs.ultimate-guitar.com/tab/sarah-mclachlan/ice-bass-7820",
      "file_path": null,
      "metadata": {}
    },
    "1264953": {
      "id": "1264953",
      "title": "Ice",
      "type": "UKE",
      "url": "https://tabs.ultimate-guitar.com/tab/sarah-mclachlan/ice-ukulele-1264953",
      "file_path": null,
      "metadata": {}
    },
    "75829": {
      "id": "75829",
      "title": "Ice Cream",
      "type": "CRD",
      "url": "https://tabs.ultimate-guitar.com/tab/sarah-mclachlan/ice-cream-chords-75829",
      "file_path": null,
      "metadata": {}
    },
    "126005": {
      "id": "126005",
      "title": "Ice Cream (ver 2)",
      "type": "CRD",
      "url": "https://tabs.ultimate-guitar.com/tab/sarah-mclachlan/ice-cream-chords-126005",
      "file_path": null,
      "metadata": {}
    },
    "1404432": {
      "id": "1404432",
      "title": "Ice Cream",
      "type": "PRO",
      "url": "https://tabs.ultimate-guitar.com/tab/sarah-mclachlan/ice-cream-guitar-pro-1404432",
      "file_path": null,
      "metadata": {}
    },
    "1264954": {
      "id": "1264954",
      "title": "Ice Cream",
      "type": "UKE",
      "url": "https://tabs.ultimate-guitar.com/tab/sarah-mclachlan/ice-cream-ukulele-1264954",
      "file_path": null,
      "metadata": {}
    },
    "3400763": {
      "id": "3400763",
      "title": "Ill Be Home For Christmas",
      "type": "CRD",
      "url": "https://tabs.ultimate-guitar.com/tab/sarah-mclachlan/ill-be-home-for-christmas-chords-3400763",
      "file_path": null,
      "metadata": {}
    },
    "1101491": {
      "id": "1101491",
      "title": "Illusions Of Bliss",
      "type": "CRD",
      "url": "https://tabs.ultimate-guitar.com/tab/sarah-mclachlan/illusions-of-bliss-chords-1101491",
      "file_path": null,
      "metadata": {}
    },
    "1365066": {
      "id": "1365066",
      "title": "Illusions Of Bliss",
      "type": "UKE",
      "url": "https://tabs.ultimate-guitar.com/tab/sarah-mclachlan/illusions-of-bliss-ukulele-1365066",
      "file_path": null,
      "metadata": {}
    },
    "1486364": {
      "id": "1486364",
      "title": "In Your Shoes",
      "type": "CRD",
      "url": "https://tabs.ultimate-guitar.com/tab/sarah-mclachlan/in-your-shoes-chords-1486364",
      "file_path": null,
      "metadata": {}
    },
    "75830": {
      "id": "75830",
      "title": "Into The Fire",
      "type": "CRD",
      "url": "https://tabs.ultimate-guitar.com/tab/sarah-mclachlan/into-the-fire-chords-75830",
      "file_path": null,
      "metadata": {}
    },
    "1264955": {
      "id": "1264955",
      "title": "Into The Fire",
      "type": "UKE",
      "url": "https://tabs.ultimate-guitar.com/tab/sarah-mclachlan/into-the-fire-ukulele-1264955",
      "file_path": null,
      "metadata": {}
    },
    "106697": {
      "id": "106697",
      "title": "Last Dance",
      "type": "TAB",
      "url": "https://tabs.ultimate-guitar.com/tab/sarah-mclachlan/last-dance-tabs-106697",
      "file_path": null,
      "metadata": {}
    },
    "1143803": {
      "id": "1143803",
      "title": "Last Dance",
      "type": "PRO",
      "url": "https://tabs.ultimate-guitar.com/tab/sarah-mclachlan/last-dance-guitar-pro-1143803",
      "file_path": null,
      "metadata": {}
    },
    "1487085": {
      "id": "1487085",
      "title": "Little B",
      "type": "CRD",
      "url": "https://tabs.ultimate-guitar.com/tab/sarah-mclachlan/little-b-chords-1487085",
      "file_path": null,
      "metadata": {}
    },
    "4386752": {
      "id": "4386752",
      "title": "Long Road Home",
      "type": "CRD",
      "url": "https://tabs.ultimate-guitar.com/tab/sarah-mclachlan/long-road-home-chords-4386752",
      "file_path": null,
      "metadata": {}
    },
    "3766511": {
      "id": "3766511",
      "title": "Lost",
      "type": "CRD",
      "url": "https://tabs.ultimate-guitar.com/tab/sarah-mclachlan/lost-chords-3766511",
      "file_path": null,
      "metadata": {}
    },
    "75831": {
      "id": "75831",
      "title": "Lost",
      "type": "TAB",
      "url": "https://tabs.ultimate-guitar.com/tab/sarah-mclachlan/lost-tabs-75831",
      "file_path": null,
      "metadata": {}
    },
    "972601": {
      "id": "972601",
      "title": "Love Come",
      "type": "CRD",
      "url": "https://tabs.ultimate-guitar.com/tab/sarah-mclachlan/love-come-chords-972601",
      "file_path": null,
      "metadata": {}
    },
    "1318944": {
      "id": "1318944",
      "title": "Love Come",
      "type": "UKE",
      "url": "https://tabs.ultimate-guitar.com/tab/sarah-mclachlan/love-come-ukulele-1318944",
      "file_path": null,
      "metadata": {}
    },
    "951873": {
      "id": "951873",
      "title": "Loving You Is Easy",
      "type": "CRD",
      "url": "https://tabs.ultimate-guitar.com/tab/sarah-mclachlan/loving-you-is-easy-chords-951873",
      "file_path": null,
      "metadata": {}
    },
    "1338780": {
      "id": "1338780",
      "title": "Loving You Is Easy",
      "type": "UKE",
      "url": "https://tabs.ultimate-guitar.com/tab/sarah-mclachlan/loving-you-is-easy-ukulele-1338780",
      "file_path": null,
      "metadata": {}
    },
    "75832": {
      "id": "75832",
      "title": "Mary",
      "type": "CRD",
      "url": "https://tabs.ultimate-guitar.com/tab/sarah-mclachlan/mary-chords-75832",
      "file_path": null,
      "metadata": {}
    },
    "5694272": {
      "id": "5694272",
      "title": "Mary (ver 2)",
      "type": "CRD",
      "url": "https://tabs.ultimate-guitar.com/tab/sarah-mclachlan/mary-chords-5694272",
      "file_path": null,
      "metadata": {}
    },
    "2495925": {
      "id": "2495925",
      "title": "Monsters",
      "type": "CRD",
      "url": "https://tabs.ultimate-guitar.com/tab/sarah-mclachlan/monsters-chords-2495925",
      "file_path": null,
      "metadata": {}
    },
    "1286183": {
      "id": "1286183",
      "title": "Ordinary Miracle",
      "type": "UKE",
      "url": "https://tabs.ultimate-guitar.com/tab/sarah-mclachlan/ordinary-miracle-ukulele-1286183",
      "file_path": null,
      "metadata": {}
    },
    "3996409": {
      "id": "3996409",
      "title": "Out Of The Shadows",
      "type": "CRD",
      "url": "https://tabs.ultimate-guitar.com/tab/sarah-mclachlan/out-of-the-shadows-chords-3996409",
      "file_path": null,
      "metadata": {}
    },
    "1085996": {
      "id": "1085996",
      "title": "Out Of Tune",
      "type": "CRD",
      "url": "https://tabs.ultimate-guitar.com/tab/sarah-mclachlan/out-of-tune-chords-1085996",
      "file_path": null,
      "metadata": {}
    },
    "1361852": {
      "id": "1361852",
      "title": "Out Of Tune",
      "type": "UKE",
      "url": "https://tabs.ultimate-guitar.com/tab/sarah-mclachlan/out-of-tune-ukulele-1361852",
      "file_path": null,
      "metadata": {}
    },
    "1863663": {
      "id": "1863663",
      "title": "Perfect Girl",
      "type": "CRD",
      "url": "https://tabs.ultimate-guitar.com/tab/sarah-mclachlan/perfect-girl-chords-1863663",
      "file_path": null,
      "metadata": {}
    },
    "5358822": {
      "id": "5358822",
      "title": "Plenty",
      "type": "UKE",
      "url": "https://tabs.ultimate-guitar.com/tab/sarah-mclachlan/plenty-ukulele-5358822",
      "file_path": null,
      "metadata": {}
    },
    "1987069": {
      "id": "1987069",
      "title": "Possession (ver 2)",
      "type": "CRD",
      "url": "https://tabs.ultimate-guitar.com/tab/sarah-mclachlan/possession-chords-1987069",
      "file_path": null,
      "metadata": {}
    },
    "5271204": {
      "id": "5271204",
      "title": "Possession",
      "type": "CRD",
      "url": "https://tabs.ultimate-guitar.com/tab/sarah-mclachlan/possession-chords-5271204",
      "file_path": null,
      "metadata": {}
    },
    "4763087": {
      "id": "4763087",
      "title": "Possession",
      "type": "BASS",
      "url": "https://tabs.ultimate-guitar.com/tab/sarah-mclachlan/possession-bass-4763087",
      "file_path": null,
      "metadata": {}
    },
    "112880": {
      "id": "112880",
      "title": "Prayer Of St Francis",
      "type": "CRD",
      "url": "https://tabs.ultimate-guitar.com/tab/sarah-mclachlan/prayer-of-st-francis-chords-112880",
      "file_path": null,
      "metadata": {}
    },
    "1271693": {
      "id": "1271693",
      "title": "Prayer Of St Francis",
      "type": "UKE",
      "url": "https://tabs.ultimate-guitar.com/tab/sarah-mclachlan/prayer-of-st-francis-ukulele-1271693",
      "file_path": null,
      "metadata": {}
    },
    "1966481": {
      "id": "1966481",
      "title": "Push",
      "type": "CRD",
      "url": "https://tabs.ultimate-guitar.com/tab/sarah-mclachlan/push-chords-1966481",
      "file_path": null,
      "metadata": {}
    },
    "1918627": {
      "id": "1918627",
      "title": "River",
      "type": "CRD",
      "url": "https://tabs.ultimate-guitar.com/tab/sarah-mclachlan/river-chords-1918627",
      "file_path": null,
      "metadata": {}
    },
    "1918633": {
      "id": "1918633",
      "title": "River",
      "type": "UKE",
      "url": "https://tabs.ultimate-guitar.com/tab/sarah-mclachlan/river-ukulele-1918633",
      "file_path": null,
      "metadata": {}
    },
    "3720203": {
      "id": "3720203",
      "title": "Rivers Of Love",
      "type": "CRD",
      "url": "https://tabs.ultimate-guitar.com/tab/sarah-mclachlan/rivers-of-love-chords-3720203",
      "file_path": null,
      "metadata": {}
    },
    "2255095": {
      "id": "2255095",
      "title": "Song For A Winters Night (ver 2)",
      "type": "CRD",
      "url": "https://tabs.ultimate-guitar.com/tab/sarah-mclachlan/song-for-a-winters-night-chords-2255095",
      "file_path": null,
      "metadata": {}
    },
    "2908346": {
      "id": "2908346",
      "title": "Song For A Winters Night",
      "type": "UKE",
      "url": "https://tabs.ultimate-guitar.com/tab/sarah-mclachlan/song-for-a-winters-night-ukulele-2908346",
      "file_path": null,
      "metadata": {}
    },
    "3819341": {
      "id": "3819341",
      "title": "Song For My Father",
      "type": "CRD",
      "url": "https://tabs.ultimate-guitar.com/tab/sarah-mclachlan/song-for-my-father-chords-3819341",
      "file_path": null,
      "metadata": {}
    },
    "1769860": {
      "id": "1769860",
      "title": "Song For My Father",
      "type": "TAB",
      "url": "https://tabs.ultimate-guitar.com/tab/sarah-mclachlan/song-for-my-father-tabs-1769860",
      "file_path": null,
      "metadata": {}
    },
    "801915": {
      "id": "801915",
      "title": "Stupid",
      "type": "CRD",
      "url": "https://tabs.ultimate-guitar.com/tab/sarah-mclachlan/stupid-chords-801915",
      "file_path": null,
      "metadata": {}
    },
    "1321821": {
      "id": "1321821",
      "title": "Stupid",
      "type": "UKE",
      "url": "https://tabs.ultimate-guitar.com/tab/sarah-mclachlan/stupid-ukulele-1321821",
      "file_path": null,
      "metadata": {}
    },
    "1487866": {
      "id": "1487866",
      "title": "Surrender And Certainty",
      "type": "CRD",
      "url": "https://tabs.ultimate-guitar.com/tab/sarah-mclachlan/surrender-and-certainty-chords-1487866",
      "file_path": null,
      "metadata": {}
    },
    "26798": {
      "id": "26798",
      "title": "Sweet Surrender (ver 2)",
      "type": "CRD",
      "url": "https://tabs.ultimate-guitar.com/tab/sarah-mclachlan/sweet-surrender-chords-26798",
      "file_path": null,
      "metadata": {}
    },
    "1191902": {
      "id": "1191902",
      "title": "Sweet Surrender (ver 3)",
      "type": "CRD",
      "url": "https://tabs.ultimate-guitar.com/tab/sarah-mclachlan/sweet-surrender-chords-1191902",
      "file_path": null,
      "metadata": {}
    },
    "1854022": {
      "id": "1854022",
      "title": "Sweet Surrender",
      "type": "BASS",
      "url": "https://tabs.ultimate-guitar.com/tab/sarah-mclachlan/sweet-surrender-bass-1854022",
      "file_path": null,
      "metadata": {}
    },
    "864842": {
      "id": "864842",
      "title": "Sweet Surrender",
      "type": "DRM",
      "url": "https://tabs.ultimate-guitar.com/tab/sarah-mclachlan/sweet-surrender-drums-864842",
      "file_path": null,
      "metadata": {}
    },
    "1256361": {
      "id": "1256361",
      "title": "Sweet Surrender",
      "type": "UKE",
      "url": "https://tabs.ultimate-guitar.com/tab/sarah-mclachlan/sweet-surrender-ukulele-1256361",
      "file_path": null,
      "metadata": {}
    },
    "75836": {
      "id": "75836",
      "title": "The Path Of Thorns",
      "type": "CRD",
      "url": "https://tabs.ultimate-guitar.com/tab/sarah-mclachlan/the-path-of-thorns-chords-75836",
      "file_path": null,
      "metadata": {}
    },
    "1264960": {
      "id": "1264960",
      "title": "The Path Of Thorns",
      "type": "UKE",
      "url": "https://tabs.ultimate-guitar.com/tab/sarah-mclachlan/the-path-of-thorns-ukulele-1264960",
      "file_path": null,
      "metadata": {}
    },
    "812072": {
      "id": "812072",
      "title": "The Rainbow Connection",
      "type": "CRD",
      "url": "https://tabs.ultimate-guitar.com/tab/sarah-mclachlan/the-rainbow-connection-chords-812072",
      "file_path": null,
      "metadata": {}
    },
    "1322953": {
      "id": "1322953",
      "title": "The Rainbow Connection",
      "type": "UKE",
      "url": "https://tabs.ultimate-guitar.com/tab/sarah-mclachlan/the-rainbow-connection-ukulele-1322953",
      "file_path": null,
      "metadata": {}
    },
    "1679495": {
      "id": "1679495",
      "title": "The Sound That Love Makes",
      "type": "UKE",
      "url": "https://tabs.ultimate-guitar.com/tab/sarah-mclachlan/the-sound-that-love-makes-ukulele-1679495",
      "file_path": null,
      "metadata": {}
    },
    "187577": {
      "id": "187577",
      "title": "Time",
      "type": "CRD",
      "url": "https://tabs.ultimate-guitar.com/tab/sarah-mclachlan/time-chords-187577",
      "file_path": null,
      "metadata": {}
    },
    "1863491": {
      "id": "1863491",
      "title": "Time (ver 2)",
      "type": "CRD",
      "url": "https://tabs.ultimate-guitar.com/tab/sarah-mclachlan/time-chords-1863491",
      "file_path": null,
      "metadata": {}
    },
    "1276895": {
      "id": "1276895",
      "title": "Time",
      "type": "UKE",
      "url": "https://tabs.ultimate-guitar.com/tab/sarah-mclachlan/time-ukulele-1276895",
      "file_path": null,
      "metadata": {}
    },
    "122155": {
      "id": "122155",
      "title": "Train Wreck",
      "type": "CRD",
      "url": "https://tabs.ultimate-guitar.com/tab/sarah-mclachlan/train-wreck-chords-122155",
      "file_path": null,
      "metadata": {}
    },
    "4740776": {
      "id": "4740776",
      "title": "Train Wreck (ver 2)",
      "type": "CRD",
      "url": "https://tabs.ultimate-guitar.com/tab/sarah-mclachlan/train-wreck-chords-4740776",
      "file_path": null,
      "metadata": {}
    },
    "1272259": {
      "id": "1272259",
      "title": "Train Wreck",
      "type": "UKE",
      "url": "https://tabs.ultimate-guitar.com/tab/sarah-mclachlan/train-wreck-ukulele-1272259",
      "file_path": null,
      "metadata": {}
    },
    "4930399": {
      "id": "4930399",
      "title": "Turn The Lights Down Low",
      "type": "CRD",
      "url": "https://tabs.ultimate-guitar.com/tab/sarah-mclachlan/turn-the-lights-down-low-chords-4930399",
      "file_path": null,
      "metadata": {}
    },
    "736174": {
      "id": "736174",
      "title": "U Want Me 2",
      "type": "CRD",
      "url": "https://tabs.ultimate-guitar.com/tab/sarah-mclachlan/u-want-me-2-chords-736174",
      "file_path": null,
      "metadata": {}
    },
    "1313553": {
      "id": "1313553",
      "title": "U Want Me 2",
      "type": "UKE",
      "url": "https://tabs.ultimate-guitar.com/tab/sarah-mclachlan/u-want-me-2-ukulele-1313553",
      "file_path": null,
      "metadata": {}
    },
    "75837": {
      "id": "75837",
      "title": "Vox",
      "type": "CRD",
      "url": "https://tabs.ultimate-guitar.com/tab/sarah-mclachlan/vox-chords-75837",
      "file_path": null,
      "metadata": {}
    },
    "542562": {
      "id": "542562",
      "title": "Vox (ver 2)",
      "type": "CRD",
      "url": "https://tabs.ultimate-guitar.com/tab/sarah-mclachlan/vox-chords-542562",
      "file_path": null,
      "metadata": {}
    },
    "1297173": {
      "id": "1297173",
      "title": "Vox",
      "type": "UKE",
      "url": "https://tabs.ultimate-guitar.com/tab/sarah-mclachlan/vox-ukulele-1297173",
      "file_path": null,
      "metadata": {}
    },
    "75838": {
      "id": "75838",
      "title": "Wait",
      "type": "CRD",
      "url": "https://tabs.ultimate-guitar.com/tab/sarah-mclachlan/wait-chords-75838",
      "file_path": null,
      "metadata": {}
    },
    "2018719": {
      "id": "2018719",
      "title": "Wait (ver 2)",
      "type": "CRD",
      "url": "https://tabs.ultimate-guitar.com/tab/sarah-mclachlan/wait-chords-2018719",
      "file_path": null,
      "metadata": {}
    },
    "1264961": {
      "id": "1264961",
      "title": "Wait",
      "type": "UKE",
      "url": "https://tabs.ultimate-guitar.com/tab/sarah-mclachlan/wait-ukulele-1264961",
      "file_path": null,
      "metadata": {}
    },
    "1111785": {
      "id": "1111785",
      "title": "What Child Is This Greensleeves",
      "type": "CRD",
      "url": "https://tabs.ultimate-guitar.com/tab/sarah-mclachlan/what-child-is-this-greensleeves-chords-1111785",
      "file_path": null,
      "metadata": {}
    },
    "3447530": {
      "id": "3447530",
      "title": "What Child Is This Greensleeves (ver 2)",
      "type": "CRD",
      "url": "https://tabs.ultimate-guitar.com/tab/sarah-mclachlan/what-child-is-this-greensleeves-chords-3447530",
      "file_path": null,
      "metadata": {}
    },
    "1108991": {
      "id": "1108991",
      "title": "Wintersong (ver 2)",
      "type": "CRD",
      "url": "https://tabs.ultimate-guitar.com/tab/sarah-mclachlan/wintersong-chords-1108991",
      "file_path": null,
      "metadata": {}
    },
    "1760432": {
      "id": "1760432",
      "title": "Wintersong (ver 3)",
      "type": "CRD",
      "url": "https://tabs.ultimate-guitar.com/tab/sarah-mclachlan/wintersong-chords-1760432",
      "file_path": null,
      "metadata": {}
    },
    "1361075": {
      "id": "1361075",
      "title": "Wintersong",
      "type": "UKE",
      "url": "https://tabs.ultimate-guitar.com/tab/sarah-mclachlan/wintersong-ukulele-1361075",
      "file_path": null,
      "metadata": {}
    },
    "75839": {
      "id": "75839",
      "title": "Witness",
      "type": "CRD",
      "url": "https://tabs.ultimate-guitar.com/tab/sarah-mclachlan/witness-chords-75839",
      "file_path": null,
      "metadata": {}
    },
    "1951557": {
      "id": "1951557",
      "title": "Witness (ver 2)",
      "type": "CRD",
      "url": "https://tabs.ultimate-guitar.com/tab/sarah-mclachlan/witness-chords-1951557",
      "file_path": null,
      "metadata": {}
    },
    "880073": {
      "id": "880073",
      "title": "Witness",
      "type": "PRO",
      "url": "https://tabs.ultimate-guitar.com/tab/sarah-mclachlan/witness-guitar-pro-880073",
      "file_path": null,
      "metadata": {}
    },
    "1264962": {
      "id": "1264962",
      "title": "Witness",
      "type": "UKE",
      "url": "https://tabs.ultimate-guitar.com/tab/sarah-mclachlan/witness-ukulele-1264962",
      "file_path": null,
      "metadata": {}
    },
    "258099": {
      "id": "258099",
      "title": "World On Fire (ver 2)",
      "type": "CRD",
      "url": "https://tabs.ultimate-guitar.com/tab/sarah-mclachlan/world-on-fire-chords-258099",
      "file_path": null,
      "metadata": {}
    },
    "1047224": {
      "id": "1047224",
      "title": "World On Fire (ver 3)",
      "type": "CRD",
      "url": "https://tabs.ultimate-guitar.com/tab/sarah-mclachlan/world-on-fire-chords-1047224",
      "file_path": null,
      "metadata": {}
    },
    "1274496": {
      "id": "1274496",
      "title": "World On Fire",
      "type": "UKE",
      "url": "https://tabs.ultimate-guitar.com/tab/sarah-mclachlan/world-on-fire-ukulele-1274496",
      "file_path": null,
      "metadata": {}
    }
  }
}