{
  "id": "1009325",
  "name": "Olive Musique",
  "url": "https://www.ultimate-guitar.com/artist/olive_musique_1009325",
  "tabs": {
    "3773702": {
      "id": "3773702",
      "title": "Everything About You",
      "type": "CRD",
      "url": "https://tabs.ultimate-guitar.com/tab/olive-musique/everything-about-you-chords-3773702",
      "file_path": null,
      "metadata": {}
    },
    "3790706": {
      "id": "3790706",
      "title": "Maybe Someday",
      "type": "CRD",
      "url": "https://tabs.ultimate-guitar.com/tab/olive-musique/maybe-someday-chords-3790706",
      "file_path": null,
      "metadata": {}
    }
  }
}