{
  "id": "10454",
  "name": "Herbie Hancock",
  "url": "https://www.ultimate-guitar.com/artist/herbie_hancock_10454",
  "tabs": {
    "143743": {
      "id": "143743",
      "title": "Chameleon",
      "type": "BASS",
      "url": "https://tabs.ultimate-guitar.com/tab/herbie-hancock/chameleon-bass-143743",
      "file_path": null,
      "metadata": {}
    },
    "400019": {
      "id": "400019",
      "title": "Chameleon",
      "type": "TAB",
      "url": "https://tabs.ultimate-guitar.com/tab/herbie-hancock/chameleon-tabs-400019",
      "file_path": null,
      "metadata": {}
    },
    "763490": {
      "id": "763490",
      "title": "Cantaloupe Island",
      "type": "TAB",
      "url": "https://tabs.ultimate-guitar.com/tab/herbie-hancock/cantaloupe-island-tabs-763490",
      "file_path": null,
      "metadata": {}
    },
    "1494669": {
      "id": "1494669",
      "title": "Chameleon",
      "type": "CRD",
      "url": "https://tabs.ultimate-guitar.com/tab/herbie-hancock/chameleon-chords-1494669",
      "file_path": null,
      "metadata": {}
    },
    "1128680": {
      "id": "1128680",
      "title": "Watermelon Man",
      "type": "TAB",
      "url": "https://tabs.ultimate-guitar.com/tab/herbie-hancock/watermelon-man-tabs-1128680",
      "file_path": null,
      "metadata": {}
    },
    "97499": {
      "id": "97499",
      "title": "Cantaloupe Island",
      "type": "BASS",
      "url": "https://tabs.ultimate-guitar.com/tab/herbie-hancock/cantaloupe-island-bass-97499",
      "file_path": null,
      "metadata": {}
    },
    "11551": {
      "id": "11551",
      "title": "Watermelon Man",
      "type": "BASS",
      "url": "https://tabs.ultimate-guitar.com/tab/herbie-hancock/watermelon-man-bass-11551",
      "file_path": null,
      "metadata": {}
    },
    "220881": {
      "id": "220881",
      "title": "Cantaloupe Island",
      "type": "PRO",
      "url": "https://tabs.ultimate-guitar.com/tab/herbie-hancock/cantaloupe-island-guitar-pro-220881",
      "file_path": null,
      "metadata": {}
    },
    "272025": {
      "id": "272025",
      "title": "Chameleon",
      "type": "PRO",
      "url": "https://tabs.ultimate-guitar.com/tab/herbie-hancock/chameleon-guitar-pro-272025",
      "file_path": null,
      "metadata": {}
    },
    "277112": {
      "id": "277112",
      "title": "Stitched Up",
      "type": "TAB",
      "url": "https://tabs.ultimate-guitar.com/tab/herbie-hancock/stitched-up-tabs-277112",
      "file_path": null,
      "metadata": {}
    },
    "5766872": {
      "id": "5766872",
      "title": "Blow Up - Main Theme",
      "type": "BASS",
      "url": "https://tabs.ultimate-guitar.com/tab/misc-soundtrack/blow-up-main-theme-bass-5766872",
      "file_path": null,
      "metadata": {}
    },
    "750708": {
      "id": "750708",
      "title": "Machine",
      "type": "CRD",
      "url": "https://tabs.ultimate-guitar.com/tab/josh-groban/machine-chords-750708",
      "file_path": null,
      "metadata": {}
    },
    "1316033": {
      "id": "1316033",
      "title": "Machine",
      "type": "UKE",
      "url": "https://tabs.ultimate-guitar.com/tab/josh-groban/machine-ukulele-1316033",
      "file_path": null,
      "metadata": {}
    },
    "761925": {
      "id": "761925",
      "title": "Actual Proof",
      "type": "PRO",
      "url": "https://tabs.ultimate-guitar.com/tab/herbie-hancock/actual-proof-guitar-pro-761925",
      "file_path": null,
      "metadata": {}
    },
    "1185566": {
      "id": "1185566",
      "title": "Bringing Down The Birds",
      "type": "BASS",
      "url": "https://tabs.ultimate-guitar.com/tab/herbie-hancock/bringing-down-the-birds-bass-1185566",
      "file_path": null,
      "metadata": {}
    },
    "909292": {
      "id": "909292",
      "title": "Cantaloupe Island (ver 2)",
      "type": "TAB",
      "url": "https://tabs.ultimate-guitar.com/tab/herbie-hancock/cantaloupe-island-tabs-909292",
      "file_path": null,
      "metadata": {}
    },
    "1495325": {
      "id": "1495325",
      "title": "Cantaloupe Island (ver 3)",
      "type": "TAB",
      "url": "https://tabs.ultimate-guitar.com/tab/herbie-hancock/cantaloupe-island-tabs-1495325",
      "file_path": null,
      "metadata": {}
    },
    "2297999": {
      "id": "2297999",
      "title": "Cantaloupe Island (ver 4)",
      "type": "TAB",
      "url": "https://tabs.ultimate-guitar.com/tab/herbie-hancock/cantaloupe-island-tabs-2297999",
      "file_path": null,
      "metadata": {}
    },
    "775939": {
      "id": "775939",
      "title": "Cantaloupe Island (ver 2)",
      "type": "PRO",
      "url": "https://tabs.ultimate-guitar.com/tab/herbie-hancock/cantaloupe-island-guitar-pro-775939",
      "file_path": null,
      "metadata": {}
    },
    "822624": {
      "id": "822624",
      "title": "Cantaloupe Island (ver 3)",
      "type": "PRO",
      "url": "https://tabs.ultimate-guitar.com/tab/herbie-hancock/cantaloupe-island-guitar-pro-822624",
      "file_path": null,
      "metadata": {}
    },
    "1732583": {
      "id": "1732583",
      "title": "Cantaloupe Island (ver 4)",
      "type": "PRO",
      "url": "https://tabs.ultimate-guitar.com/tab/herbie-hancock/cantaloupe-island-guitar-pro-1732583",
      "file_path": null,
      "metadata": {}
    },
    "1785042": {
      "id": "1785042",
      "title": "Cantaloupe Island (ver 5)",
      "type": "PRO",
      "url": "https://tabs.ultimate-guitar.com/tab/herbie-hancock/cantaloupe-island-guitar-pro-1785042",
      "file_path": null,
      "metadata": {}
    },
    "302207": {
      "id": "302207",
      "title": "Cantaloupe Island",
      "type": "PWR",
      "url": "https://tabs.ultimate-guitar.com/tab/herbie-hancock/cantaloupe-island-power-302207",
      "file_path": null,
      "metadata": {}
    },
    "2298003": {
      "id": "2298003",
      "title": "Cantaloupe Island (ver 2)",
      "type": "PWR",
      "url": "https://tabs.ultimate-guitar.com/tab/herbie-hancock/cantaloupe-island-power-2298003",
      "file_path": null,
      "metadata": {}
    },
    "3173207": {
      "id": "3173207",
      "title": "Cantaloupe Island (ver 2)",
      "type": "BASS",
      "url": "https://tabs.ultimate-guitar.com/tab/herbie-hancock/cantaloupe-island-bass-3173207",
      "file_path": null,
      "metadata": {}
    },
    "892737": {
      "id": "892737",
      "title": "Chameleon (ver 2)",
      "type": "TAB",
      "url": "https://tabs.ultimate-guitar.com/tab/herbie-hancock/chameleon-tabs-892737",
      "file_path": null,
      "metadata": {}
    },
    "961842": {
      "id": "961842",
      "title": "Chameleon (ver 3)",
      "type": "TAB",
      "url": "https://tabs.ultimate-guitar.com/tab/herbie-hancock/chameleon-tabs-961842",
      "file_path": null,
      "metadata": {}
    },
    "470492": {
      "id": "470492",
      "title": "Chameleon (ver 2)",
      "type": "PRO",
      "url": "https://tabs.ultimate-guitar.com/tab/herbie-hancock/chameleon-guitar-pro-470492",
      "file_path": null,
      "metadata": {}
    },
    "1096979": {
      "id": "1096979",
      "title": "Chameleon (ver 3)",
      "type": "PRO",
      "url": "https://tabs.ultimate-guitar.com/tab/herbie-hancock/chameleon-guitar-pro-1096979",
      "file_path": null,
      "metadata": {}
    },
    "1680322": {
      "id": "1680322",
      "title": "Chameleon",
      "type": "PWR",
      "url": "https://tabs.ultimate-guitar.com/tab/herbie-hancock/chameleon-power-1680322",
      "file_path": null,
      "metadata": {}
    },
    "982529": {
      "id": "982529",
      "title": "Chameleon (ver 2)",
      "type": "BASS",
      "url": "https://tabs.ultimate-guitar.com/tab/herbie-hancock/chameleon-bass-982529",
      "file_path": null,
      "metadata": {}
    },
    "1680323": {
      "id": "1680323",
      "title": "Chameleon (ver 3)",
      "type": "BASS",
      "url": "https://tabs.ultimate-guitar.com/tab/herbie-hancock/chameleon-bass-1680323",
      "file_path": null,
      "metadata": {}
    },
    "3825392": {
      "id": "3825392",
      "title": "Doin It",
      "type": "TAB",
      "url": "https://tabs.ultimate-guitar.com/tab/herbie-hancock/doin-it-tabs-3825392",
      "file_path": null,
      "metadata": {}
    },
    "864283": {
      "id": "864283",
      "title": "Dolphin Dance",
      "type": "TAB",
      "url": "https://tabs.ultimate-guitar.com/tab/herbie-hancock/dolphin-dance-tabs-864283",
      "file_path": null,
      "metadata": {}
    },
    "2479054": {
      "id": "2479054",
      "title": "Dont Explain",
      "type": "CRD",
      "url": "https://tabs.ultimate-guitar.com/tab/herbie-hancock/dont-explain-chords-2479054",
      "file_path": null,
      "metadata": {}
    },
    "2462526": {
      "id": "2462526",
      "title": "I Thought It Was You",
      "type": "CRD",
      "url": "https://tabs.ultimate-guitar.com/tab/herbie-hancock/i-thought-it-was-you-chords-2462526",
      "file_path": null,
      "metadata": {}
    },
    "2491239": {
      "id": "2491239",
      "title": "I Thought It Was You (ver 2)",
      "type": "CRD",
      "url": "https://tabs.ultimate-guitar.com/tab/herbie-hancock/i-thought-it-was-you-chords-2491239",
      "file_path": null,
      "metadata": {}
    },
    "1015486": {
      "id": "1015486",
      "title": "Imagine",
      "type": "PRO",
      "url": "https://tabs.ultimate-guitar.com/tab/herbie-hancock/imagine-guitar-pro-1015486",
      "file_path": null,
      "metadata": {}
    },
    "771154": {
      "id": "771154",
      "title": "Kennyll Make It",
      "type": "PRO",
      "url": "https://tabs.ultimate-guitar.com/tab/herbie-hancock/kennyll-make-it-guitar-pro-771154",
      "file_path": null,
      "metadata": {}
    },
    "930220": {
      "id": "930220",
      "title": "Palm Grease",
      "type": "BASS",
      "url": "https://tabs.ultimate-guitar.com/tab/herbie-hancock/palm-grease-bass-930220",
      "file_path": null,
      "metadata": {}
    },
    "149586": {
      "id": "149586",
      "title": "Rockit  Solo",
      "type": "TAB",
      "url": "https://tabs.ultimate-guitar.com/tab/herbie-hancock/rockit-tabs-149586",
      "file_path": null,
      "metadata": {}
    },
    "3746867": {
      "id": "3746867",
      "title": "Rockit",
      "type": "PRO",
      "url": "https://tabs.ultimate-guitar.com/tab/herbie-hancock/rockit-guitar-pro-3746867",
      "file_path": null,
      "metadata": {}
    },
    "629631": {
      "id": "629631",
      "title": "Rockit",
      "type": "PWR",
      "url": "https://tabs.ultimate-guitar.com/tab/herbie-hancock/rockit-power-629631",
      "file_path": null,
      "metadata": {}
    },
    "2743422": {
      "id": "2743422",
      "title": "Sly  Intro",
      "type": "TAB",
      "url": "https://tabs.ultimate-guitar.com/tab/herbie-hancock/sly-tabs-2743422",
      "file_path": null,
      "metadata": {}
    },
    "1488138": {
      "id": "1488138",
      "title": "Spider",
      "type": "BASS",
      "url": "https://tabs.ultimate-guitar.com/tab/herbie-hancock/spider-bass-1488138",
      "file_path": null,
      "metadata": {}
    },
    "879273": {
      "id": "879273",
      "title": "Stitched Up (ver 2)",
      "type": "TAB",
      "url": "https://tabs.ultimate-guitar.com/tab/herbie-hancock/stitched-up-tabs-879273",
      "file_path": null,
      "metadata": {}
    },
    "1354167": {
      "id": "1354167",
      "title": "Stitched Up",
      "type": "UKE",
      "url": "https://tabs.ultimate-guitar.com/tab/herbie-hancock/stitched-up-ukulele-1354167",
      "file_path": null,
      "metadata": {}
    },
    "5689199": {
      "id": "5689199",
      "title": "Sunlight",
      "type": "CRD",
      "url": "https://tabs.ultimate-guitar.com/tab/herbie-hancock/sunlight-chords-5689199",
      "file_path": null,
      "metadata": {}
    },
    "4893592": {
      "id": "4893592",
      "title": "Tell Me A Bedtime Story",
      "type": "CRD",
      "url": "https://tabs.ultimate-guitar.com/tab/herbie-hancock/tell-me-a-bedtime-story-chords-4893592",
      "file_path": null,
      "metadata": {}
    },
    "2645940": {
      "id": "2645940",
      "title": "Textures",
      "type": "PRO",
      "url": "https://tabs.ultimate-guitar.com/tab/herbie-hancock/textures-guitar-pro-2645940",
      "file_path": null,
      "metadata": {}
    },
    "4216888": {
      "id": "4216888",
      "title": "Watermelon Man",
      "type": "CRD",
      "url": "https://tabs.ultimate-guitar.com/tab/herbie-hancock/watermelon-man-chords-4216888",
      "file_path": null,
      "metadata": {}
    },
    "677973": {
      "id": "677973",
      "title": "Watermelon Man",
      "type": "PRO",
      "url": "https://tabs.ultimate-guitar.com/tab/herbie-hancock/watermelon-man-guitar-pro-677973",
      "file_path": null,
      "metadata": {}
    },
    "687012": {
      "id": "687012",
      "title": "Watermelon Man (ver 2)",
      "type": "PRO",
      "url": "https://tabs.ultimate-guitar.com/tab/herbie-hancock/watermelon-man-guitar-pro-687012",
      "file_path": null,
      "metadata": {}
    },
    "819148": {
      "id": "819148",
      "title": "Watermelon Man (ver 3)",
      "type": "PRO",
      "url": "https://tabs.ultimate-guitar.com/tab/herbie-hancock/watermelon-man-guitar-pro-819148",
      "file_path": null,
      "metadata": {}
    },
    "1475467": {
      "id": "1475467",
      "title": "Watermelon Man (ver 4)",
      "type": "PRO",
      "url": "https://tabs.ultimate-guitar.com/tab/herbie-hancock/watermelon-man-guitar-pro-1475467",
      "file_path": null,
      "metadata": {}
    },
    "575574": {
      "id": "575574",
      "title": "Watermelon Man",
      "type": "PWR",
      "url": "https://tabs.ultimate-guitar.com/tab/herbie-hancock/watermelon-man-power-575574",
      "file_path": null,
      "metadata": {}
    },
    "1712541": {
      "id": "1712541",
      "title": "Watermelon Man (ver 2)",
      "type": "PWR",
      "url": "https://tabs.ultimate-guitar.com/tab/herbie-hancock/watermelon-man-power-1712541",
      "file_path": null,
      "metadata": {}
    },
    "1178278": {
      "id": "1178278",
      "title": "Watermelon Man (ver 2)",
      "type": "BASS",
      "url": "https://tabs.ultimate-guitar.com/tab/herbie-hancock/watermelon-man-bass-1178278",
      "file_path": null,
      "metadata": {}
    },
    "1712540": {
      "id": "1712540",
      "title": "Watermelon Man (ver 3)",
      "type": "BASS",
      "url": "https://tabs.ultimate-guitar.com/tab/herbie-hancock/watermelon-man-bass-1712540",
      "file_path": null,
      "metadata": {}
    },
    "4393457": {
      "id": "4393457",
      "title": "Watermelon Man (ver 4)",
      "type": "BASS",
      "url": "https://tabs.ultimate-guitar.com/tab/herbie-hancock/watermelon-man-bass-4393457",
      "file_path": null,
      "metadata": {}
    },
    "5521392": {
      "id": "5521392",
      "title": "When Love Comes To Town",
      "type": "CRD",
      "url": "https://tabs.ultimate-guitar.com/tab/herbie-hancock/when-love-comes-to-town-chords-5521392",
      "file_path": null,
      "metadata": {}
    },
    "1781558": {
      "id": "1781558",
      "title": "When Love Comes To Town  Solo",
      "type": "PRO",
      "url": "https://tabs.ultimate-guitar.com/tab/herbie-hancock/when-love-comes-to-town-guitar-pro-1781558",
      "file_path": null,
      "metadata": {}
    },
    "211830": {
      "id": "211830",
      "title": "Wiggle-Waggle",
      "type": "BASS",
      "url": "https://tabs.ultimate-guitar.com/tab/herbie-hancock/wiggle-waggle-bass-211830",
      "file_path": null,
      "metadata": {}
    }
  }
}