{
  "id": "11105",
  "name": "Paul Piché",
  "url": "https://www.ultimate-guitar.com/artist/11105",
  "tabs": {
    "1729638": {
      "id": "1729638",
      "title": "À Ma Hauteur",
      "type": "CRD",
      "url": "https://tabs.ultimate-guitar.com/tab/1729638",
      "file_path": null,
      "metadata": {}
    },
    "3368909": {
      "id": "3368909",
      "title": "Avec Lamour",
      "type": "CRD",
      "url": "https://tabs.ultimate-guitar.com/tab/3368909",
      "file_path": null,
      "metadata": {}
    },
    "2904776": {
      "id": "2904776",
      "title": "Car Je Taime",
      "type": "CRD",
      "url": "https://tabs.ultimate-guitar.com/tab/2904776",
      "file_path": null,
      "metadata": {}
    },
    "3964849": {
      "id": "3964849",
      "title": "Chu Pas Mal Mal Parti",
      "type": "CRD",
      "url": "https://tabs.ultimate-guitar.com/tab/3964849",
      "file_path": null,
      "metadata": {}
    },
    "80299": {
      "id": "80299",
      "title": "Essaye Donc Pas",
      "type": "CRD",
      "url": "https://tabs.ultimate-guitar.com/tab/80299",
      "file_path": null,
      "metadata": {}
    },
    "1498197": {
      "id": "1498197",
      "title": "Heureux Dun Printemps",
      "type": "CRD",
      "url": "https://tabs.ultimate-guitar.com/tab/1498197",
      "file_path": null,
      "metadata": {}
    },
    "3768638": {
      "id": "3768638",
      "title": "Jappelle",
      "type": "CRD",
      "url": "https://tabs.ultimate-guitar.com/tab/3768638",
      "file_path": null,
      "metadata": {}
    },
    "2358193": {
      "id": "2358193",
      "title": "Jaurai Jamais 18 Ans",
      "type": "CRD",
      "url": "https://tabs.ultimate-guitar.com/tab/2358193",
      "file_path": null,
      "metadata": {}
    },
    "3957079": {
      "id": "3957079",
      "title": "Jétais Ben Étonné",
      "type": "CRD",
      "url": "https://tabs.ultimate-guitar.com/tab/3957079",
      "file_path": null,
      "metadata": {}
    },
    "1925883": {
      "id": "1925883",
      "title": "La Gigue À Mitchouano",
      "type": "CRD",
      "url": "https://tabs.ultimate-guitar.com/tab/1925883",
      "file_path": null,
      "metadata": {}
    },
    "4579607": {
      "id": "4579607",
      "title": "Les Pleins",
      "type": "CRD",
      "url": "https://tabs.ultimate-guitar.com/tab/4579607",
      "file_path": null,
      "metadata": {}
    },
    "1722966": {
      "id": "1722966",
      "title": "Lescalier",
      "type": "CRD",
      "url": "https://tabs.ultimate-guitar.com/tab/1722966",
      "file_path": null,
      "metadata": {}
    },
    "1925861": {
      "id": "1925861",
      "title": "Lescalier (ver 2)",
      "type": "CRD",
      "url": "https://tabs.ultimate-guitar.com/tab/1925861",
      "file_path": null,
      "metadata": {}
    },
    "1989345": {
      "id": "1989345",
      "title": "Lescalier",
      "type": "UKE",
      "url": "https://tabs.ultimate-guitar.com/tab/1989345",
      "file_path": null,
      "metadata": {}
    },
    "2871224": {
      "id": "2871224",
      "title": "Moi Jraconte Des Histoires",
      "type": "CRD",
      "url": "https://tabs.ultimate-guitar.com/tab/2871224",
      "file_path": null,
      "metadata": {}
    },
    "5078647": {
      "id": "5078647",
      "title": "Mon Joe",
      "type": "CRD",
      "url": "https://tabs.ultimate-guitar.com/tab/5078647",
      "file_path": null,
      "metadata": {}
    },
    "2138099": {
      "id": "2138099",
      "title": "Ne Fais Pas Ca",
      "type": "CRD",
      "url": "https://tabs.ultimate-guitar.com/tab/2138099",
      "file_path": null,
      "metadata": {}
    },
    "1949931": {
      "id": "1949931",
      "title": "Réjean",
      "type": "CRD",
      "url": "https://tabs.ultimate-guitar.com/tab/1949931",
      "file_path": null,
      "metadata": {}
    },
    "4074439": {
      "id": "4074439",
      "title": "Ses Yeux",
      "type": "UKE",
      "url": "https://tabs.ultimate-guitar.com/tab/4074439",
      "file_path": null,
      "metadata": {}
    },
    "1959085": {
      "id": "1959085",
      "title": "Sur Ma Peau",
      "type": "CRD",
      "url": "https://tabs.ultimate-guitar.com/tab/1959085",
      "file_path": null,
      "metadata": {}
    },
    "2358195": {
      "id": "2358195",
      "title": "Ti-Galop",
      "type": "CRD",
      "url": "https://tabs.ultimate-guitar.com/tab/2358195",
      "file_path": null,
      "metadata": {}
    },
    "2997284": {
      "id": "2997284",
      "title": "Un Château De Sable",
      "type": "CRD",
      "url": "https://tabs.ultimate-guitar.com/tab/2997284",
      "file_path": null,
      "metadata": {}
    },
    "1946499": {
      "id": "1946499",
      "title": "Un Château De Sable",
      "type": "UKE",
      "url": "https://tabs.ultimate-guitar.com/tab/1946499",
      "file_path": null,
      "metadata": {}
    },
    "1477082": {
      "id": "1477082",
      "title": "Ya Pas Grand Chose Dans Le Ciel Soir",
      "type": "CRD",
      "url": "https://tabs.ultimate-guitar.com/tab/1477082",
      "file_path": null,
      "metadata": {}
    }
  }
}