{
  "id": "111101",
  "name": "C. Tangana",
  "url": "https://www.ultimate-guitar.com/artist/c_tangana_111101",
  "tabs": {
    "5800244": {
      "id": "5800244",
      "title": "Como Habla Una Mujer",
      "type": "CRD",
      "url": "https://tabs.ultimate-guitar.com/tab/paula-cendejas/como-habla-una-mujer-chords-5800244",
      "file_path": null,
      "metadata": {}
    },
    "5815967": {
      "id": "5815967",
      "title": "Droga",
      "type": "CRD",
      "url": "https://tabs.ultimate-guitar.com/tab/mora/droga-chords-5815967",
      "file_path": null,
      "metadata": {}
    },
    "3745370": {
      "id": "3745370",
      "title": "Qué Facilidad",
      "type": "CRD",
      "url": "https://tabs.ultimate-guitar.com/tab/3745370",
      "file_path": null,
      "metadata": {}
    },
    "3931877": {
      "id": "3931877",
      "title": "Tocarte",
      "type": "CRD",
      "url": "https://tabs.ultimate-guitar.com/tab/jorge-drexler/tocarte-chords-3931877",
      "file_path": null,
      "metadata": {}
    },
    "5429283": {
      "id": "5429283",
      "title": "Tocarte (ver 2)",
      "type": "CRD",
      "url": "https://tabs.ultimate-guitar.com/tab/jorge-drexler/tocarte-chords-5429283",
      "file_path": null,
      "metadata": {}
    },
    "4431575": {
      "id": "4431575",
      "title": "Una Y Mil Veces",
      "type": "CRD",
      "url": "https://tabs.ultimate-guitar.com/tab/omar-montes/una-y-mil-veces-chords-4431575",
      "file_path": null,
      "metadata": {}
    },
    "3880223": {
      "id": "3880223",
      "title": "Ya No Vales",
      "type": "BASS",
      "url": "https://tabs.ultimate-guitar.com/tab/alizzz/ya-no-vales-bass-3880223",
      "file_path": null,
      "metadata": {}
    },
    "2403817": {
      "id": "2403817",
      "title": "Antes De Morirme",
      "type": "CRD",
      "url": "https://tabs.ultimate-guitar.com/tab/c-tangana/antes-de-morirme-chords-2403817",
      "file_path": null,
      "metadata": {}
    },
    "2959235": {
      "id": "2959235",
      "title": "Antes De Morirme (ver 2)",
      "type": "CRD",
      "url": "https://tabs.ultimate-guitar.com/tab/c-tangana/antes-de-morirme-chords-2959235",
      "file_path": null,
      "metadata": {}
    },
    "3902720": {
      "id": "3902720",
      "title": "Ateo",
      "type": "CRD",
      "url": "https://tabs.ultimate-guitar.com/tab/c-tangana/ateo-chords-3902720",
      "file_path": null,
      "metadata": {}
    },
    "3171671": {
      "id": "3171671",
      "title": "Bien",
      "type": "CRD",
      "url": "https://tabs.ultimate-guitar.com/tab/c-tangana/bien-chords-3171671",
      "file_path": null,
      "metadata": {}
    },
    "3176549": {
      "id": "3176549",
      "title": "Bien (ver 2)",
      "type": "CRD",
      "url": "https://tabs.ultimate-guitar.com/tab/c-tangana/bien-chords-3176549",
      "file_path": null,
      "metadata": {}
    },
    "4159195": {
      "id": "4159195",
      "title": "Bien",
      "type": "UKE",
      "url": "https://tabs.ultimate-guitar.com/tab/c-tangana/bien-ukulele-4159195",
      "file_path": null,
      "metadata": {}
    },
    "5577576": {
      "id": "5577576",
      "title": "Bobo  Intro",
      "type": "TAB",
      "url": "https://tabs.ultimate-guitar.com/tab/c-tangana/bobo-tabs-5577576",
      "file_path": null,
      "metadata": {}
    },
    "3590198": {
      "id": "3590198",
      "title": "Cambia",
      "type": "CRD",
      "url": "https://tabs.ultimate-guitar.com/tab/c-tangana/cambia-chords-3590198",
      "file_path": null,
      "metadata": {}
    },
    "3516890": {
      "id": "3516890",
      "title": "Comerte Entera",
      "type": "CRD",
      "url": "https://tabs.ultimate-guitar.com/tab/c-tangana/comerte-entera-chords-3516890",
      "file_path": null,
      "metadata": {}
    },
    "3645257": {
      "id": "3645257",
      "title": "Cuándo Olvidaré",
      "type": "CRD",
      "url": "https://tabs.ultimate-guitar.com/tab/3645257",
      "file_path": null,
      "metadata": {}
    },
    "3411206": {
      "id": "3411206",
      "title": "Demasiadas Mujeres",
      "type": "CRD",
      "url": "https://tabs.ultimate-guitar.com/tab/c-tangana/demasiadas-mujeres-chords-3411206",
      "file_path": null,
      "metadata": {}
    },
    "4133653": {
      "id": "4133653",
      "title": "Demasiadas Mujeres  Intro",
      "type": "TAB",
      "url": "https://tabs.ultimate-guitar.com/tab/c-tangana/demasiadas-mujeres-tabs-4133653",
      "file_path": null,
      "metadata": {}
    },
    "3580727": {
      "id": "3580727",
      "title": "Hong Kong",
      "type": "CRD",
      "url": "https://tabs.ultimate-guitar.com/tab/c-tangana/hong-kong-chords-3580727",
      "file_path": null,
      "metadata": {}
    },
    "3589829": {
      "id": "3589829",
      "title": "Ingobernable",
      "type": "CRD",
      "url": "https://tabs.ultimate-guitar.com/tab/c-tangana/ingobernable-chords-3589829",
      "file_path": null,
      "metadata": {}
    },
    "3594362": {
      "id": "3594362",
      "title": "Ingobernable (ver 2)",
      "type": "CRD",
      "url": "https://tabs.ultimate-guitar.com/tab/c-tangana/ingobernable-chords-3594362",
      "file_path": null,
      "metadata": {}
    },
    "4077922": {
      "id": "4077922",
      "title": "La Culpa",
      "type": "CRD",
      "url": "https://tabs.ultimate-guitar.com/tab/c-tangana/la-culpa-chords-4077922",
      "file_path": null,
      "metadata": {}
    },
    "3586868": {
      "id": "3586868",
      "title": "Los Tontos",
      "type": "CRD",
      "url": "https://tabs.ultimate-guitar.com/tab/c-tangana/los-tontos-chords-3586868",
      "file_path": null,
      "metadata": {}
    },
    "5056945": {
      "id": "5056945",
      "title": "Los Tontos",
      "type": "CRD",
      "url": "https://tabs.ultimate-guitar.com/tab/c-tangana/los-tontos-chords-5056945",
      "file_path": null,
      "metadata": {}
    },
    "2177741": {
      "id": "2177741",
      "title": "Mala Mujer",
      "type": "CRD",
      "url": "https://tabs.ultimate-guitar.com/tab/c-tangana/mala-mujer-chords-2177741",
      "file_path": null,
      "metadata": {}
    },
    "2956109": {
      "id": "2956109",
      "title": "Mala Mujer (ver 2)",
      "type": "CRD",
      "url": "https://tabs.ultimate-guitar.com/tab/c-tangana/mala-mujer-chords-2956109",
      "file_path": null,
      "metadata": {}
    },
    "3677237": {
      "id": "3677237",
      "title": "Me Maten",
      "type": "CRD",
      "url": "https://tabs.ultimate-guitar.com/tab/c-tangana/me-maten-chords-3677237",
      "file_path": null,
      "metadata": {}
    },
    "3597746": {
      "id": "3597746",
      "title": "Muriendo De Envidia",
      "type": "CRD",
      "url": "https://tabs.ultimate-guitar.com/tab/c-tangana/muriendo-de-envidia-chords-3597746",
      "file_path": null,
      "metadata": {}
    },
    "3853556": {
      "id": "3853556",
      "title": "Muriendo De Envidia (ver 2)",
      "type": "CRD",
      "url": "https://tabs.ultimate-guitar.com/tab/c-tangana/muriendo-de-envidia-chords-3853556",
      "file_path": null,
      "metadata": {}
    },
    "2942090": {
      "id": "2942090",
      "title": "No Te Debí Besar",
      "type": "CRD",
      "url": "https://tabs.ultimate-guitar.com/tab/2942090",
      "file_path": null,
      "metadata": {}
    },
    "3585548": {
      "id": "3585548",
      "title": "Nominao",
      "type": "CRD",
      "url": "https://tabs.ultimate-guitar.com/tab/c-tangana/nominao-chords-3585548",
      "file_path": null,
      "metadata": {}
    },
    "3109895": {
      "id": "3109895",
      "title": "Nunca Estoy",
      "type": "CRD",
      "url": "https://tabs.ultimate-guitar.com/tab/c-tangana/nunca-estoy-chords-3109895",
      "file_path": null,
      "metadata": {}
    },
    "3130502": {
      "id": "3130502",
      "title": "Nunca Estoy (ver 2)",
      "type": "CRD",
      "url": "https://tabs.ultimate-guitar.com/tab/c-tangana/nunca-estoy-chords-3130502",
      "file_path": null,
      "metadata": {}
    },
    "3178145": {
      "id": "3178145",
      "title": "Nunca Estoy Mai Estic",
      "type": "CRD",
      "url": "https://tabs.ultimate-guitar.com/tab/c-tangana/nunca-estoy-mai-estic-chords-3178145",
      "file_path": null,
      "metadata": {}
    },
    "4992196": {
      "id": "4992196",
      "title": "Ojalá",
      "type": "CRD",
      "url": "https://tabs.ultimate-guitar.com/tab/4992196",
      "file_path": null,
      "metadata": {}
    },
    "5555364": {
      "id": "5555364",
      "title": "Oliveira Dos Cen Anos",
      "type": "CRD",
      "url": "https://tabs.ultimate-guitar.com/tab/c-tangana/oliveira-dos-cen-anos-chords-5555364",
      "file_path": null,
      "metadata": {}
    },
    "3585497": {
      "id": "3585497",
      "title": "Párteme La Cara",
      "type": "CRD",
      "url": "https://tabs.ultimate-guitar.com/tab/3585497",
      "file_path": null,
      "metadata": {}
    },
    "3801278": {
      "id": "3801278",
      "title": "Persiguiéndonos",
      "type": "CRD",
      "url": "https://tabs.ultimate-guitar.com/tab/3801278",
      "file_path": null,
      "metadata": {}
    },
    "3679598": {
      "id": "3679598",
      "title": "Te Olvidaste",
      "type": "CRD",
      "url": "https://tabs.ultimate-guitar.com/tab/c-tangana/te-olvidaste-chords-3679598",
      "file_path": null,
      "metadata": {}
    },
    "4300907": {
      "id": "4300907",
      "title": "Te Venero",
      "type": "CRD",
      "url": "https://tabs.ultimate-guitar.com/tab/c-tangana/te-venero-chords-4300907",
      "file_path": null,
      "metadata": {}
    },
    "3410414": {
      "id": "3410414",
      "title": "Tú Me Dejaste De Querer",
      "type": "CRD",
      "url": "https://tabs.ultimate-guitar.com/tab/3410414",
      "file_path": null,
      "metadata": {}
    },
    "3410732": {
      "id": "3410732",
      "title": "Tú Me Dejaste De Querer  Solo",
      "type": "TAB",
      "url": "https://tabs.ultimate-guitar.com/tab/3410732",
      "file_path": null,
      "metadata": {}
    },
    "4225072": {
      "id": "4225072",
      "title": "Tú Me Dejaste De Querer",
      "type": "BASS",
      "url": "https://tabs.ultimate-guitar.com/tab/4225072",
      "file_path": null,
      "metadata": {}
    },
    "3408854": {
      "id": "3408854",
      "title": "Tú Me Dejaste De Querer Feat Niño De Elche La Hungara",
      "type": "CRD",
      "url": "https://tabs.ultimate-guitar.com/tab/3408854",
      "file_path": null,
      "metadata": {}
    },
    "2544924": {
      "id": "2544924",
      "title": "Un Veneno",
      "type": "CRD",
      "url": "https://tabs.ultimate-guitar.com/tab/c-tangana/un-veneno-chords-2544924",
      "file_path": null,
      "metadata": {}
    },
    "2549427": {
      "id": "2549427",
      "title": "Un Veneno (ver 2)",
      "type": "CRD",
      "url": "https://tabs.ultimate-guitar.com/tab/c-tangana/un-veneno-chords-2549427",
      "file_path": null,
      "metadata": {}
    },
    "2756649": {
      "id": "2756649",
      "title": "Un Veneno  Intro",
      "type": "TAB",
      "url": "https://tabs.ultimate-guitar.com/tab/c-tangana/un-veneno-tabs-2756649",
      "file_path": null,
      "metadata": {}
    },
    "3068210": {
      "id": "3068210",
      "title": "Un Veneno (ver 2) Intro",
      "type": "TAB",
      "url": "https://tabs.ultimate-guitar.com/tab/c-tangana/un-veneno-tabs-3068210",
      "file_path": null,
      "metadata": {}
    },
    "4091485": {
      "id": "4091485",
      "title": "Un Veneno (ver 3) Intro",
      "type": "TAB",
      "url": "https://tabs.ultimate-guitar.com/tab/c-tangana/un-veneno-tabs-4091485",
      "file_path": null,
      "metadata": {}
    },
    "3841202": {
      "id": "3841202",
      "title": "Yate",
      "type": "CRD",
      "url": "https://tabs.ultimate-guitar.com/tab/c-tangana/yate-chords-3841202",
      "file_path": null,
      "metadata": {}
    },
    "3957322": {
      "id": "3957322",
      "title": "Yelo",
      "type": "CRD",
      "url": "https://tabs.ultimate-guitar.com/tab/c-tangana/yelo-chords-3957322",
      "file_path": null,
      "metadata": {}
    }
  }
}