{
  "id": "10369",
  "name": "Benjamin Gibbard",
  "url": "https://www.ultimate-guitar.com/artist/benjamin_gibbard_10369",
  "tabs": {
    "499014": {
      "id": "499014",
      "title": "Such Great Heights",
      "type": "CRD",
      "url": "https://tabs.ultimate-guitar.com/tab/benjamin-gibbard/such-great-heights-chords-499014",
      "file_path": null,
      "metadata": {}
    },
    "170137": {
      "id": "170137",
      "title": "Carolina",
      "type": "CRD",
      "url": "https://tabs.ultimate-guitar.com/tab/benjamin-gibbard/carolina-chords-170137",
      "file_path": null,
      "metadata": {}
    },
    "472176": {
      "id": "472176",
      "title": "Brand New Colony",
      "type": "CRD",
      "url": "https://tabs.ultimate-guitar.com/tab/benjamin-gibbard/brand-new-colony-chords-472176",
      "file_path": null,
      "metadata": {}
    },
    "1189208": {
      "id": "1189208",
      "title": "Lily",
      "type": "CRD",
      "url": "https://tabs.ultimate-guitar.com/tab/benjamin-gibbard/lily-chords-1189208",
      "file_path": null,
      "metadata": {}
    },
    "404809": {
      "id": "404809",
      "title": "We Looked Like Giants",
      "type": "TAB",
      "url": "https://tabs.ultimate-guitar.com/tab/benjamin-gibbard/we-looked-like-giants-tabs-404809",
      "file_path": null,
      "metadata": {}
    },
    "935383": {
      "id": "935383",
      "title": "Title And Registration",
      "type": "TAB",
      "url": "https://tabs.ultimate-guitar.com/tab/benjamin-gibbard/title-and-registration-tabs-935383",
      "file_path": null,
      "metadata": {}
    },
    "1074475": {
      "id": "1074475",
      "title": "Where Our Destination Lies",
      "type": "CRD",
      "url": "https://tabs.ultimate-guitar.com/tab/benjamin-gibbard/where-our-destination-lies-chords-1074475",
      "file_path": null,
      "metadata": {}
    },
    "1189864": {
      "id": "1189864",
      "title": "Dream Song",
      "type": "CRD",
      "url": "https://tabs.ultimate-guitar.com/tab/benjamin-gibbard/dream-song-chords-1189864",
      "file_path": null,
      "metadata": {}
    },
    "519057": {
      "id": "519057",
      "title": "Couches In Alleys",
      "type": "CRD",
      "url": "https://tabs.ultimate-guitar.com/tab/benjamin-gibbard/couches-in-alleys-chords-519057",
      "file_path": null,
      "metadata": {}
    },
    "282563": {
      "id": "282563",
      "title": "Choir Vandals",
      "type": "CRD",
      "url": "https://tabs.ultimate-guitar.com/tab/benjamin-gibbard/choir-vandals-chords-282563",
      "file_path": null,
      "metadata": {}
    },
    "5429493": {
      "id": "5429493",
      "title": "Crystals",
      "type": "CRD",
      "url": "https://tabs.ultimate-guitar.com/tab/sea-lemon/crystals-chords-5429493",
      "file_path": null,
      "metadata": {}
    },
    "4326248": {
      "id": "4326248",
      "title": "Every Beginning Ends",
      "type": "CRD",
      "url": "https://tabs.ultimate-guitar.com/tab/noah-cyrus/every-beginning-ends-chords-4326248",
      "file_path": null,
      "metadata": {}
    },
    "4360568": {
      "id": "4360568",
      "title": "Every Beginning Ends  Intro",
      "type": "TAB",
      "url": "https://tabs.ultimate-guitar.com/tab/noah-cyrus/every-beginning-ends-tabs-4360568",
      "file_path": null,
      "metadata": {}
    },
    "964485": {
      "id": "964485",
      "title": "Overture",
      "type": "TAB",
      "url": "https://tabs.ultimate-guitar.com/tab/steve-fisk/overture-tabs-964485",
      "file_path": null,
      "metadata": {}
    },
    "1821742": {
      "id": "1821742",
      "title": "Overture (ver 2)",
      "type": "TAB",
      "url": "https://tabs.ultimate-guitar.com/tab/steve-fisk/overture-tabs-1821742",
      "file_path": null,
      "metadata": {}
    },
    "796274": {
      "id": "796274",
      "title": "Train Song",
      "type": "CRD",
      "url": "https://tabs.ultimate-guitar.com/tab/feist/train-song-chords-796274",
      "file_path": null,
      "metadata": {}
    },
    "825850": {
      "id": "825850",
      "title": "Train Song (ver 2)",
      "type": "CRD",
      "url": "https://tabs.ultimate-guitar.com/tab/feist/train-song-chords-825850",
      "file_path": null,
      "metadata": {}
    },
    "845028": {
      "id": "845028",
      "title": "Train Song (ver 3)",
      "type": "CRD",
      "url": "https://tabs.ultimate-guitar.com/tab/feist/train-song-chords-845028",
      "file_path": null,
      "metadata": {}
    },
    "1193115": {
      "id": "1193115",
      "title": "Train Song (ver 4)",
      "type": "CRD",
      "url": "https://tabs.ultimate-guitar.com/tab/feist/train-song-chords-1193115",
      "file_path": null,
      "metadata": {}
    },
    "1515518": {
      "id": "1515518",
      "title": "Train Song (ver 5)",
      "type": "CRD",
      "url": "https://tabs.ultimate-guitar.com/tab/feist/train-song-chords-1515518",
      "file_path": null,
      "metadata": {}
    },
    "1736184": {
      "id": "1736184",
      "title": "Train Song (ver 6)",
      "type": "CRD",
      "url": "https://tabs.ultimate-guitar.com/tab/feist/train-song-chords-1736184",
      "file_path": null,
      "metadata": {}
    },
    "2728941": {
      "id": "2728941",
      "title": "Train Song",
      "type": "UKE",
      "url": "https://tabs.ultimate-guitar.com/tab/feist/train-song-ukulele-2728941",
      "file_path": null,
      "metadata": {}
    },
    "455548": {
      "id": "455548",
      "title": "405",
      "type": "TAB",
      "url": "https://tabs.ultimate-guitar.com/tab/benjamin-gibbard/405-tabs-455548",
      "file_path": null,
      "metadata": {}
    },
    "1194267": {
      "id": "1194267",
      "title": "A Hard One To Know",
      "type": "CRD",
      "url": "https://tabs.ultimate-guitar.com/tab/benjamin-gibbard/a-hard-one-to-know-chords-1194267",
      "file_path": null,
      "metadata": {}
    },
    "1947229": {
      "id": "1947229",
      "title": "A Hard One To Know (ver 2)",
      "type": "CRD",
      "url": "https://tabs.ultimate-guitar.com/tab/benjamin-gibbard/a-hard-one-to-know-chords-1947229",
      "file_path": null,
      "metadata": {}
    },
    "2635917": {
      "id": "2635917",
      "title": "A Hard One To Know (ver 3)",
      "type": "CRD",
      "url": "https://tabs.ultimate-guitar.com/tab/benjamin-gibbard/a-hard-one-to-know-chords-2635917",
      "file_path": null,
      "metadata": {}
    },
    "1383136": {
      "id": "1383136",
      "title": "A Hard One To Know",
      "type": "UKE",
      "url": "https://tabs.ultimate-guitar.com/tab/benjamin-gibbard/a-hard-one-to-know-ukulele-1383136",
      "file_path": null,
      "metadata": {}
    },
    "956017": {
      "id": "956017",
      "title": "All In One",
      "type": "CRD",
      "url": "https://tabs.ultimate-guitar.com/tab/benjamin-gibbard/all-in-one-chords-956017",
      "file_path": null,
      "metadata": {}
    },
    "1339736": {
      "id": "1339736",
      "title": "All In One",
      "type": "UKE",
      "url": "https://tabs.ultimate-guitar.com/tab/benjamin-gibbard/all-in-one-ukulele-1339736",
      "file_path": null,
      "metadata": {}
    },
    "1190982": {
      "id": "1190982",
      "title": "Bigger Than Love",
      "type": "CRD",
      "url": "https://tabs.ultimate-guitar.com/tab/benjamin-gibbard/bigger-than-love-chords-1190982",
      "file_path": null,
      "metadata": {}
    },
    "1948317": {
      "id": "1948317",
      "title": "Bigger Than Love (ver 2)",
      "type": "CRD",
      "url": "https://tabs.ultimate-guitar.com/tab/benjamin-gibbard/bigger-than-love-chords-1948317",
      "file_path": null,
      "metadata": {}
    },
    "1382355": {
      "id": "1382355",
      "title": "Bigger Than Love",
      "type": "UKE",
      "url": "https://tabs.ultimate-guitar.com/tab/benjamin-gibbard/bigger-than-love-ukulele-1382355",
      "file_path": null,
      "metadata": {}
    },
    "1108826": {
      "id": "1108826",
      "title": "Brand New Colony",
      "type": "CRD",
      "url": "https://tabs.ultimate-guitar.com/tab/benjamin-gibbard/brand-new-colony-chords-1108826",
      "file_path": null,
      "metadata": {}
    },
    "653276": {
      "id": "653276",
      "title": "Brand New Colony",
      "type": "PRO",
      "url": "https://tabs.ultimate-guitar.com/tab/benjamin-gibbard/brand-new-colony-guitar-pro-653276",
      "file_path": null,
      "metadata": {}
    },
    "1730786": {
      "id": "1730786",
      "title": "Broken Yolk In Western Sky",
      "type": "CRD",
      "url": "https://tabs.ultimate-guitar.com/tab/benjamin-gibbard/broken-yolk-in-western-sky-chords-1730786",
      "file_path": null,
      "metadata": {}
    },
    "1948851": {
      "id": "1948851",
      "title": "Broken Yolk In Western Sky (ver 2)",
      "type": "CRD",
      "url": "https://tabs.ultimate-guitar.com/tab/benjamin-gibbard/broken-yolk-in-western-sky-chords-1948851",
      "file_path": null,
      "metadata": {}
    },
    "1771967": {
      "id": "1771967",
      "title": "Carolina (ver 2)",
      "type": "CRD",
      "url": "https://tabs.ultimate-guitar.com/tab/benjamin-gibbard/carolina-chords-1771967",
      "file_path": null,
      "metadata": {}
    },
    "3783887": {
      "id": "3783887",
      "title": "Carolina (ver 3)",
      "type": "CRD",
      "url": "https://tabs.ultimate-guitar.com/tab/benjamin-gibbard/carolina-chords-3783887",
      "file_path": null,
      "metadata": {}
    },
    "518644": {
      "id": "518644",
      "title": "Casino Blues",
      "type": "CRD",
      "url": "https://tabs.ultimate-guitar.com/tab/benjamin-gibbard/casino-blues-chords-518644",
      "file_path": null,
      "metadata": {}
    },
    "1294986": {
      "id": "1294986",
      "title": "Casino Blues",
      "type": "UKE",
      "url": "https://tabs.ultimate-guitar.com/tab/benjamin-gibbard/casino-blues-ukulele-1294986",
      "file_path": null,
      "metadata": {}
    },
    "3080735": {
      "id": "3080735",
      "title": "Cath",
      "type": "CRD",
      "url": "https://tabs.ultimate-guitar.com/tab/benjamin-gibbard/cath-chords-3080735",
      "file_path": null,
      "metadata": {}
    },
    "3288560": {
      "id": "3288560",
      "title": "Centerfield",
      "type": "CRD",
      "url": "https://tabs.ultimate-guitar.com/tab/benjamin-gibbard/centerfield-chords-3288560",
      "file_path": null,
      "metadata": {}
    },
    "539043": {
      "id": "539043",
      "title": "Complicated",
      "type": "CRD",
      "url": "https://tabs.ultimate-guitar.com/tab/benjamin-gibbard/complicated-chords-539043",
      "file_path": null,
      "metadata": {}
    },
    "2794027": {
      "id": "2794027",
      "title": "Complicated (ver 2)",
      "type": "CRD",
      "url": "https://tabs.ultimate-guitar.com/tab/benjamin-gibbard/complicated-chords-2794027",
      "file_path": null,
      "metadata": {}
    },
    "177292": {
      "id": "177292",
      "title": "Complicated",
      "type": "TAB",
      "url": "https://tabs.ultimate-guitar.com/tab/benjamin-gibbard/complicated-tabs-177292",
      "file_path": null,
      "metadata": {}
    },
    "1278119": {
      "id": "1278119",
      "title": "Complicated",
      "type": "UKE",
      "url": "https://tabs.ultimate-guitar.com/tab/benjamin-gibbard/complicated-ukulele-1278119",
      "file_path": null,
      "metadata": {}
    },
    "2161089": {
      "id": "2161089",
      "title": "Complicated (ver 2)",
      "type": "UKE",
      "url": "https://tabs.ultimate-guitar.com/tab/benjamin-gibbard/complicated-ukulele-2161089",
      "file_path": null,
      "metadata": {}
    },
    "1295037": {
      "id": "1295037",
      "title": "Couches In Alleys",
      "type": "UKE",
      "url": "https://tabs.ultimate-guitar.com/tab/benjamin-gibbard/couches-in-alleys-ukulele-1295037",
      "file_path": null,
      "metadata": {}
    },
    "361338": {
      "id": "361338",
      "title": "Dream Of Evan And Chan",
      "type": "TAB",
      "url": "https://tabs.ultimate-guitar.com/tab/benjamin-gibbard/dream-of-evan-and-chan-tabs-361338",
      "file_path": null,
      "metadata": {}
    },
    "1947809": {
      "id": "1947809",
      "title": "Dream Song (ver 2)",
      "type": "CRD",
      "url": "https://tabs.ultimate-guitar.com/tab/benjamin-gibbard/dream-song-chords-1947809",
      "file_path": null,
      "metadata": {}
    },
    "5014342": {
      "id": "5014342",
      "title": "Dream Song  Solo",
      "type": "TAB",
      "url": "https://tabs.ultimate-guitar.com/tab/benjamin-gibbard/dream-song-tabs-5014342",
      "file_path": null,
      "metadata": {}
    },
    "1948823": {
      "id": "1948823",
      "title": "Duncan Where Have You Gone",
      "type": "CRD",
      "url": "https://tabs.ultimate-guitar.com/tab/benjamin-gibbard/duncan-where-have-you-gone-chords-1948823",
      "file_path": null,
      "metadata": {}
    },
    "2254007": {
      "id": "2254007",
      "title": "Everythings A Ceiling",
      "type": "CRD",
      "url": "https://tabs.ultimate-guitar.com/tab/benjamin-gibbard/everythings-a-ceiling-chords-2254007",
      "file_path": null,
      "metadata": {}
    },
    "321530": {
      "id": "321530",
      "title": "Farmer Chords",
      "type": "CRD",
      "url": "https://tabs.ultimate-guitar.com/tab/benjamin-gibbard/farmer-chords-chords-321530",
      "file_path": null,
      "metadata": {}
    },
    "1688165": {
      "id": "1688165",
      "title": "Farmer Chords (ver 2)",
      "type": "CRD",
      "url": "https://tabs.ultimate-guitar.com/tab/benjamin-gibbard/farmer-chords-chords-1688165",
      "file_path": null,
      "metadata": {}
    },
    "258536": {
      "id": "258536",
      "title": "Farmer Chords",
      "type": "CRD",
      "url": "https://tabs.ultimate-guitar.com/tab/benjamin-gibbard/farmer-chords-chords-258536",
      "file_path": null,
      "metadata": {}
    },
    "392965": {
      "id": "392965",
      "title": "Farmer Chords (ver 2)",
      "type": "CRD",
      "url": "https://tabs.ultimate-guitar.com/tab/benjamin-gibbard/farmer-chords-chords-392965",
      "file_path": null,
      "metadata": {}
    },
    "1426668": {
      "id": "1426668",
      "title": "Farmer Chords (ver 3)",
      "type": "CRD",
      "url": "https://tabs.ultimate-guitar.com/tab/benjamin-gibbard/farmer-chords-chords-1426668",
      "file_path": null,
      "metadata": {}
    },
    "3255242": {
      "id": "3255242",
      "title": "Filler",
      "type": "CRD",
      "url": "https://tabs.ultimate-guitar.com/tab/benjamin-gibbard/filler-chords-3255242",
      "file_path": null,
      "metadata": {}
    },
    "4626353": {
      "id": "4626353",
      "title": "Frightening Fishes",
      "type": "CRD",
      "url": "https://tabs.ultimate-guitar.com/tab/benjamin-gibbard/frightening-fishes-chords-4626353",
      "file_path": null,
      "metadata": {}
    },
    "373806": {
      "id": "373806",
      "title": "Gleemer",
      "type": "CRD",
      "url": "https://tabs.ultimate-guitar.com/tab/benjamin-gibbard/gleemer-chords-373806",
      "file_path": null,
      "metadata": {}
    },
    "1286566": {
      "id": "1286566",
      "title": "Gleemer",
      "type": "UKE",
      "url": "https://tabs.ultimate-guitar.com/tab/benjamin-gibbard/gleemer-ukulele-1286566",
      "file_path": null,
      "metadata": {}
    },
    "586024": {
      "id": "586024",
      "title": "I Hate To See You Cry",
      "type": "CRD",
      "url": "https://tabs.ultimate-guitar.com/tab/benjamin-gibbard/i-hate-to-see-you-cry-chords-586024",
      "file_path": null,
      "metadata": {}
    },
    "1301182": {
      "id": "1301182",
      "title": "I Hate To See You Cry",
      "type": "UKE",
      "url": "https://tabs.ultimate-guitar.com/tab/benjamin-gibbard/i-hate-to-see-you-cry-ukulele-1301182",
      "file_path": null,
      "metadata": {}
    },
    "404807": {
      "id": "404807",
      "title": "I Want It That Way",
      "type": "CRD",
      "url": "https://tabs.ultimate-guitar.com/tab/benjamin-gibbard/i-want-it-that-way-chords-404807",
      "file_path": null,
      "metadata": {}
    },
    "3159557": {
      "id": "3159557",
      "title": "Ichiros Theme",
      "type": "CRD",
      "url": "https://tabs.ultimate-guitar.com/tab/benjamin-gibbard/ichiros-theme-chords-3159557",
      "file_path": null,
      "metadata": {}
    },
    "1778052": {
      "id": "1778052",
      "title": "Im Building A Fire",
      "type": "CRD",
      "url": "https://tabs.ultimate-guitar.com/tab/benjamin-gibbard/im-building-a-fire-chords-1778052",
      "file_path": null,
      "metadata": {}
    },
    "2387571": {
      "id": "2387571",
      "title": "Im Building A Fire",
      "type": "TAB",
      "url": "https://tabs.ultimate-guitar.com/tab/benjamin-gibbard/im-building-a-fire-tabs-2387571",
      "file_path": null,
      "metadata": {}
    },
    "1979659": {
      "id": "1979659",
      "title": "Indian Summer  Solo",
      "type": "TAB",
      "url": "https://tabs.ultimate-guitar.com/tab/benjamin-gibbard/indian-summer-tabs-1979659",
      "file_path": null,
      "metadata": {}
    },
    "1234401": {
      "id": "1234401",
      "title": "Indian Summer",
      "type": "TAB",
      "url": "https://tabs.ultimate-guitar.com/tab/benjamin-gibbard/indian-summer-tabs-1234401",
      "file_path": null,
      "metadata": {}
    },
    "1716321": {
      "id": "1716321",
      "title": "Its Never Too Late",
      "type": "CRD",
      "url": "https://tabs.ultimate-guitar.com/tab/benjamin-gibbard/its-never-too-late-chords-1716321",
      "file_path": null,
      "metadata": {}
    },
    "1728317": {
      "id": "1728317",
      "title": "Its Never Too Late (ver 2)",
      "type": "CRD",
      "url": "https://tabs.ultimate-guitar.com/tab/benjamin-gibbard/its-never-too-late-chords-1728317",
      "file_path": null,
      "metadata": {}
    },
    "1489459": {
      "id": "1489459",
      "title": "Lady Adelaide",
      "type": "CRD",
      "url": "https://tabs.ultimate-guitar.com/tab/benjamin-gibbard/lady-adelaide-chords-1489459",
      "file_path": null,
      "metadata": {}
    },
    "1601120": {
      "id": "1601120",
      "title": "Lady Adelaide (ver 2)",
      "type": "CRD",
      "url": "https://tabs.ultimate-guitar.com/tab/benjamin-gibbard/lady-adelaide-chords-1601120",
      "file_path": null,
      "metadata": {}
    },
    "1948837": {
      "id": "1948837",
      "title": "Lady Adelaide (ver 3)",
      "type": "CRD",
      "url": "https://tabs.ultimate-guitar.com/tab/benjamin-gibbard/lady-adelaide-chords-1948837",
      "file_path": null,
      "metadata": {}
    },
    "1700460": {
      "id": "1700460",
      "title": "Lady Adelaide",
      "type": "TAB",
      "url": "https://tabs.ultimate-guitar.com/tab/benjamin-gibbard/lady-adelaide-tabs-1700460",
      "file_path": null,
      "metadata": {}
    },
    "1768420": {
      "id": "1768420",
      "title": "Lady Adelaide (ver 2)",
      "type": "TAB",
      "url": "https://tabs.ultimate-guitar.com/tab/benjamin-gibbard/lady-adelaide-tabs-1768420",
      "file_path": null,
      "metadata": {}
    },
    "3061908": {
      "id": "3061908",
      "title": "Life In Quarantine",
      "type": "CRD",
      "url": "https://tabs.ultimate-guitar.com/tab/benjamin-gibbard/life-in-quarantine-chords-3061908",
      "file_path": null,
      "metadata": {}
    },
    "3041565": {
      "id": "3041565",
      "title": "Life Under Quarantine",
      "type": "CRD",
      "url": "https://tabs.ultimate-guitar.com/tab/benjamin-gibbard/life-under-quarantine-chords-3041565",
      "file_path": null,
      "metadata": {}
    },
    "1193464": {
      "id": "1193464",
      "title": "Lily (ver 2)",
      "type": "CRD",
      "url": "https://tabs.ultimate-guitar.com/tab/benjamin-gibbard/lily-chords-1193464",
      "file_path": null,
      "metadata": {}
    },
    "1782383": {
      "id": "1782383",
      "title": "Lily (ver 3)",
      "type": "CRD",
      "url": "https://tabs.ultimate-guitar.com/tab/benjamin-gibbard/lily-chords-1782383",
      "file_path": null,
      "metadata": {}
    },
    "1382274": {
      "id": "1382274",
      "title": "Lily",
      "type": "UKE",
      "url": "https://tabs.ultimate-guitar.com/tab/benjamin-gibbard/lily-ukulele-1382274",
      "file_path": null,
      "metadata": {}
    },
    "270877": {
      "id": "270877",
      "title": "Lovely Affair",
      "type": "TAB",
      "url": "https://tabs.ultimate-guitar.com/tab/benjamin-gibbard/lovely-affair-tabs-270877",
      "file_path": null,
      "metadata": {}
    },
    "454440": {
      "id": "454440",
      "title": "Movie Script Ending",
      "type": "TAB",
      "url": "https://tabs.ultimate-guitar.com/tab/benjamin-gibbard/movie-script-ending-tabs-454440",
      "file_path": null,
      "metadata": {}
    },
    "1727786": {
      "id": "1727786",
      "title": "Oh Woe",
      "type": "CRD",
      "url": "https://tabs.ultimate-guitar.com/tab/benjamin-gibbard/oh-woe-chords-1727786",
      "file_path": null,
      "metadata": {}
    },
    "892460": {
      "id": "892460",
      "title": "One Fast Move Or Im Gone",
      "type": "CRD",
      "url": "https://tabs.ultimate-guitar.com/tab/benjamin-gibbard/one-fast-move-or-im-gone-chords-892460",
      "file_path": null,
      "metadata": {}
    },
    "1032014": {
      "id": "1032014",
      "title": "One Fast Move Or Im Gone (ver 2)",
      "type": "CRD",
      "url": "https://tabs.ultimate-guitar.com/tab/benjamin-gibbard/one-fast-move-or-im-gone-chords-1032014",
      "file_path": null,
      "metadata": {}
    },
    "1332057": {
      "id": "1332057",
      "title": "One Fast Move Or Im Gone",
      "type": "UKE",
      "url": "https://tabs.ultimate-guitar.com/tab/benjamin-gibbard/one-fast-move-or-im-gone-ukulele-1332057",
      "file_path": null,
      "metadata": {}
    },
    "802554": {
      "id": "802554",
      "title": "Overture  Intro",
      "type": "TAB",
      "url": "https://tabs.ultimate-guitar.com/tab/benjamin-gibbard/overture-tabs-802554",
      "file_path": null,
      "metadata": {}
    },
    "823194": {
      "id": "823194",
      "title": "Overture (ver 2) Intro",
      "type": "TAB",
      "url": "https://tabs.ultimate-guitar.com/tab/benjamin-gibbard/overture-tabs-823194",
      "file_path": null,
      "metadata": {}
    },
    "863998": {
      "id": "863998",
      "title": "Overture",
      "type": "TAB",
      "url": "https://tabs.ultimate-guitar.com/tab/benjamin-gibbard/overture-tabs-863998",
      "file_path": null,
      "metadata": {}
    },
    "1763883": {
      "id": "1763883",
      "title": "Overture (ver 2)",
      "type": "TAB",
      "url": "https://tabs.ultimate-guitar.com/tab/benjamin-gibbard/overture-tabs-1763883",
      "file_path": null,
      "metadata": {}
    },
    "683054": {
      "id": "683054",
      "title": "Photobooth",
      "type": "CRD",
      "url": "https://tabs.ultimate-guitar.com/tab/benjamin-gibbard/photobooth-chords-683054",
      "file_path": null,
      "metadata": {}
    },
    "737705": {
      "id": "737705",
      "title": "Photobooth",
      "type": "TAB",
      "url": "https://tabs.ultimate-guitar.com/tab/benjamin-gibbard/photobooth-tabs-737705",
      "file_path": null,
      "metadata": {}
    },
    "1304219": {
      "id": "1304219",
      "title": "Photobooth",
      "type": "UKE",
      "url": "https://tabs.ultimate-guitar.com/tab/benjamin-gibbard/photobooth-ukulele-1304219",
      "file_path": null,
      "metadata": {}
    },
    "3110249": {
      "id": "3110249",
      "title": "Proxima B",
      "type": "CRD",
      "url": "https://tabs.ultimate-guitar.com/tab/benjamin-gibbard/proxima-b-chords-3110249",
      "file_path": null,
      "metadata": {}
    },
    "3604193": {
      "id": "3604193",
      "title": "Proxima B",
      "type": "CRD",
      "url": "https://tabs.ultimate-guitar.com/tab/benjamin-gibbard/proxima-b-chords-3604193",
      "file_path": null,
      "metadata": {}
    },
    "624793": {
      "id": "624793",
      "title": "Recycled Air",
      "type": "TAB",
      "url": "https://tabs.ultimate-guitar.com/tab/benjamin-gibbard/recycled-air-tabs-624793",
      "file_path": null,
      "metadata": {}
    },
    "281988": {
      "id": "281988",
      "title": "Saddest Story Ever Told",
      "type": "CRD",
      "url": "https://tabs.ultimate-guitar.com/tab/benjamin-gibbard/saddest-story-ever-told-chords-281988",
      "file_path": null,
      "metadata": {}
    },
    "995071": {
      "id": "995071",
      "title": "Saddest Story Ever Told (ver 2)",
      "type": "CRD",
      "url": "https://tabs.ultimate-guitar.com/tab/benjamin-gibbard/saddest-story-ever-told-chords-995071",
      "file_path": null,
      "metadata": {}
    },
    "1279461": {
      "id": "1279461",
      "title": "Saddest Story Ever Told",
      "type": "UKE",
      "url": "https://tabs.ultimate-guitar.com/tab/benjamin-gibbard/saddest-story-ever-told-ukulele-1279461",
      "file_path": null,
      "metadata": {}
    },
    "1947517": {
      "id": "1947517",
      "title": "Shepherds Bush Lullaby",
      "type": "CRD",
      "url": "https://tabs.ultimate-guitar.com/tab/benjamin-gibbard/shepherds-bush-lullaby-chords-1947517",
      "file_path": null,
      "metadata": {}
    },
    "3490568": {
      "id": "3490568",
      "title": "Shepherds Bush Lullaby (ver 2)",
      "type": "CRD",
      "url": "https://tabs.ultimate-guitar.com/tab/benjamin-gibbard/shepherds-bush-lullaby-chords-3490568",
      "file_path": null,
      "metadata": {}
    },
    "407756": {
      "id": "407756",
      "title": "Sock Hop",
      "type": "TAB",
      "url": "https://tabs.ultimate-guitar.com/tab/benjamin-gibbard/sock-hop-tabs-407756",
      "file_path": null,
      "metadata": {}
    },
    "1248834": {
      "id": "1248834",
      "title": "Somethings Rattling Cowpoke",
      "type": "CRD",
      "url": "https://tabs.ultimate-guitar.com/tab/benjamin-gibbard/somethings-rattling-cowpoke-chords-1248834",
      "file_path": null,
      "metadata": {}
    },
    "1251839": {
      "id": "1251839",
      "title": "Somethings Rattling Cowpoke (ver 2)",
      "type": "CRD",
      "url": "https://tabs.ultimate-guitar.com/tab/benjamin-gibbard/somethings-rattling-cowpoke-chords-1251839",
      "file_path": null,
      "metadata": {}
    },
    "1394912": {
      "id": "1394912",
      "title": "Somethings Rattling Cowpoke (ver 3)",
      "type": "CRD",
      "url": "https://tabs.ultimate-guitar.com/tab/benjamin-gibbard/somethings-rattling-cowpoke-chords-1394912",
      "file_path": null,
      "metadata": {}
    },
    "1948323": {
      "id": "1948323",
      "title": "Somethings Rattling Cowpoke (ver 4)",
      "type": "CRD",
      "url": "https://tabs.ultimate-guitar.com/tab/benjamin-gibbard/somethings-rattling-cowpoke-chords-1948323",
      "file_path": null,
      "metadata": {}
    },
    "1388963": {
      "id": "1388963",
      "title": "Somethings Rattling Cowpoke",
      "type": "UKE",
      "url": "https://tabs.ultimate-guitar.com/tab/benjamin-gibbard/somethings-rattling-cowpoke-ukulele-1388963",
      "file_path": null,
      "metadata": {}
    },
    "1393561": {
      "id": "1393561",
      "title": "Somethings Rattling Cowpoke (ver 2)",
      "type": "UKE",
      "url": "https://tabs.ultimate-guitar.com/tab/benjamin-gibbard/somethings-rattling-cowpoke-ukulele-1393561",
      "file_path": null,
      "metadata": {}
    },
    "451479": {
      "id": "451479",
      "title": "St Swithins Day",
      "type": "TAB",
      "url": "https://tabs.ultimate-guitar.com/tab/benjamin-gibbard/st-swithins-day-tabs-451479",
      "file_path": null,
      "metadata": {}
    },
    "1027463": {
      "id": "1027463",
      "title": "Such Great Heights (ver 2)",
      "type": "CRD",
      "url": "https://tabs.ultimate-guitar.com/tab/benjamin-gibbard/such-great-heights-chords-1027463",
      "file_path": null,
      "metadata": {}
    },
    "555971": {
      "id": "555971",
      "title": "Such Great Heights",
      "type": "CRD",
      "url": "https://tabs.ultimate-guitar.com/tab/benjamin-gibbard/such-great-heights-chords-555971",
      "file_path": null,
      "metadata": {}
    },
    "3693074": {
      "id": "3693074",
      "title": "Such Great Heights (ver 2)",
      "type": "CRD",
      "url": "https://tabs.ultimate-guitar.com/tab/benjamin-gibbard/such-great-heights-chords-3693074",
      "file_path": null,
      "metadata": {}
    },
    "1180662": {
      "id": "1180662",
      "title": "Teardrop Windows",
      "type": "CRD",
      "url": "https://tabs.ultimate-guitar.com/tab/benjamin-gibbard/teardrop-windows-chords-1180662",
      "file_path": null,
      "metadata": {}
    },
    "1181161": {
      "id": "1181161",
      "title": "Teardrop Windows (ver 2)",
      "type": "CRD",
      "url": "https://tabs.ultimate-guitar.com/tab/benjamin-gibbard/teardrop-windows-chords-1181161",
      "file_path": null,
      "metadata": {}
    },
    "1947209": {
      "id": "1947209",
      "title": "Teardrop Windows (ver 3)",
      "type": "CRD",
      "url": "https://tabs.ultimate-guitar.com/tab/benjamin-gibbard/teardrop-windows-chords-1947209",
      "file_path": null,
      "metadata": {}
    },
    "2084049": {
      "id": "2084049",
      "title": "The Concept",
      "type": "CRD",
      "url": "https://tabs.ultimate-guitar.com/tab/benjamin-gibbard/the-concept-chords-2084049",
      "file_path": null,
      "metadata": {}
    },
    "2084711": {
      "id": "2084711",
      "title": "The Concept (ver 2)",
      "type": "CRD",
      "url": "https://tabs.ultimate-guitar.com/tab/benjamin-gibbard/the-concept-chords-2084711",
      "file_path": null,
      "metadata": {}
    },
    "2334571": {
      "id": "2334571",
      "title": "The District Sleeps Alone Tonight",
      "type": "CRD",
      "url": "https://tabs.ultimate-guitar.com/tab/benjamin-gibbard/the-district-sleeps-alone-tonight-chords-2334571",
      "file_path": null,
      "metadata": {}
    },
    "1497831": {
      "id": "1497831",
      "title": "These Roads Dont Move",
      "type": "CRD",
      "url": "https://tabs.ultimate-guitar.com/tab/benjamin-gibbard/these-roads-dont-move-chords-1497831",
      "file_path": null,
      "metadata": {}
    },
    "890286": {
      "id": "890286",
      "title": "These Roads Dont Move",
      "type": "TAB",
      "url": "https://tabs.ultimate-guitar.com/tab/benjamin-gibbard/these-roads-dont-move-tabs-890286",
      "file_path": null,
      "metadata": {}
    },
    "195577": {
      "id": "195577",
      "title": "They Dont Know",
      "type": "CRD",
      "url": "https://tabs.ultimate-guitar.com/tab/benjamin-gibbard/they-dont-know-chords-195577",
      "file_path": null,
      "metadata": {}
    },
    "1277475": {
      "id": "1277475",
      "title": "They Dont Know",
      "type": "UKE",
      "url": "https://tabs.ultimate-guitar.com/tab/benjamin-gibbard/they-dont-know-ukulele-1277475",
      "file_path": null,
      "metadata": {}
    },
    "947548": {
      "id": "947548",
      "title": "This Place Is A Prison",
      "type": "CRD",
      "url": "https://tabs.ultimate-guitar.com/tab/benjamin-gibbard/this-place-is-a-prison-chords-947548",
      "file_path": null,
      "metadata": {}
    },
    "171597": {
      "id": "171597",
      "title": "Thriller",
      "type": "CRD",
      "url": "https://tabs.ultimate-guitar.com/tab/benjamin-gibbard/thriller-chords-171597",
      "file_path": null,
      "metadata": {}
    },
    "779454": {
      "id": "779454",
      "title": "Thriller (ver 2)",
      "type": "CRD",
      "url": "https://tabs.ultimate-guitar.com/tab/benjamin-gibbard/thriller-chords-779454",
      "file_path": null,
      "metadata": {}
    },
    "1319339": {
      "id": "1319339",
      "title": "Thriller",
      "type": "UKE",
      "url": "https://tabs.ultimate-guitar.com/tab/benjamin-gibbard/thriller-ukulele-1319339",
      "file_path": null,
      "metadata": {}
    },
    "3064485": {
      "id": "3064485",
      "title": "Underwater",
      "type": "CRD",
      "url": "https://tabs.ultimate-guitar.com/tab/benjamin-gibbard/underwater-chords-3064485",
      "file_path": null,
      "metadata": {}
    },
    "454159": {
      "id": "454159",
      "title": "Underwater",
      "type": "TAB",
      "url": "https://tabs.ultimate-guitar.com/tab/benjamin-gibbard/underwater-tabs-454159",
      "file_path": null,
      "metadata": {}
    },
    "4184722": {
      "id": "4184722",
      "title": "What You Do To Me",
      "type": "CRD",
      "url": "https://tabs.ultimate-guitar.com/tab/benjamin-gibbard/what-you-do-to-me-chords-4184722",
      "file_path": null,
      "metadata": {}
    },
    "3295580": {
      "id": "3295580",
      "title": "When The Sun Goes Down",
      "type": "CRD",
      "url": "https://tabs.ultimate-guitar.com/tab/benjamin-gibbard/when-the-sun-goes-down-chords-3295580",
      "file_path": null,
      "metadata": {}
    },
    "1205723": {
      "id": "1205723",
      "title": "When The Sun Goes Down",
      "type": "TAB",
      "url": "https://tabs.ultimate-guitar.com/tab/benjamin-gibbard/when-the-sun-goes-down-tabs-1205723",
      "file_path": null,
      "metadata": {}
    },
    "1763501": {
      "id": "1763501",
      "title": "When The Sun Goes Down (ver 2)",
      "type": "TAB",
      "url": "https://tabs.ultimate-guitar.com/tab/benjamin-gibbard/when-the-sun-goes-down-tabs-1763501",
      "file_path": null,
      "metadata": {}
    },
    "1203653": {
      "id": "1203653",
      "title": "When The Sun Goes Down",
      "type": "TAB",
      "url": "https://tabs.ultimate-guitar.com/tab/benjamin-gibbard/when-the-sun-goes-down-tabs-1203653",
      "file_path": null,
      "metadata": {}
    },
    "1359250": {
      "id": "1359250",
      "title": "Where Our Destination Lies",
      "type": "UKE",
      "url": "https://tabs.ultimate-guitar.com/tab/benjamin-gibbard/where-our-destination-lies-ukulele-1359250",
      "file_path": null,
      "metadata": {}
    },
    "430655": {
      "id": "430655",
      "title": "Why Youd Want To Live Here",
      "type": "TAB",
      "url": "https://tabs.ultimate-guitar.com/tab/benjamin-gibbard/why-youd-want-to-live-here-tabs-430655",
      "file_path": null,
      "metadata": {}
    },
    "1027524": {
      "id": "1027524",
      "title": "Why Youd Want To Live Here",
      "type": "PRO",
      "url": "https://tabs.ultimate-guitar.com/tab/benjamin-gibbard/why-youd-want-to-live-here-guitar-pro-1027524",
      "file_path": null,
      "metadata": {}
    },
    "956020": {
      "id": "956020",
      "title": "Willamine",
      "type": "CRD",
      "url": "https://tabs.ultimate-guitar.com/tab/benjamin-gibbard/willamine-chords-956020",
      "file_path": null,
      "metadata": {}
    },
    "1339737": {
      "id": "1339737",
      "title": "Willamine",
      "type": "UKE",
      "url": "https://tabs.ultimate-guitar.com/tab/benjamin-gibbard/willamine-ukulele-1339737",
      "file_path": null,
      "metadata": {}
    },
    "1227368": {
      "id": "1227368",
      "title": "Williamine",
      "type": "TAB",
      "url": "https://tabs.ultimate-guitar.com/tab/benjamin-gibbard/williamine-tabs-1227368",
      "file_path": null,
      "metadata": {}
    },
    "128780": {
      "id": "128780",
      "title": "You Remind Me Of Home",
      "type": "CRD",
      "url": "https://tabs.ultimate-guitar.com/tab/benjamin-gibbard/you-remind-me-of-home-chords-128780",
      "file_path": null,
      "metadata": {}
    },
    "134996": {
      "id": "134996",
      "title": "You Remind Me Of Home (ver 2)",
      "type": "CRD",
      "url": "https://tabs.ultimate-guitar.com/tab/benjamin-gibbard/you-remind-me-of-home-chords-134996",
      "file_path": null,
      "metadata": {}
    },
    "158749": {
      "id": "158749",
      "title": "You Remind Me Of Home",
      "type": "TAB",
      "url": "https://tabs.ultimate-guitar.com/tab/benjamin-gibbard/you-remind-me-of-home-tabs-158749",
      "file_path": null,
      "metadata": {}
    },
    "524156": {
      "id": "524156",
      "title": "You Remind Me Of Home (ver 2)",
      "type": "TAB",
      "url": "https://tabs.ultimate-guitar.com/tab/benjamin-gibbard/you-remind-me-of-home-tabs-524156",
      "file_path": null,
      "metadata": {}
    },
    "1243021": {
      "id": "1243021",
      "title": "Youll Always Have A Place To Stay In Oakland",
      "type": "CRD",
      "url": "https://tabs.ultimate-guitar.com/tab/benjamin-gibbard/youll-always-have-a-place-to-stay-in-oakland-chords-1243021",
      "file_path": null,
      "metadata": {}
    },
    "1392591": {
      "id": "1392591",
      "title": "Youll Always Have A Place To Stay In Oakland",
      "type": "UKE",
      "url": "https://tabs.ultimate-guitar.com/tab/benjamin-gibbard/youll-always-have-a-place-to-stay-in-oakland-ukulele-1392591",
      "file_path": null,
      "metadata": {}
    }
  }
}