{
  "id": "1013825",
  "name": "Iván Díaz",
  "url": "https://www.ultimate-guitar.com/artist/1013825",
  "tabs": {
    "5163145": {
      "id": "5163145",
      "title": "Brilla",
      "type": "CRD",
      "url": "https://tabs.ultimate-guitar.com/tab/5163145",
      "file_path": null,
      "metadata": {}
    },
    "3792134": {
      "id": "3792134",
      "title": "Paz Sagrada",
      "type": "CRD",
      "url": "https://tabs.ultimate-guitar.com/tab/3792134",
      "file_path": null,
      "metadata": {}
    },
    "5163130": {
      "id": "5163130",
      "title": "Soy Tu Siervo Señor",
      "type": "CRD",
      "url": "https://tabs.ultimate-guitar.com/tab/5163130",
      "file_path": null,
      "metadata": {}
    }
  }
}