{
  "id": "10163",
  "name": "Stefan Demert",
  "url": "https://www.ultimate-guitar.com/artist/stefan_demert_10163",
  "tabs": {
    "622314": {
      "id": "622314",
      "title": "Anna Anaconda",
      "type": "CRD",
      "url": "https://tabs.ultimate-guitar.com/tab/622314",
      "file_path": null,
      "metadata": {}
    },
    "5118382": {
      "id": "5118382",
      "title": "Skärsliparsång",
      "type": "CRD",
      "url": "https://tabs.ultimate-guitar.com/tab/5118382",
      "file_path": null,
      "metadata": {}
    },
    "45804": {
      "id": "45804",
      "title": "Balladen Om Den Kaxiga Myran",
      "type": "CRD",
      "url": "https://tabs.ultimate-guitar.com/tab/stefan-demert/balladen-om-den-kaxiga-myran-chords-45804",
      "file_path": null,
      "metadata": {}
    },
    "2771569": {
      "id": "2771569",
      "title": "Balladen Om Den Kaxiga Myran (ver 2)",
      "type": "CRD",
      "url": "https://tabs.ultimate-guitar.com/tab/stefan-demert/balladen-om-den-kaxiga-myran-chords-2771569",
      "file_path": null,
      "metadata": {}
    },
    "1254084": {
      "id": "1254084",
      "title": "Balladen Om Den Kaxiga Myran",
      "type": "UKE",
      "url": "https://tabs.ultimate-guitar.com/tab/stefan-demert/balladen-om-den-kaxiga-myran-ukulele-1254084",
      "file_path": null,
      "metadata": {}
    },
    "3674105": {
      "id": "3674105",
      "title": "Barkbåt",
      "type": "CRD",
      "url": "https://tabs.ultimate-guitar.com/tab/3674105",
      "file_path": null,
      "metadata": {}
    },
    "2535750": {
      "id": "2535750",
      "title": "Bertil Och Sven",
      "type": "CRD",
      "url": "https://tabs.ultimate-guitar.com/tab/stefan-demert/bertil-och-sven-chords-2535750",
      "file_path": null,
      "metadata": {}
    },
    "2653827": {
      "id": "2653827",
      "title": "Brev Till Bortflyttad",
      "type": "CRD",
      "url": "https://tabs.ultimate-guitar.com/tab/stefan-demert/brev-till-bortflyttad-chords-2653827",
      "file_path": null,
      "metadata": {}
    },
    "4733120": {
      "id": "4733120",
      "title": "Den Siste Ornitologen",
      "type": "CRD",
      "url": "https://tabs.ultimate-guitar.com/tab/stefan-demert/den-siste-ornitologen-chords-4733120",
      "file_path": null,
      "metadata": {}
    },
    "2653833": {
      "id": "2653833",
      "title": "Den Skräpiga Bakgården",
      "type": "CRD",
      "url": "https://tabs.ultimate-guitar.com/tab/2653833",
      "file_path": null,
      "metadata": {}
    },
    "2957192": {
      "id": "2957192",
      "title": "Emancipationsvisan",
      "type": "CRD",
      "url": "https://tabs.ultimate-guitar.com/tab/stefan-demert/emancipationsvisan-chords-2957192",
      "file_path": null,
      "metadata": {}
    },
    "4601609": {
      "id": "4601609",
      "title": "Erik Olov Andersson",
      "type": "CRD",
      "url": "https://tabs.ultimate-guitar.com/tab/stefan-demert/erik-olov-andersson-chords-4601609",
      "file_path": null,
      "metadata": {}
    },
    "5230890": {
      "id": "5230890",
      "title": "I Norra Närke",
      "type": "CRD",
      "url": "https://tabs.ultimate-guitar.com/tab/5230890",
      "file_path": null,
      "metadata": {}
    },
    "3690980": {
      "id": "3690980",
      "title": "Marknadsvisa",
      "type": "CRD",
      "url": "https://tabs.ultimate-guitar.com/tab/stefan-demert/marknadsvisa-chords-3690980",
      "file_path": null,
      "metadata": {}
    },
    "5477373": {
      "id": "5477373",
      "title": "Prinsen Prinsessan Och Draken",
      "type": "CRD",
      "url": "https://tabs.ultimate-guitar.com/tab/stefan-demert/prinsen-prinsessan-och-draken-chords-5477373",
      "file_path": null,
      "metadata": {}
    },
    "5250996": {
      "id": "5250996",
      "title": "Till Far Och Mor",
      "type": "CRD",
      "url": "https://tabs.ultimate-guitar.com/tab/stefan-demert/till-far-och-mor-chords-5250996",
      "file_path": null,
      "metadata": {}
    },
    "2535747": {
      "id": "2535747",
      "title": "Ungmövisan",
      "type": "CRD",
      "url": "https://tabs.ultimate-guitar.com/tab/2535747",
      "file_path": null,
      "metadata": {}
    },
    "2539620": {
      "id": "2539620",
      "title": "Ungmövisan (ver 2)",
      "type": "CRD",
      "url": "https://tabs.ultimate-guitar.com/tab/2539620",
      "file_path": null,
      "metadata": {}
    },
    "5057293": {
      "id": "5057293",
      "title": "Visa Från Glesbygden",
      "type": "CRD",
      "url": "https://tabs.ultimate-guitar.com/tab/5057293",
      "file_path": null,
      "metadata": {}
    }
  }
}