{
  "id": "10215",
  "name": "Hella",
  "url": "https://www.ultimate-guitar.com/artist/hella_10215",
  "tabs": {
    "188883": {
      "id": "188883",
      "title": "1-800-Ghost-Dance  Intro",
      "type": "TAB",
      "url": "https://tabs.ultimate-guitar.com/tab/hella/1-800-ghost-dance-tabs-188883",
      "file_path": null,
      "metadata": {}
    },
    "662335": {
      "id": "662335",
      "title": "1800-Ghost-Dance",
      "type": "TAB",
      "url": "https://tabs.ultimate-guitar.com/tab/hella/1800-ghost-dance-tabs-662335",
      "file_path": null,
      "metadata": {}
    },
    "1904921": {
      "id": "1904921",
      "title": "2012 And Countless",
      "type": "TAB",
      "url": "https://tabs.ultimate-guitar.com/tab/hella/2012-and-countless-tabs-1904921",
      "file_path": null,
      "metadata": {}
    },
    "211751": {
      "id": "211751",
      "title": "Been A Long Time Cousin",
      "type": "TAB",
      "url": "https://tabs.ultimate-guitar.com/tab/hella/been-a-long-time-cousin-tabs-211751",
      "file_path": null,
      "metadata": {}
    },
    "188651": {
      "id": "188651",
      "title": "Better Get A Broom",
      "type": "TAB",
      "url": "https://tabs.ultimate-guitar.com/tab/hella/better-get-a-broom-tabs-188651",
      "file_path": null,
      "metadata": {}
    },
    "190654": {
      "id": "190654",
      "title": "Biblical Violence",
      "type": "TAB",
      "url": "https://tabs.ultimate-guitar.com/tab/hella/biblical-violence-tabs-190654",
      "file_path": null,
      "metadata": {}
    },
    "1140025": {
      "id": "1140025",
      "title": "Biblical Violence (ver 2)",
      "type": "TAB",
      "url": "https://tabs.ultimate-guitar.com/tab/hella/biblical-violence-tabs-1140025",
      "file_path": null,
      "metadata": {}
    },
    "2610543": {
      "id": "2610543",
      "title": "Biblical Violence (ver 3)",
      "type": "TAB",
      "url": "https://tabs.ultimate-guitar.com/tab/hella/biblical-violence-tabs-2610543",
      "file_path": null,
      "metadata": {}
    },
    "4667753": {
      "id": "4667753",
      "title": "Biblical Violence",
      "type": "PRO",
      "url": "https://tabs.ultimate-guitar.com/tab/hella/biblical-violence-guitar-pro-4667753",
      "file_path": null,
      "metadata": {}
    },
    "188884": {
      "id": "188884",
      "title": "Brown Metal",
      "type": "TAB",
      "url": "https://tabs.ultimate-guitar.com/tab/hella/brown-metal-tabs-188884",
      "file_path": null,
      "metadata": {}
    },
    "1140026": {
      "id": "1140026",
      "title": "Brown Metal (ver 2)",
      "type": "TAB",
      "url": "https://tabs.ultimate-guitar.com/tab/hella/brown-metal-tabs-1140026",
      "file_path": null,
      "metadata": {}
    },
    "1140027": {
      "id": "1140027",
      "title": "Cafeteria Bananas",
      "type": "TAB",
      "url": "https://tabs.ultimate-guitar.com/tab/hella/cafeteria-bananas-tabs-1140027",
      "file_path": null,
      "metadata": {}
    },
    "760911": {
      "id": "760911",
      "title": "City Folk Sitting Sitting",
      "type": "TAB",
      "url": "https://tabs.ultimate-guitar.com/tab/hella/city-folk-sitting-sitting-tabs-760911",
      "file_path": null,
      "metadata": {}
    },
    "1140028": {
      "id": "1140028",
      "title": "City Folk Sitting Sitting (ver 2)",
      "type": "TAB",
      "url": "https://tabs.ultimate-guitar.com/tab/hella/city-folk-sitting-sitting-tabs-1140028",
      "file_path": null,
      "metadata": {}
    },
    "3951089": {
      "id": "3951089",
      "title": "Furthest",
      "type": "TAB",
      "url": "https://tabs.ultimate-guitar.com/tab/hella/furthest-tabs-3951089",
      "file_path": null,
      "metadata": {}
    },
    "1062602": {
      "id": "1062602",
      "title": "Headless",
      "type": "TAB",
      "url": "https://tabs.ultimate-guitar.com/tab/hella/headless-tabs-1062602",
      "file_path": null,
      "metadata": {}
    },
    "1093111": {
      "id": "1093111",
      "title": "Osaka",
      "type": "TAB",
      "url": "https://tabs.ultimate-guitar.com/tab/hella/osaka-tabs-1093111",
      "file_path": null,
      "metadata": {}
    },
    "1062927": {
      "id": "1062927",
      "title": "Republic Of Rough And Ready",
      "type": "TAB",
      "url": "https://tabs.ultimate-guitar.com/tab/hella/republic-of-rough-and-ready-tabs-1062927",
      "file_path": null,
      "metadata": {}
    },
    "2818946": {
      "id": "2818946",
      "title": "Republic Of Rough And Ready",
      "type": "PRO",
      "url": "https://tabs.ultimate-guitar.com/tab/hella/republic-of-rough-and-ready-guitar-pro-2818946",
      "file_path": null,
      "metadata": {}
    },
    "212503": {
      "id": "212503",
      "title": "Republic Of Rough N Ready",
      "type": "TAB",
      "url": "https://tabs.ultimate-guitar.com/tab/hella/republic-of-rough-n-ready-tabs-212503",
      "file_path": null,
      "metadata": {}
    },
    "336505": {
      "id": "336505",
      "title": "Republic Of Rough N Ready (ver 2)",
      "type": "TAB",
      "url": "https://tabs.ultimate-guitar.com/tab/hella/republic-of-rough-n-ready-tabs-336505",
      "file_path": null,
      "metadata": {}
    },
    "700150": {
      "id": "700150",
      "title": "Republic Of Rough N Ready",
      "type": "PRO",
      "url": "https://tabs.ultimate-guitar.com/tab/hella/republic-of-rough-n-ready-guitar-pro-700150",
      "file_path": null,
      "metadata": {}
    },
    "1093393": {
      "id": "1093393",
      "title": "Self Checkout",
      "type": "TAB",
      "url": "https://tabs.ultimate-guitar.com/tab/hella/self-checkout-tabs-1093393",
      "file_path": null,
      "metadata": {}
    },
    "4354820": {
      "id": "4354820",
      "title": "Self Checkout (ver 2)",
      "type": "TAB",
      "url": "https://tabs.ultimate-guitar.com/tab/hella/self-checkout-tabs-4354820",
      "file_path": null,
      "metadata": {}
    },
    "1749179": {
      "id": "1749179",
      "title": "The Devil Isnt Red",
      "type": "TAB",
      "url": "https://tabs.ultimate-guitar.com/tab/hella/the-devil-isnt-red-tabs-1749179",
      "file_path": null,
      "metadata": {}
    },
    "1062922": {
      "id": "1062922",
      "title": "The Mother Could Be You",
      "type": "TAB",
      "url": "https://tabs.ultimate-guitar.com/tab/hella/the-mother-could-be-you-tabs-1062922",
      "file_path": null,
      "metadata": {}
    },
    "686229": {
      "id": "686229",
      "title": "The Things That People Do When They Think No Ones Looking",
      "type": "TAB",
      "url": "https://tabs.ultimate-guitar.com/tab/hella/the-things-that-people-do-when-they-think-no-ones-looking-tabs-686229",
      "file_path": null,
      "metadata": {}
    },
    "1013351": {
      "id": "1013351",
      "title": "Top Twenty Notes",
      "type": "TAB",
      "url": "https://tabs.ultimate-guitar.com/tab/hella/top-twenty-notes-tabs-1013351",
      "file_path": null,
      "metadata": {}
    },
    "5155603": {
      "id": "5155603",
      "title": "Trap Kit Whatever",
      "type": "BASS",
      "url": "https://tabs.ultimate-guitar.com/tab/hella/trap-kit-whatever-bass-5155603",
      "file_path": null,
      "metadata": {}
    },
    "771876": {
      "id": "771876",
      "title": "Women Of The 90S",
      "type": "TAB",
      "url": "https://tabs.ultimate-guitar.com/tab/hella/women-of-the-90s-tabs-771876",
      "file_path": null,
      "metadata": {}
    }
  }
}