{
  "id": "110557",
  "name": "Indoor Garden Party",
  "url": "https://www.ultimate-guitar.com/artist/indoor_garden_party_110557",
  "tabs": {
    "2261409": {
      "id": "2261409",
      "title": "Everthing I Touch",
      "type": "CRD",
      "url": "https://tabs.ultimate-guitar.com/tab/indoor-garden-party/everthing-i-touch-chords-2261409",
      "file_path": null,
      "metadata": {}
    },
    "2249033": {
      "id": "2249033",
      "title": "From Here Clear To The Ocean",
      "type": "CRD",
      "url": "https://tabs.ultimate-guitar.com/tab/indoor-garden-party/from-here-clear-to-the-ocean-chords-2249033",
      "file_path": null,
      "metadata": {}
    },
    "2172367": {
      "id": "2172367",
      "title": "Out Of Range",
      "type": "CRD",
      "url": "https://tabs.ultimate-guitar.com/tab/indoor-garden-party/out-of-range-chords-2172367",
      "file_path": null,
      "metadata": {}
    },
    "2232005": {
      "id": "2232005",
      "title": "Out Of Range",
      "type": "CRD",
      "url": "https://tabs.ultimate-guitar.com/tab/indoor-garden-party/out-of-range-chords-2232005",
      "file_path": null,
      "metadata": {}
    },
    "4742522": {
      "id": "4742522",
      "title": "This Is How Life Is",
      "type": "CRD",
      "url": "https://tabs.ultimate-guitar.com/tab/indoor-garden-party/this-is-how-life-is-chords-4742522",
      "file_path": null,
      "metadata": {}
    },
    "4640342": {
      "id": "4640342",
      "title": "We Will Always Be Together",
      "type": "CRD",
      "url": "https://tabs.ultimate-guitar.com/tab/indoor-garden-party/we-will-always-be-together-chords-4640342",
      "file_path": null,
      "metadata": {}
    }
  }
}