{
  "id": "102339",
  "name": "Brothers Moving",
  "url": "https://www.ultimate-guitar.com/artist/brothers_moving_102339",
  "tabs": {
    "2591376": {
      "id": "2591376",
      "title": "Cant Deny",
      "type": "CRD",
      "url": "https://tabs.ultimate-guitar.com/tab/brothers-moving/cant-deny-chords-2591376",
      "file_path": null,
      "metadata": {}
    },
    "2836871": {
      "id": "2836871",
      "title": "City Lights",
      "type": "CRD",
      "url": "https://tabs.ultimate-guitar.com/tab/brothers-moving/city-lights-chords-2836871",
      "file_path": null,
      "metadata": {}
    },
    "3358442": {
      "id": "3358442",
      "title": "Keep On Talking To Yourself",
      "type": "CRD",
      "url": "https://tabs.ultimate-guitar.com/tab/brothers-moving/keep-on-talking-to-yourself-chords-3358442",
      "file_path": null,
      "metadata": {}
    },
    "2375981": {
      "id": "2375981",
      "title": "Mad Within Reason",
      "type": "CRD",
      "url": "https://tabs.ultimate-guitar.com/tab/brothers-moving/mad-within-reason-chords-2375981",
      "file_path": null,
      "metadata": {}
    },
    "5802695": {
      "id": "5802695",
      "title": "Man In Charge",
      "type": "CRD",
      "url": "https://tabs.ultimate-guitar.com/tab/brothers-moving/man-in-charge-chords-5802695",
      "file_path": null,
      "metadata": {}
    },
    "2935970": {
      "id": "2935970",
      "title": "Maria",
      "type": "CRD",
      "url": "https://tabs.ultimate-guitar.com/tab/brothers-moving/maria-chords-2935970",
      "file_path": null,
      "metadata": {}
    },
    "3585173": {
      "id": "3585173",
      "title": "Minnie The Moocher",
      "type": "CRD",
      "url": "https://tabs.ultimate-guitar.com/tab/brothers-moving/minnie-the-moocher-chords-3585173",
      "file_path": null,
      "metadata": {}
    },
    "2255383": {
      "id": "2255383",
      "title": "No News",
      "type": "CRD",
      "url": "https://tabs.ultimate-guitar.com/tab/brothers-moving/no-news-chords-2255383",
      "file_path": null,
      "metadata": {}
    },
    "2467736": {
      "id": "2467736",
      "title": "One Way Road",
      "type": "CRD",
      "url": "https://tabs.ultimate-guitar.com/tab/brothers-moving/one-way-road-chords-2467736",
      "file_path": null,
      "metadata": {}
    },
    "2789461": {
      "id": "2789461",
      "title": "Roxanne",
      "type": "CRD",
      "url": "https://tabs.ultimate-guitar.com/tab/brothers-moving/roxanne-chords-2789461",
      "file_path": null,
      "metadata": {}
    },
    "2797436": {
      "id": "2797436",
      "title": "Roxanne (ver 2)",
      "type": "CRD",
      "url": "https://tabs.ultimate-guitar.com/tab/brothers-moving/roxanne-chords-2797436",
      "file_path": null,
      "metadata": {}
    },
    "5520837": {
      "id": "5520837",
      "title": "Sass",
      "type": "CRD",
      "url": "https://tabs.ultimate-guitar.com/tab/brothers-moving/sass-chords-5520837",
      "file_path": null,
      "metadata": {}
    },
    "2255375": {
      "id": "2255375",
      "title": "Since You Left Home",
      "type": "CRD",
      "url": "https://tabs.ultimate-guitar.com/tab/brothers-moving/since-you-left-home-chords-2255375",
      "file_path": null,
      "metadata": {}
    },
    "2300583": {
      "id": "2300583",
      "title": "Sorte Sigøjner",
      "type": "CRD",
      "url": "https://tabs.ultimate-guitar.com/tab/2300583",
      "file_path": null,
      "metadata": {}
    },
    "5076976": {
      "id": "5076976",
      "title": "The Doctor",
      "type": "CRD",
      "url": "https://tabs.ultimate-guitar.com/tab/brothers-moving/the-doctor-chords-5076976",
      "file_path": null,
      "metadata": {}
    },
    "4143112": {
      "id": "4143112",
      "title": "Time To Go",
      "type": "CRD",
      "url": "https://tabs.ultimate-guitar.com/tab/brothers-moving/time-to-go-chords-4143112",
      "file_path": null,
      "metadata": {}
    },
    "2100449": {
      "id": "2100449",
      "title": "Train",
      "type": "CRD",
      "url": "https://tabs.ultimate-guitar.com/tab/brothers-moving/train-chords-2100449",
      "file_path": null,
      "metadata": {}
    },
    "5291928": {
      "id": "5291928",
      "title": "Weakdays",
      "type": "CRD",
      "url": "https://tabs.ultimate-guitar.com/tab/brothers-moving/weakdays-chords-5291928",
      "file_path": null,
      "metadata": {}
    },
    "3031439": {
      "id": "3031439",
      "title": "With You",
      "type": "CRD",
      "url": "https://tabs.ultimate-guitar.com/tab/brothers-moving/with-you-chords-3031439",
      "file_path": null,
      "metadata": {}
    },
    "2300565": {
      "id": "2300565",
      "title": "You",
      "type": "CRD",
      "url": "https://tabs.ultimate-guitar.com/tab/brothers-moving/you-chords-2300565",
      "file_path": null,
      "metadata": {}
    },
    "3970162": {
      "id": "3970162",
      "title": "You",
      "type": "PRO",
      "url": "https://tabs.ultimate-guitar.com/tab/brothers-moving/you-guitar-pro-3970162",
      "file_path": null,
      "metadata": {}
    }
  }
}