{
  "id": "1006169",
  "name": "O´Bros",
  "url": "https://www.ultimate-guitar.com/artist/1006169",
  "tabs": {
    "3764012": {
      "id": "3764012",
      "title": "Real Life",
      "type": "CRD",
      "url": "https://tabs.ultimate-guitar.com/tab/3764012",
      "file_path": null,
      "metadata": {}
    },
    "3946934": {
      "id": "3946934",
      "title": "Vergiss Nicht Zu Atmen",
      "type": "CRD",
      "url": "https://tabs.ultimate-guitar.com/tab/3946934",
      "file_path": null,
      "metadata": {}
    }
  }
}