{
  "id": "11158",
  "name": "Otis Redding",
  "url": "https://www.ultimate-guitar.com/artist/otis_redding_11158",
  "tabs": {
    "81839": {
      "id": "81839",
      "title": "These Arms Of Mine",
      "type": "CRD",
      "url": "https://tabs.ultimate-guitar.com/tab/otis-redding/these-arms-of-mine-chords-81839",
      "file_path": null,
      "metadata": {}
    },
    "353680": {
      "id": "353680",
      "title": "Hard To Handle",
      "type": "CRD",
      "url": "https://tabs.ultimate-guitar.com/tab/otis-redding/hard-to-handle-chords-353680",
      "file_path": null,
      "metadata": {}
    },
    "81841": {
      "id": "81841",
      "title": "Ive Been Loving You Too Long",
      "type": "CRD",
      "url": "https://tabs.ultimate-guitar.com/tab/otis-redding/ive-been-loving-you-too-long-chords-81841",
      "file_path": null,
      "metadata": {}
    },
    "799528": {
      "id": "799528",
      "title": "My Girl",
      "type": "CRD",
      "url": "https://tabs.ultimate-guitar.com/tab/otis-redding/my-girl-chords-799528",
      "file_path": null,
      "metadata": {}
    },
    "142361": {
      "id": "142361",
      "title": "Ive Got Dreams To Remember",
      "type": "CRD",
      "url": "https://tabs.ultimate-guitar.com/tab/otis-redding/ive-got-dreams-to-remember-chords-142361",
      "file_path": null,
      "metadata": {}
    },
    "688552": {
      "id": "688552",
      "title": "Thats How Strong My Love Is",
      "type": "CRD",
      "url": "https://tabs.ultimate-guitar.com/tab/otis-redding/thats-how-strong-my-love-is-chords-688552",
      "file_path": null,
      "metadata": {}
    },
    "81834": {
      "id": "81834",
      "title": "Sittin On The Dock Of The Bay",
      "type": "TAB",
      "url": "https://tabs.ultimate-guitar.com/tab/otis-redding/sittin-on-the-dock-of-the-bay-tabs-81834",
      "file_path": null,
      "metadata": {}
    },
    "579637": {
      "id": "579637",
      "title": "Stand By Me",
      "type": "CRD",
      "url": "https://tabs.ultimate-guitar.com/tab/otis-redding/stand-by-me-chords-579637",
      "file_path": null,
      "metadata": {}
    },
    "620015": {
      "id": "620015",
      "title": "Cigarettes And Coffee",
      "type": "CRD",
      "url": "https://tabs.ultimate-guitar.com/tab/otis-redding/cigarettes-and-coffee-chords-620015",
      "file_path": null,
      "metadata": {}
    },
    "5809292": {
      "id": "5809292",
      "title": "Love Have Mercy",
      "type": "PWR",
      "url": "https://tabs.ultimate-guitar.com/tab/otis-redding/love-have-mercy-power-5809292",
      "file_path": null,
      "metadata": {}
    },
    "5809283": {
      "id": "5809283",
      "title": "Love Have Mercy",
      "type": "BASS",
      "url": "https://tabs.ultimate-guitar.com/tab/otis-redding/love-have-mercy-bass-5809283",
      "file_path": null,
      "metadata": {}
    },
    "5486076": {
      "id": "5486076",
      "title": "634-5789 Soulsville Usa",
      "type": "CRD",
      "url": "https://tabs.ultimate-guitar.com/tab/otis-redding/634-5789-soulsville-usa-chords-5486076",
      "file_path": null,
      "metadata": {}
    },
    "2678409": {
      "id": "2678409",
      "title": "634-5789 Soulsville Usa",
      "type": "BASS",
      "url": "https://tabs.ultimate-guitar.com/tab/otis-redding/634-5789-soulsville-usa-bass-2678409",
      "file_path": null,
      "metadata": {}
    },
    "2756322": {
      "id": "2756322",
      "title": "A Change Is Gonna Come",
      "type": "CRD",
      "url": "https://tabs.ultimate-guitar.com/tab/otis-redding/a-change-is-gonna-come-chords-2756322",
      "file_path": null,
      "metadata": {}
    },
    "3644798": {
      "id": "3644798",
      "title": "A Change Is Gonna Come",
      "type": "PWR",
      "url": "https://tabs.ultimate-guitar.com/tab/otis-redding/a-change-is-gonna-come-power-3644798",
      "file_path": null,
      "metadata": {}
    },
    "3644684": {
      "id": "3644684",
      "title": "A Change Is Gonna Come",
      "type": "BASS",
      "url": "https://tabs.ultimate-guitar.com/tab/otis-redding/a-change-is-gonna-come-bass-3644684",
      "file_path": null,
      "metadata": {}
    },
    "688555": {
      "id": "688555",
      "title": "A Fool For You",
      "type": "CRD",
      "url": "https://tabs.ultimate-guitar.com/tab/otis-redding/a-fool-for-you-chords-688555",
      "file_path": null,
      "metadata": {}
    },
    "1309929": {
      "id": "1309929",
      "title": "A Fool For You",
      "type": "UKE",
      "url": "https://tabs.ultimate-guitar.com/tab/otis-redding/a-fool-for-you-ukulele-1309929",
      "file_path": null,
      "metadata": {}
    },
    "3866396": {
      "id": "3866396",
      "title": "A Waste Of Time",
      "type": "CRD",
      "url": "https://tabs.ultimate-guitar.com/tab/otis-redding/a-waste-of-time-chords-3866396",
      "file_path": null,
      "metadata": {}
    },
    "3993787": {
      "id": "3993787",
      "title": "A Waste Of Time",
      "type": "PWR",
      "url": "https://tabs.ultimate-guitar.com/tab/otis-redding/a-waste-of-time-power-3993787",
      "file_path": null,
      "metadata": {}
    },
    "3993784": {
      "id": "3993784",
      "title": "A Waste Of Time",
      "type": "BASS",
      "url": "https://tabs.ultimate-guitar.com/tab/otis-redding/a-waste-of-time-bass-3993784",
      "file_path": null,
      "metadata": {}
    },
    "3939887": {
      "id": "3939887",
      "title": "A Woman A Lover A Friend",
      "type": "CRD",
      "url": "https://tabs.ultimate-guitar.com/tab/otis-redding/a-woman-a-lover-a-friend-chords-3939887",
      "file_path": null,
      "metadata": {}
    },
    "2031014": {
      "id": "2031014",
      "title": "Aeroplane",
      "type": "PRO",
      "url": "https://tabs.ultimate-guitar.com/tab/otis-redding/aeroplane-guitar-pro-2031014",
      "file_path": null,
      "metadata": {}
    },
    "5641809": {
      "id": "5641809",
      "title": "Any Ole Way",
      "type": "PWR",
      "url": "https://tabs.ultimate-guitar.com/tab/otis-redding/any-ole-way-power-5641809",
      "file_path": null,
      "metadata": {}
    },
    "5641806": {
      "id": "5641806",
      "title": "Any Ole Way",
      "type": "BASS",
      "url": "https://tabs.ultimate-guitar.com/tab/otis-redding/any-ole-way-bass-5641806",
      "file_path": null,
      "metadata": {}
    },
    "3805964": {
      "id": "3805964",
      "title": "Chain Gang",
      "type": "CRD",
      "url": "https://tabs.ultimate-guitar.com/tab/otis-redding/chain-gang-chords-3805964",
      "file_path": null,
      "metadata": {}
    },
    "688550": {
      "id": "688550",
      "title": "Chained And Bound",
      "type": "CRD",
      "url": "https://tabs.ultimate-guitar.com/tab/otis-redding/chained-and-bound-chords-688550",
      "file_path": null,
      "metadata": {}
    },
    "1309925": {
      "id": "1309925",
      "title": "Chained And Bound",
      "type": "UKE",
      "url": "https://tabs.ultimate-guitar.com/tab/otis-redding/chained-and-bound-ukulele-1309925",
      "file_path": null,
      "metadata": {}
    },
    "1901120": {
      "id": "1901120",
      "title": "Champagne And Wine",
      "type": "PWR",
      "url": "https://tabs.ultimate-guitar.com/tab/otis-redding/champagne-and-wine-power-1901120",
      "file_path": null,
      "metadata": {}
    },
    "3303803": {
      "id": "3303803",
      "title": "Cigarettes And Coffee",
      "type": "TAB",
      "url": "https://tabs.ultimate-guitar.com/tab/otis-redding/cigarettes-and-coffee-tabs-3303803",
      "file_path": null,
      "metadata": {}
    },
    "2959019": {
      "id": "2959019",
      "title": "Cigarettes And Coffee",
      "type": "PRO",
      "url": "https://tabs.ultimate-guitar.com/tab/otis-redding/cigarettes-and-coffee-guitar-pro-2959019",
      "file_path": null,
      "metadata": {}
    },
    "2417803": {
      "id": "2417803",
      "title": "Cigarettes And Coffee",
      "type": "BASS",
      "url": "https://tabs.ultimate-guitar.com/tab/otis-redding/cigarettes-and-coffee-bass-2417803",
      "file_path": null,
      "metadata": {}
    },
    "1304160": {
      "id": "1304160",
      "title": "Cigarettes And Coffee",
      "type": "UKE",
      "url": "https://tabs.ultimate-guitar.com/tab/otis-redding/cigarettes-and-coffee-ukulele-1304160",
      "file_path": null,
      "metadata": {}
    },
    "3779099": {
      "id": "3779099",
      "title": "Come To Me",
      "type": "CRD",
      "url": "https://tabs.ultimate-guitar.com/tab/otis-redding/come-to-me-chords-3779099",
      "file_path": null,
      "metadata": {}
    },
    "3169232": {
      "id": "3169232",
      "title": "Come To Me",
      "type": "PWR",
      "url": "https://tabs.ultimate-guitar.com/tab/otis-redding/come-to-me-power-3169232",
      "file_path": null,
      "metadata": {}
    },
    "2730183": {
      "id": "2730183",
      "title": "Come To Me",
      "type": "BASS",
      "url": "https://tabs.ultimate-guitar.com/tab/otis-redding/come-to-me-bass-2730183",
      "file_path": null,
      "metadata": {}
    },
    "4070653": {
      "id": "4070653",
      "title": "Day Tripper",
      "type": "PWR",
      "url": "https://tabs.ultimate-guitar.com/tab/otis-redding/day-tripper-power-4070653",
      "file_path": null,
      "metadata": {}
    },
    "2114227": {
      "id": "2114227",
      "title": "Day Tripper",
      "type": "BASS",
      "url": "https://tabs.ultimate-guitar.com/tab/otis-redding/day-tripper-bass-2114227",
      "file_path": null,
      "metadata": {}
    },
    "4738466": {
      "id": "4738466",
      "title": "Demonstration",
      "type": "PWR",
      "url": "https://tabs.ultimate-guitar.com/tab/otis-redding/demonstration-power-4738466",
      "file_path": null,
      "metadata": {}
    },
    "4738463": {
      "id": "4738463",
      "title": "Demonstration",
      "type": "BASS",
      "url": "https://tabs.ultimate-guitar.com/tab/otis-redding/demonstration-bass-4738463",
      "file_path": null,
      "metadata": {}
    },
    "3802493": {
      "id": "3802493",
      "title": "Direct Me",
      "type": "CRD",
      "url": "https://tabs.ultimate-guitar.com/tab/otis-redding/direct-me-chords-3802493",
      "file_path": null,
      "metadata": {}
    },
    "1936449": {
      "id": "1936449",
      "title": "Dont Be Afraid Of Love",
      "type": "CRD",
      "url": "https://tabs.ultimate-guitar.com/tab/otis-redding/dont-be-afraid-of-love-chords-1936449",
      "file_path": null,
      "metadata": {}
    },
    "3800999": {
      "id": "3800999",
      "title": "Dont Mess With Cupid",
      "type": "CRD",
      "url": "https://tabs.ultimate-guitar.com/tab/otis-redding/dont-mess-with-cupid-chords-3800999",
      "file_path": null,
      "metadata": {}
    },
    "3801014": {
      "id": "3801014",
      "title": "Dont Mess With Cupid  Intro",
      "type": "TAB",
      "url": "https://tabs.ultimate-guitar.com/tab/otis-redding/dont-mess-with-cupid-tabs-3801014",
      "file_path": null,
      "metadata": {}
    },
    "688548": {
      "id": "688548",
      "title": "Down In The Valley",
      "type": "CRD",
      "url": "https://tabs.ultimate-guitar.com/tab/otis-redding/down-in-the-valley-chords-688548",
      "file_path": null,
      "metadata": {}
    },
    "1309923": {
      "id": "1309923",
      "title": "Down In The Valley",
      "type": "UKE",
      "url": "https://tabs.ultimate-guitar.com/tab/otis-redding/down-in-the-valley-ukulele-1309923",
      "file_path": null,
      "metadata": {}
    },
    "3174494": {
      "id": "3174494",
      "title": "Everybody Makes A Mistake",
      "type": "CRD",
      "url": "https://tabs.ultimate-guitar.com/tab/otis-redding/everybody-makes-a-mistake-chords-3174494",
      "file_path": null,
      "metadata": {}
    },
    "2814185": {
      "id": "2814185",
      "title": "Everybody Makes A Mistake",
      "type": "BASS",
      "url": "https://tabs.ultimate-guitar.com/tab/otis-redding/everybody-makes-a-mistake-bass-2814185",
      "file_path": null,
      "metadata": {}
    },
    "1746526": {
      "id": "1746526",
      "title": "Fa Fa Fa Fa Fa Sad Song",
      "type": "TAB",
      "url": "https://tabs.ultimate-guitar.com/tab/otis-redding/fa-fa-fa-fa-fa-sad-song-tabs-1746526",
      "file_path": null,
      "metadata": {}
    },
    "1746524": {
      "id": "1746524",
      "title": "Fa Fa Fa Fa Fa Sad Song",
      "type": "PWR",
      "url": "https://tabs.ultimate-guitar.com/tab/otis-redding/fa-fa-fa-fa-fa-sad-song-power-1746524",
      "file_path": null,
      "metadata": {}
    },
    "1746527": {
      "id": "1746527",
      "title": "Fa Fa Fa Fa Fa Sad Song",
      "type": "BASS",
      "url": "https://tabs.ultimate-guitar.com/tab/otis-redding/fa-fa-fa-fa-fa-sad-song-bass-1746527",
      "file_path": null,
      "metadata": {}
    },
    "516257": {
      "id": "516257",
      "title": "For Your Precious Love",
      "type": "CRD",
      "url": "https://tabs.ultimate-guitar.com/tab/otis-redding/for-your-precious-love-chords-516257",
      "file_path": null,
      "metadata": {}
    },
    "1235387": {
      "id": "1235387",
      "title": "For Your Precious Love (ver 2)",
      "type": "CRD",
      "url": "https://tabs.ultimate-guitar.com/tab/otis-redding/for-your-precious-love-chords-1235387",
      "file_path": null,
      "metadata": {}
    },
    "2370287": {
      "id": "2370287",
      "title": "For Your Precious Love",
      "type": "BASS",
      "url": "https://tabs.ultimate-guitar.com/tab/otis-redding/for-your-precious-love-bass-2370287",
      "file_path": null,
      "metadata": {}
    },
    "1294777": {
      "id": "1294777",
      "title": "For Your Precious Love",
      "type": "UKE",
      "url": "https://tabs.ultimate-guitar.com/tab/otis-redding/for-your-precious-love-ukulele-1294777",
      "file_path": null,
      "metadata": {}
    },
    "2756349": {
      "id": "2756349",
      "title": "Free Me",
      "type": "CRD",
      "url": "https://tabs.ultimate-guitar.com/tab/otis-redding/free-me-chords-2756349",
      "file_path": null,
      "metadata": {}
    },
    "4156273": {
      "id": "4156273",
      "title": "Free Me",
      "type": "PWR",
      "url": "https://tabs.ultimate-guitar.com/tab/otis-redding/free-me-power-4156273",
      "file_path": null,
      "metadata": {}
    },
    "2843084": {
      "id": "2843084",
      "title": "Free Me",
      "type": "BASS",
      "url": "https://tabs.ultimate-guitar.com/tab/otis-redding/free-me-bass-2843084",
      "file_path": null,
      "metadata": {}
    },
    "3526535": {
      "id": "3526535",
      "title": "Good To Me",
      "type": "CRD",
      "url": "https://tabs.ultimate-guitar.com/tab/otis-redding/good-to-me-chords-3526535",
      "file_path": null,
      "metadata": {}
    },
    "1134743": {
      "id": "1134743",
      "title": "Good To Me",
      "type": "TAB",
      "url": "https://tabs.ultimate-guitar.com/tab/otis-redding/good-to-me-tabs-1134743",
      "file_path": null,
      "metadata": {}
    },
    "3531038": {
      "id": "3531038",
      "title": "Good To Me",
      "type": "PWR",
      "url": "https://tabs.ultimate-guitar.com/tab/otis-redding/good-to-me-power-3531038",
      "file_path": null,
      "metadata": {}
    },
    "3531020": {
      "id": "3531020",
      "title": "Good To Me",
      "type": "BASS",
      "url": "https://tabs.ultimate-guitar.com/tab/otis-redding/good-to-me-bass-3531020",
      "file_path": null,
      "metadata": {}
    },
    "688553": {
      "id": "688553",
      "title": "Happy Song",
      "type": "CRD",
      "url": "https://tabs.ultimate-guitar.com/tab/otis-redding/happy-song-chords-688553",
      "file_path": null,
      "metadata": {}
    },
    "357774": {
      "id": "357774",
      "title": "Happy Song",
      "type": "TAB",
      "url": "https://tabs.ultimate-guitar.com/tab/otis-redding/happy-song-tabs-357774",
      "file_path": null,
      "metadata": {}
    },
    "1309928": {
      "id": "1309928",
      "title": "Happy Song",
      "type": "UKE",
      "url": "https://tabs.ultimate-guitar.com/tab/otis-redding/happy-song-ukulele-1309928",
      "file_path": null,
      "metadata": {}
    },
    "1723056": {
      "id": "1723056",
      "title": "Hard To Handle",
      "type": "TAB",
      "url": "https://tabs.ultimate-guitar.com/tab/otis-redding/hard-to-handle-tabs-1723056",
      "file_path": null,
      "metadata": {}
    },
    "229702": {
      "id": "229702",
      "title": "Hard To Handle",
      "type": "PRO",
      "url": "https://tabs.ultimate-guitar.com/tab/otis-redding/hard-to-handle-guitar-pro-229702",
      "file_path": null,
      "metadata": {}
    },
    "1105944": {
      "id": "1105944",
      "title": "Hard To Handle",
      "type": "PWR",
      "url": "https://tabs.ultimate-guitar.com/tab/otis-redding/hard-to-handle-power-1105944",
      "file_path": null,
      "metadata": {}
    },
    "845045": {
      "id": "845045",
      "title": "Hard To Handle",
      "type": "BASS",
      "url": "https://tabs.ultimate-guitar.com/tab/otis-redding/hard-to-handle-bass-845045",
      "file_path": null,
      "metadata": {}
    },
    "1190283": {
      "id": "1190283",
      "title": "Hard To Handle (ver 2)",
      "type": "BASS",
      "url": "https://tabs.ultimate-guitar.com/tab/otis-redding/hard-to-handle-bass-1190283",
      "file_path": null,
      "metadata": {}
    },
    "1502581": {
      "id": "1502581",
      "title": "Hard To Handle (ver 3)",
      "type": "BASS",
      "url": "https://tabs.ultimate-guitar.com/tab/otis-redding/hard-to-handle-bass-1502581",
      "file_path": null,
      "metadata": {}
    },
    "1284551": {
      "id": "1284551",
      "title": "Hard To Handle",
      "type": "UKE",
      "url": "https://tabs.ultimate-guitar.com/tab/otis-redding/hard-to-handle-ukulele-1284551",
      "file_path": null,
      "metadata": {}
    },
    "3304862": {
      "id": "3304862",
      "title": "Hey Hey Baby",
      "type": "CRD",
      "url": "https://tabs.ultimate-guitar.com/tab/otis-redding/hey-hey-baby-chords-3304862",
      "file_path": null,
      "metadata": {}
    },
    "1724441": {
      "id": "1724441",
      "title": "Hey Hey Baby",
      "type": "BASS",
      "url": "https://tabs.ultimate-guitar.com/tab/otis-redding/hey-hey-baby-bass-1724441",
      "file_path": null,
      "metadata": {}
    },
    "2449693": {
      "id": "2449693",
      "title": "Hey Hey Baby (ver 2)",
      "type": "BASS",
      "url": "https://tabs.ultimate-guitar.com/tab/otis-redding/hey-hey-baby-bass-2449693",
      "file_path": null,
      "metadata": {}
    },
    "269007": {
      "id": "269007",
      "title": "Higher And Higher",
      "type": "CRD",
      "url": "https://tabs.ultimate-guitar.com/tab/otis-redding/higher-and-higher-chords-269007",
      "file_path": null,
      "metadata": {}
    },
    "1279193": {
      "id": "1279193",
      "title": "Higher And Higher",
      "type": "UKE",
      "url": "https://tabs.ultimate-guitar.com/tab/otis-redding/higher-and-higher-ukulele-1279193",
      "file_path": null,
      "metadata": {}
    },
    "3779141": {
      "id": "3779141",
      "title": "Home In Your Heart",
      "type": "CRD",
      "url": "https://tabs.ultimate-guitar.com/tab/otis-redding/home-in-your-heart-chords-3779141",
      "file_path": null,
      "metadata": {}
    },
    "2372951": {
      "id": "2372951",
      "title": "Home In Your Heart",
      "type": "BASS",
      "url": "https://tabs.ultimate-guitar.com/tab/otis-redding/home-in-your-heart-bass-2372951",
      "file_path": null,
      "metadata": {}
    },
    "937950": {
      "id": "937950",
      "title": "I Can See Clearly Now",
      "type": "CRD",
      "url": "https://tabs.ultimate-guitar.com/tab/otis-redding/i-can-see-clearly-now-chords-937950",
      "file_path": null,
      "metadata": {}
    },
    "1316336": {
      "id": "1316336",
      "title": "I Can See Clearly Now",
      "type": "UKE",
      "url": "https://tabs.ultimate-guitar.com/tab/otis-redding/i-can-see-clearly-now-ukulele-1316336",
      "file_path": null,
      "metadata": {}
    },
    "3362510": {
      "id": "3362510",
      "title": "I Cant Get No Satisfaction",
      "type": "CRD",
      "url": "https://tabs.ultimate-guitar.com/tab/otis-redding/i-cant-get-no-satisfaction-chords-3362510",
      "file_path": null,
      "metadata": {}
    },
    "2395497": {
      "id": "2395497",
      "title": "I Cant Turn You Loose",
      "type": "CRD",
      "url": "https://tabs.ultimate-guitar.com/tab/otis-redding/i-cant-turn-you-loose-chords-2395497",
      "file_path": null,
      "metadata": {}
    },
    "229704": {
      "id": "229704",
      "title": "I Cant Turn You Loose",
      "type": "PRO",
      "url": "https://tabs.ultimate-guitar.com/tab/otis-redding/i-cant-turn-you-loose-guitar-pro-229704",
      "file_path": null,
      "metadata": {}
    },
    "308808": {
      "id": "308808",
      "title": "I Cant Turn You Loose",
      "type": "PWR",
      "url": "https://tabs.ultimate-guitar.com/tab/otis-redding/i-cant-turn-you-loose-power-308808",
      "file_path": null,
      "metadata": {}
    },
    "2420933": {
      "id": "2420933",
      "title": "I Cant Turn You Loose (ver 2)",
      "type": "PWR",
      "url": "https://tabs.ultimate-guitar.com/tab/otis-redding/i-cant-turn-you-loose-power-2420933",
      "file_path": null,
      "metadata": {}
    },
    "811279": {
      "id": "811279",
      "title": "I Cant Turn You Loose",
      "type": "BASS",
      "url": "https://tabs.ultimate-guitar.com/tab/otis-redding/i-cant-turn-you-loose-bass-811279",
      "file_path": null,
      "metadata": {}
    },
    "2420939": {
      "id": "2420939",
      "title": "I Cant Turn You Loose (ver 2)",
      "type": "BASS",
      "url": "https://tabs.ultimate-guitar.com/tab/otis-redding/i-cant-turn-you-loose-bass-2420939",
      "file_path": null,
      "metadata": {}
    },
    "4004464": {
      "id": "4004464",
      "title": "I Got The Will",
      "type": "CRD",
      "url": "https://tabs.ultimate-guitar.com/tab/otis-redding/i-got-the-will-chords-4004464",
      "file_path": null,
      "metadata": {}
    },
    "3778802": {
      "id": "3778802",
      "title": "I Got The Will",
      "type": "PWR",
      "url": "https://tabs.ultimate-guitar.com/tab/otis-redding/i-got-the-will-power-3778802",
      "file_path": null,
      "metadata": {}
    },
    "3720170": {
      "id": "3720170",
      "title": "I Got The Will",
      "type": "BASS",
      "url": "https://tabs.ultimate-guitar.com/tab/otis-redding/i-got-the-will-bass-3720170",
      "file_path": null,
      "metadata": {}
    },
    "923363": {
      "id": "923363",
      "title": "I Love You More Than Words Can Say",
      "type": "CRD",
      "url": "https://tabs.ultimate-guitar.com/tab/otis-redding/i-love-you-more-than-words-can-say-chords-923363",
      "file_path": null,
      "metadata": {}
    },
    "3588119": {
      "id": "3588119",
      "title": "I Love You More Than Words Can Say",
      "type": "PWR",
      "url": "https://tabs.ultimate-guitar.com/tab/otis-redding/i-love-you-more-than-words-can-say-power-3588119",
      "file_path": null,
      "metadata": {}
    },
    "3588101": {
      "id": "3588101",
      "title": "I Love You More Than Words Can Say",
      "type": "BASS",
      "url": "https://tabs.ultimate-guitar.com/tab/otis-redding/i-love-you-more-than-words-can-say-bass-3588101",
      "file_path": null,
      "metadata": {}
    },
    "1297807": {
      "id": "1297807",
      "title": "I Love You More Than Words Can Say",
      "type": "UKE",
      "url": "https://tabs.ultimate-guitar.com/tab/otis-redding/i-love-you-more-than-words-can-say-ukulele-1297807",
      "file_path": null,
      "metadata": {}
    },
    "3815183": {
      "id": "3815183",
      "title": "I Need Your Lovin",
      "type": "PWR",
      "url": "https://tabs.ultimate-guitar.com/tab/otis-redding/i-need-your-lovin-power-3815183",
      "file_path": null,
      "metadata": {}
    },
    "3815180": {
      "id": "3815180",
      "title": "I Need Your Lovin",
      "type": "BASS",
      "url": "https://tabs.ultimate-guitar.com/tab/otis-redding/i-need-your-lovin-bass-3815180",
      "file_path": null,
      "metadata": {}
    },
    "5485941": {
      "id": "5485941",
      "title": "I Want To Thank You",
      "type": "CRD",
      "url": "https://tabs.ultimate-guitar.com/tab/otis-redding/i-want-to-thank-you-chords-5485941",
      "file_path": null,
      "metadata": {}
    },
    "3588071": {
      "id": "3588071",
      "title": "Im Coming Home",
      "type": "CRD",
      "url": "https://tabs.ultimate-guitar.com/tab/otis-redding/im-coming-home-chords-3588071",
      "file_path": null,
      "metadata": {}
    },
    "3824399": {
      "id": "3824399",
      "title": "Im Coming Home",
      "type": "PWR",
      "url": "https://tabs.ultimate-guitar.com/tab/otis-redding/im-coming-home-power-3824399",
      "file_path": null,
      "metadata": {}
    },
    "3824396": {
      "id": "3824396",
      "title": "Im Coming Home",
      "type": "BASS",
      "url": "https://tabs.ultimate-guitar.com/tab/otis-redding/im-coming-home-bass-3824396",
      "file_path": null,
      "metadata": {}
    },
    "3656177": {
      "id": "3656177",
      "title": "Im Depending On You",
      "type": "CRD",
      "url": "https://tabs.ultimate-guitar.com/tab/otis-redding/im-depending-on-you-chords-3656177",
      "file_path": null,
      "metadata": {}
    },
    "2473222": {
      "id": "2473222",
      "title": "Im Sick Yall",
      "type": "BASS",
      "url": "https://tabs.ultimate-guitar.com/tab/otis-redding/im-sick-yall-bass-2473222",
      "file_path": null,
      "metadata": {}
    },
    "4710551": {
      "id": "4710551",
      "title": "It Takes Two",
      "type": "PWR",
      "url": "https://tabs.ultimate-guitar.com/tab/otis-redding/it-takes-two-power-4710551",
      "file_path": null,
      "metadata": {}
    },
    "4710548": {
      "id": "4710548",
      "title": "It Takes Two",
      "type": "BASS",
      "url": "https://tabs.ultimate-guitar.com/tab/otis-redding/it-takes-two-bass-4710548",
      "file_path": null,
      "metadata": {}
    },
    "2473356": {
      "id": "2473356",
      "title": "Its Growing",
      "type": "BASS",
      "url": "https://tabs.ultimate-guitar.com/tab/otis-redding/its-growing-bass-2473356",
      "file_path": null,
      "metadata": {}
    },
    "2757375": {
      "id": "2757375",
      "title": "Its Too Late",
      "type": "CRD",
      "url": "https://tabs.ultimate-guitar.com/tab/otis-redding/its-too-late-chords-2757375",
      "file_path": null,
      "metadata": {}
    },
    "1493720": {
      "id": "1493720",
      "title": "Ive Been Loving You Too Long (ver 2)",
      "type": "CRD",
      "url": "https://tabs.ultimate-guitar.com/tab/otis-redding/ive-been-loving-you-too-long-chords-1493720",
      "file_path": null,
      "metadata": {}
    },
    "196274": {
      "id": "196274",
      "title": "Ive Been Loving You Too Long",
      "type": "TAB",
      "url": "https://tabs.ultimate-guitar.com/tab/otis-redding/ive-been-loving-you-too-long-tabs-196274",
      "file_path": null,
      "metadata": {}
    },
    "2680113": {
      "id": "2680113",
      "title": "Ive Been Loving You Too Long (ver 2)",
      "type": "TAB",
      "url": "https://tabs.ultimate-guitar.com/tab/otis-redding/ive-been-loving-you-too-long-tabs-2680113",
      "file_path": null,
      "metadata": {}
    },
    "229703": {
      "id": "229703",
      "title": "Ive Been Loving You Too Long",
      "type": "PRO",
      "url": "https://tabs.ultimate-guitar.com/tab/otis-redding/ive-been-loving-you-too-long-guitar-pro-229703",
      "file_path": null,
      "metadata": {}
    },
    "2247393": {
      "id": "2247393",
      "title": "Ive Been Loving You Too Long (ver 2)",
      "type": "PRO",
      "url": "https://tabs.ultimate-guitar.com/tab/otis-redding/ive-been-loving-you-too-long-guitar-pro-2247393",
      "file_path": null,
      "metadata": {}
    },
    "308809": {
      "id": "308809",
      "title": "Ive Been Loving You Too Long",
      "type": "PWR",
      "url": "https://tabs.ultimate-guitar.com/tab/otis-redding/ive-been-loving-you-too-long-power-308809",
      "file_path": null,
      "metadata": {}
    },
    "2680071": {
      "id": "2680071",
      "title": "Ive Been Loving You Too Long (ver 2)",
      "type": "PWR",
      "url": "https://tabs.ultimate-guitar.com/tab/otis-redding/ive-been-loving-you-too-long-power-2680071",
      "file_path": null,
      "metadata": {}
    },
    "2680086": {
      "id": "2680086",
      "title": "Ive Been Loving You Too Long",
      "type": "BASS",
      "url": "https://tabs.ultimate-guitar.com/tab/otis-redding/ive-been-loving-you-too-long-bass-2680086",
      "file_path": null,
      "metadata": {}
    },
    "1267210": {
      "id": "1267210",
      "title": "Ive Been Loving You Too Long",
      "type": "UKE",
      "url": "https://tabs.ultimate-guitar.com/tab/otis-redding/ive-been-loving-you-too-long-ukulele-1267210",
      "file_path": null,
      "metadata": {}
    },
    "815814": {
      "id": "815814",
      "title": "Ive Got Dreams To Remember (ver 2)",
      "type": "CRD",
      "url": "https://tabs.ultimate-guitar.com/tab/otis-redding/ive-got-dreams-to-remember-chords-815814",
      "file_path": null,
      "metadata": {}
    },
    "2148679": {
      "id": "2148679",
      "title": "Ive Got Dreams To Remember (ver 3)",
      "type": "CRD",
      "url": "https://tabs.ultimate-guitar.com/tab/otis-redding/ive-got-dreams-to-remember-chords-2148679",
      "file_path": null,
      "metadata": {}
    },
    "1723057": {
      "id": "1723057",
      "title": "Ive Got Dreams To Remember",
      "type": "TAB",
      "url": "https://tabs.ultimate-guitar.com/tab/otis-redding/ive-got-dreams-to-remember-tabs-1723057",
      "file_path": null,
      "metadata": {}
    },
    "1186932": {
      "id": "1186932",
      "title": "Ive Got Dreams To Remember",
      "type": "PWR",
      "url": "https://tabs.ultimate-guitar.com/tab/otis-redding/ive-got-dreams-to-remember-power-1186932",
      "file_path": null,
      "metadata": {}
    },
    "1501989": {
      "id": "1501989",
      "title": "Ive Got Dreams To Remember",
      "type": "BASS",
      "url": "https://tabs.ultimate-guitar.com/tab/otis-redding/ive-got-dreams-to-remember-bass-1501989",
      "file_path": null,
      "metadata": {}
    },
    "1273643": {
      "id": "1273643",
      "title": "Ive Got Dreams To Remember",
      "type": "UKE",
      "url": "https://tabs.ultimate-guitar.com/tab/otis-redding/ive-got-dreams-to-remember-ukulele-1273643",
      "file_path": null,
      "metadata": {}
    },
    "5712200": {
      "id": "5712200",
      "title": "Johnnys Heartbreak",
      "type": "PWR",
      "url": "https://tabs.ultimate-guitar.com/tab/otis-redding/johnnys-heartbreak-power-5712200",
      "file_path": null,
      "metadata": {}
    },
    "5712197": {
      "id": "5712197",
      "title": "Johnnys Heartbreak",
      "type": "BASS",
      "url": "https://tabs.ultimate-guitar.com/tab/otis-redding/johnnys-heartbreak-bass-5712197",
      "file_path": null,
      "metadata": {}
    },
    "4117798": {
      "id": "4117798",
      "title": "Just One More Day",
      "type": "PWR",
      "url": "https://tabs.ultimate-guitar.com/tab/otis-redding/just-one-more-day-power-4117798",
      "file_path": null,
      "metadata": {}
    },
    "2453408": {
      "id": "2453408",
      "title": "Just One More Day",
      "type": "BASS",
      "url": "https://tabs.ultimate-guitar.com/tab/otis-redding/just-one-more-day-bass-2453408",
      "file_path": null,
      "metadata": {}
    },
    "5485956": {
      "id": "5485956",
      "title": "Keep Your Arms Around Me",
      "type": "CRD",
      "url": "https://tabs.ultimate-guitar.com/tab/otis-redding/keep-your-arms-around-me-chords-5485956",
      "file_path": null,
      "metadata": {}
    },
    "5419500": {
      "id": "5419500",
      "title": "Keep Your Arms Around Me",
      "type": "PWR",
      "url": "https://tabs.ultimate-guitar.com/tab/otis-redding/keep-your-arms-around-me-power-5419500",
      "file_path": null,
      "metadata": {}
    },
    "5419497": {
      "id": "5419497",
      "title": "Keep Your Arms Around Me",
      "type": "BASS",
      "url": "https://tabs.ultimate-guitar.com/tab/otis-redding/keep-your-arms-around-me-bass-5419497",
      "file_path": null,
      "metadata": {}
    },
    "795681": {
      "id": "795681",
      "title": "Knock On Wood",
      "type": "BASS",
      "url": "https://tabs.ultimate-guitar.com/tab/otis-redding/knock-on-wood-bass-795681",
      "file_path": null,
      "metadata": {}
    },
    "1242569": {
      "id": "1242569",
      "title": "Knock On Wood (ver 2)",
      "type": "BASS",
      "url": "https://tabs.ultimate-guitar.com/tab/otis-redding/knock-on-wood-bass-1242569",
      "file_path": null,
      "metadata": {}
    },
    "3411641": {
      "id": "3411641",
      "title": "Let Me Come On Home",
      "type": "CRD",
      "url": "https://tabs.ultimate-guitar.com/tab/otis-redding/let-me-come-on-home-chords-3411641",
      "file_path": null,
      "metadata": {}
    },
    "3588116": {
      "id": "3588116",
      "title": "Let Me Come On Home",
      "type": "PWR",
      "url": "https://tabs.ultimate-guitar.com/tab/otis-redding/let-me-come-on-home-power-3588116",
      "file_path": null,
      "metadata": {}
    },
    "3588083": {
      "id": "3588083",
      "title": "Let Me Come On Home",
      "type": "BASS",
      "url": "https://tabs.ultimate-guitar.com/tab/otis-redding/let-me-come-on-home-bass-3588083",
      "file_path": null,
      "metadata": {}
    },
    "1198199": {
      "id": "1198199",
      "title": "Look At That Girl",
      "type": "CRD",
      "url": "https://tabs.ultimate-guitar.com/tab/otis-redding/look-at-that-girl-chords-1198199",
      "file_path": null,
      "metadata": {}
    },
    "1383999": {
      "id": "1383999",
      "title": "Look At That Girl",
      "type": "UKE",
      "url": "https://tabs.ultimate-guitar.com/tab/otis-redding/look-at-that-girl-ukulele-1383999",
      "file_path": null,
      "metadata": {}
    },
    "7404": {
      "id": "7404",
      "title": "Louie Louie",
      "type": "CRD",
      "url": "https://tabs.ultimate-guitar.com/tab/otis-redding/louie-louie-chords-7404",
      "file_path": null,
      "metadata": {}
    },
    "4021090": {
      "id": "4021090",
      "title": "Louie Louie",
      "type": "PWR",
      "url": "https://tabs.ultimate-guitar.com/tab/otis-redding/louie-louie-power-4021090",
      "file_path": null,
      "metadata": {}
    },
    "2489109": {
      "id": "2489109",
      "title": "Louie Louie",
      "type": "BASS",
      "url": "https://tabs.ultimate-guitar.com/tab/otis-redding/louie-louie-bass-2489109",
      "file_path": null,
      "metadata": {}
    },
    "1256452": {
      "id": "1256452",
      "title": "Louie Louie",
      "type": "UKE",
      "url": "https://tabs.ultimate-guitar.com/tab/otis-redding/louie-louie-ukulele-1256452",
      "file_path": null,
      "metadata": {}
    },
    "3749945": {
      "id": "3749945",
      "title": "Love Have Mercy",
      "type": "CRD",
      "url": "https://tabs.ultimate-guitar.com/tab/otis-redding/love-have-mercy-chords-3749945",
      "file_path": null,
      "metadata": {}
    },
    "688547": {
      "id": "688547",
      "title": "Love Man",
      "type": "CRD",
      "url": "https://tabs.ultimate-guitar.com/tab/otis-redding/love-man-chords-688547",
      "file_path": null,
      "metadata": {}
    },
    "1304518": {
      "id": "1304518",
      "title": "Love Man",
      "type": "UKE",
      "url": "https://tabs.ultimate-guitar.com/tab/otis-redding/love-man-ukulele-1304518",
      "file_path": null,
      "metadata": {}
    },
    "3815171": {
      "id": "3815171",
      "title": "Lovey Dovey",
      "type": "PWR",
      "url": "https://tabs.ultimate-guitar.com/tab/otis-redding/lovey-dovey-power-3815171",
      "file_path": null,
      "metadata": {}
    },
    "3815165": {
      "id": "3815165",
      "title": "Lovey Dovey",
      "type": "BASS",
      "url": "https://tabs.ultimate-guitar.com/tab/otis-redding/lovey-dovey-bass-3815165",
      "file_path": null,
      "metadata": {}
    },
    "3749936": {
      "id": "3749936",
      "title": "Lucille",
      "type": "CRD",
      "url": "https://tabs.ultimate-guitar.com/tab/otis-redding/lucille-chords-3749936",
      "file_path": null,
      "metadata": {}
    },
    "1724411": {
      "id": "1724411",
      "title": "Lucille",
      "type": "BASS",
      "url": "https://tabs.ultimate-guitar.com/tab/otis-redding/lucille-bass-1724411",
      "file_path": null,
      "metadata": {}
    },
    "5579400": {
      "id": "5579400",
      "title": "Marys Little Lamb",
      "type": "CRD",
      "url": "https://tabs.ultimate-guitar.com/tab/otis-redding/marys-little-lamb-chords-5579400",
      "file_path": null,
      "metadata": {}
    },
    "1690098": {
      "id": "1690098",
      "title": "Merry Christmas Baby",
      "type": "CRD",
      "url": "https://tabs.ultimate-guitar.com/tab/otis-redding/merry-christmas-baby-chords-1690098",
      "file_path": null,
      "metadata": {}
    },
    "688551": {
      "id": "688551",
      "title": "Mr Pitiful",
      "type": "CRD",
      "url": "https://tabs.ultimate-guitar.com/tab/otis-redding/mr-pitiful-chords-688551",
      "file_path": null,
      "metadata": {}
    },
    "1723058": {
      "id": "1723058",
      "title": "Mr Pitiful",
      "type": "TAB",
      "url": "https://tabs.ultimate-guitar.com/tab/otis-redding/mr-pitiful-tabs-1723058",
      "file_path": null,
      "metadata": {}
    },
    "1041273": {
      "id": "1041273",
      "title": "Mr Pitiful",
      "type": "PWR",
      "url": "https://tabs.ultimate-guitar.com/tab/otis-redding/mr-pitiful-power-1041273",
      "file_path": null,
      "metadata": {}
    },
    "1501990": {
      "id": "1501990",
      "title": "Mr Pitiful",
      "type": "BASS",
      "url": "https://tabs.ultimate-guitar.com/tab/otis-redding/mr-pitiful-bass-1501990",
      "file_path": null,
      "metadata": {}
    },
    "2448037": {
      "id": "2448037",
      "title": "Mr Pitiful (ver 2)",
      "type": "BASS",
      "url": "https://tabs.ultimate-guitar.com/tab/otis-redding/mr-pitiful-bass-2448037",
      "file_path": null,
      "metadata": {}
    },
    "1309926": {
      "id": "1309926",
      "title": "Mr Pitiful",
      "type": "UKE",
      "url": "https://tabs.ultimate-guitar.com/tab/otis-redding/mr-pitiful-ukulele-1309926",
      "file_path": null,
      "metadata": {}
    },
    "803978": {
      "id": "803978",
      "title": "My Girl",
      "type": "TAB",
      "url": "https://tabs.ultimate-guitar.com/tab/otis-redding/my-girl-tabs-803978",
      "file_path": null,
      "metadata": {}
    },
    "4782698": {
      "id": "4782698",
      "title": "My Girl (ver 2)",
      "type": "TAB",
      "url": "https://tabs.ultimate-guitar.com/tab/otis-redding/my-girl-tabs-4782698",
      "file_path": null,
      "metadata": {}
    },
    "989810": {
      "id": "989810",
      "title": "My Girl  Intro",
      "type": "PRO",
      "url": "https://tabs.ultimate-guitar.com/tab/otis-redding/my-girl-guitar-pro-989810",
      "file_path": null,
      "metadata": {}
    },
    "4782704": {
      "id": "4782704",
      "title": "My Girl",
      "type": "PWR",
      "url": "https://tabs.ultimate-guitar.com/tab/otis-redding/my-girl-power-4782704",
      "file_path": null,
      "metadata": {}
    },
    "1986941": {
      "id": "1986941",
      "title": "My Girl",
      "type": "BASS",
      "url": "https://tabs.ultimate-guitar.com/tab/otis-redding/my-girl-bass-1986941",
      "file_path": null,
      "metadata": {}
    },
    "4782701": {
      "id": "4782701",
      "title": "My Girl (ver 2)",
      "type": "BASS",
      "url": "https://tabs.ultimate-guitar.com/tab/otis-redding/my-girl-bass-4782701",
      "file_path": null,
      "metadata": {}
    },
    "1319870": {
      "id": "1319870",
      "title": "My Girl",
      "type": "UKE",
      "url": "https://tabs.ultimate-guitar.com/tab/otis-redding/my-girl-ukulele-1319870",
      "file_path": null,
      "metadata": {}
    },
    "5294643": {
      "id": "5294643",
      "title": "My Lovers Prayer",
      "type": "CRD",
      "url": "https://tabs.ultimate-guitar.com/tab/otis-redding/my-lovers-prayer-chords-5294643",
      "file_path": null,
      "metadata": {}
    },
    "1479600": {
      "id": "1479600",
      "title": "My Lovers Prayer",
      "type": "PWR",
      "url": "https://tabs.ultimate-guitar.com/tab/otis-redding/my-lovers-prayer-power-1479600",
      "file_path": null,
      "metadata": {}
    },
    "3100040": {
      "id": "3100040",
      "title": "My Lovers Prayer",
      "type": "BASS",
      "url": "https://tabs.ultimate-guitar.com/tab/otis-redding/my-lovers-prayer-bass-3100040",
      "file_path": null,
      "metadata": {}
    },
    "2267977": {
      "id": "2267977",
      "title": "New Years Resolution",
      "type": "CRD",
      "url": "https://tabs.ultimate-guitar.com/tab/otis-redding/new-years-resolution-chords-2267977",
      "file_path": null,
      "metadata": {}
    },
    "3720206": {
      "id": "3720206",
      "title": "Nobody Knows You When Youre Down And Out",
      "type": "PWR",
      "url": "https://tabs.ultimate-guitar.com/tab/otis-redding/nobody-knows-you-when-youre-down-and-out-power-3720206",
      "file_path": null,
      "metadata": {}
    },
    "3709103": {
      "id": "3709103",
      "title": "Nobody Knows You When Youre Down And Out",
      "type": "BASS",
      "url": "https://tabs.ultimate-guitar.com/tab/otis-redding/nobody-knows-you-when-youre-down-and-out-bass-3709103",
      "file_path": null,
      "metadata": {}
    },
    "3411644": {
      "id": "3411644",
      "title": "Ole Man Trouble",
      "type": "CRD",
      "url": "https://tabs.ultimate-guitar.com/tab/otis-redding/ole-man-trouble-chords-3411644",
      "file_path": null,
      "metadata": {}
    },
    "1723059": {
      "id": "1723059",
      "title": "Ole Man Trouble",
      "type": "TAB",
      "url": "https://tabs.ultimate-guitar.com/tab/otis-redding/ole-man-trouble-tabs-1723059",
      "file_path": null,
      "metadata": {}
    },
    "1479538": {
      "id": "1479538",
      "title": "Ole Man Trouble",
      "type": "PWR",
      "url": "https://tabs.ultimate-guitar.com/tab/otis-redding/ole-man-trouble-power-1479538",
      "file_path": null,
      "metadata": {}
    },
    "1501991": {
      "id": "1501991",
      "title": "Ole Man Trouble",
      "type": "BASS",
      "url": "https://tabs.ultimate-guitar.com/tab/otis-redding/ole-man-trouble-bass-1501991",
      "file_path": null,
      "metadata": {}
    },
    "1936489": {
      "id": "1936489",
      "title": "Open The Door",
      "type": "CRD",
      "url": "https://tabs.ultimate-guitar.com/tab/otis-redding/open-the-door-chords-1936489",
      "file_path": null,
      "metadata": {}
    },
    "688542": {
      "id": "688542",
      "title": "Pain In My Heart",
      "type": "CRD",
      "url": "https://tabs.ultimate-guitar.com/tab/otis-redding/pain-in-my-heart-chords-688542",
      "file_path": null,
      "metadata": {}
    },
    "1723060": {
      "id": "1723060",
      "title": "Pain In My Heart (ver 2)",
      "type": "CRD",
      "url": "https://tabs.ultimate-guitar.com/tab/otis-redding/pain-in-my-heart-chords-1723060",
      "file_path": null,
      "metadata": {}
    },
    "1723061": {
      "id": "1723061",
      "title": "Pain In My Heart",
      "type": "TAB",
      "url": "https://tabs.ultimate-guitar.com/tab/otis-redding/pain-in-my-heart-tabs-1723061",
      "file_path": null,
      "metadata": {}
    },
    "1468372": {
      "id": "1468372",
      "title": "Pain In My Heart",
      "type": "PWR",
      "url": "https://tabs.ultimate-guitar.com/tab/otis-redding/pain-in-my-heart-power-1468372",
      "file_path": null,
      "metadata": {}
    },
    "1501992": {
      "id": "1501992",
      "title": "Pain In My Heart",
      "type": "BASS",
      "url": "https://tabs.ultimate-guitar.com/tab/otis-redding/pain-in-my-heart-bass-1501992",
      "file_path": null,
      "metadata": {}
    },
    "1309919": {
      "id": "1309919",
      "title": "Pain In My Heart",
      "type": "UKE",
      "url": "https://tabs.ultimate-guitar.com/tab/otis-redding/pain-in-my-heart-ukulele-1309919",
      "file_path": null,
      "metadata": {}
    },
    "1933679": {
      "id": "1933679",
      "title": "Remember Me",
      "type": "CRD",
      "url": "https://tabs.ultimate-guitar.com/tab/otis-redding/remember-me-chords-1933679",
      "file_path": null,
      "metadata": {}
    },
    "561866": {
      "id": "561866",
      "title": "Respect",
      "type": "CRD",
      "url": "https://tabs.ultimate-guitar.com/tab/otis-redding/respect-chords-561866",
      "file_path": null,
      "metadata": {}
    },
    "805028": {
      "id": "805028",
      "title": "Respect (ver 2)",
      "type": "CRD",
      "url": "https://tabs.ultimate-guitar.com/tab/otis-redding/respect-chords-805028",
      "file_path": null,
      "metadata": {}
    },
    "1851762": {
      "id": "1851762",
      "title": "Respect",
      "type": "TAB",
      "url": "https://tabs.ultimate-guitar.com/tab/otis-redding/respect-tabs-1851762",
      "file_path": null,
      "metadata": {}
    },
    "1851760": {
      "id": "1851760",
      "title": "Respect",
      "type": "PWR",
      "url": "https://tabs.ultimate-guitar.com/tab/otis-redding/respect-power-1851760",
      "file_path": null,
      "metadata": {}
    },
    "1768974": {
      "id": "1768974",
      "title": "Respect",
      "type": "BASS",
      "url": "https://tabs.ultimate-guitar.com/tab/otis-redding/respect-bass-1768974",
      "file_path": null,
      "metadata": {}
    },
    "1851763": {
      "id": "1851763",
      "title": "Respect (ver 2)",
      "type": "BASS",
      "url": "https://tabs.ultimate-guitar.com/tab/otis-redding/respect-bass-1851763",
      "file_path": null,
      "metadata": {}
    },
    "1299653": {
      "id": "1299653",
      "title": "Respect",
      "type": "UKE",
      "url": "https://tabs.ultimate-guitar.com/tab/otis-redding/respect-ukulele-1299653",
      "file_path": null,
      "metadata": {}
    },
    "4956160": {
      "id": "4956160",
      "title": "Rock Me Baby",
      "type": "CRD",
      "url": "https://tabs.ultimate-guitar.com/tab/otis-redding/rock-me-baby-chords-4956160",
      "file_path": null,
      "metadata": {}
    },
    "2393639": {
      "id": "2393639",
      "title": "Rock Me Baby",
      "type": "BASS",
      "url": "https://tabs.ultimate-guitar.com/tab/otis-redding/rock-me-baby-bass-2393639",
      "file_path": null,
      "metadata": {}
    },
    "688544": {
      "id": "688544",
      "title": "Sad Song Fa Fa Fa Fa Fa",
      "type": "CRD",
      "url": "https://tabs.ultimate-guitar.com/tab/otis-redding/sad-song-fa-fa-fa-fa-fa-chords-688544",
      "file_path": null,
      "metadata": {}
    },
    "1723062": {
      "id": "1723062",
      "title": "Sad Song Fa Fa Fa Fa Fa",
      "type": "TAB",
      "url": "https://tabs.ultimate-guitar.com/tab/otis-redding/sad-song-fa-fa-fa-fa-fa-tabs-1723062",
      "file_path": null,
      "metadata": {}
    },
    "1102842": {
      "id": "1102842",
      "title": "Sad Song Fa Fa Fa Fa Fa",
      "type": "PWR",
      "url": "https://tabs.ultimate-guitar.com/tab/otis-redding/sad-song-fa-fa-fa-fa-fa-power-1102842",
      "file_path": null,
      "metadata": {}
    },
    "1501993": {
      "id": "1501993",
      "title": "Sad Song Fa Fa Fa Fa Fa",
      "type": "BASS",
      "url": "https://tabs.ultimate-guitar.com/tab/otis-redding/sad-song-fa-fa-fa-fa-fa-bass-1501993",
      "file_path": null,
      "metadata": {}
    },
    "1309921": {
      "id": "1309921",
      "title": "Sad Song Fa Fa Fa Fa Fa",
      "type": "UKE",
      "url": "https://tabs.ultimate-guitar.com/tab/otis-redding/sad-song-fa-fa-fa-fa-fa-ukulele-1309921",
      "file_path": null,
      "metadata": {}
    },
    "5486001": {
      "id": "5486001",
      "title": "Satisfaction",
      "type": "CRD",
      "url": "https://tabs.ultimate-guitar.com/tab/otis-redding/satisfaction-chords-5486001",
      "file_path": null,
      "metadata": {}
    },
    "1850643": {
      "id": "1850643",
      "title": "Satisfaction",
      "type": "PWR",
      "url": "https://tabs.ultimate-guitar.com/tab/otis-redding/satisfaction-power-1850643",
      "file_path": null,
      "metadata": {}
    },
    "1850644": {
      "id": "1850644",
      "title": "Satisfaction",
      "type": "BASS",
      "url": "https://tabs.ultimate-guitar.com/tab/otis-redding/satisfaction-bass-1850644",
      "file_path": null,
      "metadata": {}
    },
    "3099935": {
      "id": "3099935",
      "title": "Scratch My Back",
      "type": "CRD",
      "url": "https://tabs.ultimate-guitar.com/tab/otis-redding/scratch-my-back-chords-3099935",
      "file_path": null,
      "metadata": {}
    },
    "2326287": {
      "id": "2326287",
      "title": "Scratch My Back",
      "type": "BASS",
      "url": "https://tabs.ultimate-guitar.com/tab/otis-redding/scratch-my-back-bass-2326287",
      "file_path": null,
      "metadata": {}
    },
    "688543": {
      "id": "688543",
      "title": "Security",
      "type": "CRD",
      "url": "https://tabs.ultimate-guitar.com/tab/otis-redding/security-chords-688543",
      "file_path": null,
      "metadata": {}
    },
    "4201654": {
      "id": "4201654",
      "title": "Security",
      "type": "PWR",
      "url": "https://tabs.ultimate-guitar.com/tab/otis-redding/security-power-4201654",
      "file_path": null,
      "metadata": {}
    },
    "4201651": {
      "id": "4201651",
      "title": "Security",
      "type": "BASS",
      "url": "https://tabs.ultimate-guitar.com/tab/otis-redding/security-bass-4201651",
      "file_path": null,
      "metadata": {}
    },
    "1309920": {
      "id": "1309920",
      "title": "Security",
      "type": "UKE",
      "url": "https://tabs.ultimate-guitar.com/tab/otis-redding/security-ukulele-1309920",
      "file_path": null,
      "metadata": {}
    },
    "1936457": {
      "id": "1936457",
      "title": "Send Me Some Lovin",
      "type": "CRD",
      "url": "https://tabs.ultimate-guitar.com/tab/otis-redding/send-me-some-lovin-chords-1936457",
      "file_path": null,
      "metadata": {}
    },
    "517396": {
      "id": "517396",
      "title": "Shake",
      "type": "CRD",
      "url": "https://tabs.ultimate-guitar.com/tab/otis-redding/shake-chords-517396",
      "file_path": null,
      "metadata": {}
    },
    "1851514": {
      "id": "1851514",
      "title": "Shake",
      "type": "TAB",
      "url": "https://tabs.ultimate-guitar.com/tab/otis-redding/shake-tabs-1851514",
      "file_path": null,
      "metadata": {}
    },
    "1851513": {
      "id": "1851513",
      "title": "Shake",
      "type": "PWR",
      "url": "https://tabs.ultimate-guitar.com/tab/otis-redding/shake-power-1851513",
      "file_path": null,
      "metadata": {}
    },
    "1851516": {
      "id": "1851516",
      "title": "Shake",
      "type": "BASS",
      "url": "https://tabs.ultimate-guitar.com/tab/otis-redding/shake-bass-1851516",
      "file_path": null,
      "metadata": {}
    },
    "1294865": {
      "id": "1294865",
      "title": "Shake",
      "type": "UKE",
      "url": "https://tabs.ultimate-guitar.com/tab/otis-redding/shake-ukulele-1294865",
      "file_path": null,
      "metadata": {}
    },
    "5486133": {
      "id": "5486133",
      "title": "She Put The Hurt On Me",
      "type": "CRD",
      "url": "https://tabs.ultimate-guitar.com/tab/otis-redding/she-put-the-hurt-on-me-chords-5486133",
      "file_path": null,
      "metadata": {}
    },
    "2678997": {
      "id": "2678997",
      "title": "She Put The Hurt On Me",
      "type": "BASS",
      "url": "https://tabs.ultimate-guitar.com/tab/otis-redding/she-put-the-hurt-on-me-bass-2678997",
      "file_path": null,
      "metadata": {}
    },
    "1936475": {
      "id": "1936475",
      "title": "Shes All Right",
      "type": "CRD",
      "url": "https://tabs.ultimate-guitar.com/tab/otis-redding/shes-all-right-chords-1936475",
      "file_path": null,
      "metadata": {}
    },
    "3778988": {
      "id": "3778988",
      "title": "Shout Bamalama",
      "type": "CRD",
      "url": "https://tabs.ultimate-guitar.com/tab/otis-redding/shout-bamalama-chords-3778988",
      "file_path": null,
      "metadata": {}
    },
    "81840": {
      "id": "81840",
      "title": "Sittin On The Dock Of The Bay",
      "type": "CRD",
      "url": "https://tabs.ultimate-guitar.com/tab/otis-redding/sittin-on-the-dock-of-the-bay-chords-81840",
      "file_path": null,
      "metadata": {}
    },
    "81842": {
      "id": "81842",
      "title": "Sittin On The Dock Of The Bay (ver 2)",
      "type": "CRD",
      "url": "https://tabs.ultimate-guitar.com/tab/otis-redding/sittin-on-the-dock-of-the-bay-chords-81842",
      "file_path": null,
      "metadata": {}
    },
    "841274": {
      "id": "841274",
      "title": "Sittin On The Dock Of The Bay (ver 3)",
      "type": "CRD",
      "url": "https://tabs.ultimate-guitar.com/tab/otis-redding/sittin-on-the-dock-of-the-bay-chords-841274",
      "file_path": null,
      "metadata": {}
    },
    "842719": {
      "id": "842719",
      "title": "Sittin On The Dock Of The Bay (ver 4)",
      "type": "CRD",
      "url": "https://tabs.ultimate-guitar.com/tab/otis-redding/sittin-on-the-dock-of-the-bay-chords-842719",
      "file_path": null,
      "metadata": {}
    },
    "854629": {
      "id": "854629",
      "title": "Sittin On The Dock Of The Bay (ver 5)",
      "type": "CRD",
      "url": "https://tabs.ultimate-guitar.com/tab/otis-redding/sittin-on-the-dock-of-the-bay-chords-854629",
      "file_path": null,
      "metadata": {}
    },
    "1088518": {
      "id": "1088518",
      "title": "Sittin On The Dock Of The Bay (ver 6)",
      "type": "CRD",
      "url": "https://tabs.ultimate-guitar.com/tab/otis-redding/sittin-on-the-dock-of-the-bay-chords-1088518",
      "file_path": null,
      "metadata": {}
    },
    "1417010": {
      "id": "1417010",
      "title": "Sittin On The Dock Of The Bay (ver 7)",
      "type": "CRD",
      "url": "https://tabs.ultimate-guitar.com/tab/otis-redding/sittin-on-the-dock-of-the-bay-chords-1417010",
      "file_path": null,
      "metadata": {}
    },
    "1724429": {
      "id": "1724429",
      "title": "Sittin On The Dock Of The Bay (ver 8)",
      "type": "CRD",
      "url": "https://tabs.ultimate-guitar.com/tab/otis-redding/sittin-on-the-dock-of-the-bay-chords-1724429",
      "file_path": null,
      "metadata": {}
    },
    "1904023": {
      "id": "1904023",
      "title": "Sittin On The Dock Of The Bay (ver 9)",
      "type": "CRD",
      "url": "https://tabs.ultimate-guitar.com/tab/otis-redding/sittin-on-the-dock-of-the-bay-chords-1904023",
      "file_path": null,
      "metadata": {}
    },
    "1408005": {
      "id": "1408005",
      "title": "Sittin On The Dock Of The Bay",
      "type": "CRD",
      "url": "https://tabs.ultimate-guitar.com/tab/otis-redding/sittin-on-the-dock-of-the-bay-chords-1408005",
      "file_path": null,
      "metadata": {}
    },
    "1511408": {
      "id": "1511408",
      "title": "Sittin On The Dock Of The Bay (ver 2)",
      "type": "CRD",
      "url": "https://tabs.ultimate-guitar.com/tab/otis-redding/sittin-on-the-dock-of-the-bay-chords-1511408",
      "file_path": null,
      "metadata": {}
    },
    "3730874": {
      "id": "3730874",
      "title": "Sittin On The Dock Of The Bay  Solo",
      "type": "TAB",
      "url": "https://tabs.ultimate-guitar.com/tab/otis-redding/sittin-on-the-dock-of-the-bay-tabs-3730874",
      "file_path": null,
      "metadata": {}
    },
    "5111263": {
      "id": "5111263",
      "title": "Sittin On The Dock Of The Bay  Intro",
      "type": "TAB",
      "url": "https://tabs.ultimate-guitar.com/tab/otis-redding/sittin-on-the-dock-of-the-bay-tabs-5111263",
      "file_path": null,
      "metadata": {}
    },
    "154515": {
      "id": "154515",
      "title": "Sittin On The Dock Of The Bay (ver 2)",
      "type": "TAB",
      "url": "https://tabs.ultimate-guitar.com/tab/otis-redding/sittin-on-the-dock-of-the-bay-tabs-154515",
      "file_path": null,
      "metadata": {}
    },
    "826909": {
      "id": "826909",
      "title": "Sittin On The Dock Of The Bay (ver 3)",
      "type": "TAB",
      "url": "https://tabs.ultimate-guitar.com/tab/otis-redding/sittin-on-the-dock-of-the-bay-tabs-826909",
      "file_path": null,
      "metadata": {}
    },
    "1723063": {
      "id": "1723063",
      "title": "Sittin On The Dock Of The Bay (ver 4)",
      "type": "TAB",
      "url": "https://tabs.ultimate-guitar.com/tab/otis-redding/sittin-on-the-dock-of-the-bay-tabs-1723063",
      "file_path": null,
      "metadata": {}
    },
    "1946419": {
      "id": "1946419",
      "title": "Sittin On The Dock Of The Bay (ver 5)",
      "type": "TAB",
      "url": "https://tabs.ultimate-guitar.com/tab/otis-redding/sittin-on-the-dock-of-the-bay-tabs-1946419",
      "file_path": null,
      "metadata": {}
    },
    "2077045": {
      "id": "2077045",
      "title": "Sittin On The Dock Of The Bay (ver 6)",
      "type": "TAB",
      "url": "https://tabs.ultimate-guitar.com/tab/otis-redding/sittin-on-the-dock-of-the-bay-tabs-2077045",
      "file_path": null,
      "metadata": {}
    },
    "2291833": {
      "id": "2291833",
      "title": "Sittin On The Dock Of The Bay (ver 7)",
      "type": "TAB",
      "url": "https://tabs.ultimate-guitar.com/tab/otis-redding/sittin-on-the-dock-of-the-bay-tabs-2291833",
      "file_path": null,
      "metadata": {}
    },
    "229701": {
      "id": "229701",
      "title": "Sittin On The Dock Of The Bay",
      "type": "PRO",
      "url": "https://tabs.ultimate-guitar.com/tab/otis-redding/sittin-on-the-dock-of-the-bay-guitar-pro-229701",
      "file_path": null,
      "metadata": {}
    },
    "229705": {
      "id": "229705",
      "title": "Sittin On The Dock Of The Bay (ver 2)",
      "type": "PRO",
      "url": "https://tabs.ultimate-guitar.com/tab/otis-redding/sittin-on-the-dock-of-the-bay-guitar-pro-229705",
      "file_path": null,
      "metadata": {}
    },
    "1643881": {
      "id": "1643881",
      "title": "Sittin On The Dock Of The Bay (ver 3)",
      "type": "PRO",
      "url": "https://tabs.ultimate-guitar.com/tab/otis-redding/sittin-on-the-dock-of-the-bay-guitar-pro-1643881",
      "file_path": null,
      "metadata": {}
    },
    "308810": {
      "id": "308810",
      "title": "Sittin On The Dock Of The Bay",
      "type": "PWR",
      "url": "https://tabs.ultimate-guitar.com/tab/otis-redding/sittin-on-the-dock-of-the-bay-power-308810",
      "file_path": null,
      "metadata": {}
    },
    "308811": {
      "id": "308811",
      "title": "Sittin On The Dock Of The Bay (ver 2)",
      "type": "PWR",
      "url": "https://tabs.ultimate-guitar.com/tab/otis-redding/sittin-on-the-dock-of-the-bay-power-308811",
      "file_path": null,
      "metadata": {}
    },
    "3416": {
      "id": "3416",
      "title": "Sittin On The Dock Of The Bay",
      "type": "BASS",
      "url": "https://tabs.ultimate-guitar.com/tab/otis-redding/sittin-on-the-dock-of-the-bay-bass-3416",
      "file_path": null,
      "metadata": {}
    },
    "338851": {
      "id": "338851",
      "title": "Sittin On The Dock Of The Bay (ver 2)",
      "type": "BASS",
      "url": "https://tabs.ultimate-guitar.com/tab/otis-redding/sittin-on-the-dock-of-the-bay-bass-338851",
      "file_path": null,
      "metadata": {}
    },
    "998108": {
      "id": "998108",
      "title": "Sittin On The Dock Of The Bay (ver 3)",
      "type": "BASS",
      "url": "https://tabs.ultimate-guitar.com/tab/otis-redding/sittin-on-the-dock-of-the-bay-bass-998108",
      "file_path": null,
      "metadata": {}
    },
    "1000456": {
      "id": "1000456",
      "title": "Sittin On The Dock Of The Bay (ver 4)",
      "type": "BASS",
      "url": "https://tabs.ultimate-guitar.com/tab/otis-redding/sittin-on-the-dock-of-the-bay-bass-1000456",
      "file_path": null,
      "metadata": {}
    },
    "1177253": {
      "id": "1177253",
      "title": "Sittin On The Dock Of The Bay (ver 5)",
      "type": "BASS",
      "url": "https://tabs.ultimate-guitar.com/tab/otis-redding/sittin-on-the-dock-of-the-bay-bass-1177253",
      "file_path": null,
      "metadata": {}
    },
    "1667023": {
      "id": "1667023",
      "title": "Sittin On The Dock Of The Bay (ver 6)",
      "type": "BASS",
      "url": "https://tabs.ultimate-guitar.com/tab/otis-redding/sittin-on-the-dock-of-the-bay-bass-1667023",
      "file_path": null,
      "metadata": {}
    },
    "1752847": {
      "id": "1752847",
      "title": "Sittin On The Dock Of The Bay (ver 7)",
      "type": "BASS",
      "url": "https://tabs.ultimate-guitar.com/tab/otis-redding/sittin-on-the-dock-of-the-bay-bass-1752847",
      "file_path": null,
      "metadata": {}
    },
    "906657": {
      "id": "906657",
      "title": "Sittin On The Dock Of The Bay",
      "type": "VID",
      "url": "https://tabs.ultimate-guitar.com/tab/otis-redding/sittin-on-the-dock-of-the-bay-video-906657",
      "file_path": null,
      "metadata": {}
    },
    "1520776": {
      "id": "1520776",
      "title": "Sittin On The Dock Of The Bay (ver 2)",
      "type": "VID",
      "url": "https://tabs.ultimate-guitar.com/tab/otis-redding/sittin-on-the-dock-of-the-bay-video-1520776",
      "file_path": null,
      "metadata": {}
    },
    "4708067": {
      "id": "4708067",
      "title": "Sittin On The Dock Of The Bay (ver 3)",
      "type": "VID",
      "url": "https://tabs.ultimate-guitar.com/tab/otis-redding/sittin-on-the-dock-of-the-bay-video-4708067",
      "file_path": null,
      "metadata": {}
    },
    "1267209": {
      "id": "1267209",
      "title": "Sittin On The Dock Of The Bay",
      "type": "UKE",
      "url": "https://tabs.ultimate-guitar.com/tab/otis-redding/sittin-on-the-dock-of-the-bay-ukulele-1267209",
      "file_path": null,
      "metadata": {}
    },
    "1362499": {
      "id": "1362499",
      "title": "Sittin On The Dock Of The Bay (ver 2)",
      "type": "UKE",
      "url": "https://tabs.ultimate-guitar.com/tab/otis-redding/sittin-on-the-dock-of-the-bay-ukulele-1362499",
      "file_path": null,
      "metadata": {}
    },
    "2189283": {
      "id": "2189283",
      "title": "Sittin On The Dock Of The Bay (ver 3)",
      "type": "UKE",
      "url": "https://tabs.ultimate-guitar.com/tab/otis-redding/sittin-on-the-dock-of-the-bay-ukulele-2189283",
      "file_path": null,
      "metadata": {}
    },
    "2189285": {
      "id": "2189285",
      "title": "Sittin On The Dock Of The Bay (ver 4)",
      "type": "UKE",
      "url": "https://tabs.ultimate-guitar.com/tab/otis-redding/sittin-on-the-dock-of-the-bay-ukulele-2189285",
      "file_path": null,
      "metadata": {}
    },
    "3612110": {
      "id": "3612110",
      "title": "Snatch A Little Piece",
      "type": "PWR",
      "url": "https://tabs.ultimate-guitar.com/tab/otis-redding/snatch-a-little-piece-power-3612110",
      "file_path": null,
      "metadata": {}
    },
    "3611117": {
      "id": "3611117",
      "title": "Snatch A Little Piece",
      "type": "BASS",
      "url": "https://tabs.ultimate-guitar.com/tab/otis-redding/snatch-a-little-piece-bass-3611117",
      "file_path": null,
      "metadata": {}
    },
    "1701863": {
      "id": "1701863",
      "title": "Stand By Me",
      "type": "BASS",
      "url": "https://tabs.ultimate-guitar.com/tab/otis-redding/stand-by-me-bass-1701863",
      "file_path": null,
      "metadata": {}
    },
    "1300128": {
      "id": "1300128",
      "title": "Stand By Me",
      "type": "UKE",
      "url": "https://tabs.ultimate-guitar.com/tab/otis-redding/stand-by-me-ukulele-1300128",
      "file_path": null,
      "metadata": {}
    },
    "1933477": {
      "id": "1933477",
      "title": "Stay In School",
      "type": "CRD",
      "url": "https://tabs.ultimate-guitar.com/tab/otis-redding/stay-in-school-chords-1933477",
      "file_path": null,
      "metadata": {}
    },
    "3677669": {
      "id": "3677669",
      "title": "Swingin On A String",
      "type": "CRD",
      "url": "https://tabs.ultimate-guitar.com/tab/otis-redding/swingin-on-a-string-chords-3677669",
      "file_path": null,
      "metadata": {}
    },
    "3677855": {
      "id": "3677855",
      "title": "Swingin On A String",
      "type": "PWR",
      "url": "https://tabs.ultimate-guitar.com/tab/otis-redding/swingin-on-a-string-power-3677855",
      "file_path": null,
      "metadata": {}
    },
    "3677672": {
      "id": "3677672",
      "title": "Swingin On A String",
      "type": "BASS",
      "url": "https://tabs.ultimate-guitar.com/tab/otis-redding/swingin-on-a-string-bass-3677672",
      "file_path": null,
      "metadata": {}
    },
    "4021042": {
      "id": "4021042",
      "title": "Tennessee Waltz",
      "type": "CRD",
      "url": "https://tabs.ultimate-guitar.com/tab/otis-redding/tennessee-waltz-chords-4021042",
      "file_path": null,
      "metadata": {}
    },
    "4021039": {
      "id": "4021039",
      "title": "Tennessee Waltz",
      "type": "PWR",
      "url": "https://tabs.ultimate-guitar.com/tab/otis-redding/tennessee-waltz-power-4021039",
      "file_path": null,
      "metadata": {}
    },
    "4021036": {
      "id": "4021036",
      "title": "Tennessee Waltz",
      "type": "BASS",
      "url": "https://tabs.ultimate-guitar.com/tab/otis-redding/tennessee-waltz-bass-4021036",
      "file_path": null,
      "metadata": {}
    },
    "1851312": {
      "id": "1851312",
      "title": "Thats How Strong My Love Is",
      "type": "PWR",
      "url": "https://tabs.ultimate-guitar.com/tab/otis-redding/thats-how-strong-my-love-is-power-1851312",
      "file_path": null,
      "metadata": {}
    },
    "1851314": {
      "id": "1851314",
      "title": "Thats How Strong My Love Is",
      "type": "BASS",
      "url": "https://tabs.ultimate-guitar.com/tab/otis-redding/thats-how-strong-my-love-is-bass-1851314",
      "file_path": null,
      "metadata": {}
    },
    "1309927": {
      "id": "1309927",
      "title": "Thats How Strong My Love Is",
      "type": "UKE",
      "url": "https://tabs.ultimate-guitar.com/tab/otis-redding/thats-how-strong-my-love-is-ukulele-1309927",
      "file_path": null,
      "metadata": {}
    },
    "1486318": {
      "id": "1486318",
      "title": "Thats What My Heart Needs",
      "type": "CRD",
      "url": "https://tabs.ultimate-guitar.com/tab/otis-redding/thats-what-my-heart-needs-chords-1486318",
      "file_path": null,
      "metadata": {}
    },
    "5449491": {
      "id": "5449491",
      "title": "The Dog",
      "type": "CRD",
      "url": "https://tabs.ultimate-guitar.com/tab/otis-redding/the-dog-chords-5449491",
      "file_path": null,
      "metadata": {}
    },
    "1901119": {
      "id": "1901119",
      "title": "The Glory Of Love",
      "type": "PWR",
      "url": "https://tabs.ultimate-guitar.com/tab/otis-redding/the-glory-of-love-power-1901119",
      "file_path": null,
      "metadata": {}
    },
    "2325551": {
      "id": "2325551",
      "title": "The Huckle-Buck",
      "type": "BASS",
      "url": "https://tabs.ultimate-guitar.com/tab/otis-redding/the-huckle-buck-bass-2325551",
      "file_path": null,
      "metadata": {}
    },
    "1936143": {
      "id": "1936143",
      "title": "There Goes My Baby",
      "type": "CRD",
      "url": "https://tabs.ultimate-guitar.com/tab/otis-redding/there-goes-my-baby-chords-1936143",
      "file_path": null,
      "metadata": {}
    },
    "1054295": {
      "id": "1054295",
      "title": "These Arms Of Mine (ver 2)",
      "type": "CRD",
      "url": "https://tabs.ultimate-guitar.com/tab/otis-redding/these-arms-of-mine-chords-1054295",
      "file_path": null,
      "metadata": {}
    },
    "1746610": {
      "id": "1746610",
      "title": "These Arms Of Mine (ver 3)",
      "type": "CRD",
      "url": "https://tabs.ultimate-guitar.com/tab/otis-redding/these-arms-of-mine-chords-1746610",
      "file_path": null,
      "metadata": {}
    },
    "2996981": {
      "id": "2996981",
      "title": "These Arms Of Mine",
      "type": "PRO",
      "url": "https://tabs.ultimate-guitar.com/tab/otis-redding/these-arms-of-mine-guitar-pro-2996981",
      "file_path": null,
      "metadata": {}
    },
    "1197350": {
      "id": "1197350",
      "title": "These Arms Of Mine",
      "type": "BASS",
      "url": "https://tabs.ultimate-guitar.com/tab/otis-redding/these-arms-of-mine-bass-1197350",
      "file_path": null,
      "metadata": {}
    },
    "1355844": {
      "id": "1355844",
      "title": "These Arms Of Mine",
      "type": "UKE",
      "url": "https://tabs.ultimate-guitar.com/tab/otis-redding/these-arms-of-mine-ukulele-1355844",
      "file_path": null,
      "metadata": {}
    },
    "1959409": {
      "id": "1959409",
      "title": "Think About It",
      "type": "CRD",
      "url": "https://tabs.ultimate-guitar.com/tab/otis-redding/think-about-it-chords-1959409",
      "file_path": null,
      "metadata": {}
    },
    "3677879": {
      "id": "3677879",
      "title": "Thousand Miles Away",
      "type": "PWR",
      "url": "https://tabs.ultimate-guitar.com/tab/otis-redding/thousand-miles-away-power-3677879",
      "file_path": null,
      "metadata": {}
    },
    "3677681": {
      "id": "3677681",
      "title": "Thousand Miles Away",
      "type": "BASS",
      "url": "https://tabs.ultimate-guitar.com/tab/otis-redding/thousand-miles-away-bass-3677681",
      "file_path": null,
      "metadata": {}
    },
    "3553805": {
      "id": "3553805",
      "title": "Ton Of Joy",
      "type": "CRD",
      "url": "https://tabs.ultimate-guitar.com/tab/otis-redding/ton-of-joy-chords-3553805",
      "file_path": null,
      "metadata": {}
    },
    "2739252": {
      "id": "2739252",
      "title": "Ton Of Joy",
      "type": "BASS",
      "url": "https://tabs.ultimate-guitar.com/tab/otis-redding/ton-of-joy-bass-2739252",
      "file_path": null,
      "metadata": {}
    },
    "688546": {
      "id": "688546",
      "title": "Tramp",
      "type": "CRD",
      "url": "https://tabs.ultimate-guitar.com/tab/otis-redding/tramp-chords-688546",
      "file_path": null,
      "metadata": {}
    },
    "2503887": {
      "id": "2503887",
      "title": "Tramp",
      "type": "TAB",
      "url": "https://tabs.ultimate-guitar.com/tab/otis-redding/tramp-tabs-2503887",
      "file_path": null,
      "metadata": {}
    },
    "2503869": {
      "id": "2503869",
      "title": "Tramp",
      "type": "PWR",
      "url": "https://tabs.ultimate-guitar.com/tab/otis-redding/tramp-power-2503869",
      "file_path": null,
      "metadata": {}
    },
    "2503881": {
      "id": "2503881",
      "title": "Tramp",
      "type": "BASS",
      "url": "https://tabs.ultimate-guitar.com/tab/otis-redding/tramp-bass-2503881",
      "file_path": null,
      "metadata": {}
    },
    "1309922": {
      "id": "1309922",
      "title": "Tramp",
      "type": "UKE",
      "url": "https://tabs.ultimate-guitar.com/tab/otis-redding/tramp-ukulele-1309922",
      "file_path": null,
      "metadata": {}
    },
    "5486025": {
      "id": "5486025",
      "title": "Treat Her Right",
      "type": "CRD",
      "url": "https://tabs.ultimate-guitar.com/tab/otis-redding/treat-her-right-chords-5486025",
      "file_path": null,
      "metadata": {}
    },
    "1934877": {
      "id": "1934877",
      "title": "Trick Or Treat",
      "type": "CRD",
      "url": "https://tabs.ultimate-guitar.com/tab/otis-redding/trick-or-treat-chords-1934877",
      "file_path": null,
      "metadata": {}
    },
    "81838": {
      "id": "81838",
      "title": "Try A Little Tenderness",
      "type": "CRD",
      "url": "https://tabs.ultimate-guitar.com/tab/otis-redding/try-a-little-tenderness-chords-81838",
      "file_path": null,
      "metadata": {}
    },
    "777664": {
      "id": "777664",
      "title": "Try A Little Tenderness (ver 2)",
      "type": "CRD",
      "url": "https://tabs.ultimate-guitar.com/tab/otis-redding/try-a-little-tenderness-chords-777664",
      "file_path": null,
      "metadata": {}
    },
    "1080781": {
      "id": "1080781",
      "title": "Try A Little Tenderness (ver 3)",
      "type": "CRD",
      "url": "https://tabs.ultimate-guitar.com/tab/otis-redding/try-a-little-tenderness-chords-1080781",
      "file_path": null,
      "metadata": {}
    },
    "3476828": {
      "id": "3476828",
      "title": "Try A Little Tenderness (ver 4)",
      "type": "CRD",
      "url": "https://tabs.ultimate-guitar.com/tab/otis-redding/try-a-little-tenderness-chords-3476828",
      "file_path": null,
      "metadata": {}
    },
    "407115": {
      "id": "407115",
      "title": "Try A Little Tenderness",
      "type": "TAB",
      "url": "https://tabs.ultimate-guitar.com/tab/otis-redding/try-a-little-tenderness-tabs-407115",
      "file_path": null,
      "metadata": {}
    },
    "229706": {
      "id": "229706",
      "title": "Try A Little Tenderness",
      "type": "PRO",
      "url": "https://tabs.ultimate-guitar.com/tab/otis-redding/try-a-little-tenderness-guitar-pro-229706",
      "file_path": null,
      "metadata": {}
    },
    "2433007": {
      "id": "2433007",
      "title": "Try A Little Tenderness (ver 2)",
      "type": "PRO",
      "url": "https://tabs.ultimate-guitar.com/tab/otis-redding/try-a-little-tenderness-guitar-pro-2433007",
      "file_path": null,
      "metadata": {}
    },
    "3415": {
      "id": "3415",
      "title": "Try A Little Tenderness",
      "type": "BASS",
      "url": "https://tabs.ultimate-guitar.com/tab/otis-redding/try-a-little-tenderness-bass-3415",
      "file_path": null,
      "metadata": {}
    },
    "1491112": {
      "id": "1491112",
      "title": "Try A Little Tenderness (ver 2)",
      "type": "BASS",
      "url": "https://tabs.ultimate-guitar.com/tab/otis-redding/try-a-little-tenderness-bass-1491112",
      "file_path": null,
      "metadata": {}
    },
    "1360506": {
      "id": "1360506",
      "title": "Try A Little Tenderness",
      "type": "UKE",
      "url": "https://tabs.ultimate-guitar.com/tab/otis-redding/try-a-little-tenderness-ukulele-1360506",
      "file_path": null,
      "metadata": {}
    },
    "4570997": {
      "id": "4570997",
      "title": "White Christmas",
      "type": "CRD",
      "url": "https://tabs.ultimate-guitar.com/tab/otis-redding/white-christmas-chords-4570997",
      "file_path": null,
      "metadata": {}
    },
    "5485992": {
      "id": "5485992",
      "title": "Wonderful World",
      "type": "CRD",
      "url": "https://tabs.ultimate-guitar.com/tab/otis-redding/wonderful-world-chords-5485992",
      "file_path": null,
      "metadata": {}
    },
    "688549": {
      "id": "688549",
      "title": "You Dont Miss Your Water",
      "type": "CRD",
      "url": "https://tabs.ultimate-guitar.com/tab/otis-redding/you-dont-miss-your-water-chords-688549",
      "file_path": null,
      "metadata": {}
    },
    "3542669": {
      "id": "3542669",
      "title": "You Dont Miss Your Water",
      "type": "PWR",
      "url": "https://tabs.ultimate-guitar.com/tab/otis-redding/you-dont-miss-your-water-power-3542669",
      "file_path": null,
      "metadata": {}
    },
    "3542654": {
      "id": "3542654",
      "title": "You Dont Miss Your Water",
      "type": "BASS",
      "url": "https://tabs.ultimate-guitar.com/tab/otis-redding/you-dont-miss-your-water-bass-3542654",
      "file_path": null,
      "metadata": {}
    },
    "1309924": {
      "id": "1309924",
      "title": "You Dont Miss Your Water",
      "type": "UKE",
      "url": "https://tabs.ultimate-guitar.com/tab/otis-redding/you-dont-miss-your-water-ukulele-1309924",
      "file_path": null,
      "metadata": {}
    },
    "1935117": {
      "id": "1935117",
      "title": "You Got Good Lovin",
      "type": "CRD",
      "url": "https://tabs.ultimate-guitar.com/tab/otis-redding/you-got-good-lovin-chords-1935117",
      "file_path": null,
      "metadata": {}
    },
    "935059": {
      "id": "935059",
      "title": "You Left The Water Running",
      "type": "CRD",
      "url": "https://tabs.ultimate-guitar.com/tab/otis-redding/you-left-the-water-running-chords-935059",
      "file_path": null,
      "metadata": {}
    },
    "1336404": {
      "id": "1336404",
      "title": "You Left The Water Running",
      "type": "UKE",
      "url": "https://tabs.ultimate-guitar.com/tab/otis-redding/you-left-the-water-running-ukulele-1336404",
      "file_path": null,
      "metadata": {}
    },
    "2326179": {
      "id": "2326179",
      "title": "You Made A Man Out Of Me",
      "type": "BASS",
      "url": "https://tabs.ultimate-guitar.com/tab/otis-redding/you-made-a-man-out-of-me-bass-2326179",
      "file_path": null,
      "metadata": {}
    },
    "3677750": {
      "id": "3677750",
      "title": "You Send Me",
      "type": "PWR",
      "url": "https://tabs.ultimate-guitar.com/tab/otis-redding/you-send-me-power-3677750",
      "file_path": null,
      "metadata": {}
    },
    "2559417": {
      "id": "2559417",
      "title": "You Send Me",
      "type": "BASS",
      "url": "https://tabs.ultimate-guitar.com/tab/otis-redding/you-send-me-bass-2559417",
      "file_path": null,
      "metadata": {}
    },
    "3102905": {
      "id": "3102905",
      "title": "Your Feeling Is Mine",
      "type": "CRD",
      "url": "https://tabs.ultimate-guitar.com/tab/otis-redding/your-feeling-is-mine-chords-3102905",
      "file_path": null,
      "metadata": {}
    },
    "3773525": {
      "id": "3773525",
      "title": "Your One And Only Man",
      "type": "CRD",
      "url": "https://tabs.ultimate-guitar.com/tab/otis-redding/your-one-and-only-man-chords-3773525",
      "file_path": null,
      "metadata": {}
    }
  }
}