{
  "id": "10006",
  "name": "Adriano Celentano",
  "url": "https://www.ultimate-guitar.com/artist/adriano_celentano_10006",
  "tabs": {
    "1251564": {
      "id": "1251564",
      "title": "Il Ragazzo Della Via Gluck",
      "type": "CRD",
      "url": "https://tabs.ultimate-guitar.com/tab/adriano-celentano/il-ragazzo-della-via-gluck-chords-1251564",
      "file_path": null,
      "metadata": {}
    },
    "64560": {
      "id": "64560",
      "title": "Il Ragazzo Della Via Glick",
      "type": "CRD",
      "url": "https://tabs.ultimate-guitar.com/tab/adriano-celentano/il-ragazzo-della-via-glick-chords-64560",
      "file_path": null,
      "metadata": {}
    },
    "1763466": {
      "id": "1763466",
      "title": "Il Tempo Se Ne Va",
      "type": "CRD",
      "url": "https://tabs.ultimate-guitar.com/tab/adriano-celentano/il-tempo-se-ne-va-chords-1763466",
      "file_path": null,
      "metadata": {}
    },
    "886059": {
      "id": "886059",
      "title": "Confessa",
      "type": "CRD",
      "url": "https://tabs.ultimate-guitar.com/tab/adriano-celentano/confessa-chords-886059",
      "file_path": null,
      "metadata": {}
    },
    "1757367": {
      "id": "1757367",
      "title": "Soli",
      "type": "CRD",
      "url": "https://tabs.ultimate-guitar.com/tab/adriano-celentano/soli-chords-1757367",
      "file_path": null,
      "metadata": {}
    },
    "64565": {
      "id": "64565",
      "title": "Una Festa Sui Prati",
      "type": "CRD",
      "url": "https://tabs.ultimate-guitar.com/tab/adriano-celentano/una-festa-sui-prati-chords-64565",
      "file_path": null,
      "metadata": {}
    },
    "1796956": {
      "id": "1796956",
      "title": "24000 Baci",
      "type": "CRD",
      "url": "https://tabs.ultimate-guitar.com/tab/adriano-celentano/24000-baci-chords-1796956",
      "file_path": null,
      "metadata": {}
    },
    "2146657": {
      "id": "2146657",
      "title": "Susanna",
      "type": "CRD",
      "url": "https://tabs.ultimate-guitar.com/tab/adriano-celentano/susanna-chords-2146657",
      "file_path": null,
      "metadata": {}
    },
    "1723432": {
      "id": "1723432",
      "title": "Si È Spento Il Sole",
      "type": "CRD",
      "url": "https://tabs.ultimate-guitar.com/tab/1723432",
      "file_path": null,
      "metadata": {}
    },
    "216348": {
      "id": "216348",
      "title": "Preghero",
      "type": "PRO",
      "url": "https://tabs.ultimate-guitar.com/tab/adriano-celentano/preghero-guitar-pro-216348",
      "file_path": null,
      "metadata": {}
    },
    "2622285": {
      "id": "2622285",
      "title": "A Un Passo Da Te",
      "type": "CRD",
      "url": "https://tabs.ultimate-guitar.com/tab/mina/a-un-passo-da-te-chords-2622285",
      "file_path": null,
      "metadata": {}
    },
    "2076485": {
      "id": "2076485",
      "title": "Acqua E Sale",
      "type": "CRD",
      "url": "https://tabs.ultimate-guitar.com/tab/mina/acqua-e-sale-chords-2076485",
      "file_path": null,
      "metadata": {}
    },
    "2572392": {
      "id": "2572392",
      "title": "Acqua E Sale (ver 2)",
      "type": "CRD",
      "url": "https://tabs.ultimate-guitar.com/tab/mina/acqua-e-sale-chords-2572392",
      "file_path": null,
      "metadata": {}
    },
    "2483142": {
      "id": "2483142",
      "title": "Acqua E Sale  Solo",
      "type": "TAB",
      "url": "https://tabs.ultimate-guitar.com/tab/mina/acqua-e-sale-tabs-2483142",
      "file_path": null,
      "metadata": {}
    },
    "2678100": {
      "id": "2678100",
      "title": "Amami Amami",
      "type": "CRD",
      "url": "https://tabs.ultimate-guitar.com/tab/mina/amami-amami-chords-2678100",
      "file_path": null,
      "metadata": {}
    },
    "3622646": {
      "id": "3622646",
      "title": "Bingo Bongo - Jungla Di Citta",
      "type": "CRD",
      "url": "https://tabs.ultimate-guitar.com/tab/misc-soundtrack/bingo-bongo-jungla-di-citta-chords-3622646",
      "file_path": null,
      "metadata": {}
    },
    "3293279": {
      "id": "3293279",
      "title": "Come Un Diamante Nascosto Nella Neve",
      "type": "CRD",
      "url": "https://tabs.ultimate-guitar.com/tab/mina/come-un-diamante-nascosto-nella-neve-chords-3293279",
      "file_path": null,
      "metadata": {}
    },
    "2724756": {
      "id": "2724756",
      "title": "È Lamore",
      "type": "CRD",
      "url": "https://tabs.ultimate-guitar.com/tab/2724756",
      "file_path": null,
      "metadata": {}
    },
    "2724831": {
      "id": "2724831",
      "title": "Eva",
      "type": "CRD",
      "url": "https://tabs.ultimate-guitar.com/tab/mina/eva-chords-2724831",
      "file_path": null,
      "metadata": {}
    },
    "2341997": {
      "id": "2341997",
      "title": "Io Ho Te",
      "type": "PRO",
      "url": "https://tabs.ultimate-guitar.com/tab/mina/io-ho-te-guitar-pro-2341997",
      "file_path": null,
      "metadata": {}
    },
    "3326585": {
      "id": "3326585",
      "title": "Nessuno",
      "type": "CRD",
      "url": "https://tabs.ultimate-guitar.com/tab/mina/nessuno-chords-3326585",
      "file_path": null,
      "metadata": {}
    },
    "3656927": {
      "id": "3656927",
      "title": "Nessuno (ver 2)",
      "type": "CRD",
      "url": "https://tabs.ultimate-guitar.com/tab/mina/nessuno-chords-3656927",
      "file_path": null,
      "metadata": {}
    },
    "5171956": {
      "id": "5171956",
      "title": "Nessuno  Intro",
      "type": "TAB",
      "url": "https://tabs.ultimate-guitar.com/tab/mina/nessuno-tabs-5171956",
      "file_path": null,
      "metadata": {}
    },
    "3976873": {
      "id": "3976873",
      "title": "Niente È Andato Perso",
      "type": "CRD",
      "url": "https://tabs.ultimate-guitar.com/tab/3976873",
      "file_path": null,
      "metadata": {}
    },
    "2726148": {
      "id": "2726148",
      "title": "Se Mi Ami Davvero",
      "type": "CRD",
      "url": "https://tabs.ultimate-guitar.com/tab/mina/se-mi-ami-davvero-chords-2726148",
      "file_path": null,
      "metadata": {}
    },
    "3656375": {
      "id": "3656375",
      "title": "24000 Baci",
      "type": "BASS",
      "url": "https://tabs.ultimate-guitar.com/tab/adriano-celentano/24000-baci-bass-3656375",
      "file_path": null,
      "metadata": {}
    },
    "3935504": {
      "id": "3935504",
      "title": "Acqua E Sale",
      "type": "CRD",
      "url": "https://tabs.ultimate-guitar.com/tab/adriano-celentano/acqua-e-sale-chords-3935504",
      "file_path": null,
      "metadata": {}
    },
    "4628867": {
      "id": "4628867",
      "title": "Acqua E Sale (ver 2)",
      "type": "CRD",
      "url": "https://tabs.ultimate-guitar.com/tab/adriano-celentano/acqua-e-sale-chords-4628867",
      "file_path": null,
      "metadata": {}
    },
    "1900611": {
      "id": "1900611",
      "title": "Amami E Baciami",
      "type": "CRD",
      "url": "https://tabs.ultimate-guitar.com/tab/adriano-celentano/amami-e-baciami-chords-1900611",
      "file_path": null,
      "metadata": {}
    },
    "1862577": {
      "id": "1862577",
      "title": "Amore No",
      "type": "CRD",
      "url": "https://tabs.ultimate-guitar.com/tab/adriano-celentano/amore-no-chords-1862577",
      "file_path": null,
      "metadata": {}
    },
    "2817365": {
      "id": "2817365",
      "title": "Ancora Vivo",
      "type": "CRD",
      "url": "https://tabs.ultimate-guitar.com/tab/adriano-celentano/ancora-vivo-chords-2817365",
      "file_path": null,
      "metadata": {}
    },
    "2678985": {
      "id": "2678985",
      "title": "Apri Il Cuore",
      "type": "CRD",
      "url": "https://tabs.ultimate-guitar.com/tab/adriano-celentano/apri-il-cuore-chords-2678985",
      "file_path": null,
      "metadata": {}
    },
    "3756521": {
      "id": "3756521",
      "title": "Arrivo Gli Uomini",
      "type": "CRD",
      "url": "https://tabs.ultimate-guitar.com/tab/adriano-celentano/arrivo-gli-uomini-chords-3756521",
      "file_path": null,
      "metadata": {}
    },
    "1824270": {
      "id": "1824270",
      "title": "Attraverso Me",
      "type": "CRD",
      "url": "https://tabs.ultimate-guitar.com/tab/adriano-celentano/attraverso-me-chords-1824270",
      "file_path": null,
      "metadata": {}
    },
    "1019730": {
      "id": "1019730",
      "title": "Azzurro",
      "type": "CRD",
      "url": "https://tabs.ultimate-guitar.com/tab/adriano-celentano/azzurro-chords-1019730",
      "file_path": null,
      "metadata": {}
    },
    "1057211": {
      "id": "1057211",
      "title": "Azzurro (ver 2)",
      "type": "CRD",
      "url": "https://tabs.ultimate-guitar.com/tab/adriano-celentano/azzurro-chords-1057211",
      "file_path": null,
      "metadata": {}
    },
    "1746746": {
      "id": "1746746",
      "title": "Azzurro (ver 3)",
      "type": "CRD",
      "url": "https://tabs.ultimate-guitar.com/tab/adriano-celentano/azzurro-chords-1746746",
      "file_path": null,
      "metadata": {}
    },
    "64559": {
      "id": "64559",
      "title": "Azzurro (ver 4)",
      "type": "CRD",
      "url": "https://tabs.ultimate-guitar.com/tab/adriano-celentano/azzurro-chords-64559",
      "file_path": null,
      "metadata": {}
    },
    "3588710": {
      "id": "3588710",
      "title": "Azzurro",
      "type": "PWR",
      "url": "https://tabs.ultimate-guitar.com/tab/adriano-celentano/azzurro-power-3588710",
      "file_path": null,
      "metadata": {}
    },
    "2158783": {
      "id": "2158783",
      "title": "Azzurro",
      "type": "UKE",
      "url": "https://tabs.ultimate-guitar.com/tab/adriano-celentano/azzurro-ukulele-2158783",
      "file_path": null,
      "metadata": {}
    },
    "4005919": {
      "id": "4005919",
      "title": "Buona Sera",
      "type": "CRD",
      "url": "https://tabs.ultimate-guitar.com/tab/adriano-celentano/buona-sera-chords-4005919",
      "file_path": null,
      "metadata": {}
    },
    "1853525": {
      "id": "1853525",
      "title": "Canzone",
      "type": "CRD",
      "url": "https://tabs.ultimate-guitar.com/tab/adriano-celentano/canzone-chords-1853525",
      "file_path": null,
      "metadata": {}
    },
    "1148958": {
      "id": "1148958",
      "title": "Ce Sempre Un Motivo",
      "type": "CRD",
      "url": "https://tabs.ultimate-guitar.com/tab/adriano-celentano/ce-sempre-un-motivo-chords-1148958",
      "file_path": null,
      "metadata": {}
    },
    "1370693": {
      "id": "1370693",
      "title": "Ce Sempre Un Motivo",
      "type": "UKE",
      "url": "https://tabs.ultimate-guitar.com/tab/adriano-celentano/ce-sempre-un-motivo-ukulele-1370693",
      "file_path": null,
      "metadata": {}
    },
    "3816650": {
      "id": "3816650",
      "title": "Chi Ce Lha Con Me",
      "type": "CRD",
      "url": "https://tabs.ultimate-guitar.com/tab/adriano-celentano/chi-ce-lha-con-me-chords-3816650",
      "file_path": null,
      "metadata": {}
    },
    "1475535": {
      "id": "1475535",
      "title": "Chi Non Lavora Non Fa Lamore",
      "type": "CRD",
      "url": "https://tabs.ultimate-guitar.com/tab/adriano-celentano/chi-non-lavora-non-fa-lamore-chords-1475535",
      "file_path": null,
      "metadata": {}
    },
    "5104540": {
      "id": "5104540",
      "title": "Ciao Ragazzi Ciao",
      "type": "CRD",
      "url": "https://tabs.ultimate-guitar.com/tab/adriano-celentano/ciao-ragazzi-ciao-chords-5104540",
      "file_path": null,
      "metadata": {}
    },
    "1822942": {
      "id": "1822942",
      "title": "Confessa (ver 2)",
      "type": "CRD",
      "url": "https://tabs.ultimate-guitar.com/tab/adriano-celentano/confessa-chords-1822942",
      "file_path": null,
      "metadata": {}
    },
    "216345": {
      "id": "216345",
      "title": "Confessa",
      "type": "PRO",
      "url": "https://tabs.ultimate-guitar.com/tab/adriano-celentano/confessa-guitar-pro-216345",
      "file_path": null,
      "metadata": {}
    },
    "2013262": {
      "id": "2013262",
      "title": "Confessa (ver 2)",
      "type": "PRO",
      "url": "https://tabs.ultimate-guitar.com/tab/adriano-celentano/confessa-guitar-pro-2013262",
      "file_path": null,
      "metadata": {}
    },
    "1329831": {
      "id": "1329831",
      "title": "Confessa",
      "type": "UKE",
      "url": "https://tabs.ultimate-guitar.com/tab/adriano-celentano/confessa-ukulele-1329831",
      "file_path": null,
      "metadata": {}
    },
    "2966753": {
      "id": "2966753",
      "title": "Conto Su Di Te",
      "type": "CRD",
      "url": "https://tabs.ultimate-guitar.com/tab/adriano-celentano/conto-su-di-te-chords-2966753",
      "file_path": null,
      "metadata": {}
    },
    "1110646": {
      "id": "1110646",
      "title": "Dont Play That Song",
      "type": "CRD",
      "url": "https://tabs.ultimate-guitar.com/tab/adriano-celentano/dont-play-that-song-chords-1110646",
      "file_path": null,
      "metadata": {}
    },
    "3757442": {
      "id": "3757442",
      "title": "Dont Play That Song (ver 2)",
      "type": "CRD",
      "url": "https://tabs.ultimate-guitar.com/tab/adriano-celentano/dont-play-that-song-chords-3757442",
      "file_path": null,
      "metadata": {}
    },
    "1366627": {
      "id": "1366627",
      "title": "Dont Play That Song",
      "type": "UKE",
      "url": "https://tabs.ultimate-guitar.com/tab/adriano-celentano/dont-play-that-song-ukulele-1366627",
      "file_path": null,
      "metadata": {}
    },
    "1832924": {
      "id": "1832924",
      "title": "Dormi Amore",
      "type": "CRD",
      "url": "https://tabs.ultimate-guitar.com/tab/adriano-celentano/dormi-amore-chords-1832924",
      "file_path": null,
      "metadata": {}
    },
    "5717483": {
      "id": "5717483",
      "title": "E Voi Ballate",
      "type": "CRD",
      "url": "https://tabs.ultimate-guitar.com/tab/adriano-celentano/e-voi-ballate-chords-5717483",
      "file_path": null,
      "metadata": {}
    },
    "1522615": {
      "id": "1522615",
      "title": "El Mundo",
      "type": "CRD",
      "url": "https://tabs.ultimate-guitar.com/tab/adriano-celentano/el-mundo-chords-1522615",
      "file_path": null,
      "metadata": {}
    },
    "3756155": {
      "id": "3756155",
      "title": "Fuoco",
      "type": "CRD",
      "url": "https://tabs.ultimate-guitar.com/tab/adriano-celentano/fuoco-chords-3756155",
      "file_path": null,
      "metadata": {}
    },
    "5406768": {
      "id": "5406768",
      "title": "Gelosia",
      "type": "CRD",
      "url": "https://tabs.ultimate-guitar.com/tab/adriano-celentano/gelosia-chords-5406768",
      "file_path": null,
      "metadata": {}
    },
    "1763778": {
      "id": "1763778",
      "title": "Grazie Prego Scusi",
      "type": "CRD",
      "url": "https://tabs.ultimate-guitar.com/tab/adriano-celentano/grazie-prego-scusi-chords-1763778",
      "file_path": null,
      "metadata": {}
    },
    "1719157": {
      "id": "1719157",
      "title": "I Want To Know",
      "type": "CRD",
      "url": "https://tabs.ultimate-guitar.com/tab/adriano-celentano/i-want-to-know-chords-1719157",
      "file_path": null,
      "metadata": {}
    },
    "3299225": {
      "id": "3299225",
      "title": "I Want To Know (ver 2)",
      "type": "CRD",
      "url": "https://tabs.ultimate-guitar.com/tab/adriano-celentano/i-want-to-know-chords-3299225",
      "file_path": null,
      "metadata": {}
    },
    "216347": {
      "id": "216347",
      "title": "I Want To Know",
      "type": "PRO",
      "url": "https://tabs.ultimate-guitar.com/tab/adriano-celentano/i-want-to-know-guitar-pro-216347",
      "file_path": null,
      "metadata": {}
    },
    "3518087": {
      "id": "3518087",
      "title": "Il Ragazzo Della Via Gluck (ver 2)",
      "type": "CRD",
      "url": "https://tabs.ultimate-guitar.com/tab/adriano-celentano/il-ragazzo-della-via-gluck-chords-3518087",
      "file_path": null,
      "metadata": {}
    },
    "618943": {
      "id": "618943",
      "title": "Il Ragazzo Della Via Gluck  Intro",
      "type": "TAB",
      "url": "https://tabs.ultimate-guitar.com/tab/adriano-celentano/il-ragazzo-della-via-gluck-tabs-618943",
      "file_path": null,
      "metadata": {}
    },
    "904571": {
      "id": "904571",
      "title": "Il Ragazzo Della Via Gluck (ver 2) Intro",
      "type": "TAB",
      "url": "https://tabs.ultimate-guitar.com/tab/adriano-celentano/il-ragazzo-della-via-gluck-tabs-904571",
      "file_path": null,
      "metadata": {}
    },
    "929179": {
      "id": "929179",
      "title": "Il Ragazzo Della Via Gluck (ver 3) Intro",
      "type": "TAB",
      "url": "https://tabs.ultimate-guitar.com/tab/adriano-celentano/il-ragazzo-della-via-gluck-tabs-929179",
      "file_path": null,
      "metadata": {}
    },
    "1251558": {
      "id": "1251558",
      "title": "Il Ragazzo Della Via Gluck (ver 4) Intro",
      "type": "TAB",
      "url": "https://tabs.ultimate-guitar.com/tab/adriano-celentano/il-ragazzo-della-via-gluck-tabs-1251558",
      "file_path": null,
      "metadata": {}
    },
    "1026619": {
      "id": "1026619",
      "title": "Il Ragazzo Della Via Gluck",
      "type": "TAB",
      "url": "https://tabs.ultimate-guitar.com/tab/adriano-celentano/il-ragazzo-della-via-gluck-tabs-1026619",
      "file_path": null,
      "metadata": {}
    },
    "216346": {
      "id": "216346",
      "title": "Il Ragazzo Della Via Gluck",
      "type": "PRO",
      "url": "https://tabs.ultimate-guitar.com/tab/adriano-celentano/il-ragazzo-della-via-gluck-guitar-pro-216346",
      "file_path": null,
      "metadata": {}
    },
    "5486427": {
      "id": "5486427",
      "title": "Il Ribelle",
      "type": "CRD",
      "url": "https://tabs.ultimate-guitar.com/tab/adriano-celentano/il-ribelle-chords-5486427",
      "file_path": null,
      "metadata": {}
    },
    "2013264": {
      "id": "2013264",
      "title": "Il Tempo Se Ne Va",
      "type": "PRO",
      "url": "https://tabs.ultimate-guitar.com/tab/adriano-celentano/il-tempo-se-ne-va-guitar-pro-2013264",
      "file_path": null,
      "metadata": {}
    },
    "64561": {
      "id": "64561",
      "title": "Il Tuo Bacio",
      "type": "CRD",
      "url": "https://tabs.ultimate-guitar.com/tab/adriano-celentano/il-tuo-bacio-chords-64561",
      "file_path": null,
      "metadata": {}
    },
    "1260844": {
      "id": "1260844",
      "title": "Il Tuo Bacio",
      "type": "UKE",
      "url": "https://tabs.ultimate-guitar.com/tab/adriano-celentano/il-tuo-bacio-ukulele-1260844",
      "file_path": null,
      "metadata": {}
    },
    "1900111": {
      "id": "1900111",
      "title": "Impazzivo Per Te",
      "type": "CRD",
      "url": "https://tabs.ultimate-guitar.com/tab/adriano-celentano/impazzivo-per-te-chords-1900111",
      "file_path": null,
      "metadata": {}
    },
    "5612832": {
      "id": "5612832",
      "title": "Innamorata Incavolata A Vita",
      "type": "CRD",
      "url": "https://tabs.ultimate-guitar.com/tab/adriano-celentano/innamorata-incavolata-a-vita-chords-5612832",
      "file_path": null,
      "metadata": {}
    },
    "1847417": {
      "id": "1847417",
      "title": "Ja Tebia Liubliu",
      "type": "CRD",
      "url": "https://tabs.ultimate-guitar.com/tab/adriano-celentano/ja-tebia-liubliu-chords-1847417",
      "file_path": null,
      "metadata": {}
    },
    "3340874": {
      "id": "3340874",
      "title": "L Uomo Di Cartone",
      "type": "CRD",
      "url": "https://tabs.ultimate-guitar.com/tab/adriano-celentano/l-uomo-di-cartone-chords-3340874",
      "file_path": null,
      "metadata": {}
    },
    "2551155": {
      "id": "2551155",
      "title": "La Barca",
      "type": "CRD",
      "url": "https://tabs.ultimate-guitar.com/tab/adriano-celentano/la-barca-chords-2551155",
      "file_path": null,
      "metadata": {}
    },
    "5775476": {
      "id": "5775476",
      "title": "La Coppia Più Bella Del Mondo",
      "type": "CRD",
      "url": "https://tabs.ultimate-guitar.com/tab/5775476",
      "file_path": null,
      "metadata": {}
    },
    "1945937": {
      "id": "1945937",
      "title": "La Gelosia",
      "type": "CRD",
      "url": "https://tabs.ultimate-guitar.com/tab/adriano-celentano/la-gelosia-chords-1945937",
      "file_path": null,
      "metadata": {}
    },
    "1473177": {
      "id": "1473177",
      "title": "La Storia Di Serafino",
      "type": "CRD",
      "url": "https://tabs.ultimate-guitar.com/tab/adriano-celentano/la-storia-di-serafino-chords-1473177",
      "file_path": null,
      "metadata": {}
    },
    "4986538": {
      "id": "4986538",
      "title": "La Tana Del Re",
      "type": "CRD",
      "url": "https://tabs.ultimate-guitar.com/tab/adriano-celentano/la-tana-del-re-chords-4986538",
      "file_path": null,
      "metadata": {}
    },
    "1252397": {
      "id": "1252397",
      "title": "La Terza Guerra Mondiale",
      "type": "CRD",
      "url": "https://tabs.ultimate-guitar.com/tab/adriano-celentano/la-terza-guerra-mondiale-chords-1252397",
      "file_path": null,
      "metadata": {}
    },
    "1765766": {
      "id": "1765766",
      "title": "Larcobaleno",
      "type": "CRD",
      "url": "https://tabs.ultimate-guitar.com/tab/adriano-celentano/larcobaleno-chords-1765766",
      "file_path": null,
      "metadata": {}
    },
    "839689": {
      "id": "839689",
      "title": "Lemozione Non Ha Voce",
      "type": "CRD",
      "url": "https://tabs.ultimate-guitar.com/tab/adriano-celentano/lemozione-non-ha-voce-chords-839689",
      "file_path": null,
      "metadata": {}
    },
    "907302": {
      "id": "907302",
      "title": "Lemozione Non Ha Voce (ver 2)",
      "type": "CRD",
      "url": "https://tabs.ultimate-guitar.com/tab/adriano-celentano/lemozione-non-ha-voce-chords-907302",
      "file_path": null,
      "metadata": {}
    },
    "1202099": {
      "id": "1202099",
      "title": "Lemozione Non Ha Voce (ver 3)",
      "type": "CRD",
      "url": "https://tabs.ultimate-guitar.com/tab/adriano-celentano/lemozione-non-ha-voce-chords-1202099",
      "file_path": null,
      "metadata": {}
    },
    "2595603": {
      "id": "2595603",
      "title": "Lemozione Non Ha Voce",
      "type": "TAB",
      "url": "https://tabs.ultimate-guitar.com/tab/adriano-celentano/lemozione-non-ha-voce-tabs-2595603",
      "file_path": null,
      "metadata": {}
    },
    "788583": {
      "id": "788583",
      "title": "Lemozione Non Ha Voce",
      "type": "PRO",
      "url": "https://tabs.ultimate-guitar.com/tab/adriano-celentano/lemozione-non-ha-voce-guitar-pro-788583",
      "file_path": null,
      "metadata": {}
    },
    "1323913": {
      "id": "1323913",
      "title": "Lemozione Non Ha Voce",
      "type": "UKE",
      "url": "https://tabs.ultimate-guitar.com/tab/adriano-celentano/lemozione-non-ha-voce-ukulele-1323913",
      "file_path": null,
      "metadata": {}
    },
    "1334713": {
      "id": "1334713",
      "title": "Lemozione Non Ha Voce (ver 2)",
      "type": "UKE",
      "url": "https://tabs.ultimate-guitar.com/tab/adriano-celentano/lemozione-non-ha-voce-ukulele-1334713",
      "file_path": null,
      "metadata": {}
    },
    "2158845": {
      "id": "2158845",
      "title": "Lemozione Non Ha Voce (ver 3)",
      "type": "UKE",
      "url": "https://tabs.ultimate-guitar.com/tab/adriano-celentano/lemozione-non-ha-voce-ukulele-2158845",
      "file_path": null,
      "metadata": {}
    },
    "4030087": {
      "id": "4030087",
      "title": "Lorologio",
      "type": "CRD",
      "url": "https://tabs.ultimate-guitar.com/tab/adriano-celentano/lorologio-chords-4030087",
      "file_path": null,
      "metadata": {}
    },
    "5201457": {
      "id": "5201457",
      "title": "Manifesto",
      "type": "CRD",
      "url": "https://tabs.ultimate-guitar.com/tab/adriano-celentano/manifesto-chords-5201457",
      "file_path": null,
      "metadata": {}
    },
    "2328373": {
      "id": "2328373",
      "title": "Mari Mari",
      "type": "CRD",
      "url": "https://tabs.ultimate-guitar.com/tab/adriano-celentano/mari-mari-chords-2328373",
      "file_path": null,
      "metadata": {}
    },
    "3440480": {
      "id": "3440480",
      "title": "Nata Per Me",
      "type": "CRD",
      "url": "https://tabs.ultimate-guitar.com/tab/adriano-celentano/nata-per-me-chords-3440480",
      "file_path": null,
      "metadata": {}
    },
    "1820461": {
      "id": "1820461",
      "title": "Non E",
      "type": "CRD",
      "url": "https://tabs.ultimate-guitar.com/tab/adriano-celentano/non-e-chords-1820461",
      "file_path": null,
      "metadata": {}
    },
    "5104531": {
      "id": "5104531",
      "title": "Non Esiste Lamore",
      "type": "CRD",
      "url": "https://tabs.ultimate-guitar.com/tab/adriano-celentano/non-esiste-lamore-chords-5104531",
      "file_path": null,
      "metadata": {}
    },
    "1757365": {
      "id": "1757365",
      "title": "Non Se Ne Parla Nemmeno",
      "type": "CRD",
      "url": "https://tabs.ultimate-guitar.com/tab/adriano-celentano/non-se-ne-parla-nemmeno-chords-1757365",
      "file_path": null,
      "metadata": {}
    },
    "3757664": {
      "id": "3757664",
      "title": "Non So Più Cosa Fare",
      "type": "CRD",
      "url": "https://tabs.ultimate-guitar.com/tab/3757664",
      "file_path": null,
      "metadata": {}
    },
    "1711573": {
      "id": "1711573",
      "title": "Ora Sei Rimasta Sola",
      "type": "CRD",
      "url": "https://tabs.ultimate-guitar.com/tab/adriano-celentano/ora-sei-rimasta-sola-chords-1711573",
      "file_path": null,
      "metadata": {}
    },
    "2271369": {
      "id": "2271369",
      "title": "Ora Sei Rimasta Sola (ver 2)",
      "type": "CRD",
      "url": "https://tabs.ultimate-guitar.com/tab/adriano-celentano/ora-sei-rimasta-sola-chords-2271369",
      "file_path": null,
      "metadata": {}
    },
    "3746612": {
      "id": "3746612",
      "title": "Pay Pay Pay",
      "type": "CRD",
      "url": "https://tabs.ultimate-guitar.com/tab/adriano-celentano/pay-pay-pay-chords-3746612",
      "file_path": null,
      "metadata": {}
    },
    "1681285": {
      "id": "1681285",
      "title": "Per Averti",
      "type": "CRD",
      "url": "https://tabs.ultimate-guitar.com/tab/adriano-celentano/per-averti-chords-1681285",
      "file_path": null,
      "metadata": {}
    },
    "3757856": {
      "id": "3757856",
      "title": "Per Sempre",
      "type": "CRD",
      "url": "https://tabs.ultimate-guitar.com/tab/adriano-celentano/per-sempre-chords-3757856",
      "file_path": null,
      "metadata": {}
    },
    "5104528": {
      "id": "5104528",
      "title": "Piccola",
      "type": "CRD",
      "url": "https://tabs.ultimate-guitar.com/tab/adriano-celentano/piccola-chords-5104528",
      "file_path": null,
      "metadata": {}
    },
    "2587782": {
      "id": "2587782",
      "title": "Preghero",
      "type": "CRD",
      "url": "https://tabs.ultimate-guitar.com/tab/adriano-celentano/preghero-chords-2587782",
      "file_path": null,
      "metadata": {}
    },
    "4261306": {
      "id": "4261306",
      "title": "Preghero (ver 2)",
      "type": "PRO",
      "url": "https://tabs.ultimate-guitar.com/tab/adriano-celentano/preghero-guitar-pro-4261306",
      "file_path": null,
      "metadata": {}
    },
    "2832433": {
      "id": "2832433",
      "title": "Prisencolinensinainciusol",
      "type": "CRD",
      "url": "https://tabs.ultimate-guitar.com/tab/adriano-celentano/prisencolinensinainciusol-chords-2832433",
      "file_path": null,
      "metadata": {}
    },
    "64566": {
      "id": "64566",
      "title": "Questo Vecchio Pazzo Mondo",
      "type": "CRD",
      "url": "https://tabs.ultimate-guitar.com/tab/adriano-celentano/questo-vecchio-pazzo-mondo-chords-64566",
      "file_path": null,
      "metadata": {}
    },
    "1260849": {
      "id": "1260849",
      "title": "Questo Vecchio Pazzo Mondo",
      "type": "UKE",
      "url": "https://tabs.ultimate-guitar.com/tab/adriano-celentano/questo-vecchio-pazzo-mondo-ukulele-1260849",
      "file_path": null,
      "metadata": {}
    },
    "3511070": {
      "id": "3511070",
      "title": "Soli",
      "type": "PRO",
      "url": "https://tabs.ultimate-guitar.com/tab/adriano-celentano/soli-guitar-pro-3511070",
      "file_path": null,
      "metadata": {}
    },
    "3683963": {
      "id": "3683963",
      "title": "Solo Da Un Quarto Dora",
      "type": "CRD",
      "url": "https://tabs.ultimate-guitar.com/tab/adriano-celentano/solo-da-un-quarto-dora-chords-3683963",
      "file_path": null,
      "metadata": {}
    },
    "1522616": {
      "id": "1522616",
      "title": "Solos",
      "type": "CRD",
      "url": "https://tabs.ultimate-guitar.com/tab/adriano-celentano/solos-chords-1522616",
      "file_path": null,
      "metadata": {}
    },
    "2835145": {
      "id": "2835145",
      "title": "Sono Un Simpatico",
      "type": "CRD",
      "url": "https://tabs.ultimate-guitar.com/tab/adriano-celentano/sono-un-simpatico-chords-2835145",
      "file_path": null,
      "metadata": {}
    },
    "1864080": {
      "id": "1864080",
      "title": "Stivali E Colbacco",
      "type": "CRD",
      "url": "https://tabs.ultimate-guitar.com/tab/adriano-celentano/stivali-e-colbacco-chords-1864080",
      "file_path": null,
      "metadata": {}
    },
    "2273089": {
      "id": "2273089",
      "title": "Storia Damore",
      "type": "CRD",
      "url": "https://tabs.ultimate-guitar.com/tab/adriano-celentano/storia-damore-chords-2273089",
      "file_path": null,
      "metadata": {}
    },
    "1522617": {
      "id": "1522617",
      "title": "Susana",
      "type": "CRD",
      "url": "https://tabs.ultimate-guitar.com/tab/adriano-celentano/susana-chords-1522617",
      "file_path": null,
      "metadata": {}
    },
    "726856": {
      "id": "726856",
      "title": "Susanna",
      "type": "TAB",
      "url": "https://tabs.ultimate-guitar.com/tab/adriano-celentano/susanna-tabs-726856",
      "file_path": null,
      "metadata": {}
    },
    "685562": {
      "id": "685562",
      "title": "Susanna",
      "type": "PRO",
      "url": "https://tabs.ultimate-guitar.com/tab/adriano-celentano/susanna-guitar-pro-685562",
      "file_path": null,
      "metadata": {}
    },
    "726855": {
      "id": "726855",
      "title": "Susanna",
      "type": "PWR",
      "url": "https://tabs.ultimate-guitar.com/tab/adriano-celentano/susanna-power-726855",
      "file_path": null,
      "metadata": {}
    },
    "726857": {
      "id": "726857",
      "title": "Susanna",
      "type": "BASS",
      "url": "https://tabs.ultimate-guitar.com/tab/adriano-celentano/susanna-bass-726857",
      "file_path": null,
      "metadata": {}
    },
    "3299243": {
      "id": "3299243",
      "title": "Svalutation",
      "type": "CRD",
      "url": "https://tabs.ultimate-guitar.com/tab/adriano-celentano/svalutation-chords-3299243",
      "file_path": null,
      "metadata": {}
    },
    "1260845": {
      "id": "1260845",
      "title": "Svalutation",
      "type": "UKE",
      "url": "https://tabs.ultimate-guitar.com/tab/adriano-celentano/svalutation-ukulele-1260845",
      "file_path": null,
      "metadata": {}
    },
    "3160718": {
      "id": "3160718",
      "title": "Ti Avrò",
      "type": "CRD",
      "url": "https://tabs.ultimate-guitar.com/tab/3160718",
      "file_path": null,
      "metadata": {}
    },
    "5544426": {
      "id": "5544426",
      "title": "Ti Penso E Cambia El Mondo",
      "type": "CRD",
      "url": "https://tabs.ultimate-guitar.com/tab/adriano-celentano/ti-penso-e-cambia-el-mondo-chords-5544426",
      "file_path": null,
      "metadata": {}
    },
    "1522618": {
      "id": "1522618",
      "title": "Ti Penso E Cambia Il Mondo",
      "type": "CRD",
      "url": "https://tabs.ultimate-guitar.com/tab/adriano-celentano/ti-penso-e-cambia-il-mondo-chords-1522618",
      "file_path": null,
      "metadata": {}
    },
    "2158847": {
      "id": "2158847",
      "title": "Ti Penso E Cambia Il Mondo",
      "type": "UKE",
      "url": "https://tabs.ultimate-guitar.com/tab/adriano-celentano/ti-penso-e-cambia-il-mondo-ukulele-2158847",
      "file_path": null,
      "metadata": {}
    },
    "1799646": {
      "id": "1799646",
      "title": "Un Albero Di Trenta Piani",
      "type": "CRD",
      "url": "https://tabs.ultimate-guitar.com/tab/adriano-celentano/un-albero-di-trenta-piani-chords-1799646",
      "file_path": null,
      "metadata": {}
    },
    "64563": {
      "id": "64563",
      "title": "Un Alberto Di Trenta Piani",
      "type": "CRD",
      "url": "https://tabs.ultimate-guitar.com/tab/adriano-celentano/un-alberto-di-trenta-piani-chords-64563",
      "file_path": null,
      "metadata": {}
    },
    "1260846": {
      "id": "1260846",
      "title": "Un Alberto Di Trenta Piani",
      "type": "UKE",
      "url": "https://tabs.ultimate-guitar.com/tab/adriano-celentano/un-alberto-di-trenta-piani-ukulele-1260846",
      "file_path": null,
      "metadata": {}
    },
    "1522619": {
      "id": "1522619",
      "title": "Un Árbol De Treinta Pisos",
      "type": "CRD",
      "url": "https://tabs.ultimate-guitar.com/tab/1522619",
      "file_path": null,
      "metadata": {}
    },
    "1719146": {
      "id": "1719146",
      "title": "Un Po Artista Un Po No",
      "type": "CRD",
      "url": "https://tabs.ultimate-guitar.com/tab/adriano-celentano/un-po-artista-un-po-no-chords-1719146",
      "file_path": null,
      "metadata": {}
    },
    "64564": {
      "id": "64564",
      "title": "Una Carezza In Un Pugno",
      "type": "CRD",
      "url": "https://tabs.ultimate-guitar.com/tab/adriano-celentano/una-carezza-in-un-pugno-chords-64564",
      "file_path": null,
      "metadata": {}
    },
    "1806652": {
      "id": "1806652",
      "title": "Una Carezza In Un Pugno (ver 2)",
      "type": "CRD",
      "url": "https://tabs.ultimate-guitar.com/tab/adriano-celentano/una-carezza-in-un-pugno-chords-1806652",
      "file_path": null,
      "metadata": {}
    },
    "2850518": {
      "id": "2850518",
      "title": "Una Carezza In Un Pugno",
      "type": "PRO",
      "url": "https://tabs.ultimate-guitar.com/tab/adriano-celentano/una-carezza-in-un-pugno-guitar-pro-2850518",
      "file_path": null,
      "metadata": {}
    },
    "1260847": {
      "id": "1260847",
      "title": "Una Carezza In Un Pugno",
      "type": "UKE",
      "url": "https://tabs.ultimate-guitar.com/tab/adriano-celentano/una-carezza-in-un-pugno-ukulele-1260847",
      "file_path": null,
      "metadata": {}
    },
    "3797009": {
      "id": "3797009",
      "title": "Una Festa Sui Prati",
      "type": "PWR",
      "url": "https://tabs.ultimate-guitar.com/tab/adriano-celentano/una-festa-sui-prati-power-3797009",
      "file_path": null,
      "metadata": {}
    },
    "1770974": {
      "id": "1770974",
      "title": "Una Festa Sui Prati",
      "type": "DRM",
      "url": "https://tabs.ultimate-guitar.com/tab/adriano-celentano/una-festa-sui-prati-drums-1770974",
      "file_path": null,
      "metadata": {}
    },
    "1260848": {
      "id": "1260848",
      "title": "Una Festa Sui Prati",
      "type": "UKE",
      "url": "https://tabs.ultimate-guitar.com/tab/adriano-celentano/una-festa-sui-prati-ukulele-1260848",
      "file_path": null,
      "metadata": {}
    },
    "3756323": {
      "id": "3756323",
      "title": "Una Rosa Pericolosa",
      "type": "CRD",
      "url": "https://tabs.ultimate-guitar.com/tab/adriano-celentano/una-rosa-pericolosa-chords-3756323",
      "file_path": null,
      "metadata": {}
    },
    "5105770": {
      "id": "5105770",
      "title": "Una Storia Come Questa",
      "type": "CRD",
      "url": "https://tabs.ultimate-guitar.com/tab/adriano-celentano/una-storia-come-questa-chords-5105770",
      "file_path": null,
      "metadata": {}
    },
    "2008287": {
      "id": "2008287",
      "title": "Uomo Macchina",
      "type": "CRD",
      "url": "https://tabs.ultimate-guitar.com/tab/adriano-celentano/uomo-macchina-chords-2008287",
      "file_path": null,
      "metadata": {}
    },
    "2449037": {
      "id": "2449037",
      "title": "Viola",
      "type": "CRD",
      "url": "https://tabs.ultimate-guitar.com/tab/adriano-celentano/viola-chords-2449037",
      "file_path": null,
      "metadata": {}
    },
    "2695770": {
      "id": "2695770",
      "title": "Yuppi Du",
      "type": "CRD",
      "url": "https://tabs.ultimate-guitar.com/tab/adriano-celentano/yuppi-du-chords-2695770",
      "file_path": null,
      "metadata": {}
    }
  }
}