{
  "id": "108051",
  "name": "Мария Чайковская",
  "url": "https://www.ultimate-guitar.com/artist/108051",
  "tabs": {
    "2454818": {
      "id": "2454818",
      "title": "В Городе Остывших Морей",
      "type": "CRD",
      "url": "https://tabs.ultimate-guitar.com/tab/2454818",
      "file_path": null,
      "metadata": {}
    },
    "2152295": {
      "id": "2152295",
      "title": "В Комнате Цветных Пелерин",
      "type": "CRD",
      "url": "https://tabs.ultimate-guitar.com/tab/2152295",
      "file_path": null,
      "metadata": {}
    },
    "3816521": {
      "id": "3816521",
      "title": "В Комнате Цветных Пелерин (ver 2)",
      "type": "CRD",
      "url": "https://tabs.ultimate-guitar.com/tab/3816521",
      "file_path": null,
      "metadata": {}
    },
    "2867324": {
      "id": "2867324",
      "title": "Забери Меня",
      "type": "CRD",
      "url": "https://tabs.ultimate-guitar.com/tab/2867324",
      "file_path": null,
      "metadata": {}
    },
    "3743279": {
      "id": "3743279",
      "title": "Красота",
      "type": "CRD",
      "url": "https://tabs.ultimate-guitar.com/tab/3743279",
      "file_path": null,
      "metadata": {}
    },
    "2568603": {
      "id": "2568603",
      "title": "Красота",
      "type": "UKE",
      "url": "https://tabs.ultimate-guitar.com/tab/2568603",
      "file_path": null,
      "metadata": {}
    },
    "2848694": {
      "id": "2848694",
      "title": "Не Уходи",
      "type": "CRD",
      "url": "https://tabs.ultimate-guitar.com/tab/2848694",
      "file_path": null,
      "metadata": {}
    },
    "2443331": {
      "id": "2443331",
      "title": "Нитью",
      "type": "CRD",
      "url": "https://tabs.ultimate-guitar.com/tab/2443331",
      "file_path": null,
      "metadata": {}
    },
    "3985552": {
      "id": "3985552",
      "title": "Питер",
      "type": "CRD",
      "url": "https://tabs.ultimate-guitar.com/tab/3985552",
      "file_path": null,
      "metadata": {}
    },
    "3140879": {
      "id": "3140879",
      "title": "Тебя Хоть Там Любят",
      "type": "CRD",
      "url": "https://tabs.ultimate-guitar.com/tab/3140879",
      "file_path": null,
      "metadata": {}
    },
    "4056826": {
      "id": "4056826",
      "title": "Тебя Хоть Там Любят (ver 2)",
      "type": "CRD",
      "url": "https://tabs.ultimate-guitar.com/tab/4056826",
      "file_path": null,
      "metadata": {}
    },
    "3298121": {
      "id": "3298121",
      "title": "Целуй Меня",
      "type": "CRD",
      "url": "https://tabs.ultimate-guitar.com/tab/3298121",
      "file_path": null,
      "metadata": {}
    },
    "3477248": {
      "id": "3477248",
      "title": "Целуй Меня (ver 2)",
      "type": "CRD",
      "url": "https://tabs.ultimate-guitar.com/tab/3477248",
      "file_path": null,
      "metadata": {}
    },
    "2481330": {
      "id": "2481330",
      "title": "Эхо Тысячи Вокзалов",
      "type": "CRD",
      "url": "https://tabs.ultimate-guitar.com/tab/2481330",
      "file_path": null,
      "metadata": {}
    },
    "5561040": {
      "id": "5561040",
      "title": "Эхо Тысячи Вокзалов (ver 2)",
      "type": "CRD",
      "url": "https://tabs.ultimate-guitar.com/tab/5561040",
      "file_path": null,
      "metadata": {}
    },
    "1803569": {
      "id": "1803569",
      "title": "Эхо Тысячи Вокзалов",
      "type": "PRO",
      "url": "https://tabs.ultimate-guitar.com/tab/1803569",
      "file_path": null,
      "metadata": {}
    }
  }
}