{
  "id": "10010",
  "name": "Peter Cetera",
  "url": "https://www.ultimate-guitar.com/artist/peter_cetera_10010",
  "tabs": {
    "64569": {
      "id": "64569",
      "title": "Glory Of Love",
      "type": "CRD",
      "url": "https://tabs.ultimate-guitar.com/tab/peter-cetera/glory-of-love-chords-64569",
      "file_path": null,
      "metadata": {}
    },
    "1184343": {
      "id": "1184343",
      "title": "After All",
      "type": "CRD",
      "url": "https://tabs.ultimate-guitar.com/tab/peter-cetera/after-all-chords-1184343",
      "file_path": null,
      "metadata": {}
    },
    "1487639": {
      "id": "1487639",
      "title": "Hard To Say Im Sorry",
      "type": "CRD",
      "url": "https://tabs.ultimate-guitar.com/tab/peter-cetera/hard-to-say-im-sorry-chords-1487639",
      "file_path": null,
      "metadata": {}
    },
    "1717869": {
      "id": "1717869",
      "title": "Youre The Inspiration",
      "type": "CRD",
      "url": "https://tabs.ultimate-guitar.com/tab/peter-cetera/youre-the-inspiration-chords-1717869",
      "file_path": null,
      "metadata": {}
    },
    "1500146": {
      "id": "1500146",
      "title": "I Wanna Take Forever Tonight",
      "type": "CRD",
      "url": "https://tabs.ultimate-guitar.com/tab/peter-cetera/i-wanna-take-forever-tonight-chords-1500146",
      "file_path": null,
      "metadata": {}
    },
    "1429831": {
      "id": "1429831",
      "title": "The Next Time I Fall",
      "type": "CRD",
      "url": "https://tabs.ultimate-guitar.com/tab/peter-cetera/the-next-time-i-fall-chords-1429831",
      "file_path": null,
      "metadata": {}
    },
    "963096": {
      "id": "963096",
      "title": "Glory Of Love",
      "type": "TAB",
      "url": "https://tabs.ultimate-guitar.com/tab/peter-cetera/glory-of-love-tabs-963096",
      "file_path": null,
      "metadata": {}
    },
    "906453": {
      "id": "906453",
      "title": "Have You Ever Been In Love",
      "type": "CRD",
      "url": "https://tabs.ultimate-guitar.com/tab/peter-cetera/have-you-ever-been-in-love-chords-906453",
      "file_path": null,
      "metadata": {}
    },
    "1487755": {
      "id": "1487755",
      "title": "One Good Woman",
      "type": "CRD",
      "url": "https://tabs.ultimate-guitar.com/tab/peter-cetera/one-good-woman-chords-1487755",
      "file_path": null,
      "metadata": {}
    },
    "1711758": {
      "id": "1711758",
      "title": "Glory Of Love",
      "type": "PRO",
      "url": "https://tabs.ultimate-guitar.com/tab/peter-cetera/glory-of-love-guitar-pro-1711758",
      "file_path": null,
      "metadata": {}
    },
    "2874347": {
      "id": "2874347",
      "title": "I Wasnt The One Who Said Goodbye",
      "type": "CRD",
      "url": "https://tabs.ultimate-guitar.com/tab/2874347",
      "file_path": null,
      "metadata": {}
    },
    "1212079": {
      "id": "1212079",
      "title": "After All (ver 2)",
      "type": "CRD",
      "url": "https://tabs.ultimate-guitar.com/tab/peter-cetera/after-all-chords-1212079",
      "file_path": null,
      "metadata": {}
    },
    "3055711": {
      "id": "3055711",
      "title": "After All (ver 3)",
      "type": "CRD",
      "url": "https://tabs.ultimate-guitar.com/tab/peter-cetera/after-all-chords-3055711",
      "file_path": null,
      "metadata": {}
    },
    "1381164": {
      "id": "1381164",
      "title": "After All",
      "type": "UKE",
      "url": "https://tabs.ultimate-guitar.com/tab/peter-cetera/after-all-ukulele-1381164",
      "file_path": null,
      "metadata": {}
    },
    "2191475": {
      "id": "2191475",
      "title": "After All (ver 2)",
      "type": "UKE",
      "url": "https://tabs.ultimate-guitar.com/tab/peter-cetera/after-all-ukulele-2191475",
      "file_path": null,
      "metadata": {}
    },
    "2931575": {
      "id": "2931575",
      "title": "Alone For The Holidays",
      "type": "CRD",
      "url": "https://tabs.ultimate-guitar.com/tab/peter-cetera/alone-for-the-holidays-chords-2931575",
      "file_path": null,
      "metadata": {}
    },
    "1486906": {
      "id": "1486906",
      "title": "Baby What A Big Surprise",
      "type": "CRD",
      "url": "https://tabs.ultimate-guitar.com/tab/peter-cetera/baby-what-a-big-surprise-chords-1486906",
      "file_path": null,
      "metadata": {}
    },
    "1499307": {
      "id": "1499307",
      "title": "Daddys Girl",
      "type": "CRD",
      "url": "https://tabs.ultimate-guitar.com/tab/peter-cetera/daddys-girl-chords-1499307",
      "file_path": null,
      "metadata": {}
    },
    "1488572": {
      "id": "1488572",
      "title": "Dip Your Wings",
      "type": "CRD",
      "url": "https://tabs.ultimate-guitar.com/tab/peter-cetera/dip-your-wings-chords-1488572",
      "file_path": null,
      "metadata": {}
    },
    "1499391": {
      "id": "1499391",
      "title": "Do You Love Me That Much",
      "type": "CRD",
      "url": "https://tabs.ultimate-guitar.com/tab/peter-cetera/do-you-love-me-that-much-chords-1499391",
      "file_path": null,
      "metadata": {}
    },
    "1488374": {
      "id": "1488374",
      "title": "Even A Fool Can See",
      "type": "CRD",
      "url": "https://tabs.ultimate-guitar.com/tab/peter-cetera/even-a-fool-can-see-chords-1488374",
      "file_path": null,
      "metadata": {}
    },
    "1779212": {
      "id": "1779212",
      "title": "Faithfully",
      "type": "CRD",
      "url": "https://tabs.ultimate-guitar.com/tab/peter-cetera/faithfully-chords-1779212",
      "file_path": null,
      "metadata": {}
    },
    "3744443": {
      "id": "3744443",
      "title": "Faithfully (ver 2)",
      "type": "CRD",
      "url": "https://tabs.ultimate-guitar.com/tab/peter-cetera/faithfully-chords-3744443",
      "file_path": null,
      "metadata": {}
    },
    "4669880": {
      "id": "4669880",
      "title": "Feels Like Rain",
      "type": "CRD",
      "url": "https://tabs.ultimate-guitar.com/tab/peter-cetera/feels-like-rain-chords-4669880",
      "file_path": null,
      "metadata": {}
    },
    "1851157": {
      "id": "1851157",
      "title": "Glory Of Love (ver 2)",
      "type": "CRD",
      "url": "https://tabs.ultimate-guitar.com/tab/peter-cetera/glory-of-love-chords-1851157",
      "file_path": null,
      "metadata": {}
    },
    "5677176": {
      "id": "5677176",
      "title": "Glory Of Love",
      "type": "BASS",
      "url": "https://tabs.ultimate-guitar.com/tab/peter-cetera/glory-of-love-bass-5677176",
      "file_path": null,
      "metadata": {}
    },
    "1260851": {
      "id": "1260851",
      "title": "Glory Of Love",
      "type": "UKE",
      "url": "https://tabs.ultimate-guitar.com/tab/peter-cetera/glory-of-love-ukulele-1260851",
      "file_path": null,
      "metadata": {}
    },
    "1717868": {
      "id": "1717868",
      "title": "Happy Man",
      "type": "CRD",
      "url": "https://tabs.ultimate-guitar.com/tab/peter-cetera/happy-man-chords-1717868",
      "file_path": null,
      "metadata": {}
    },
    "1488619": {
      "id": "1488619",
      "title": "Have You Ever Been In Love (ver 2)",
      "type": "CRD",
      "url": "https://tabs.ultimate-guitar.com/tab/peter-cetera/have-you-ever-been-in-love-chords-1488619",
      "file_path": null,
      "metadata": {}
    },
    "1334582": {
      "id": "1334582",
      "title": "Have You Ever Been In Love",
      "type": "UKE",
      "url": "https://tabs.ultimate-guitar.com/tab/peter-cetera/have-you-ever-been-in-love-ukulele-1334582",
      "file_path": null,
      "metadata": {}
    },
    "1500282": {
      "id": "1500282",
      "title": "Hold Me Till The Morning Comes",
      "type": "CRD",
      "url": "https://tabs.ultimate-guitar.com/tab/peter-cetera/hold-me-till-the-morning-comes-chords-1500282",
      "file_path": null,
      "metadata": {}
    },
    "5067064": {
      "id": "5067064",
      "title": "I Wanna Take Forever Tonight",
      "type": "UKE",
      "url": "https://tabs.ultimate-guitar.com/tab/peter-cetera/i-wanna-take-forever-tonight-ukulele-5067064",
      "file_path": null,
      "metadata": {}
    },
    "1778933": {
      "id": "1778933",
      "title": "Ivy Covered Walls",
      "type": "CRD",
      "url": "https://tabs.ultimate-guitar.com/tab/peter-cetera/ivy-covered-walls-chords-1778933",
      "file_path": null,
      "metadata": {}
    },
    "1499917": {
      "id": "1499917",
      "title": "Man In Me",
      "type": "CRD",
      "url": "https://tabs.ultimate-guitar.com/tab/peter-cetera/man-in-me-chords-1499917",
      "file_path": null,
      "metadata": {}
    },
    "2449586": {
      "id": "2449586",
      "title": "No Explanation",
      "type": "CRD",
      "url": "https://tabs.ultimate-guitar.com/tab/peter-cetera/no-explanation-chords-2449586",
      "file_path": null,
      "metadata": {}
    },
    "1478713": {
      "id": "1478713",
      "title": "No Explanation",
      "type": "BASS",
      "url": "https://tabs.ultimate-guitar.com/tab/peter-cetera/no-explanation-bass-1478713",
      "file_path": null,
      "metadata": {}
    },
    "1778753": {
      "id": "1778753",
      "title": "Not Afraid To Cry",
      "type": "CRD",
      "url": "https://tabs.ultimate-guitar.com/tab/peter-cetera/not-afraid-to-cry-chords-1778753",
      "file_path": null,
      "metadata": {}
    },
    "1499599": {
      "id": "1499599",
      "title": "On The Line",
      "type": "CRD",
      "url": "https://tabs.ultimate-guitar.com/tab/peter-cetera/on-the-line-chords-1499599",
      "file_path": null,
      "metadata": {}
    },
    "1494108": {
      "id": "1494108",
      "title": "One Clear Voice",
      "type": "CRD",
      "url": "https://tabs.ultimate-guitar.com/tab/peter-cetera/one-clear-voice-chords-1494108",
      "file_path": null,
      "metadata": {}
    },
    "1779168": {
      "id": "1779168",
      "title": "One More Story",
      "type": "CRD",
      "url": "https://tabs.ultimate-guitar.com/tab/peter-cetera/one-more-story-chords-1779168",
      "file_path": null,
      "metadata": {}
    },
    "1778969": {
      "id": "1778969",
      "title": "Only Love Knows Why",
      "type": "CRD",
      "url": "https://tabs.ultimate-guitar.com/tab/peter-cetera/only-love-knows-why-chords-1778969",
      "file_path": null,
      "metadata": {}
    },
    "1779047": {
      "id": "1779047",
      "title": "Peace Of Mind",
      "type": "CRD",
      "url": "https://tabs.ultimate-guitar.com/tab/peter-cetera/peace-of-mind-chords-1779047",
      "file_path": null,
      "metadata": {}
    },
    "1499253": {
      "id": "1499253",
      "title": "Perfect World",
      "type": "CRD",
      "url": "https://tabs.ultimate-guitar.com/tab/peter-cetera/perfect-world-chords-1499253",
      "file_path": null,
      "metadata": {}
    },
    "1488220": {
      "id": "1488220",
      "title": "Restless Heart",
      "type": "CRD",
      "url": "https://tabs.ultimate-guitar.com/tab/peter-cetera/restless-heart-chords-1488220",
      "file_path": null,
      "metadata": {}
    },
    "5447103": {
      "id": "5447103",
      "title": "She Doesnt Need Me",
      "type": "CRD",
      "url": "https://tabs.ultimate-guitar.com/tab/peter-cetera/she-doesnt-need-me-chords-5447103",
      "file_path": null,
      "metadata": {}
    },
    "3286682": {
      "id": "3286682",
      "title": "Sos",
      "type": "CRD",
      "url": "https://tabs.ultimate-guitar.com/tab/peter-cetera/sos-chords-3286682",
      "file_path": null,
      "metadata": {}
    },
    "1017460": {
      "id": "1017460",
      "title": "Still Getting Over You",
      "type": "CRD",
      "url": "https://tabs.ultimate-guitar.com/tab/peter-cetera/still-getting-over-you-chords-1017460",
      "file_path": null,
      "metadata": {}
    },
    "1348881": {
      "id": "1348881",
      "title": "Still Getting Over You",
      "type": "UKE",
      "url": "https://tabs.ultimate-guitar.com/tab/peter-cetera/still-getting-over-you-ukulele-1348881",
      "file_path": null,
      "metadata": {}
    },
    "1499679": {
      "id": "1499679",
      "title": "The End Of Camelot",
      "type": "CRD",
      "url": "https://tabs.ultimate-guitar.com/tab/peter-cetera/the-end-of-camelot-chords-1499679",
      "file_path": null,
      "metadata": {}
    },
    "1779365": {
      "id": "1779365",
      "title": "The Lucky Ones",
      "type": "CRD",
      "url": "https://tabs.ultimate-guitar.com/tab/peter-cetera/the-lucky-ones-chords-1779365",
      "file_path": null,
      "metadata": {}
    },
    "2767243": {
      "id": "2767243",
      "title": "The Next Time I Fall (ver 2)",
      "type": "CRD",
      "url": "https://tabs.ultimate-guitar.com/tab/peter-cetera/the-next-time-i-fall-chords-2767243",
      "file_path": null,
      "metadata": {}
    },
    "1488054": {
      "id": "1488054",
      "title": "Wake Up To Love",
      "type": "CRD",
      "url": "https://tabs.ultimate-guitar.com/tab/peter-cetera/wake-up-to-love-chords-1488054",
      "file_path": null,
      "metadata": {}
    },
    "1779341": {
      "id": "1779341",
      "title": "Wanna Be There",
      "type": "CRD",
      "url": "https://tabs.ultimate-guitar.com/tab/peter-cetera/wanna-be-there-chords-1779341",
      "file_path": null,
      "metadata": {}
    },
    "1499940": {
      "id": "1499940",
      "title": "Where Theres No Tomorrow",
      "type": "CRD",
      "url": "https://tabs.ultimate-guitar.com/tab/peter-cetera/where-theres-no-tomorrow-chords-1499940",
      "file_path": null,
      "metadata": {}
    },
    "1499876": {
      "id": "1499876",
      "title": "Wild Ways",
      "type": "CRD",
      "url": "https://tabs.ultimate-guitar.com/tab/peter-cetera/wild-ways-chords-1499876",
      "file_path": null,
      "metadata": {}
    },
    "1484498": {
      "id": "1484498",
      "title": "World Falling Down",
      "type": "CRD",
      "url": "https://tabs.ultimate-guitar.com/tab/peter-cetera/world-falling-down-chords-1484498",
      "file_path": null,
      "metadata": {}
    },
    "3080549": {
      "id": "3080549",
      "title": "Youre The Inspiration (ver 2)",
      "type": "CRD",
      "url": "https://tabs.ultimate-guitar.com/tab/peter-cetera/youre-the-inspiration-chords-3080549",
      "file_path": null,
      "metadata": {}
    }
  }
}