{
  "id": "108101",
  "name": "Пионерлагерь Пыльная Радуга",
  "url": "https://www.ultimate-guitar.com/artist/108101",
  "tabs": {
    "2167709": {
      "id": "2167709",
      "title": "Волшебный Цветок",
      "type": "PRO",
      "url": "https://tabs.ultimate-guitar.com/tab/2167709",
      "file_path": null,
      "metadata": {}
    },
    "2530239": {
      "id": "2530239",
      "title": "Дегенеративное Искусство",
      "type": "PRO",
      "url": "https://tabs.ultimate-guitar.com/tab/2530239",
      "file_path": null,
      "metadata": {}
    },
    "2842196": {
      "id": "2842196",
      "title": "Декабрь",
      "type": "CRD",
      "url": "https://tabs.ultimate-guitar.com/tab/2842196",
      "file_path": null,
      "metadata": {}
    },
    "3335846": {
      "id": "3335846",
      "title": "Для Всяких Бездомных Инопланетян",
      "type": "CRD",
      "url": "https://tabs.ultimate-guitar.com/tab/3335846",
      "file_path": null,
      "metadata": {}
    },
    "2870192": {
      "id": "2870192",
      "title": "Дуальный Пастор",
      "type": "CRD",
      "url": "https://tabs.ultimate-guitar.com/tab/2870192",
      "file_path": null,
      "metadata": {}
    },
    "2167711": {
      "id": "2167711",
      "title": "Дуальный Пастор",
      "type": "PRO",
      "url": "https://tabs.ultimate-guitar.com/tab/2167711",
      "file_path": null,
      "metadata": {}
    },
    "3798980": {
      "id": "3798980",
      "title": "Кавычки",
      "type": "CRD",
      "url": "https://tabs.ultimate-guitar.com/tab/3798980",
      "file_path": null,
      "metadata": {}
    },
    "5678441": {
      "id": "5678441",
      "title": "Космос Ближе",
      "type": "TAB",
      "url": "https://tabs.ultimate-guitar.com/tab/5678441",
      "file_path": null,
      "metadata": {}
    },
    "4654481": {
      "id": "4654481",
      "title": "Мало",
      "type": "PRO",
      "url": "https://tabs.ultimate-guitar.com/tab/4654481",
      "file_path": null,
      "metadata": {}
    },
    "2168265": {
      "id": "2168265",
      "title": "Март",
      "type": "PRO",
      "url": "https://tabs.ultimate-guitar.com/tab/2168265",
      "file_path": null,
      "metadata": {}
    },
    "3337736": {
      "id": "3337736",
      "title": "Облако И Дым",
      "type": "CRD",
      "url": "https://tabs.ultimate-guitar.com/tab/3337736",
      "file_path": null,
      "metadata": {}
    },
    "5009848": {
      "id": "5009848",
      "title": "Пионерлагерь",
      "type": "CRD",
      "url": "https://tabs.ultimate-guitar.com/tab/5009848",
      "file_path": null,
      "metadata": {}
    },
    "4596113": {
      "id": "4596113",
      "title": "Тяжело И Медленно",
      "type": "CRD",
      "url": "https://tabs.ultimate-guitar.com/tab/4596113",
      "file_path": null,
      "metadata": {}
    },
    "2167813": {
      "id": "2167813",
      "title": "Тяжело И Медленно",
      "type": "PRO",
      "url": "https://tabs.ultimate-guitar.com/tab/2167813",
      "file_path": null,
      "metadata": {}
    },
    "2152793": {
      "id": "2152793",
      "title": "Цветок",
      "type": "CRD",
      "url": "https://tabs.ultimate-guitar.com/tab/2152793",
      "file_path": null,
      "metadata": {}
    }
  }
}