{
  "id": "10016",
  "name": "Bruce Channel",
  "url": "https://www.ultimate-guitar.com/artist/bruce_channel_10016",
  "tabs": {
    "1108224": {
      "id": "1108224",
      "title": "Come On Baby",
      "type": "CRD",
      "url": "https://tabs.ultimate-guitar.com/tab/bruce-channel/come-on-baby-chords-1108224",
      "file_path": null,
      "metadata": {}
    },
    "1362648": {
      "id": "1362648",
      "title": "Come On Baby",
      "type": "UKE",
      "url": "https://tabs.ultimate-guitar.com/tab/bruce-channel/come-on-baby-ukulele-1362648",
      "file_path": null,
      "metadata": {}
    },
    "106041": {
      "id": "106041",
      "title": "Hey Baby",
      "type": "CRD",
      "url": "https://tabs.ultimate-guitar.com/tab/bruce-channel/hey-baby-chords-106041",
      "file_path": null,
      "metadata": {}
    },
    "621040": {
      "id": "621040",
      "title": "Hey Baby (ver 2)",
      "type": "CRD",
      "url": "https://tabs.ultimate-guitar.com/tab/bruce-channel/hey-baby-chords-621040",
      "file_path": null,
      "metadata": {}
    },
    "1046438": {
      "id": "1046438",
      "title": "Hey Baby (ver 3)",
      "type": "CRD",
      "url": "https://tabs.ultimate-guitar.com/tab/bruce-channel/hey-baby-chords-1046438",
      "file_path": null,
      "metadata": {}
    },
    "1718164": {
      "id": "1718164",
      "title": "Hey Baby (ver 4)",
      "type": "CRD",
      "url": "https://tabs.ultimate-guitar.com/tab/bruce-channel/hey-baby-chords-1718164",
      "file_path": null,
      "metadata": {}
    },
    "1786669": {
      "id": "1786669",
      "title": "Hey Baby (ver 5)",
      "type": "CRD",
      "url": "https://tabs.ultimate-guitar.com/tab/bruce-channel/hey-baby-chords-1786669",
      "file_path": null,
      "metadata": {}
    },
    "2471566": {
      "id": "2471566",
      "title": "Hey Baby",
      "type": "CRD",
      "url": "https://tabs.ultimate-guitar.com/tab/bruce-channel/hey-baby-chords-2471566",
      "file_path": null,
      "metadata": {}
    },
    "1702371": {
      "id": "1702371",
      "title": "Hey Baby",
      "type": "TAB",
      "url": "https://tabs.ultimate-guitar.com/tab/bruce-channel/hey-baby-tabs-1702371",
      "file_path": null,
      "metadata": {}
    },
    "1450573": {
      "id": "1450573",
      "title": "Hey Baby",
      "type": "PWR",
      "url": "https://tabs.ultimate-guitar.com/tab/bruce-channel/hey-baby-power-1450573",
      "file_path": null,
      "metadata": {}
    },
    "1702372": {
      "id": "1702372",
      "title": "Hey Baby",
      "type": "BASS",
      "url": "https://tabs.ultimate-guitar.com/tab/bruce-channel/hey-baby-bass-1702372",
      "file_path": null,
      "metadata": {}
    },
    "1969845": {
      "id": "1969845",
      "title": "Hey Baby (ver 2)",
      "type": "BASS",
      "url": "https://tabs.ultimate-guitar.com/tab/bruce-channel/hey-baby-bass-1969845",
      "file_path": null,
      "metadata": {}
    },
    "1343738": {
      "id": "1343738",
      "title": "Hey Baby",
      "type": "UKE",
      "url": "https://tabs.ultimate-guitar.com/tab/bruce-channel/hey-baby-ukulele-1343738",
      "file_path": null,
      "metadata": {}
    },
    "1084849": {
      "id": "1084849",
      "title": "Keep On",
      "type": "CRD",
      "url": "https://tabs.ultimate-guitar.com/tab/bruce-channel/keep-on-chords-1084849",
      "file_path": null,
      "metadata": {}
    },
    "1361088": {
      "id": "1361088",
      "title": "Keep On",
      "type": "UKE",
      "url": "https://tabs.ultimate-guitar.com/tab/bruce-channel/keep-on-ukulele-1361088",
      "file_path": null,
      "metadata": {}
    },
    "1467847": {
      "id": "1467847",
      "title": "Number One Man",
      "type": "CRD",
      "url": "https://tabs.ultimate-guitar.com/tab/bruce-channel/number-one-man-chords-1467847",
      "file_path": null,
      "metadata": {}
    }
  }
}