{
  "id": "10147",
  "name": "Fabrizio De André",
  "url": "https://www.ultimate-guitar.com/artist/10147",
  "tabs": {
    "846351": {
      "id": "846351",
      "title": "Via Del Campo",
      "type": "CRD",
      "url": "https://tabs.ultimate-guitar.com/tab/846351",
      "file_path": null,
      "metadata": {}
    },
    "1491509": {
      "id": "1491509",
      "title": "La Guerra Di Piero",
      "type": "CRD",
      "url": "https://tabs.ultimate-guitar.com/tab/1491509",
      "file_path": null,
      "metadata": {}
    },
    "1727959": {
      "id": "1727959",
      "title": "Bocca Di Rosa",
      "type": "CRD",
      "url": "https://tabs.ultimate-guitar.com/tab/1727959",
      "file_path": null,
      "metadata": {}
    },
    "847438": {
      "id": "847438",
      "title": "La Canzone Dellamore Perduto",
      "type": "CRD",
      "url": "https://tabs.ultimate-guitar.com/tab/847438",
      "file_path": null,
      "metadata": {}
    },
    "1017805": {
      "id": "1017805",
      "title": "Geordie",
      "type": "CRD",
      "url": "https://tabs.ultimate-guitar.com/tab/1017805",
      "file_path": null,
      "metadata": {}
    },
    "1768505": {
      "id": "1768505",
      "title": "Se Ti Tagliassero A Pezzetti",
      "type": "CRD",
      "url": "https://tabs.ultimate-guitar.com/tab/1768505",
      "file_path": null,
      "metadata": {}
    },
    "1501194": {
      "id": "1501194",
      "title": "Amore Che Vieni Amore Che Vai",
      "type": "CRD",
      "url": "https://tabs.ultimate-guitar.com/tab/1501194",
      "file_path": null,
      "metadata": {}
    },
    "705436": {
      "id": "705436",
      "title": "Andrea",
      "type": "CRD",
      "url": "https://tabs.ultimate-guitar.com/tab/705436",
      "file_path": null,
      "metadata": {}
    },
    "868948": {
      "id": "868948",
      "title": "Dolcenera",
      "type": "CRD",
      "url": "https://tabs.ultimate-guitar.com/tab/868948",
      "file_path": null,
      "metadata": {}
    },
    "66797": {
      "id": "66797",
      "title": "Fiume Sand Creek",
      "type": "CRD",
      "url": "https://tabs.ultimate-guitar.com/tab/66797",
      "file_path": null,
      "metadata": {}
    },
    "5846537": {
      "id": "5846537",
      "title": "Il Pescatore  Intro",
      "type": "TAB",
      "url": "https://tabs.ultimate-guitar.com/tab/5846537",
      "file_path": null,
      "metadata": {}
    },
    "3318026": {
      "id": "3318026",
      "title": "Davvero Davvero",
      "type": "CRD",
      "url": "https://tabs.ultimate-guitar.com/tab/mauro-pagani/davvero-davvero-chords-3318026",
      "file_path": null,
      "metadata": {}
    },
    "3681659": {
      "id": "3681659",
      "title": "La Fiera Della Maddalena",
      "type": "CRD",
      "url": "https://tabs.ultimate-guitar.com/tab/max-manfredi/la-fiera-della-maddalena-chords-3681659",
      "file_path": null,
      "metadata": {}
    },
    "2315927": {
      "id": "2315927",
      "title": "A Çimma",
      "type": "CRD",
      "url": "https://tabs.ultimate-guitar.com/tab/2315927",
      "file_path": null,
      "metadata": {}
    },
    "3969676": {
      "id": "3969676",
      "title": "A Cumba",
      "type": "CRD",
      "url": "https://tabs.ultimate-guitar.com/tab/3969676",
      "file_path": null,
      "metadata": {}
    },
    "2315947": {
      "id": "2315947",
      "title": "A Dumenega",
      "type": "CRD",
      "url": "https://tabs.ultimate-guitar.com/tab/2315947",
      "file_path": null,
      "metadata": {}
    },
    "2917253": {
      "id": "2917253",
      "title": "A Pittima",
      "type": "CRD",
      "url": "https://tabs.ultimate-guitar.com/tab/2917253",
      "file_path": null,
      "metadata": {}
    },
    "1902456": {
      "id": "1902456",
      "title": "Al Ballo Mascherato",
      "type": "CRD",
      "url": "https://tabs.ultimate-guitar.com/tab/1902456",
      "file_path": null,
      "metadata": {}
    },
    "2368167": {
      "id": "2368167",
      "title": "Al Ballo Mascherato (ver 2)",
      "type": "CRD",
      "url": "https://tabs.ultimate-guitar.com/tab/2368167",
      "file_path": null,
      "metadata": {}
    },
    "544890": {
      "id": "544890",
      "title": "Amico Fragile",
      "type": "CRD",
      "url": "https://tabs.ultimate-guitar.com/tab/544890",
      "file_path": null,
      "metadata": {}
    },
    "1297501": {
      "id": "1297501",
      "title": "Amico Fragile",
      "type": "UKE",
      "url": "https://tabs.ultimate-guitar.com/tab/1297501",
      "file_path": null,
      "metadata": {}
    },
    "2171407": {
      "id": "2171407",
      "title": "Amico Fragile (ver 2)",
      "type": "UKE",
      "url": "https://tabs.ultimate-guitar.com/tab/2171407",
      "file_path": null,
      "metadata": {}
    },
    "2315953": {
      "id": "2315953",
      "title": "Amore Che Vieni Amore Che Vai (ver 2)",
      "type": "CRD",
      "url": "https://tabs.ultimate-guitar.com/tab/2315953",
      "file_path": null,
      "metadata": {}
    },
    "3725195": {
      "id": "3725195",
      "title": "Amore Che Vieni Amore Che Vai (ver 3)",
      "type": "CRD",
      "url": "https://tabs.ultimate-guitar.com/tab/3725195",
      "file_path": null,
      "metadata": {}
    },
    "4961059": {
      "id": "4961059",
      "title": "Amore Che Vieni Amore Che Vai",
      "type": "PRO",
      "url": "https://tabs.ultimate-guitar.com/tab/4961059",
      "file_path": null,
      "metadata": {}
    },
    "2171409": {
      "id": "2171409",
      "title": "Amore Che Vieni Amore Che Vai",
      "type": "UKE",
      "url": "https://tabs.ultimate-guitar.com/tab/2171409",
      "file_path": null,
      "metadata": {}
    },
    "2427593": {
      "id": "2427593",
      "title": "Andrea (ver 2)",
      "type": "CRD",
      "url": "https://tabs.ultimate-guitar.com/tab/2427593",
      "file_path": null,
      "metadata": {}
    },
    "3413732": {
      "id": "3413732",
      "title": "Andrea",
      "type": "PRO",
      "url": "https://tabs.ultimate-guitar.com/tab/3413732",
      "file_path": null,
      "metadata": {}
    },
    "2786035": {
      "id": "2786035",
      "title": "Anime Salve",
      "type": "CRD",
      "url": "https://tabs.ultimate-guitar.com/tab/2786035",
      "file_path": null,
      "metadata": {}
    },
    "1799497": {
      "id": "1799497",
      "title": "Ave Maria",
      "type": "CRD",
      "url": "https://tabs.ultimate-guitar.com/tab/1799497",
      "file_path": null,
      "metadata": {}
    },
    "2959862": {
      "id": "2959862",
      "title": "Ave Maria Deus Te Salvet Maria",
      "type": "CRD",
      "url": "https://tabs.ultimate-guitar.com/tab/2959862",
      "file_path": null,
      "metadata": {}
    },
    "2368187": {
      "id": "2368187",
      "title": "Avventura A Durango",
      "type": "CRD",
      "url": "https://tabs.ultimate-guitar.com/tab/2368187",
      "file_path": null,
      "metadata": {}
    },
    "1902463": {
      "id": "1902463",
      "title": "Ballata Degli Impiccati",
      "type": "CRD",
      "url": "https://tabs.ultimate-guitar.com/tab/1902463",
      "file_path": null,
      "metadata": {}
    },
    "2255281": {
      "id": "2255281",
      "title": "Ballata Degli Impiccati",
      "type": "PRO",
      "url": "https://tabs.ultimate-guitar.com/tab/2255281",
      "file_path": null,
      "metadata": {}
    },
    "2329369": {
      "id": "2329369",
      "title": "Bocca Di Rosa (ver 2)",
      "type": "CRD",
      "url": "https://tabs.ultimate-guitar.com/tab/2329369",
      "file_path": null,
      "metadata": {}
    },
    "4596803": {
      "id": "4596803",
      "title": "Bocca Di Rosa  Solo",
      "type": "TAB",
      "url": "https://tabs.ultimate-guitar.com/tab/4596803",
      "file_path": null,
      "metadata": {}
    },
    "1466395": {
      "id": "1466395",
      "title": "Bocca Di Rosa",
      "type": "TAB",
      "url": "https://tabs.ultimate-guitar.com/tab/1466395",
      "file_path": null,
      "metadata": {}
    },
    "1727069": {
      "id": "1727069",
      "title": "Bocca Di Rosa (ver 2)",
      "type": "TAB",
      "url": "https://tabs.ultimate-guitar.com/tab/1727069",
      "file_path": null,
      "metadata": {}
    },
    "2323475": {
      "id": "2323475",
      "title": "Bocca Di Rosa (ver 3)",
      "type": "TAB",
      "url": "https://tabs.ultimate-guitar.com/tab/2323475",
      "file_path": null,
      "metadata": {}
    },
    "1261668": {
      "id": "1261668",
      "title": "Bocca Di Rosa",
      "type": "UKE",
      "url": "https://tabs.ultimate-guitar.com/tab/1261668",
      "file_path": null,
      "metadata": {}
    },
    "2171411": {
      "id": "2171411",
      "title": "Bocca Di Rosa (ver 2)",
      "type": "UKE",
      "url": "https://tabs.ultimate-guitar.com/tab/2171411",
      "file_path": null,
      "metadata": {}
    },
    "1905022": {
      "id": "1905022",
      "title": "Cantico Dei Drogati",
      "type": "CRD",
      "url": "https://tabs.ultimate-guitar.com/tab/1905022",
      "file_path": null,
      "metadata": {}
    },
    "1156937": {
      "id": "1156937",
      "title": "Canto Del Servo Pastore",
      "type": "CRD",
      "url": "https://tabs.ultimate-guitar.com/tab/1156937",
      "file_path": null,
      "metadata": {}
    },
    "2820239": {
      "id": "2820239",
      "title": "Canto Del Servo Pastore (ver 2)",
      "type": "CRD",
      "url": "https://tabs.ultimate-guitar.com/tab/2820239",
      "file_path": null,
      "metadata": {}
    },
    "1375717": {
      "id": "1375717",
      "title": "Canto Del Servo Pastore",
      "type": "UKE",
      "url": "https://tabs.ultimate-guitar.com/tab/1375717",
      "file_path": null,
      "metadata": {}
    },
    "1838333": {
      "id": "1838333",
      "title": "Canzone Del Maggio",
      "type": "CRD",
      "url": "https://tabs.ultimate-guitar.com/tab/1838333",
      "file_path": null,
      "metadata": {}
    },
    "1844760": {
      "id": "1844760",
      "title": "Canzone Del Maggio (ver 2)",
      "type": "CRD",
      "url": "https://tabs.ultimate-guitar.com/tab/1844760",
      "file_path": null,
      "metadata": {}
    },
    "2902529": {
      "id": "2902529",
      "title": "Canzone Del Maggio (ver 3)",
      "type": "CRD",
      "url": "https://tabs.ultimate-guitar.com/tab/2902529",
      "file_path": null,
      "metadata": {}
    },
    "2126245": {
      "id": "2126245",
      "title": "Canzone Del Padre",
      "type": "CRD",
      "url": "https://tabs.ultimate-guitar.com/tab/2126245",
      "file_path": null,
      "metadata": {}
    },
    "1291387": {
      "id": "1291387",
      "title": "Canzone Del Padre",
      "type": "UKE",
      "url": "https://tabs.ultimate-guitar.com/tab/1291387",
      "file_path": null,
      "metadata": {}
    },
    "1808986": {
      "id": "1808986",
      "title": "Canzone Per Lestate",
      "type": "CRD",
      "url": "https://tabs.ultimate-guitar.com/tab/1808986",
      "file_path": null,
      "metadata": {}
    },
    "2171413": {
      "id": "2171413",
      "title": "Carlo Martello",
      "type": "UKE",
      "url": "https://tabs.ultimate-guitar.com/tab/2171413",
      "file_path": null,
      "metadata": {}
    },
    "1501197": {
      "id": "1501197",
      "title": "Carlo Martello Ritorna Dalla Battaglia Di Poitiers",
      "type": "CRD",
      "url": "https://tabs.ultimate-guitar.com/tab/1501197",
      "file_path": null,
      "metadata": {}
    },
    "2917760": {
      "id": "2917760",
      "title": "Carlo Martello Ritorna Dalla Battaglia Di Poitiers (ver 2)",
      "type": "CRD",
      "url": "https://tabs.ultimate-guitar.com/tab/2917760",
      "file_path": null,
      "metadata": {}
    },
    "3509609": {
      "id": "3509609",
      "title": "Carlo Martello Ritorna Dalla Battaglia Di Poitiers",
      "type": "TAB",
      "url": "https://tabs.ultimate-guitar.com/tab/3509609",
      "file_path": null,
      "metadata": {}
    },
    "2343963": {
      "id": "2343963",
      "title": "Carlo Martello Ritorna Dalla Battaglia Di Poitiers",
      "type": "PRO",
      "url": "https://tabs.ultimate-guitar.com/tab/2343963",
      "file_path": null,
      "metadata": {}
    },
    "2558133": {
      "id": "2558133",
      "title": "Caro Amore",
      "type": "CRD",
      "url": "https://tabs.ultimate-guitar.com/tab/2558133",
      "file_path": null,
      "metadata": {}
    },
    "4587038": {
      "id": "4587038",
      "title": "Cielito Lindo",
      "type": "CRD",
      "url": "https://tabs.ultimate-guitar.com/tab/4587038",
      "file_path": null,
      "metadata": {}
    },
    "2368219": {
      "id": "2368219",
      "title": "Coda Di Lupo",
      "type": "CRD",
      "url": "https://tabs.ultimate-guitar.com/tab/2368219",
      "file_path": null,
      "metadata": {}
    },
    "2906210": {
      "id": "2906210",
      "title": "Coda Di Lupo (ver 2)",
      "type": "CRD",
      "url": "https://tabs.ultimate-guitar.com/tab/2906210",
      "file_path": null,
      "metadata": {}
    },
    "507856": {
      "id": "507856",
      "title": "Coda Di Lupo",
      "type": "PRO",
      "url": "https://tabs.ultimate-guitar.com/tab/507856",
      "file_path": null,
      "metadata": {}
    },
    "2959874": {
      "id": "2959874",
      "title": "Creuza De Ma",
      "type": "CRD",
      "url": "https://tabs.ultimate-guitar.com/tab/2959874",
      "file_path": null,
      "metadata": {}
    },
    "3931676": {
      "id": "3931676",
      "title": "Da A Me Riva",
      "type": "CRD",
      "url": "https://tabs.ultimate-guitar.com/tab/3931676",
      "file_path": null,
      "metadata": {}
    },
    "5521488": {
      "id": "5521488",
      "title": "Dai Monti Della Savoia",
      "type": "CRD",
      "url": "https://tabs.ultimate-guitar.com/tab/5521488",
      "file_path": null,
      "metadata": {}
    },
    "1962511": {
      "id": "1962511",
      "title": "Delitto Di Paese",
      "type": "CRD",
      "url": "https://tabs.ultimate-guitar.com/tab/1962511",
      "file_path": null,
      "metadata": {}
    },
    "1310678": {
      "id": "1310678",
      "title": "Delitto Di Paese",
      "type": "UKE",
      "url": "https://tabs.ultimate-guitar.com/tab/1310678",
      "file_path": null,
      "metadata": {}
    },
    "4156906": {
      "id": "4156906",
      "title": "Deus Ti Salvet Maria",
      "type": "CRD",
      "url": "https://tabs.ultimate-guitar.com/tab/4156906",
      "file_path": null,
      "metadata": {}
    },
    "1838350": {
      "id": "1838350",
      "title": "Disamistade",
      "type": "CRD",
      "url": "https://tabs.ultimate-guitar.com/tab/1838350",
      "file_path": null,
      "metadata": {}
    },
    "2368223": {
      "id": "2368223",
      "title": "Dolce Luna",
      "type": "CRD",
      "url": "https://tabs.ultimate-guitar.com/tab/2368223",
      "file_path": null,
      "metadata": {}
    },
    "2508537": {
      "id": "2508537",
      "title": "Dolcenera  Solo",
      "type": "TAB",
      "url": "https://tabs.ultimate-guitar.com/tab/2508537",
      "file_path": null,
      "metadata": {}
    },
    "2254721": {
      "id": "2254721",
      "title": "Dolcenera",
      "type": "PRO",
      "url": "https://tabs.ultimate-guitar.com/tab/2254721",
      "file_path": null,
      "metadata": {}
    },
    "1329665": {
      "id": "1329665",
      "title": "Dolcenera",
      "type": "UKE",
      "url": "https://tabs.ultimate-guitar.com/tab/1329665",
      "file_path": null,
      "metadata": {}
    },
    "1502330": {
      "id": "1502330",
      "title": "Don Raffaè",
      "type": "CRD",
      "url": "https://tabs.ultimate-guitar.com/tab/1502330",
      "file_path": null,
      "metadata": {}
    },
    "1814191": {
      "id": "1814191",
      "title": "Don Raffaè (ver 2)",
      "type": "CRD",
      "url": "https://tabs.ultimate-guitar.com/tab/1814191",
      "file_path": null,
      "metadata": {}
    },
    "3816572": {
      "id": "3816572",
      "title": "Don Raffaè  Intro",
      "type": "TAB",
      "url": "https://tabs.ultimate-guitar.com/tab/3816572",
      "file_path": null,
      "metadata": {}
    },
    "1057859": {
      "id": "1057859",
      "title": "Don Raffaè",
      "type": "TAB",
      "url": "https://tabs.ultimate-guitar.com/tab/1057859",
      "file_path": null,
      "metadata": {}
    },
    "512246": {
      "id": "512246",
      "title": "Don Raffaè  Intro",
      "type": "PRO",
      "url": "https://tabs.ultimate-guitar.com/tab/512246",
      "file_path": null,
      "metadata": {}
    },
    "1510767": {
      "id": "1510767",
      "title": "Don Raffaè",
      "type": "PRO",
      "url": "https://tabs.ultimate-guitar.com/tab/1510767",
      "file_path": null,
      "metadata": {}
    },
    "1902460": {
      "id": "1902460",
      "title": "E Fu La Notte",
      "type": "CRD",
      "url": "https://tabs.ultimate-guitar.com/tab/1902460",
      "file_path": null,
      "metadata": {}
    },
    "2528859": {
      "id": "2528859",
      "title": "Fila La Lana",
      "type": "CRD",
      "url": "https://tabs.ultimate-guitar.com/tab/2528859",
      "file_path": null,
      "metadata": {}
    },
    "3462641": {
      "id": "3462641",
      "title": "Fila La Lana (ver 2)",
      "type": "CRD",
      "url": "https://tabs.ultimate-guitar.com/tab/3462641",
      "file_path": null,
      "metadata": {}
    },
    "5390976": {
      "id": "5390976",
      "title": "Fiume Sand Creek  Intro",
      "type": "PRO",
      "url": "https://tabs.ultimate-guitar.com/tab/5390976",
      "file_path": null,
      "metadata": {}
    },
    "1141798": {
      "id": "1141798",
      "title": "Fiume Sand Creek",
      "type": "PRO",
      "url": "https://tabs.ultimate-guitar.com/tab/1141798",
      "file_path": null,
      "metadata": {}
    },
    "686905": {
      "id": "686905",
      "title": "Fiume Sand Creek",
      "type": "BASS",
      "url": "https://tabs.ultimate-guitar.com/tab/686905",
      "file_path": null,
      "metadata": {}
    },
    "1261669": {
      "id": "1261669",
      "title": "Fiume Sand Creek",
      "type": "UKE",
      "url": "https://tabs.ultimate-guitar.com/tab/1261669",
      "file_path": null,
      "metadata": {}
    },
    "2171415": {
      "id": "2171415",
      "title": "Fiume Sand Creek (ver 2)",
      "type": "UKE",
      "url": "https://tabs.ultimate-guitar.com/tab/2171415",
      "file_path": null,
      "metadata": {}
    },
    "2232459": {
      "id": "2232459",
      "title": "Folaghe  Solo",
      "type": "TAB",
      "url": "https://tabs.ultimate-guitar.com/tab/2232459",
      "file_path": null,
      "metadata": {}
    },
    "2615772": {
      "id": "2615772",
      "title": "Franziska",
      "type": "CRD",
      "url": "https://tabs.ultimate-guitar.com/tab/2615772",
      "file_path": null,
      "metadata": {}
    },
    "4669478": {
      "id": "4669478",
      "title": "Geordie (ver 2)",
      "type": "CRD",
      "url": "https://tabs.ultimate-guitar.com/tab/4669478",
      "file_path": null,
      "metadata": {}
    },
    "3269375": {
      "id": "3269375",
      "title": "Geordie  Intro",
      "type": "TAB",
      "url": "https://tabs.ultimate-guitar.com/tab/3269375",
      "file_path": null,
      "metadata": {}
    },
    "521936": {
      "id": "521936",
      "title": "Geordie",
      "type": "TAB",
      "url": "https://tabs.ultimate-guitar.com/tab/521936",
      "file_path": null,
      "metadata": {}
    },
    "2270421": {
      "id": "2270421",
      "title": "Geordie",
      "type": "TAB",
      "url": "https://tabs.ultimate-guitar.com/tab/2270421",
      "file_path": null,
      "metadata": {}
    },
    "1141799": {
      "id": "1141799",
      "title": "Geordie",
      "type": "PRO",
      "url": "https://tabs.ultimate-guitar.com/tab/1141799",
      "file_path": null,
      "metadata": {}
    },
    "1348966": {
      "id": "1348966",
      "title": "Geordie",
      "type": "UKE",
      "url": "https://tabs.ultimate-guitar.com/tab/1348966",
      "file_path": null,
      "metadata": {}
    },
    "2171417": {
      "id": "2171417",
      "title": "Geordie (ver 2)",
      "type": "UKE",
      "url": "https://tabs.ultimate-guitar.com/tab/2171417",
      "file_path": null,
      "metadata": {}
    },
    "1799388": {
      "id": "1799388",
      "title": "Giovanna Darco",
      "type": "CRD",
      "url": "https://tabs.ultimate-guitar.com/tab/1799388",
      "file_path": null,
      "metadata": {}
    },
    "1836586": {
      "id": "1836586",
      "title": "Girotondo",
      "type": "CRD",
      "url": "https://tabs.ultimate-guitar.com/tab/1836586",
      "file_path": null,
      "metadata": {}
    },
    "3891224": {
      "id": "3891224",
      "title": "Girotondo (ver 2)",
      "type": "CRD",
      "url": "https://tabs.ultimate-guitar.com/tab/3891224",
      "file_path": null,
      "metadata": {}
    },
    "2361299": {
      "id": "2361299",
      "title": "Giugno 73",
      "type": "CRD",
      "url": "https://tabs.ultimate-guitar.com/tab/2361299",
      "file_path": null,
      "metadata": {}
    },
    "14708": {
      "id": "14708",
      "title": "Ho Visto Nina Volare",
      "type": "CRD",
      "url": "https://tabs.ultimate-guitar.com/tab/14708",
      "file_path": null,
      "metadata": {}
    },
    "66798": {
      "id": "66798",
      "title": "Ho Visto Nina Volare",
      "type": "TAB",
      "url": "https://tabs.ultimate-guitar.com/tab/66798",
      "file_path": null,
      "metadata": {}
    },
    "1253992": {
      "id": "1253992",
      "title": "Ho Visto Nina Volare",
      "type": "UKE",
      "url": "https://tabs.ultimate-guitar.com/tab/1253992",
      "file_path": null,
      "metadata": {}
    },
    "1838804": {
      "id": "1838804",
      "title": "Hotel Supramonte",
      "type": "CRD",
      "url": "https://tabs.ultimate-guitar.com/tab/1838804",
      "file_path": null,
      "metadata": {}
    },
    "419027": {
      "id": "419027",
      "title": "Hotel Supramonte",
      "type": "PRO",
      "url": "https://tabs.ultimate-guitar.com/tab/419027",
      "file_path": null,
      "metadata": {}
    },
    "513365": {
      "id": "513365",
      "title": "Hotel Supramonte (ver 2)",
      "type": "PRO",
      "url": "https://tabs.ultimate-guitar.com/tab/513365",
      "file_path": null,
      "metadata": {}
    },
    "4132456": {
      "id": "4132456",
      "title": "I Carbonari",
      "type": "CRD",
      "url": "https://tabs.ultimate-guitar.com/tab/4132456",
      "file_path": null,
      "metadata": {}
    },
    "1798979": {
      "id": "1798979",
      "title": "Il Bombarolo",
      "type": "CRD",
      "url": "https://tabs.ultimate-guitar.com/tab/1798979",
      "file_path": null,
      "metadata": {}
    },
    "2716152": {
      "id": "2716152",
      "title": "Il Bombarolo (ver 2)",
      "type": "CRD",
      "url": "https://tabs.ultimate-guitar.com/tab/2716152",
      "file_path": null,
      "metadata": {}
    },
    "418057": {
      "id": "418057",
      "title": "Il Bombarolo",
      "type": "PRO",
      "url": "https://tabs.ultimate-guitar.com/tab/418057",
      "file_path": null,
      "metadata": {}
    },
    "797188": {
      "id": "797188",
      "title": "Il Bombarolo (ver 2)",
      "type": "PRO",
      "url": "https://tabs.ultimate-guitar.com/tab/797188",
      "file_path": null,
      "metadata": {}
    },
    "1836579": {
      "id": "1836579",
      "title": "Il Cantico Dei Drogati",
      "type": "CRD",
      "url": "https://tabs.ultimate-guitar.com/tab/1836579",
      "file_path": null,
      "metadata": {}
    },
    "2600838": {
      "id": "2600838",
      "title": "Il Cantico Dei Drogati",
      "type": "UKE",
      "url": "https://tabs.ultimate-guitar.com/tab/2600838",
      "file_path": null,
      "metadata": {}
    },
    "1906467": {
      "id": "1906467",
      "title": "Il Fannullone",
      "type": "CRD",
      "url": "https://tabs.ultimate-guitar.com/tab/1906467",
      "file_path": null,
      "metadata": {}
    },
    "1502326": {
      "id": "1502326",
      "title": "Il Gorilla",
      "type": "CRD",
      "url": "https://tabs.ultimate-guitar.com/tab/1502326",
      "file_path": null,
      "metadata": {}
    },
    "1918041": {
      "id": "1918041",
      "title": "Il Gorilla (ver 2)",
      "type": "CRD",
      "url": "https://tabs.ultimate-guitar.com/tab/1918041",
      "file_path": null,
      "metadata": {}
    },
    "1754033": {
      "id": "1754033",
      "title": "Il Pescatore",
      "type": "CRD",
      "url": "https://tabs.ultimate-guitar.com/tab/1754033",
      "file_path": null,
      "metadata": {}
    },
    "2959919": {
      "id": "2959919",
      "title": "Il Pescatore (ver 2)",
      "type": "CRD",
      "url": "https://tabs.ultimate-guitar.com/tab/2959919",
      "file_path": null,
      "metadata": {}
    },
    "3067175": {
      "id": "3067175",
      "title": "Il Pescatore",
      "type": "CRD",
      "url": "https://tabs.ultimate-guitar.com/tab/3067175",
      "file_path": null,
      "metadata": {}
    },
    "2322945": {
      "id": "2322945",
      "title": "Il Pescatore Intro",
      "type": "BASS",
      "url": "https://tabs.ultimate-guitar.com/tab/2322945",
      "file_path": null,
      "metadata": {}
    },
    "3514550": {
      "id": "3514550",
      "title": "Il Re Fa Rullare I Tamburi",
      "type": "CRD",
      "url": "https://tabs.ultimate-guitar.com/tab/3514550",
      "file_path": null,
      "metadata": {}
    },
    "2786071": {
      "id": "2786071",
      "title": "Il Ritorno Di Giuseppe",
      "type": "CRD",
      "url": "https://tabs.ultimate-guitar.com/tab/2786071",
      "file_path": null,
      "metadata": {}
    },
    "2404787": {
      "id": "2404787",
      "title": "Il Sogno Di Maria",
      "type": "CRD",
      "url": "https://tabs.ultimate-guitar.com/tab/2404787",
      "file_path": null,
      "metadata": {}
    },
    "1094291": {
      "id": "1094291",
      "title": "Il Sogno Di Maria",
      "type": "PRO",
      "url": "https://tabs.ultimate-guitar.com/tab/1094291",
      "file_path": null,
      "metadata": {}
    },
    "1798485": {
      "id": "1798485",
      "title": "Il Suonatore Jones",
      "type": "CRD",
      "url": "https://tabs.ultimate-guitar.com/tab/1798485",
      "file_path": null,
      "metadata": {}
    },
    "2931437": {
      "id": "2931437",
      "title": "Il Suonatore Jones  Solo",
      "type": "TAB",
      "url": "https://tabs.ultimate-guitar.com/tab/2931437",
      "file_path": null,
      "metadata": {}
    },
    "2451229": {
      "id": "2451229",
      "title": "Il Suonatore Jones  Intro",
      "type": "TAB",
      "url": "https://tabs.ultimate-guitar.com/tab/2451229",
      "file_path": null,
      "metadata": {}
    },
    "1319397": {
      "id": "1319397",
      "title": "Il Suonatore Jones",
      "type": "UKE",
      "url": "https://tabs.ultimate-guitar.com/tab/1319397",
      "file_path": null,
      "metadata": {}
    },
    "1836568": {
      "id": "1836568",
      "title": "Il Testamento",
      "type": "CRD",
      "url": "https://tabs.ultimate-guitar.com/tab/1836568",
      "file_path": null,
      "metadata": {}
    },
    "2710263": {
      "id": "2710263",
      "title": "Il Testamento (ver 2)",
      "type": "CRD",
      "url": "https://tabs.ultimate-guitar.com/tab/2710263",
      "file_path": null,
      "metadata": {}
    },
    "2383989": {
      "id": "2383989",
      "title": "Il Testamento  Intro",
      "type": "TAB",
      "url": "https://tabs.ultimate-guitar.com/tab/2383989",
      "file_path": null,
      "metadata": {}
    },
    "1147376": {
      "id": "1147376",
      "title": "Il Testamento",
      "type": "PRO",
      "url": "https://tabs.ultimate-guitar.com/tab/1147376",
      "file_path": null,
      "metadata": {}
    },
    "1294203": {
      "id": "1294203",
      "title": "Il Testamento",
      "type": "UKE",
      "url": "https://tabs.ultimate-guitar.com/tab/1294203",
      "file_path": null,
      "metadata": {}
    },
    "2171419": {
      "id": "2171419",
      "title": "Il Testamento (ver 2)",
      "type": "UKE",
      "url": "https://tabs.ultimate-guitar.com/tab/2171419",
      "file_path": null,
      "metadata": {}
    },
    "1902100": {
      "id": "1902100",
      "title": "Il Testamento Di Tito",
      "type": "CRD",
      "url": "https://tabs.ultimate-guitar.com/tab/1902100",
      "file_path": null,
      "metadata": {}
    },
    "2495142": {
      "id": "2495142",
      "title": "Il Testamento Di Tito (ver 2)",
      "type": "CRD",
      "url": "https://tabs.ultimate-guitar.com/tab/2495142",
      "file_path": null,
      "metadata": {}
    },
    "2957159": {
      "id": "2957159",
      "title": "Il Testamento Di Tito (ver 3)",
      "type": "CRD",
      "url": "https://tabs.ultimate-guitar.com/tab/2957159",
      "file_path": null,
      "metadata": {}
    },
    "417996": {
      "id": "417996",
      "title": "Il Testamento Di Tito",
      "type": "PRO",
      "url": "https://tabs.ultimate-guitar.com/tab/417996",
      "file_path": null,
      "metadata": {}
    },
    "1122660": {
      "id": "1122660",
      "title": "Il Testamento Di Tito (ver 2)",
      "type": "PRO",
      "url": "https://tabs.ultimate-guitar.com/tab/1122660",
      "file_path": null,
      "metadata": {}
    },
    "1501192": {
      "id": "1501192",
      "title": "Inverno",
      "type": "CRD",
      "url": "https://tabs.ultimate-guitar.com/tab/1501192",
      "file_path": null,
      "metadata": {}
    },
    "1799210": {
      "id": "1799210",
      "title": "Khorakhané",
      "type": "CRD",
      "url": "https://tabs.ultimate-guitar.com/tab/1799210",
      "file_path": null,
      "metadata": {}
    },
    "4778669": {
      "id": "4778669",
      "title": "Khorakhané A Forza Di Essere Vento",
      "type": "CRD",
      "url": "https://tabs.ultimate-guitar.com/tab/4778669",
      "file_path": null,
      "metadata": {}
    },
    "3099602": {
      "id": "3099602",
      "title": "La Ballata Degli Impiccati",
      "type": "CRD",
      "url": "https://tabs.ultimate-guitar.com/tab/3099602",
      "file_path": null,
      "metadata": {}
    },
    "1798653": {
      "id": "1798653",
      "title": "La Ballata Del Miché",
      "type": "CRD",
      "url": "https://tabs.ultimate-guitar.com/tab/1798653",
      "file_path": null,
      "metadata": {}
    },
    "544889": {
      "id": "544889",
      "title": "La Ballata Del Miché",
      "type": "PRO",
      "url": "https://tabs.ultimate-guitar.com/tab/544889",
      "file_path": null,
      "metadata": {}
    },
    "1814478": {
      "id": "1814478",
      "title": "La Ballata Dell Amore Cieco O Della Vanità",
      "type": "CRD",
      "url": "https://tabs.ultimate-guitar.com/tab/1814478",
      "file_path": null,
      "metadata": {}
    },
    "3067439": {
      "id": "3067439",
      "title": "La Ballata Dell Amore Cieco O Della Vanità (ver 2)",
      "type": "CRD",
      "url": "https://tabs.ultimate-guitar.com/tab/3067439",
      "file_path": null,
      "metadata": {}
    },
    "3067409": {
      "id": "3067409",
      "title": "La Ballata Dell Amore Cieco O Della Vanità (ver 3)",
      "type": "CRD",
      "url": "https://tabs.ultimate-guitar.com/tab/3067409",
      "file_path": null,
      "metadata": {}
    },
    "4962430": {
      "id": "4962430",
      "title": "La Ballata Dell Amore Cieco O Della Vanità",
      "type": "PRO",
      "url": "https://tabs.ultimate-guitar.com/tab/4962430",
      "file_path": null,
      "metadata": {}
    },
    "418055": {
      "id": "418055",
      "title": "La Ballata Dellamore Perduto",
      "type": "PRO",
      "url": "https://tabs.ultimate-guitar.com/tab/418055",
      "file_path": null,
      "metadata": {}
    },
    "1906881": {
      "id": "1906881",
      "title": "La Ballata Delleroe",
      "type": "CRD",
      "url": "https://tabs.ultimate-guitar.com/tab/1906881",
      "file_path": null,
      "metadata": {}
    },
    "1889863": {
      "id": "1889863",
      "title": "La Bomba In Testa",
      "type": "CRD",
      "url": "https://tabs.ultimate-guitar.com/tab/1889863",
      "file_path": null,
      "metadata": {}
    },
    "1772261": {
      "id": "1772261",
      "title": "La Canzone Del Padre",
      "type": "CRD",
      "url": "https://tabs.ultimate-guitar.com/tab/1772261",
      "file_path": null,
      "metadata": {}
    },
    "2254175": {
      "id": "2254175",
      "title": "La Canzone Del Padre",
      "type": "PRO",
      "url": "https://tabs.ultimate-guitar.com/tab/2254175",
      "file_path": null,
      "metadata": {}
    },
    "5727107": {
      "id": "5727107",
      "title": "La Canzone Dell Amore Perduto",
      "type": "CRD",
      "url": "https://tabs.ultimate-guitar.com/tab/5727107",
      "file_path": null,
      "metadata": {}
    },
    "2673867": {
      "id": "2673867",
      "title": "La Canzone Dell Amore Perduto  Intro",
      "type": "TAB",
      "url": "https://tabs.ultimate-guitar.com/tab/2673867",
      "file_path": null,
      "metadata": {}
    },
    "3582986": {
      "id": "3582986",
      "title": "La Canzone Dell Amore Perduto (ver 2) Intro",
      "type": "TAB",
      "url": "https://tabs.ultimate-guitar.com/tab/3582986",
      "file_path": null,
      "metadata": {}
    },
    "4846073": {
      "id": "4846073",
      "title": "La Canzone Dell Amore Perduto",
      "type": "UKE",
      "url": "https://tabs.ultimate-guitar.com/tab/4846073",
      "file_path": null,
      "metadata": {}
    },
    "2135129": {
      "id": "2135129",
      "title": "La Canzone Dellamore Perduto",
      "type": "CRD",
      "url": "https://tabs.ultimate-guitar.com/tab/2135129",
      "file_path": null,
      "metadata": {}
    },
    "2326395": {
      "id": "2326395",
      "title": "La Canzone Dellamore Perduto",
      "type": "TAB",
      "url": "https://tabs.ultimate-guitar.com/tab/2326395",
      "file_path": null,
      "metadata": {}
    },
    "4418357": {
      "id": "4418357",
      "title": "La Canzone Dellamore Perduto",
      "type": "PRO",
      "url": "https://tabs.ultimate-guitar.com/tab/4418357",
      "file_path": null,
      "metadata": {}
    },
    "4961314": {
      "id": "4961314",
      "title": "La Canzone Dellamore Perduto (ver 2)",
      "type": "PRO",
      "url": "https://tabs.ultimate-guitar.com/tab/4961314",
      "file_path": null,
      "metadata": {}
    },
    "2143337": {
      "id": "2143337",
      "title": "La Canzone Dellamore Perduto",
      "type": "BASS",
      "url": "https://tabs.ultimate-guitar.com/tab/2143337",
      "file_path": null,
      "metadata": {}
    },
    "2523291": {
      "id": "2523291",
      "title": "La Canzone Di Barbara",
      "type": "CRD",
      "url": "https://tabs.ultimate-guitar.com/tab/2523291",
      "file_path": null,
      "metadata": {}
    },
    "1838436": {
      "id": "1838436",
      "title": "La Canzone Di Marinella",
      "type": "CRD",
      "url": "https://tabs.ultimate-guitar.com/tab/1838436",
      "file_path": null,
      "metadata": {}
    },
    "2382109": {
      "id": "2382109",
      "title": "La Canzone Di Marinella",
      "type": "PRO",
      "url": "https://tabs.ultimate-guitar.com/tab/2382109",
      "file_path": null,
      "metadata": {}
    },
    "507859": {
      "id": "507859",
      "title": "La Cattiva Strada",
      "type": "CRD",
      "url": "https://tabs.ultimate-guitar.com/tab/507859",
      "file_path": null,
      "metadata": {}
    },
    "3711620": {
      "id": "3711620",
      "title": "La Cattiva Strada (ver 2)",
      "type": "CRD",
      "url": "https://tabs.ultimate-guitar.com/tab/3711620",
      "file_path": null,
      "metadata": {}
    },
    "1294205": {
      "id": "1294205",
      "title": "La Cattiva Strada",
      "type": "UKE",
      "url": "https://tabs.ultimate-guitar.com/tab/1294205",
      "file_path": null,
      "metadata": {}
    },
    "66806": {
      "id": "66806",
      "title": "La Città Vecchia",
      "type": "CRD",
      "url": "https://tabs.ultimate-guitar.com/tab/66806",
      "file_path": null,
      "metadata": {}
    },
    "1408809": {
      "id": "1408809",
      "title": "La Città Vecchia (ver 2)",
      "type": "CRD",
      "url": "https://tabs.ultimate-guitar.com/tab/1408809",
      "file_path": null,
      "metadata": {}
    },
    "2636478": {
      "id": "2636478",
      "title": "La Città Vecchia (ver 3)",
      "type": "CRD",
      "url": "https://tabs.ultimate-guitar.com/tab/2636478",
      "file_path": null,
      "metadata": {}
    },
    "2171421": {
      "id": "2171421",
      "title": "La Città Vecchia",
      "type": "UKE",
      "url": "https://tabs.ultimate-guitar.com/tab/2171421",
      "file_path": null,
      "metadata": {}
    },
    "66801": {
      "id": "66801",
      "title": "La Collina",
      "type": "CRD",
      "url": "https://tabs.ultimate-guitar.com/tab/66801",
      "file_path": null,
      "metadata": {}
    },
    "1261672": {
      "id": "1261672",
      "title": "La Collina",
      "type": "UKE",
      "url": "https://tabs.ultimate-guitar.com/tab/1261672",
      "file_path": null,
      "metadata": {}
    },
    "3040386": {
      "id": "3040386",
      "title": "La Domenica Delle Salme",
      "type": "CRD",
      "url": "https://tabs.ultimate-guitar.com/tab/3040386",
      "file_path": null,
      "metadata": {}
    },
    "2318951": {
      "id": "2318951",
      "title": "La Domenica Delle Salme",
      "type": "TAB",
      "url": "https://tabs.ultimate-guitar.com/tab/2318951",
      "file_path": null,
      "metadata": {}
    },
    "1716164": {
      "id": "1716164",
      "title": "La Guerra Di Piero (ver 2)",
      "type": "CRD",
      "url": "https://tabs.ultimate-guitar.com/tab/1716164",
      "file_path": null,
      "metadata": {}
    },
    "1784784": {
      "id": "1784784",
      "title": "La Guerra Di Piero (ver 3)",
      "type": "CRD",
      "url": "https://tabs.ultimate-guitar.com/tab/1784784",
      "file_path": null,
      "metadata": {}
    },
    "3281198": {
      "id": "3281198",
      "title": "La Guerra Di Piero  Intro",
      "type": "TAB",
      "url": "https://tabs.ultimate-guitar.com/tab/3281198",
      "file_path": null,
      "metadata": {}
    },
    "3793400": {
      "id": "3793400",
      "title": "La Guerra Di Piero (ver 2) Intro",
      "type": "TAB",
      "url": "https://tabs.ultimate-guitar.com/tab/3793400",
      "file_path": null,
      "metadata": {}
    },
    "53688": {
      "id": "53688",
      "title": "La Guerra Di Piero",
      "type": "TAB",
      "url": "https://tabs.ultimate-guitar.com/tab/53688",
      "file_path": null,
      "metadata": {}
    },
    "748915": {
      "id": "748915",
      "title": "La Guerra Di Piero (ver 2)",
      "type": "TAB",
      "url": "https://tabs.ultimate-guitar.com/tab/748915",
      "file_path": null,
      "metadata": {}
    },
    "3133622": {
      "id": "3133622",
      "title": "La Guerra Di Piero (ver 3)",
      "type": "TAB",
      "url": "https://tabs.ultimate-guitar.com/tab/3133622",
      "file_path": null,
      "metadata": {}
    },
    "418053": {
      "id": "418053",
      "title": "La Guerra Di Piero",
      "type": "PRO",
      "url": "https://tabs.ultimate-guitar.com/tab/418053",
      "file_path": null,
      "metadata": {}
    },
    "4962484": {
      "id": "4962484",
      "title": "La Guerra Di Piero (ver 2)",
      "type": "PRO",
      "url": "https://tabs.ultimate-guitar.com/tab/4962484",
      "file_path": null,
      "metadata": {}
    },
    "3004997": {
      "id": "3004997",
      "title": "La Leggenda Di Natale",
      "type": "CRD",
      "url": "https://tabs.ultimate-guitar.com/tab/3004997",
      "file_path": null,
      "metadata": {}
    },
    "2448979": {
      "id": "2448979",
      "title": "La Morte",
      "type": "CRD",
      "url": "https://tabs.ultimate-guitar.com/tab/2448979",
      "file_path": null,
      "metadata": {}
    },
    "4299392": {
      "id": "4299392",
      "title": "La Nova Gelosia",
      "type": "CRD",
      "url": "https://tabs.ultimate-guitar.com/tab/4299392",
      "file_path": null,
      "metadata": {}
    },
    "2321367": {
      "id": "2321367",
      "title": "La Stagione Del Tuo Amore",
      "type": "CRD",
      "url": "https://tabs.ultimate-guitar.com/tab/2321367",
      "file_path": null,
      "metadata": {}
    },
    "2786119": {
      "id": "2786119",
      "title": "Laudate Hominem",
      "type": "CRD",
      "url": "https://tabs.ultimate-guitar.com/tab/2786119",
      "file_path": null,
      "metadata": {}
    },
    "1908989": {
      "id": "1908989",
      "title": "Le Acciughe Fanno Il Pallone",
      "type": "CRD",
      "url": "https://tabs.ultimate-guitar.com/tab/1908989",
      "file_path": null,
      "metadata": {}
    },
    "1502329": {
      "id": "1502329",
      "title": "Le Passanti",
      "type": "CRD",
      "url": "https://tabs.ultimate-guitar.com/tab/1502329",
      "file_path": null,
      "metadata": {}
    },
    "1800506": {
      "id": "1800506",
      "title": "Le Passanti (ver 2)",
      "type": "CRD",
      "url": "https://tabs.ultimate-guitar.com/tab/1800506",
      "file_path": null,
      "metadata": {}
    },
    "3887003": {
      "id": "3887003",
      "title": "Le Storie Di Ieri",
      "type": "CRD",
      "url": "https://tabs.ultimate-guitar.com/tab/3887003",
      "file_path": null,
      "metadata": {}
    },
    "3099668": {
      "id": "3099668",
      "title": "Leggenda Di Natale",
      "type": "CRD",
      "url": "https://tabs.ultimate-guitar.com/tab/3099668",
      "file_path": null,
      "metadata": {}
    },
    "1780574": {
      "id": "1780574",
      "title": "Linfanzia Di Maria",
      "type": "CRD",
      "url": "https://tabs.ultimate-guitar.com/tab/1780574",
      "file_path": null,
      "metadata": {}
    },
    "1878258": {
      "id": "1878258",
      "title": "Marcia Nuziale",
      "type": "CRD",
      "url": "https://tabs.ultimate-guitar.com/tab/1878258",
      "file_path": null,
      "metadata": {}
    },
    "2977088": {
      "id": "2977088",
      "title": "Maria Nella Bottega Del Falegname",
      "type": "CRD",
      "url": "https://tabs.ultimate-guitar.com/tab/2977088",
      "file_path": null,
      "metadata": {}
    },
    "3055651": {
      "id": "3055651",
      "title": "Maria Nella Bottega Del Falegname (ver 2)",
      "type": "CRD",
      "url": "https://tabs.ultimate-guitar.com/tab/3055651",
      "file_path": null,
      "metadata": {}
    },
    "2421843": {
      "id": "2421843",
      "title": "Monti Di Mola",
      "type": "CRD",
      "url": "https://tabs.ultimate-guitar.com/tab/2421843",
      "file_path": null,
      "metadata": {}
    },
    "2860106": {
      "id": "2860106",
      "title": "Morire Per Delle Idee",
      "type": "CRD",
      "url": "https://tabs.ultimate-guitar.com/tab/2860106",
      "file_path": null,
      "metadata": {}
    },
    "4379930": {
      "id": "4379930",
      "title": "Morire Per Delle Idee (ver 2)",
      "type": "CRD",
      "url": "https://tabs.ultimate-guitar.com/tab/4379930",
      "file_path": null,
      "metadata": {}
    },
    "4578230": {
      "id": "4578230",
      "title": "Morire Per Delle Idee (ver 3)",
      "type": "CRD",
      "url": "https://tabs.ultimate-guitar.com/tab/4578230",
      "file_path": null,
      "metadata": {}
    },
    "2898440": {
      "id": "2898440",
      "title": "Nancy",
      "type": "CRD",
      "url": "https://tabs.ultimate-guitar.com/tab/2898440",
      "file_path": null,
      "metadata": {}
    },
    "1200220": {
      "id": "1200220",
      "title": "Nella Mia Ora Di Libertà",
      "type": "CRD",
      "url": "https://tabs.ultimate-guitar.com/tab/1200220",
      "file_path": null,
      "metadata": {}
    },
    "2679630": {
      "id": "2679630",
      "title": "Nella Mia Ora Di Libertà (ver 2)",
      "type": "CRD",
      "url": "https://tabs.ultimate-guitar.com/tab/2679630",
      "file_path": null,
      "metadata": {}
    },
    "2171423": {
      "id": "2171423",
      "title": "Nella Mia Ora Di Libertà",
      "type": "UKE",
      "url": "https://tabs.ultimate-guitar.com/tab/2171423",
      "file_path": null,
      "metadata": {}
    },
    "2764405": {
      "id": "2764405",
      "title": "Nellacqua Della Chiara Fontana",
      "type": "CRD",
      "url": "https://tabs.ultimate-guitar.com/tab/2764405",
      "file_path": null,
      "metadata": {}
    },
    "1467921": {
      "id": "1467921",
      "title": "Nellacqua Della Chiara Fontana",
      "type": "TAB",
      "url": "https://tabs.ultimate-guitar.com/tab/1467921",
      "file_path": null,
      "metadata": {}
    },
    "3899900": {
      "id": "3899900",
      "title": "Nuvole Barocche",
      "type": "CRD",
      "url": "https://tabs.ultimate-guitar.com/tab/3899900",
      "file_path": null,
      "metadata": {}
    },
    "1245526": {
      "id": "1245526",
      "title": "Oceano",
      "type": "CRD",
      "url": "https://tabs.ultimate-guitar.com/tab/1245526",
      "file_path": null,
      "metadata": {}
    },
    "1392768": {
      "id": "1392768",
      "title": "Oceano",
      "type": "UKE",
      "url": "https://tabs.ultimate-guitar.com/tab/1392768",
      "file_path": null,
      "metadata": {}
    },
    "1889876": {
      "id": "1889876",
      "title": "Ottocento",
      "type": "CRD",
      "url": "https://tabs.ultimate-guitar.com/tab/1889876",
      "file_path": null,
      "metadata": {}
    },
    "2867783": {
      "id": "2867783",
      "title": "Per I Tuoi Larghi Occhi",
      "type": "CRD",
      "url": "https://tabs.ultimate-guitar.com/tab/2867783",
      "file_path": null,
      "metadata": {}
    },
    "1878260": {
      "id": "1878260",
      "title": "Preghiera In Gennaio",
      "type": "CRD",
      "url": "https://tabs.ultimate-guitar.com/tab/1878260",
      "file_path": null,
      "metadata": {}
    },
    "4096924": {
      "id": "4096924",
      "title": "Preghiera In Gennaio  Intro",
      "type": "TAB",
      "url": "https://tabs.ultimate-guitar.com/tab/4096924",
      "file_path": null,
      "metadata": {}
    },
    "14709": {
      "id": "14709",
      "title": "Princesa",
      "type": "CRD",
      "url": "https://tabs.ultimate-guitar.com/tab/14709",
      "file_path": null,
      "metadata": {}
    },
    "66802": {
      "id": "66802",
      "title": "Princesa",
      "type": "TAB",
      "url": "https://tabs.ultimate-guitar.com/tab/66802",
      "file_path": null,
      "metadata": {}
    },
    "1253993": {
      "id": "1253993",
      "title": "Princesa",
      "type": "UKE",
      "url": "https://tabs.ultimate-guitar.com/tab/1253993",
      "file_path": null,
      "metadata": {}
    },
    "544877": {
      "id": "544877",
      "title": "Quello Che Non Ho",
      "type": "CRD",
      "url": "https://tabs.ultimate-guitar.com/tab/544877",
      "file_path": null,
      "metadata": {}
    },
    "4836401": {
      "id": "4836401",
      "title": "Quello Che Non Ho  Intro",
      "type": "TAB",
      "url": "https://tabs.ultimate-guitar.com/tab/4836401",
      "file_path": null,
      "metadata": {}
    },
    "1297496": {
      "id": "1297496",
      "title": "Quello Che Non Ho",
      "type": "UKE",
      "url": "https://tabs.ultimate-guitar.com/tab/1297496",
      "file_path": null,
      "metadata": {}
    },
    "1501188": {
      "id": "1501188",
      "title": "Rimini",
      "type": "CRD",
      "url": "https://tabs.ultimate-guitar.com/tab/1501188",
      "file_path": null,
      "metadata": {}
    },
    "1753394": {
      "id": "1753394",
      "title": "Rimini (ver 2)",
      "type": "CRD",
      "url": "https://tabs.ultimate-guitar.com/tab/1753394",
      "file_path": null,
      "metadata": {}
    },
    "1801026": {
      "id": "1801026",
      "title": "Sally",
      "type": "CRD",
      "url": "https://tabs.ultimate-guitar.com/tab/1801026",
      "file_path": null,
      "metadata": {}
    },
    "2478610": {
      "id": "2478610",
      "title": "Si Chiamava Gesù",
      "type": "CRD",
      "url": "https://tabs.ultimate-guitar.com/tab/2478610",
      "file_path": null,
      "metadata": {}
    },
    "2449009": {
      "id": "2449009",
      "title": "Si Fosse Foco",
      "type": "CRD",
      "url": "https://tabs.ultimate-guitar.com/tab/2449009",
      "file_path": null,
      "metadata": {}
    },
    "3942005": {
      "id": "3942005",
      "title": "Sinàn Capudàn Pascià",
      "type": "CRD",
      "url": "https://tabs.ultimate-guitar.com/tab/3942005",
      "file_path": null,
      "metadata": {}
    },
    "2528802": {
      "id": "2528802",
      "title": "Smisurata Preghiera",
      "type": "CRD",
      "url": "https://tabs.ultimate-guitar.com/tab/2528802",
      "file_path": null,
      "metadata": {}
    },
    "3899891": {
      "id": "3899891",
      "title": "Sogno Numero Due",
      "type": "CRD",
      "url": "https://tabs.ultimate-guitar.com/tab/3899891",
      "file_path": null,
      "metadata": {}
    },
    "3391592": {
      "id": "3391592",
      "title": "Spiritual",
      "type": "CRD",
      "url": "https://tabs.ultimate-guitar.com/tab/3391592",
      "file_path": null,
      "metadata": {}
    },
    "3099722": {
      "id": "3099722",
      "title": "Suzanne",
      "type": "CRD",
      "url": "https://tabs.ultimate-guitar.com/tab/3099722",
      "file_path": null,
      "metadata": {}
    },
    "3099773": {
      "id": "3099773",
      "title": "Terzo Intermezzo",
      "type": "CRD",
      "url": "https://tabs.ultimate-guitar.com/tab/3099773",
      "file_path": null,
      "metadata": {}
    },
    "5582634": {
      "id": "5582634",
      "title": "Terzo Intermezzo",
      "type": "TAB",
      "url": "https://tabs.ultimate-guitar.com/tab/5582634",
      "file_path": null,
      "metadata": {}
    },
    "465724": {
      "id": "465724",
      "title": "Terzo Intermezzo",
      "type": "PRO",
      "url": "https://tabs.ultimate-guitar.com/tab/465724",
      "file_path": null,
      "metadata": {}
    },
    "3099782": {
      "id": "3099782",
      "title": "Titti",
      "type": "CRD",
      "url": "https://tabs.ultimate-guitar.com/tab/3099782",
      "file_path": null,
      "metadata": {}
    },
    "3040230": {
      "id": "3040230",
      "title": "Tre Madri",
      "type": "CRD",
      "url": "https://tabs.ultimate-guitar.com/tab/3040230",
      "file_path": null,
      "metadata": {}
    },
    "1144141": {
      "id": "1144141",
      "title": "Tre Madri",
      "type": "TAB",
      "url": "https://tabs.ultimate-guitar.com/tab/1144141",
      "file_path": null,
      "metadata": {}
    },
    "1689518": {
      "id": "1689518",
      "title": "Un Blasfemo",
      "type": "CRD",
      "url": "https://tabs.ultimate-guitar.com/tab/1689518",
      "file_path": null,
      "metadata": {}
    },
    "1906048": {
      "id": "1906048",
      "title": "Un Chimico",
      "type": "CRD",
      "url": "https://tabs.ultimate-guitar.com/tab/1906048",
      "file_path": null,
      "metadata": {}
    },
    "1001479": {
      "id": "1001479",
      "title": "Un Chimico  Intro",
      "type": "TAB",
      "url": "https://tabs.ultimate-guitar.com/tab/1001479",
      "file_path": null,
      "metadata": {}
    },
    "1501176": {
      "id": "1501176",
      "title": "Un Giudice",
      "type": "CRD",
      "url": "https://tabs.ultimate-guitar.com/tab/1501176",
      "file_path": null,
      "metadata": {}
    },
    "2010069": {
      "id": "2010069",
      "title": "Un Giudice (ver 2)",
      "type": "CRD",
      "url": "https://tabs.ultimate-guitar.com/tab/2010069",
      "file_path": null,
      "metadata": {}
    },
    "3415043": {
      "id": "3415043",
      "title": "Un Giudice (ver 3)",
      "type": "CRD",
      "url": "https://tabs.ultimate-guitar.com/tab/3415043",
      "file_path": null,
      "metadata": {}
    },
    "4214770": {
      "id": "4214770",
      "title": "Un Giudice  Intro",
      "type": "TAB",
      "url": "https://tabs.ultimate-guitar.com/tab/4214770",
      "file_path": null,
      "metadata": {}
    },
    "66803": {
      "id": "66803",
      "title": "Un Guidice",
      "type": "CRD",
      "url": "https://tabs.ultimate-guitar.com/tab/66803",
      "file_path": null,
      "metadata": {}
    },
    "1261673": {
      "id": "1261673",
      "title": "Un Guidice",
      "type": "UKE",
      "url": "https://tabs.ultimate-guitar.com/tab/1261673",
      "file_path": null,
      "metadata": {}
    },
    "1741799": {
      "id": "1741799",
      "title": "Un Malato Di Cuore",
      "type": "CRD",
      "url": "https://tabs.ultimate-guitar.com/tab/1741799",
      "file_path": null,
      "metadata": {}
    },
    "66804": {
      "id": "66804",
      "title": "Un Matto",
      "type": "CRD",
      "url": "https://tabs.ultimate-guitar.com/tab/66804",
      "file_path": null,
      "metadata": {}
    },
    "1052616": {
      "id": "1052616",
      "title": "Un Matto (ver 2)",
      "type": "CRD",
      "url": "https://tabs.ultimate-guitar.com/tab/1052616",
      "file_path": null,
      "metadata": {}
    },
    "2859296": {
      "id": "2859296",
      "title": "Un Matto (ver 3)",
      "type": "CRD",
      "url": "https://tabs.ultimate-guitar.com/tab/2859296",
      "file_path": null,
      "metadata": {}
    },
    "821153": {
      "id": "821153",
      "title": "Un Matto  Intro",
      "type": "TAB",
      "url": "https://tabs.ultimate-guitar.com/tab/821153",
      "file_path": null,
      "metadata": {}
    },
    "1216013": {
      "id": "1216013",
      "title": "Un Matto (ver 2) Intro",
      "type": "TAB",
      "url": "https://tabs.ultimate-guitar.com/tab/1216013",
      "file_path": null,
      "metadata": {}
    },
    "1261674": {
      "id": "1261674",
      "title": "Un Matto",
      "type": "UKE",
      "url": "https://tabs.ultimate-guitar.com/tab/1261674",
      "file_path": null,
      "metadata": {}
    },
    "1355329": {
      "id": "1355329",
      "title": "Un Matto (ver 2)",
      "type": "UKE",
      "url": "https://tabs.ultimate-guitar.com/tab/1355329",
      "file_path": null,
      "metadata": {}
    },
    "1906388": {
      "id": "1906388",
      "title": "Un Medico",
      "type": "CRD",
      "url": "https://tabs.ultimate-guitar.com/tab/1906388",
      "file_path": null,
      "metadata": {}
    },
    "1501187": {
      "id": "1501187",
      "title": "Un Ottico",
      "type": "CRD",
      "url": "https://tabs.ultimate-guitar.com/tab/1501187",
      "file_path": null,
      "metadata": {}
    },
    "1798683": {
      "id": "1798683",
      "title": "Una Storia Sbagliata",
      "type": "CRD",
      "url": "https://tabs.ultimate-guitar.com/tab/1798683",
      "file_path": null,
      "metadata": {}
    },
    "2383147": {
      "id": "2383147",
      "title": "Una Storia Sbagliata (ver 2)",
      "type": "CRD",
      "url": "https://tabs.ultimate-guitar.com/tab/2383147",
      "file_path": null,
      "metadata": {}
    },
    "419437": {
      "id": "419437",
      "title": "Una Storia Sbagliata",
      "type": "PRO",
      "url": "https://tabs.ultimate-guitar.com/tab/419437",
      "file_path": null,
      "metadata": {}
    },
    "1291382": {
      "id": "1291382",
      "title": "Una Storia Sbagliata",
      "type": "UKE",
      "url": "https://tabs.ultimate-guitar.com/tab/1291382",
      "file_path": null,
      "metadata": {}
    },
    "1928117": {
      "id": "1928117",
      "title": "Valzer Per Un Amore",
      "type": "CRD",
      "url": "https://tabs.ultimate-guitar.com/tab/1928117",
      "file_path": null,
      "metadata": {}
    },
    "3901544": {
      "id": "3901544",
      "title": "Verdi Pascoli",
      "type": "CRD",
      "url": "https://tabs.ultimate-guitar.com/tab/3901544",
      "file_path": null,
      "metadata": {}
    },
    "896991": {
      "id": "896991",
      "title": "Verranno A Chiederti Del Nostro Amore",
      "type": "CRD",
      "url": "https://tabs.ultimate-guitar.com/tab/896991",
      "file_path": null,
      "metadata": {}
    },
    "1141800": {
      "id": "1141800",
      "title": "Via Del Campo",
      "type": "PRO",
      "url": "https://tabs.ultimate-guitar.com/tab/1141800",
      "file_path": null,
      "metadata": {}
    },
    "1326996": {
      "id": "1326996",
      "title": "Via Del Campo",
      "type": "UKE",
      "url": "https://tabs.ultimate-guitar.com/tab/1326996",
      "file_path": null,
      "metadata": {}
    },
    "544880": {
      "id": "544880",
      "title": "Via Della Croce",
      "type": "CRD",
      "url": "https://tabs.ultimate-guitar.com/tab/544880",
      "file_path": null,
      "metadata": {}
    },
    "1029822": {
      "id": "1029822",
      "title": "Via Della Croce (ver 2)",
      "type": "CRD",
      "url": "https://tabs.ultimate-guitar.com/tab/1029822",
      "file_path": null,
      "metadata": {}
    },
    "1297498": {
      "id": "1297498",
      "title": "Via Della Croce",
      "type": "UKE",
      "url": "https://tabs.ultimate-guitar.com/tab/1297498",
      "file_path": null,
      "metadata": {}
    },
    "1466628": {
      "id": "1466628",
      "title": "Via Della Povert",
      "type": "CRD",
      "url": "https://tabs.ultimate-guitar.com/tab/1466628",
      "file_path": null,
      "metadata": {}
    },
    "1862076": {
      "id": "1862076",
      "title": "Via Della Povertà Desolation Row",
      "type": "CRD",
      "url": "https://tabs.ultimate-guitar.com/tab/1862076",
      "file_path": null,
      "metadata": {}
    },
    "1828951": {
      "id": "1828951",
      "title": "Volta La Carta",
      "type": "CRD",
      "url": "https://tabs.ultimate-guitar.com/tab/1828951",
      "file_path": null,
      "metadata": {}
    },
    "1459462": {
      "id": "1459462",
      "title": "Volta La Carta  Intro",
      "type": "PRO",
      "url": "https://tabs.ultimate-guitar.com/tab/1459462",
      "file_path": null,
      "metadata": {}
    },
    "1434000": {
      "id": "1434000",
      "title": "Volta La Carta",
      "type": "PRO",
      "url": "https://tabs.ultimate-guitar.com/tab/1434000",
      "file_path": null,
      "metadata": {}
    },
    "2771908": {
      "id": "2771908",
      "title": "Zirichiltaggia Baddu Tundo",
      "type": "CRD",
      "url": "https://tabs.ultimate-guitar.com/tab/2771908",
      "file_path": null,
      "metadata": {}
    }
  }
}