{
  "id": "102619",
  "name": "Old Blind Dogs",
  "url": "https://www.ultimate-guitar.com/artist/old_blind_dogs_102619",
  "tabs": {
    "2101663": {
      "id": "2101663",
      "title": "A Wife In Every Port",
      "type": "CRD",
      "url": "https://tabs.ultimate-guitar.com/tab/old-blind-dogs/a-wife-in-every-port-chords-2101663",
      "file_path": null,
      "metadata": {}
    },
    "2479916": {
      "id": "2479916",
      "title": "Awa Whigs Awa",
      "type": "CRD",
      "url": "https://tabs.ultimate-guitar.com/tab/old-blind-dogs/awa-whigs-awa-chords-2479916",
      "file_path": null,
      "metadata": {}
    },
    "2479917": {
      "id": "2479917",
      "title": "Battle Of Waterloo",
      "type": "CRD",
      "url": "https://tabs.ultimate-guitar.com/tab/old-blind-dogs/battle-of-waterloo-chords-2479917",
      "file_path": null,
      "metadata": {}
    },
    "2480253": {
      "id": "2480253",
      "title": "Bennachie",
      "type": "CRD",
      "url": "https://tabs.ultimate-guitar.com/tab/old-blind-dogs/bennachie-chords-2480253",
      "file_path": null,
      "metadata": {}
    },
    "2480254": {
      "id": "2480254",
      "title": "Bogies Bonny Belle",
      "type": "CRD",
      "url": "https://tabs.ultimate-guitar.com/tab/old-blind-dogs/bogies-bonny-belle-chords-2480254",
      "file_path": null,
      "metadata": {}
    },
    "2101425": {
      "id": "2101425",
      "title": "Broken Ring",
      "type": "CRD",
      "url": "https://tabs.ultimate-guitar.com/tab/old-blind-dogs/broken-ring-chords-2101425",
      "file_path": null,
      "metadata": {}
    },
    "2102239": {
      "id": "2102239",
      "title": "Cairn O Mount",
      "type": "CRD",
      "url": "https://tabs.ultimate-guitar.com/tab/old-blind-dogs/cairn-o-mount-chords-2102239",
      "file_path": null,
      "metadata": {}
    },
    "2105099": {
      "id": "2105099",
      "title": "Copper Kettle",
      "type": "CRD",
      "url": "https://tabs.ultimate-guitar.com/tab/old-blind-dogs/copper-kettle-chords-2105099",
      "file_path": null,
      "metadata": {}
    },
    "2847620": {
      "id": "2847620",
      "title": "Earl O Marchs Daughter",
      "type": "CRD",
      "url": "https://tabs.ultimate-guitar.com/tab/old-blind-dogs/earl-o-marchs-daughter-chords-2847620",
      "file_path": null,
      "metadata": {}
    },
    "2480689": {
      "id": "2480689",
      "title": "Gala Water",
      "type": "CRD",
      "url": "https://tabs.ultimate-guitar.com/tab/old-blind-dogs/gala-water-chords-2480689",
      "file_path": null,
      "metadata": {}
    },
    "2480970": {
      "id": "2480970",
      "title": "Is There For Honest Poverty",
      "type": "CRD",
      "url": "https://tabs.ultimate-guitar.com/tab/old-blind-dogs/is-there-for-honest-poverty-chords-2480970",
      "file_path": null,
      "metadata": {}
    },
    "2105087": {
      "id": "2105087",
      "title": "Jean O Bethelnie",
      "type": "CRD",
      "url": "https://tabs.ultimate-guitar.com/tab/old-blind-dogs/jean-o-bethelnie-chords-2105087",
      "file_path": null,
      "metadata": {}
    },
    "2480971": {
      "id": "2480971",
      "title": "Johnny O Braidislee",
      "type": "CRD",
      "url": "https://tabs.ultimate-guitar.com/tab/old-blind-dogs/johnny-o-braidislee-chords-2480971",
      "file_path": null,
      "metadata": {}
    },
    "2101413": {
      "id": "2101413",
      "title": "Lads O The Fair",
      "type": "CRD",
      "url": "https://tabs.ultimate-guitar.com/tab/old-blind-dogs/lads-o-the-fair-chords-2101413",
      "file_path": null,
      "metadata": {}
    },
    "2481262": {
      "id": "2481262",
      "title": "Lay Ye Doon Love",
      "type": "CRD",
      "url": "https://tabs.ultimate-guitar.com/tab/old-blind-dogs/lay-ye-doon-love-chords-2481262",
      "file_path": null,
      "metadata": {}
    },
    "2481263": {
      "id": "2481263",
      "title": "Lough Ernes Shore",
      "type": "CRD",
      "url": "https://tabs.ultimate-guitar.com/tab/old-blind-dogs/lough-ernes-shore-chords-2481263",
      "file_path": null,
      "metadata": {}
    },
    "2481677": {
      "id": "2481677",
      "title": "Macphersons Rant",
      "type": "CRD",
      "url": "https://tabs.ultimate-guitar.com/tab/old-blind-dogs/macphersons-rant-chords-2481677",
      "file_path": null,
      "metadata": {}
    },
    "2102245": {
      "id": "2102245",
      "title": "Mill O Tifty",
      "type": "CRD",
      "url": "https://tabs.ultimate-guitar.com/tab/old-blind-dogs/mill-o-tifty-chords-2102245",
      "file_path": null,
      "metadata": {}
    },
    "2105105": {
      "id": "2105105",
      "title": "Monymusk Lads",
      "type": "CRD",
      "url": "https://tabs.ultimate-guitar.com/tab/old-blind-dogs/monymusk-lads-chords-2105105",
      "file_path": null,
      "metadata": {}
    },
    "2482737": {
      "id": "2482737",
      "title": "Mormond Braes",
      "type": "CRD",
      "url": "https://tabs.ultimate-guitar.com/tab/old-blind-dogs/mormond-braes-chords-2482737",
      "file_path": null,
      "metadata": {}
    },
    "2105093": {
      "id": "2105093",
      "title": "Parcel O Rogues",
      "type": "CRD",
      "url": "https://tabs.ultimate-guitar.com/tab/old-blind-dogs/parcel-o-rogues-chords-2105093",
      "file_path": null,
      "metadata": {}
    },
    "2482740": {
      "id": "2482740",
      "title": "Reres Hill",
      "type": "CRD",
      "url": "https://tabs.ultimate-guitar.com/tab/old-blind-dogs/reres-hill-chords-2482740",
      "file_path": null,
      "metadata": {}
    },
    "2102257": {
      "id": "2102257",
      "title": "Rolling Home",
      "type": "CRD",
      "url": "https://tabs.ultimate-guitar.com/tab/old-blind-dogs/rolling-home-chords-2102257",
      "file_path": null,
      "metadata": {}
    },
    "2482752": {
      "id": "2482752",
      "title": "Song For Autumn",
      "type": "CRD",
      "url": "https://tabs.ultimate-guitar.com/tab/old-blind-dogs/song-for-autumn-chords-2482752",
      "file_path": null,
      "metadata": {}
    },
    "2481678": {
      "id": "2481678",
      "title": "Star O The Bar",
      "type": "CRD",
      "url": "https://tabs.ultimate-guitar.com/tab/old-blind-dogs/star-o-the-bar-chords-2481678",
      "file_path": null,
      "metadata": {}
    },
    "2483691": {
      "id": "2483691",
      "title": "Terror Time",
      "type": "CRD",
      "url": "https://tabs.ultimate-guitar.com/tab/old-blind-dogs/terror-time-chords-2483691",
      "file_path": null,
      "metadata": {}
    },
    "2482749": {
      "id": "2482749",
      "title": "The Barnyards O Delgaty",
      "type": "CRD",
      "url": "https://tabs.ultimate-guitar.com/tab/old-blind-dogs/the-barnyards-o-delgaty-chords-2482749",
      "file_path": null,
      "metadata": {}
    },
    "2481679": {
      "id": "2481679",
      "title": "The Battle Of Harlaw",
      "type": "CRD",
      "url": "https://tabs.ultimate-guitar.com/tab/old-blind-dogs/the-battle-of-harlaw-chords-2481679",
      "file_path": null,
      "metadata": {}
    },
    "2481267": {
      "id": "2481267",
      "title": "The Bonnie Banks O Fordie",
      "type": "CRD",
      "url": "https://tabs.ultimate-guitar.com/tab/old-blind-dogs/the-bonnie-banks-o-fordie-chords-2481267",
      "file_path": null,
      "metadata": {}
    },
    "2480688": {
      "id": "2480688",
      "title": "The Bonnie Earl Omoray",
      "type": "CRD",
      "url": "https://tabs.ultimate-guitar.com/tab/old-blind-dogs/the-bonnie-earl-omoray-chords-2480688",
      "file_path": null,
      "metadata": {}
    },
    "2481266": {
      "id": "2481266",
      "title": "The Bonnie Lass O Fyvie",
      "type": "CRD",
      "url": "https://tabs.ultimate-guitar.com/tab/old-blind-dogs/the-bonnie-lass-o-fyvie-chords-2481266",
      "file_path": null,
      "metadata": {}
    },
    "2480976": {
      "id": "2480976",
      "title": "The Cruel Sister",
      "type": "CRD",
      "url": "https://tabs.ultimate-guitar.com/tab/old-blind-dogs/the-cruel-sister-chords-2480976",
      "file_path": null,
      "metadata": {}
    },
    "2480975": {
      "id": "2480975",
      "title": "The Lancashire Lads",
      "type": "CRD",
      "url": "https://tabs.ultimate-guitar.com/tab/old-blind-dogs/the-lancashire-lads-chords-2480975",
      "file_path": null,
      "metadata": {}
    },
    "2480693": {
      "id": "2480693",
      "title": "The Lowlands Of Holland",
      "type": "CRD",
      "url": "https://tabs.ultimate-guitar.com/tab/old-blind-dogs/the-lowlands-of-holland-chords-2480693",
      "file_path": null,
      "metadata": {}
    },
    "3105551": {
      "id": "3105551",
      "title": "The Pills Of White Mercury",
      "type": "CRD",
      "url": "https://tabs.ultimate-guitar.com/tab/old-blind-dogs/the-pills-of-white-mercury-chords-3105551",
      "file_path": null,
      "metadata": {}
    },
    "2480692": {
      "id": "2480692",
      "title": "The Snows They Melt The Soonest",
      "type": "CRD",
      "url": "https://tabs.ultimate-guitar.com/tab/old-blind-dogs/the-snows-they-melt-the-soonest-chords-2480692",
      "file_path": null,
      "metadata": {}
    },
    "2101579": {
      "id": "2101579",
      "title": "The Twa Corbies",
      "type": "CRD",
      "url": "https://tabs.ultimate-guitar.com/tab/old-blind-dogs/the-twa-corbies-chords-2101579",
      "file_path": null,
      "metadata": {}
    },
    "2480258": {
      "id": "2480258",
      "title": "The Wisest Fool",
      "type": "CRD",
      "url": "https://tabs.ultimate-guitar.com/tab/old-blind-dogs/the-wisest-fool-chords-2480258",
      "file_path": null,
      "metadata": {}
    },
    "2480257": {
      "id": "2480257",
      "title": "Tibbie Fowler",
      "type": "CRD",
      "url": "https://tabs.ultimate-guitar.com/tab/old-blind-dogs/tibbie-fowler-chords-2480257",
      "file_path": null,
      "metadata": {}
    },
    "2479921": {
      "id": "2479921",
      "title": "To The Beggin I Will Go",
      "type": "CRD",
      "url": "https://tabs.ultimate-guitar.com/tab/old-blind-dogs/to-the-beggin-i-will-go-chords-2479921",
      "file_path": null,
      "metadata": {}
    },
    "2479920": {
      "id": "2479920",
      "title": "Tramps And Hawkers",
      "type": "CRD",
      "url": "https://tabs.ultimate-guitar.com/tab/old-blind-dogs/tramps-and-hawkers-chords-2479920",
      "file_path": null,
      "metadata": {}
    }
  }
}