{
  "id": "10840",
  "name": "Dean Martin",
  "url": "https://www.ultimate-guitar.com/artist/dean_martin_10840",
  "tabs": {
    "1201859": {
      "id": "1201859",
      "title": "Let It Snow",
      "type": "CRD",
      "url": "https://tabs.ultimate-guitar.com/tab/dean-martin/let-it-snow-chords-1201859",
      "file_path": null,
      "metadata": {}
    },
    "819964": {
      "id": "819964",
      "title": "Sway Quien Sera",
      "type": "CRD",
      "url": "https://tabs.ultimate-guitar.com/tab/dean-martin/sway-quien-sera-chords-819964",
      "file_path": null,
      "metadata": {}
    },
    "630810": {
      "id": "630810",
      "title": "Thats Amore",
      "type": "CRD",
      "url": "https://tabs.ultimate-guitar.com/tab/dean-martin/thats-amore-chords-630810",
      "file_path": null,
      "metadata": {}
    },
    "1170906": {
      "id": "1170906",
      "title": "Volare",
      "type": "CRD",
      "url": "https://tabs.ultimate-guitar.com/tab/dean-martin/volare-chords-1170906",
      "file_path": null,
      "metadata": {}
    },
    "992095": {
      "id": "992095",
      "title": "When Youre Smiling",
      "type": "CRD",
      "url": "https://tabs.ultimate-guitar.com/tab/dean-martin/when-youre-smiling-chords-992095",
      "file_path": null,
      "metadata": {}
    },
    "77163": {
      "id": "77163",
      "title": "Little Ole Wine Drinker Me",
      "type": "CRD",
      "url": "https://tabs.ultimate-guitar.com/tab/dean-martin/little-ole-wine-drinker-me-chords-77163",
      "file_path": null,
      "metadata": {}
    },
    "734377": {
      "id": "734377",
      "title": "Aint That A Kick In The Head",
      "type": "CRD",
      "url": "https://tabs.ultimate-guitar.com/tab/dean-martin/aint-that-a-kick-in-the-head-chords-734377",
      "file_path": null,
      "metadata": {}
    },
    "624927": {
      "id": "624927",
      "title": "Youre Nobody Til Somebody Loves You",
      "type": "CRD",
      "url": "https://tabs.ultimate-guitar.com/tab/dean-martin/youre-nobody-til-somebody-loves-you-chords-624927",
      "file_path": null,
      "metadata": {}
    },
    "332124": {
      "id": "332124",
      "title": "Memories Are Made Of This",
      "type": "CRD",
      "url": "https://tabs.ultimate-guitar.com/tab/dean-martin/memories-are-made-of-this-chords-332124",
      "file_path": null,
      "metadata": {}
    },
    "1684263": {
      "id": "1684263",
      "title": "Let It Snow",
      "type": "TAB",
      "url": "https://tabs.ultimate-guitar.com/tab/dean-martin/let-it-snow-tabs-1684263",
      "file_path": null,
      "metadata": {}
    },
    "5855351": {
      "id": "5855351",
      "title": "By The Time I Get To Phoenix",
      "type": "CRD",
      "url": "https://tabs.ultimate-guitar.com/tab/dean-martin/by-the-time-i-get-to-phoenix-chords-5855351",
      "file_path": null,
      "metadata": {}
    },
    "5837993": {
      "id": "5837993",
      "title": "Ive Grown Accustomed To Her Face (ver 2)",
      "type": "CRD",
      "url": "https://tabs.ultimate-guitar.com/tab/dean-martin/ive-grown-accustomed-to-her-face-chords-5837993",
      "file_path": null,
      "metadata": {}
    },
    "3433952": {
      "id": "3433952",
      "title": "Guys And Dolls",
      "type": "CRD",
      "url": "https://tabs.ultimate-guitar.com/tab/frank-sinatra/guys-and-dolls-chords-3433952",
      "file_path": null,
      "metadata": {}
    },
    "2081119": {
      "id": "2081119",
      "title": "On A Slow Boat To China",
      "type": "CRD",
      "url": "https://tabs.ultimate-guitar.com/tab/frank-sinatra/on-a-slow-boat-to-china-chords-2081119",
      "file_path": null,
      "metadata": {}
    },
    "4133569": {
      "id": "4133569",
      "title": "Pardners Title Song",
      "type": "CRD",
      "url": "https://tabs.ultimate-guitar.com/tab/misc-soundtrack/pardners-title-song-chords-4133569",
      "file_path": null,
      "metadata": {}
    },
    "951643": {
      "id": "951643",
      "title": "Rio Bravo - My Rifle My Pony And Me",
      "type": "CRD",
      "url": "https://tabs.ultimate-guitar.com/tab/misc-soundtrack/rio-bravo-my-rifle-my-pony-and-me-chords-951643",
      "file_path": null,
      "metadata": {}
    },
    "1451514": {
      "id": "1451514",
      "title": "Rio Bravo - My Rifle My Pony And Me (ver 2)",
      "type": "CRD",
      "url": "https://tabs.ultimate-guitar.com/tab/misc-soundtrack/rio-bravo-my-rifle-my-pony-and-me-chords-1451514",
      "file_path": null,
      "metadata": {}
    },
    "1850563": {
      "id": "1850563",
      "title": "Rio Bravo - My Rifle My Pony And Me (ver 3)",
      "type": "CRD",
      "url": "https://tabs.ultimate-guitar.com/tab/misc-soundtrack/rio-bravo-my-rifle-my-pony-and-me-chords-1850563",
      "file_path": null,
      "metadata": {}
    },
    "1338731": {
      "id": "1338731",
      "title": "Rio Bravo - My Rifle My Pony And Me",
      "type": "UKE",
      "url": "https://tabs.ultimate-guitar.com/tab/misc-soundtrack/rio-bravo-my-rifle-my-pony-and-me-ukulele-1338731",
      "file_path": null,
      "metadata": {}
    },
    "3368936": {
      "id": "3368936",
      "title": "Rio Bravo - My Rifle My Pony And Me (ver 2)",
      "type": "UKE",
      "url": "https://tabs.ultimate-guitar.com/tab/misc-soundtrack/rio-bravo-my-rifle-my-pony-and-me-ukulele-3368936",
      "file_path": null,
      "metadata": {}
    },
    "4255495": {
      "id": "4255495",
      "title": "Rio Bravo Title Song",
      "type": "CRD",
      "url": "https://tabs.ultimate-guitar.com/tab/misc-soundtrack/rio-bravo-title-song-chords-4255495",
      "file_path": null,
      "metadata": {}
    },
    "624922": {
      "id": "624922",
      "title": "A Marshmallow World",
      "type": "CRD",
      "url": "https://tabs.ultimate-guitar.com/tab/dean-martin/a-marshmallow-world-chords-624922",
      "file_path": null,
      "metadata": {}
    },
    "897857": {
      "id": "897857",
      "title": "A Marshmallow World (ver 2)",
      "type": "CRD",
      "url": "https://tabs.ultimate-guitar.com/tab/dean-martin/a-marshmallow-world-chords-897857",
      "file_path": null,
      "metadata": {}
    },
    "5578392": {
      "id": "5578392",
      "title": "A Marshmallow World (ver 3)",
      "type": "CRD",
      "url": "https://tabs.ultimate-guitar.com/tab/dean-martin/a-marshmallow-world-chords-5578392",
      "file_path": null,
      "metadata": {}
    },
    "2931806": {
      "id": "2931806",
      "title": "A Marshmallow World",
      "type": "PRO",
      "url": "https://tabs.ultimate-guitar.com/tab/dean-martin/a-marshmallow-world-guitar-pro-2931806",
      "file_path": null,
      "metadata": {}
    },
    "4457477": {
      "id": "4457477",
      "title": "A Marshmallow World (ver 2)",
      "type": "PRO",
      "url": "https://tabs.ultimate-guitar.com/tab/dean-martin/a-marshmallow-world-guitar-pro-4457477",
      "file_path": null,
      "metadata": {}
    },
    "2830402": {
      "id": "2830402",
      "title": "A Million And One",
      "type": "CRD",
      "url": "https://tabs.ultimate-guitar.com/tab/dean-martin/a-million-and-one-chords-2830402",
      "file_path": null,
      "metadata": {}
    },
    "2776690": {
      "id": "2776690",
      "title": "A Winter Romance",
      "type": "CRD",
      "url": "https://tabs.ultimate-guitar.com/tab/dean-martin/a-winter-romance-chords-2776690",
      "file_path": null,
      "metadata": {}
    },
    "4931167": {
      "id": "4931167",
      "title": "Aint Gonna Try Anymore",
      "type": "CRD",
      "url": "https://tabs.ultimate-guitar.com/tab/dean-martin/aint-gonna-try-anymore-chords-4931167",
      "file_path": null,
      "metadata": {}
    },
    "1054803": {
      "id": "1054803",
      "title": "Aint That A Kick In The Head (ver 2)",
      "type": "CRD",
      "url": "https://tabs.ultimate-guitar.com/tab/dean-martin/aint-that-a-kick-in-the-head-chords-1054803",
      "file_path": null,
      "metadata": {}
    },
    "1243255": {
      "id": "1243255",
      "title": "Aint That A Kick In The Head (ver 3)",
      "type": "CRD",
      "url": "https://tabs.ultimate-guitar.com/tab/dean-martin/aint-that-a-kick-in-the-head-chords-1243255",
      "file_path": null,
      "metadata": {}
    },
    "1466548": {
      "id": "1466548",
      "title": "Aint That A Kick In The Head (ver 4)",
      "type": "CRD",
      "url": "https://tabs.ultimate-guitar.com/tab/dean-martin/aint-that-a-kick-in-the-head-chords-1466548",
      "file_path": null,
      "metadata": {}
    },
    "648321": {
      "id": "648321",
      "title": "Aint That A Kick In The Head",
      "type": "TAB",
      "url": "https://tabs.ultimate-guitar.com/tab/dean-martin/aint-that-a-kick-in-the-head-tabs-648321",
      "file_path": null,
      "metadata": {}
    },
    "2673414": {
      "id": "2673414",
      "title": "Aint That A Kick In The Head",
      "type": "BASS",
      "url": "https://tabs.ultimate-guitar.com/tab/dean-martin/aint-that-a-kick-in-the-head-bass-2673414",
      "file_path": null,
      "metadata": {}
    },
    "1390344": {
      "id": "1390344",
      "title": "Aint That A Kick In The Head",
      "type": "UKE",
      "url": "https://tabs.ultimate-guitar.com/tab/dean-martin/aint-that-a-kick-in-the-head-ukulele-1390344",
      "file_path": null,
      "metadata": {}
    },
    "5084506": {
      "id": "5084506",
      "title": "All En El Rancho Grande",
      "type": "CRD",
      "url": "https://tabs.ultimate-guitar.com/tab/dean-martin/all-en-el-rancho-grande-chords-5084506",
      "file_path": null,
      "metadata": {}
    },
    "4712273": {
      "id": "4712273",
      "title": "All In A Nights Work",
      "type": "CRD",
      "url": "https://tabs.ultimate-guitar.com/tab/dean-martin/all-in-a-nights-work-chords-4712273",
      "file_path": null,
      "metadata": {}
    },
    "4016608": {
      "id": "4016608",
      "title": "Angel Baby",
      "type": "CRD",
      "url": "https://tabs.ultimate-guitar.com/tab/dean-martin/angel-baby-chords-4016608",
      "file_path": null,
      "metadata": {}
    },
    "5083441": {
      "id": "5083441",
      "title": "Any Time",
      "type": "CRD",
      "url": "https://tabs.ultimate-guitar.com/tab/dean-martin/any-time-chords-5083441",
      "file_path": null,
      "metadata": {}
    },
    "3677825": {
      "id": "3677825",
      "title": "Arrivederci Roma",
      "type": "CRD",
      "url": "https://tabs.ultimate-guitar.com/tab/dean-martin/arrivederci-roma-chords-3677825",
      "file_path": null,
      "metadata": {}
    },
    "1405868": {
      "id": "1405868",
      "title": "Arriverderci Roma",
      "type": "CRD",
      "url": "https://tabs.ultimate-guitar.com/tab/dean-martin/arriverderci-roma-chords-1405868",
      "file_path": null,
      "metadata": {}
    },
    "2466660": {
      "id": "2466660",
      "title": "Arriverderci Roma (ver 2)",
      "type": "CRD",
      "url": "https://tabs.ultimate-guitar.com/tab/dean-martin/arriverderci-roma-chords-2466660",
      "file_path": null,
      "metadata": {}
    },
    "1449864": {
      "id": "1449864",
      "title": "Baby Its Cold Outside",
      "type": "CRD",
      "url": "https://tabs.ultimate-guitar.com/tab/dean-martin/baby-its-cold-outside-chords-1449864",
      "file_path": null,
      "metadata": {}
    },
    "1676821": {
      "id": "1676821",
      "title": "Baby Its Cold Outside (ver 2)",
      "type": "CRD",
      "url": "https://tabs.ultimate-guitar.com/tab/dean-martin/baby-its-cold-outside-chords-1676821",
      "file_path": null,
      "metadata": {}
    },
    "1793191": {
      "id": "1793191",
      "title": "Baby Its Cold Outside (ver 3)",
      "type": "CRD",
      "url": "https://tabs.ultimate-guitar.com/tab/dean-martin/baby-its-cold-outside-chords-1793191",
      "file_path": null,
      "metadata": {}
    },
    "2268887": {
      "id": "2268887",
      "title": "Baby Its Cold Outside",
      "type": "BASS",
      "url": "https://tabs.ultimate-guitar.com/tab/dean-martin/baby-its-cold-outside-bass-2268887",
      "file_path": null,
      "metadata": {}
    },
    "5136859": {
      "id": "5136859",
      "title": "Baby Wont You Please Come Home",
      "type": "BASS",
      "url": "https://tabs.ultimate-guitar.com/tab/dean-martin/baby-wont-you-please-come-home-bass-5136859",
      "file_path": null,
      "metadata": {}
    },
    "3850067": {
      "id": "3850067",
      "title": "Be An Angel",
      "type": "CRD",
      "url": "https://tabs.ultimate-guitar.com/tab/dean-martin/be-an-angel-chords-3850067",
      "file_path": null,
      "metadata": {}
    },
    "5083444": {
      "id": "5083444",
      "title": "Bella Bella Bambina",
      "type": "CRD",
      "url": "https://tabs.ultimate-guitar.com/tab/dean-martin/bella-bella-bambina-chords-5083444",
      "file_path": null,
      "metadata": {}
    },
    "5264904": {
      "id": "5264904",
      "title": "Bella Bimba",
      "type": "CRD",
      "url": "https://tabs.ultimate-guitar.com/tab/dean-martin/bella-bimba-chords-5264904",
      "file_path": null,
      "metadata": {}
    },
    "5232438": {
      "id": "5232438",
      "title": "Blue Blue Day",
      "type": "CRD",
      "url": "https://tabs.ultimate-guitar.com/tab/dean-martin/blue-blue-day-chords-5232438",
      "file_path": null,
      "metadata": {}
    },
    "2923226": {
      "id": "2923226",
      "title": "Buona Sera",
      "type": "CRD",
      "url": "https://tabs.ultimate-guitar.com/tab/dean-martin/buona-sera-chords-2923226",
      "file_path": null,
      "metadata": {}
    },
    "1727992": {
      "id": "1727992",
      "title": "Buona Sera Signorina",
      "type": "PRO",
      "url": "https://tabs.ultimate-guitar.com/tab/dean-martin/buona-sera-signorina-guitar-pro-1727992",
      "file_path": null,
      "metadata": {}
    },
    "3902120": {
      "id": "3902120",
      "title": "Bye Bye Blackbird",
      "type": "CRD",
      "url": "https://tabs.ultimate-guitar.com/tab/dean-martin/bye-bye-blackbird-chords-3902120",
      "file_path": null,
      "metadata": {}
    },
    "1796973": {
      "id": "1796973",
      "title": "Carolina In The Morning",
      "type": "CRD",
      "url": "https://tabs.ultimate-guitar.com/tab/dean-martin/carolina-in-the-morning-chords-1796973",
      "file_path": null,
      "metadata": {}
    },
    "1755017": {
      "id": "1755017",
      "title": "Cest Magnifique",
      "type": "CRD",
      "url": "https://tabs.ultimate-guitar.com/tab/dean-martin/cest-magnifique-chords-1755017",
      "file_path": null,
      "metadata": {}
    },
    "1676282": {
      "id": "1676282",
      "title": "Cha Cha Cha Damour",
      "type": "CRD",
      "url": "https://tabs.ultimate-guitar.com/tab/dean-martin/cha-cha-cha-damour-chords-1676282",
      "file_path": null,
      "metadata": {}
    },
    "1789527": {
      "id": "1789527",
      "title": "Christmas Blues",
      "type": "CRD",
      "url": "https://tabs.ultimate-guitar.com/tab/dean-martin/christmas-blues-chords-1789527",
      "file_path": null,
      "metadata": {}
    },
    "2241249": {
      "id": "2241249",
      "title": "Christmas Blues (ver 2)",
      "type": "CRD",
      "url": "https://tabs.ultimate-guitar.com/tab/dean-martin/christmas-blues-chords-2241249",
      "file_path": null,
      "metadata": {}
    },
    "2552424": {
      "id": "2552424",
      "title": "Christmas Blues (ver 3)",
      "type": "CRD",
      "url": "https://tabs.ultimate-guitar.com/tab/dean-martin/christmas-blues-chords-2552424",
      "file_path": null,
      "metadata": {}
    },
    "2933009": {
      "id": "2933009",
      "title": "Christmas Blues (ver 4)",
      "type": "CRD",
      "url": "https://tabs.ultimate-guitar.com/tab/dean-martin/christmas-blues-chords-2933009",
      "file_path": null,
      "metadata": {}
    },
    "3849500": {
      "id": "3849500",
      "title": "Come Back To Sorrento",
      "type": "CRD",
      "url": "https://tabs.ultimate-guitar.com/tab/dean-martin/come-back-to-sorrento-chords-3849500",
      "file_path": null,
      "metadata": {}
    },
    "3606596": {
      "id": "3606596",
      "title": "Detroit City",
      "type": "CRD",
      "url": "https://tabs.ultimate-guitar.com/tab/dean-martin/detroit-city-chords-3606596",
      "file_path": null,
      "metadata": {}
    },
    "5107291": {
      "id": "5107291",
      "title": "Dont Give Up On Me",
      "type": "CRD",
      "url": "https://tabs.ultimate-guitar.com/tab/dean-martin/dont-give-up-on-me-chords-5107291",
      "file_path": null,
      "metadata": {}
    },
    "5090287": {
      "id": "5090287",
      "title": "Dont You Remember",
      "type": "CRD",
      "url": "https://tabs.ultimate-guitar.com/tab/dean-martin/dont-you-remember-chords-5090287",
      "file_path": null,
      "metadata": {}
    },
    "5107288": {
      "id": "5107288",
      "title": "Drowning In My Tears",
      "type": "CRD",
      "url": "https://tabs.ultimate-guitar.com/tab/dean-martin/drowning-in-my-tears-chords-5107288",
      "file_path": null,
      "metadata": {}
    },
    "3913361": {
      "id": "3913361",
      "title": "Every Minute Every Hour",
      "type": "CRD",
      "url": "https://tabs.ultimate-guitar.com/tab/dean-martin/every-minute-every-hour-chords-3913361",
      "file_path": null,
      "metadata": {}
    },
    "624917": {
      "id": "624917",
      "title": "Everybody Loves Somebody",
      "type": "CRD",
      "url": "https://tabs.ultimate-guitar.com/tab/dean-martin/everybody-loves-somebody-chords-624917",
      "file_path": null,
      "metadata": {}
    },
    "1044774": {
      "id": "1044774",
      "title": "Everybody Loves Somebody (ver 2)",
      "type": "CRD",
      "url": "https://tabs.ultimate-guitar.com/tab/dean-martin/everybody-loves-somebody-chords-1044774",
      "file_path": null,
      "metadata": {}
    },
    "2316695": {
      "id": "2316695",
      "title": "Everybody Loves Somebody (ver 3)",
      "type": "CRD",
      "url": "https://tabs.ultimate-guitar.com/tab/dean-martin/everybody-loves-somebody-chords-2316695",
      "file_path": null,
      "metadata": {}
    },
    "2507346": {
      "id": "2507346",
      "title": "Everybody Loves Somebody (ver 4)",
      "type": "CRD",
      "url": "https://tabs.ultimate-guitar.com/tab/dean-martin/everybody-loves-somebody-chords-2507346",
      "file_path": null,
      "metadata": {}
    },
    "3512072": {
      "id": "3512072",
      "title": "Everybody Loves Somebody (ver 5)",
      "type": "CRD",
      "url": "https://tabs.ultimate-guitar.com/tab/dean-martin/everybody-loves-somebody-chords-3512072",
      "file_path": null,
      "metadata": {}
    },
    "1093235": {
      "id": "1093235",
      "title": "Everybody Loves Somebody",
      "type": "TAB",
      "url": "https://tabs.ultimate-guitar.com/tab/dean-martin/everybody-loves-somebody-tabs-1093235",
      "file_path": null,
      "metadata": {}
    },
    "1681890": {
      "id": "1681890",
      "title": "Everybody Loves Somebody",
      "type": "PRO",
      "url": "https://tabs.ultimate-guitar.com/tab/dean-martin/everybody-loves-somebody-guitar-pro-1681890",
      "file_path": null,
      "metadata": {}
    },
    "1350319": {
      "id": "1350319",
      "title": "Everybody Loves Somebody",
      "type": "UKE",
      "url": "https://tabs.ultimate-guitar.com/tab/dean-martin/everybody-loves-somebody-ukulele-1350319",
      "file_path": null,
      "metadata": {}
    },
    "2166879": {
      "id": "2166879",
      "title": "Everybody Loves Somebody (ver 2)",
      "type": "UKE",
      "url": "https://tabs.ultimate-guitar.com/tab/dean-martin/everybody-loves-somebody-ukulele-2166879",
      "file_path": null,
      "metadata": {}
    },
    "5084509": {
      "id": "5084509",
      "title": "Face In A Crowd",
      "type": "CRD",
      "url": "https://tabs.ultimate-guitar.com/tab/dean-martin/face-in-a-crowd-chords-5084509",
      "file_path": null,
      "metadata": {}
    },
    "2166881": {
      "id": "2166881",
      "title": "Five Foot Two",
      "type": "UKE",
      "url": "https://tabs.ultimate-guitar.com/tab/dean-martin/five-foot-two-ukulele-2166881",
      "file_path": null,
      "metadata": {}
    },
    "5215146": {
      "id": "5215146",
      "title": "For The Good Times",
      "type": "CRD",
      "url": "https://tabs.ultimate-guitar.com/tab/dean-martin/for-the-good-times-chords-5215146",
      "file_path": null,
      "metadata": {}
    },
    "5034643": {
      "id": "5034643",
      "title": "Free To Carry On",
      "type": "BASS",
      "url": "https://tabs.ultimate-guitar.com/tab/dean-martin/free-to-carry-on-bass-5034643",
      "file_path": null,
      "metadata": {}
    },
    "5084503": {
      "id": "5084503",
      "title": "From Lover To Loser",
      "type": "CRD",
      "url": "https://tabs.ultimate-guitar.com/tab/dean-martin/from-lover-to-loser-chords-5084503",
      "file_path": null,
      "metadata": {}
    },
    "897861": {
      "id": "897861",
      "title": "Gentle On My Mind",
      "type": "CRD",
      "url": "https://tabs.ultimate-guitar.com/tab/dean-martin/gentle-on-my-mind-chords-897861",
      "file_path": null,
      "metadata": {}
    },
    "2144617": {
      "id": "2144617",
      "title": "Gentle On My Mind",
      "type": "PRO",
      "url": "https://tabs.ultimate-guitar.com/tab/dean-martin/gentle-on-my-mind-guitar-pro-2144617",
      "file_path": null,
      "metadata": {}
    },
    "1332782": {
      "id": "1332782",
      "title": "Gentle On My Mind",
      "type": "UKE",
      "url": "https://tabs.ultimate-guitar.com/tab/dean-martin/gentle-on-my-mind-ukulele-1332782",
      "file_path": null,
      "metadata": {}
    },
    "4205443": {
      "id": "4205443",
      "title": "Gimme A Little Kiss Will Ya Huh",
      "type": "CRD",
      "url": "https://tabs.ultimate-guitar.com/tab/dean-martin/gimme-a-little-kiss-will-ya-huh-chords-4205443",
      "file_path": null,
      "metadata": {}
    },
    "5107309": {
      "id": "5107309",
      "title": "Hangin Around",
      "type": "CRD",
      "url": "https://tabs.ultimate-guitar.com/tab/dean-martin/hangin-around-chords-5107309",
      "file_path": null,
      "metadata": {}
    },
    "5095762": {
      "id": "5095762",
      "title": "Heaven Can Wait",
      "type": "CRD",
      "url": "https://tabs.ultimate-guitar.com/tab/dean-martin/heaven-can-wait-chords-5095762",
      "file_path": null,
      "metadata": {}
    },
    "4144669": {
      "id": "4144669",
      "title": "Honey",
      "type": "CRD",
      "url": "https://tabs.ultimate-guitar.com/tab/dean-martin/honey-chords-4144669",
      "file_path": null,
      "metadata": {}
    },
    "1744019": {
      "id": "1744019",
      "title": "Houston",
      "type": "CRD",
      "url": "https://tabs.ultimate-guitar.com/tab/dean-martin/houston-chords-1744019",
      "file_path": null,
      "metadata": {}
    },
    "1793748": {
      "id": "1793748",
      "title": "Houston (ver 2)",
      "type": "CRD",
      "url": "https://tabs.ultimate-guitar.com/tab/dean-martin/houston-chords-1793748",
      "file_path": null,
      "metadata": {}
    },
    "1410619": {
      "id": "1410619",
      "title": "How Dya Like Your Eggs In The Morning",
      "type": "CRD",
      "url": "https://tabs.ultimate-guitar.com/tab/dean-martin/how-dya-like-your-eggs-in-the-morning-chords-1410619",
      "file_path": null,
      "metadata": {}
    },
    "1676739": {
      "id": "1676739",
      "title": "How Dya Like Your Eggs In The Morning (ver 2)",
      "type": "CRD",
      "url": "https://tabs.ultimate-guitar.com/tab/dean-martin/how-dya-like-your-eggs-in-the-morning-chords-1676739",
      "file_path": null,
      "metadata": {}
    },
    "1737152": {
      "id": "1737152",
      "title": "How Dya Like Your Eggs In The Morning",
      "type": "UKE",
      "url": "https://tabs.ultimate-guitar.com/tab/dean-martin/how-dya-like-your-eggs-in-the-morning-ukulele-1737152",
      "file_path": null,
      "metadata": {}
    },
    "2609562": {
      "id": "2609562",
      "title": "I Cant Believe That Youre In Love With Me",
      "type": "CRD",
      "url": "https://tabs.ultimate-guitar.com/tab/dean-martin/i-cant-believe-that-youre-in-love-with-me-chords-2609562",
      "file_path": null,
      "metadata": {}
    },
    "878624": {
      "id": "878624",
      "title": "I Will",
      "type": "CRD",
      "url": "https://tabs.ultimate-guitar.com/tab/dean-martin/i-will-chords-878624",
      "file_path": null,
      "metadata": {}
    },
    "1330706": {
      "id": "1330706",
      "title": "I Will",
      "type": "UKE",
      "url": "https://tabs.ultimate-guitar.com/tab/dean-martin/i-will-ukulele-1330706",
      "file_path": null,
      "metadata": {}
    },
    "1977913": {
      "id": "1977913",
      "title": "I Wish You Love",
      "type": "CRD",
      "url": "https://tabs.ultimate-guitar.com/tab/dean-martin/i-wish-you-love-chords-1977913",
      "file_path": null,
      "metadata": {}
    },
    "5519709": {
      "id": "5519709",
      "title": "I Wish You Love (ver 2)",
      "type": "CRD",
      "url": "https://tabs.ultimate-guitar.com/tab/dean-martin/i-wish-you-love-chords-5519709",
      "file_path": null,
      "metadata": {}
    },
    "3523640": {
      "id": "3523640",
      "title": "Id Cry Like A Baby",
      "type": "CRD",
      "url": "https://tabs.ultimate-guitar.com/tab/dean-martin/id-cry-like-a-baby-chords-3523640",
      "file_path": null,
      "metadata": {}
    },
    "1822017": {
      "id": "1822017",
      "title": "If I Ever Get Back To Georgia",
      "type": "CRD",
      "url": "https://tabs.ultimate-guitar.com/tab/dean-martin/if-i-ever-get-back-to-georgia-chords-1822017",
      "file_path": null,
      "metadata": {}
    },
    "1746552": {
      "id": "1746552",
      "title": "If You Were The Only Girl",
      "type": "CRD",
      "url": "https://tabs.ultimate-guitar.com/tab/dean-martin/if-you-were-the-only-girl-chords-1746552",
      "file_path": null,
      "metadata": {}
    },
    "2538906": {
      "id": "2538906",
      "title": "Ill Be Home For Christmas",
      "type": "CRD",
      "url": "https://tabs.ultimate-guitar.com/tab/dean-martin/ill-be-home-for-christmas-chords-2538906",
      "file_path": null,
      "metadata": {}
    },
    "3635477": {
      "id": "3635477",
      "title": "Im Confessin That I Love You",
      "type": "CRD",
      "url": "https://tabs.ultimate-guitar.com/tab/dean-martin/im-confessin-that-i-love-you-chords-3635477",
      "file_path": null,
      "metadata": {}
    },
    "1741837": {
      "id": "1741837",
      "title": "Im Gonna Paper All My Walls With Your Love Letters",
      "type": "CRD",
      "url": "https://tabs.ultimate-guitar.com/tab/dean-martin/im-gonna-paper-all-my-walls-with-your-love-letters-chords-1741837",
      "file_path": null,
      "metadata": {}
    },
    "1510889": {
      "id": "1510889",
      "title": "Im Gonna Sit Right Down And Write Myself A Letter",
      "type": "CRD",
      "url": "https://tabs.ultimate-guitar.com/tab/dean-martin/im-gonna-sit-right-down-and-write-myself-a-letter-chords-1510889",
      "file_path": null,
      "metadata": {}
    },
    "3251909": {
      "id": "3251909",
      "title": "In The Chapel In The Moonlight",
      "type": "CRD",
      "url": "https://tabs.ultimate-guitar.com/tab/dean-martin/in-the-chapel-in-the-moonlight-chords-3251909",
      "file_path": null,
      "metadata": {}
    },
    "1676255": {
      "id": "1676255",
      "title": "In The Misty Moonlight",
      "type": "CRD",
      "url": "https://tabs.ultimate-guitar.com/tab/dean-martin/in-the-misty-moonlight-chords-1676255",
      "file_path": null,
      "metadata": {}
    },
    "1955649": {
      "id": "1955649",
      "title": "Innamorata",
      "type": "CRD",
      "url": "https://tabs.ultimate-guitar.com/tab/dean-martin/innamorata-chords-1955649",
      "file_path": null,
      "metadata": {}
    },
    "5107318": {
      "id": "5107318",
      "title": "Invisible Tears",
      "type": "CRD",
      "url": "https://tabs.ultimate-guitar.com/tab/dean-martin/invisible-tears-chords-5107318",
      "file_path": null,
      "metadata": {}
    },
    "1670395": {
      "id": "1670395",
      "title": "Ive Grown Accustomed To Her Face",
      "type": "CRD",
      "url": "https://tabs.ultimate-guitar.com/tab/dean-martin/ive-grown-accustomed-to-her-face-chords-1670395",
      "file_path": null,
      "metadata": {}
    },
    "5096755": {
      "id": "5096755",
      "title": "Just A Little Lovin Will Go A Long Way",
      "type": "CRD",
      "url": "https://tabs.ultimate-guitar.com/tab/dean-martin/just-a-little-lovin-will-go-a-long-way-chords-5096755",
      "file_path": null,
      "metadata": {}
    },
    "5115310": {
      "id": "5115310",
      "title": "Just In Time",
      "type": "CRD",
      "url": "https://tabs.ultimate-guitar.com/tab/dean-martin/just-in-time-chords-5115310",
      "file_path": null,
      "metadata": {}
    },
    "3637139": {
      "id": "3637139",
      "title": "King Of The Road",
      "type": "CRD",
      "url": "https://tabs.ultimate-guitar.com/tab/dean-martin/king-of-the-road-chords-3637139",
      "file_path": null,
      "metadata": {}
    },
    "1779507": {
      "id": "1779507",
      "title": "King Of The Road",
      "type": "BASS",
      "url": "https://tabs.ultimate-guitar.com/tab/dean-martin/king-of-the-road-bass-1779507",
      "file_path": null,
      "metadata": {}
    },
    "5107303": {
      "id": "5107303",
      "title": "La Paloma",
      "type": "CRD",
      "url": "https://tabs.ultimate-guitar.com/tab/dean-martin/la-paloma-chords-5107303",
      "file_path": null,
      "metadata": {}
    },
    "2555013": {
      "id": "2555013",
      "title": "Let It Snow (ver 2)",
      "type": "CRD",
      "url": "https://tabs.ultimate-guitar.com/tab/dean-martin/let-it-snow-chords-2555013",
      "file_path": null,
      "metadata": {}
    },
    "3465800": {
      "id": "3465800",
      "title": "Let It Snow (ver 3)",
      "type": "CRD",
      "url": "https://tabs.ultimate-guitar.com/tab/dean-martin/let-it-snow-chords-3465800",
      "file_path": null,
      "metadata": {}
    },
    "3478160": {
      "id": "3478160",
      "title": "Let It Snow (ver 4)",
      "type": "CRD",
      "url": "https://tabs.ultimate-guitar.com/tab/dean-martin/let-it-snow-chords-3478160",
      "file_path": null,
      "metadata": {}
    },
    "3980161": {
      "id": "3980161",
      "title": "Let It Snow (ver 5)",
      "type": "CRD",
      "url": "https://tabs.ultimate-guitar.com/tab/dean-martin/let-it-snow-chords-3980161",
      "file_path": null,
      "metadata": {}
    },
    "4001296": {
      "id": "4001296",
      "title": "Let It Snow (ver 6)",
      "type": "CRD",
      "url": "https://tabs.ultimate-guitar.com/tab/dean-martin/let-it-snow-chords-4001296",
      "file_path": null,
      "metadata": {}
    },
    "2259259": {
      "id": "2259259",
      "title": "Let It Snow (ver 2)",
      "type": "TAB",
      "url": "https://tabs.ultimate-guitar.com/tab/dean-martin/let-it-snow-tabs-2259259",
      "file_path": null,
      "metadata": {}
    },
    "4454936": {
      "id": "4454936",
      "title": "Let It Snow (ver 3)",
      "type": "TAB",
      "url": "https://tabs.ultimate-guitar.com/tab/dean-martin/let-it-snow-tabs-4454936",
      "file_path": null,
      "metadata": {}
    },
    "2902358": {
      "id": "2902358",
      "title": "Let It Snow",
      "type": "PRO",
      "url": "https://tabs.ultimate-guitar.com/tab/dean-martin/let-it-snow-guitar-pro-2902358",
      "file_path": null,
      "metadata": {}
    },
    "3974353": {
      "id": "3974353",
      "title": "Let It Snow (ver 2)",
      "type": "PRO",
      "url": "https://tabs.ultimate-guitar.com/tab/dean-martin/let-it-snow-guitar-pro-3974353",
      "file_path": null,
      "metadata": {}
    },
    "1192919": {
      "id": "1192919",
      "title": "Let It Snow",
      "type": "BASS",
      "url": "https://tabs.ultimate-guitar.com/tab/dean-martin/let-it-snow-bass-1192919",
      "file_path": null,
      "metadata": {}
    },
    "1783098": {
      "id": "1783098",
      "title": "Let It Snow (ver 2)",
      "type": "BASS",
      "url": "https://tabs.ultimate-guitar.com/tab/dean-martin/let-it-snow-bass-1783098",
      "file_path": null,
      "metadata": {}
    },
    "1384792": {
      "id": "1384792",
      "title": "Let It Snow",
      "type": "UKE",
      "url": "https://tabs.ultimate-guitar.com/tab/dean-martin/let-it-snow-ukulele-1384792",
      "file_path": null,
      "metadata": {}
    },
    "5415045": {
      "id": "5415045",
      "title": "Let Me Go Lover",
      "type": "CRD",
      "url": "https://tabs.ultimate-guitar.com/tab/dean-martin/let-me-go-lover-chords-5415045",
      "file_path": null,
      "metadata": {}
    },
    "624925": {
      "id": "624925",
      "title": "Little Ole Wine Drinker Me (ver 2)",
      "type": "CRD",
      "url": "https://tabs.ultimate-guitar.com/tab/dean-martin/little-ole-wine-drinker-me-chords-624925",
      "file_path": null,
      "metadata": {}
    },
    "1785819": {
      "id": "1785819",
      "title": "Little Ole Wine Drinker Me (ver 3)",
      "type": "CRD",
      "url": "https://tabs.ultimate-guitar.com/tab/dean-martin/little-ole-wine-drinker-me-chords-1785819",
      "file_path": null,
      "metadata": {}
    },
    "1301632": {
      "id": "1301632",
      "title": "Little Ole Wine Drinker Me",
      "type": "UKE",
      "url": "https://tabs.ultimate-guitar.com/tab/dean-martin/little-ole-wine-drinker-me-ukulele-1301632",
      "file_path": null,
      "metadata": {}
    },
    "5463660": {
      "id": "5463660",
      "title": "Luna Mezzo Mare",
      "type": "CRD",
      "url": "https://tabs.ultimate-guitar.com/tab/dean-martin/luna-mezzo-mare-chords-5463660",
      "file_path": null,
      "metadata": {}
    },
    "5084845": {
      "id": "5084845",
      "title": "Magic Is The Moonlight",
      "type": "CRD",
      "url": "https://tabs.ultimate-guitar.com/tab/dean-martin/magic-is-the-moonlight-chords-5084845",
      "file_path": null,
      "metadata": {}
    },
    "2263009": {
      "id": "2263009",
      "title": "Makin Love Ukulele Style",
      "type": "UKE",
      "url": "https://tabs.ultimate-guitar.com/tab/dean-martin/makin-love-ukulele-style-ukulele-2263009",
      "file_path": null,
      "metadata": {}
    },
    "5462583": {
      "id": "5462583",
      "title": "Making Love Ukulele Style",
      "type": "CRD",
      "url": "https://tabs.ultimate-guitar.com/tab/dean-martin/making-love-ukulele-style-chords-5462583",
      "file_path": null,
      "metadata": {}
    },
    "866427": {
      "id": "866427",
      "title": "Mambo Italiano",
      "type": "CRD",
      "url": "https://tabs.ultimate-guitar.com/tab/dean-martin/mambo-italiano-chords-866427",
      "file_path": null,
      "metadata": {}
    },
    "921216": {
      "id": "921216",
      "title": "Mambo Italiano (ver 2)",
      "type": "CRD",
      "url": "https://tabs.ultimate-guitar.com/tab/dean-martin/mambo-italiano-chords-921216",
      "file_path": null,
      "metadata": {}
    },
    "2500239": {
      "id": "2500239",
      "title": "Mambo Italiano",
      "type": "PRO",
      "url": "https://tabs.ultimate-guitar.com/tab/dean-martin/mambo-italiano-guitar-pro-2500239",
      "file_path": null,
      "metadata": {}
    },
    "1325926": {
      "id": "1325926",
      "title": "Mambo Italiano",
      "type": "UKE",
      "url": "https://tabs.ultimate-guitar.com/tab/dean-martin/mambo-italiano-ukulele-1325926",
      "file_path": null,
      "metadata": {}
    },
    "5215164": {
      "id": "5215164",
      "title": "Marry Me",
      "type": "CRD",
      "url": "https://tabs.ultimate-guitar.com/tab/dean-martin/marry-me-chords-5215164",
      "file_path": null,
      "metadata": {}
    },
    "5115307": {
      "id": "5115307",
      "title": "Meanderin",
      "type": "CRD",
      "url": "https://tabs.ultimate-guitar.com/tab/dean-martin/meanderin-chords-5115307",
      "file_path": null,
      "metadata": {}
    },
    "1676351": {
      "id": "1676351",
      "title": "Memories Are Made Of This (ver 2)",
      "type": "CRD",
      "url": "https://tabs.ultimate-guitar.com/tab/dean-martin/memories-are-made-of-this-chords-1676351",
      "file_path": null,
      "metadata": {}
    },
    "4113061": {
      "id": "4113061",
      "title": "Memories Are Made Of This",
      "type": "TAB",
      "url": "https://tabs.ultimate-guitar.com/tab/dean-martin/memories-are-made-of-this-tabs-4113061",
      "file_path": null,
      "metadata": {}
    },
    "2166885": {
      "id": "2166885",
      "title": "Memories Are Made Of This",
      "type": "UKE",
      "url": "https://tabs.ultimate-guitar.com/tab/dean-martin/memories-are-made-of-this-ukulele-2166885",
      "file_path": null,
      "metadata": {}
    },
    "2432297": {
      "id": "2432297",
      "title": "Money Burns A Hole In My Pocket",
      "type": "CRD",
      "url": "https://tabs.ultimate-guitar.com/tab/dean-martin/money-burns-a-hole-in-my-pocket-chords-2432297",
      "file_path": null,
      "metadata": {}
    },
    "1701578": {
      "id": "1701578",
      "title": "My Heart Cries For You",
      "type": "CRD",
      "url": "https://tabs.ultimate-guitar.com/tab/dean-martin/my-heart-cries-for-you-chords-1701578",
      "file_path": null,
      "metadata": {}
    },
    "2550294": {
      "id": "2550294",
      "title": "My Rifle My Pony And Me",
      "type": "CRD",
      "url": "https://tabs.ultimate-guitar.com/tab/dean-martin/my-rifle-my-pony-and-me-chords-2550294",
      "file_path": null,
      "metadata": {}
    },
    "2553942": {
      "id": "2553942",
      "title": "My Rifle My Pony And Me (ver 2)",
      "type": "CRD",
      "url": "https://tabs.ultimate-guitar.com/tab/dean-martin/my-rifle-my-pony-and-me-chords-2553942",
      "file_path": null,
      "metadata": {}
    },
    "5685311": {
      "id": "5685311",
      "title": "My Rifle My Pony And Me (ver 3)",
      "type": "CRD",
      "url": "https://tabs.ultimate-guitar.com/tab/dean-martin/my-rifle-my-pony-and-me-chords-5685311",
      "file_path": null,
      "metadata": {}
    },
    "5519979": {
      "id": "5519979",
      "title": "My Rifle My Pony And Me",
      "type": "PRO",
      "url": "https://tabs.ultimate-guitar.com/tab/dean-martin/my-rifle-my-pony-and-me-guitar-pro-5519979",
      "file_path": null,
      "metadata": {}
    },
    "5115322": {
      "id": "5115322",
      "title": "My Sugars Gone",
      "type": "CRD",
      "url": "https://tabs.ultimate-guitar.com/tab/dean-martin/my-sugars-gone-chords-5115322",
      "file_path": null,
      "metadata": {}
    },
    "3110417": {
      "id": "3110417",
      "title": "Oh Marie",
      "type": "CRD",
      "url": "https://tabs.ultimate-guitar.com/tab/dean-martin/oh-marie-chords-3110417",
      "file_path": null,
      "metadata": {}
    },
    "3957628": {
      "id": "3957628",
      "title": "Old Bones",
      "type": "CRD",
      "url": "https://tabs.ultimate-guitar.com/tab/dean-martin/old-bones-chords-3957628",
      "file_path": null,
      "metadata": {}
    },
    "1987899": {
      "id": "1987899",
      "title": "On An Evening In Roma",
      "type": "CRD",
      "url": "https://tabs.ultimate-guitar.com/tab/dean-martin/on-an-evening-in-roma-chords-1987899",
      "file_path": null,
      "metadata": {}
    },
    "1691237": {
      "id": "1691237",
      "title": "On The Street Where You Live",
      "type": "CRD",
      "url": "https://tabs.ultimate-guitar.com/tab/dean-martin/on-the-street-where-you-live-chords-1691237",
      "file_path": null,
      "metadata": {}
    },
    "4897609": {
      "id": "4897609",
      "title": "On The Street Where You Live (ver 2)",
      "type": "CRD",
      "url": "https://tabs.ultimate-guitar.com/tab/dean-martin/on-the-street-where-you-live-chords-4897609",
      "file_path": null,
      "metadata": {}
    },
    "1864875": {
      "id": "1864875",
      "title": "Open Up The Door Let The Good Times In",
      "type": "CRD",
      "url": "https://tabs.ultimate-guitar.com/tab/dean-martin/open-up-the-door-let-the-good-times-in-chords-1864875",
      "file_path": null,
      "metadata": {}
    },
    "878302": {
      "id": "878302",
      "title": "Please Dont Talk About Me When Im Gone",
      "type": "CRD",
      "url": "https://tabs.ultimate-guitar.com/tab/dean-martin/please-dont-talk-about-me-when-im-gone-chords-878302",
      "file_path": null,
      "metadata": {}
    },
    "1330656": {
      "id": "1330656",
      "title": "Please Dont Talk About Me When Im Gone",
      "type": "UKE",
      "url": "https://tabs.ultimate-guitar.com/tab/dean-martin/please-dont-talk-about-me-when-im-gone-ukulele-1330656",
      "file_path": null,
      "metadata": {}
    },
    "3583085": {
      "id": "3583085",
      "title": "Pretty As A Picture",
      "type": "CRD",
      "url": "https://tabs.ultimate-guitar.com/tab/dean-martin/pretty-as-a-picture-chords-3583085",
      "file_path": null,
      "metadata": {}
    },
    "2630223": {
      "id": "2630223",
      "title": "Pretty Baby",
      "type": "CRD",
      "url": "https://tabs.ultimate-guitar.com/tab/dean-martin/pretty-baby-chords-2630223",
      "file_path": null,
      "metadata": {}
    },
    "4025722": {
      "id": "4025722",
      "title": "Promise Her Anything",
      "type": "CRD",
      "url": "https://tabs.ultimate-guitar.com/tab/dean-martin/promise-her-anything-chords-4025722",
      "file_path": null,
      "metadata": {}
    },
    "4712576": {
      "id": "4712576",
      "title": "Red Roses For A Blue Lady",
      "type": "CRD",
      "url": "https://tabs.ultimate-guitar.com/tab/dean-martin/red-roses-for-a-blue-lady-chords-4712576",
      "file_path": null,
      "metadata": {}
    },
    "5043211": {
      "id": "5043211",
      "title": "Relax-Ay-Voo",
      "type": "CRD",
      "url": "https://tabs.ultimate-guitar.com/tab/dean-martin/relax-ay-voo-chords-5043211",
      "file_path": null,
      "metadata": {}
    },
    "4211674": {
      "id": "4211674",
      "title": "Release Me",
      "type": "CRD",
      "url": "https://tabs.ultimate-guitar.com/tab/dean-martin/release-me-chords-4211674",
      "file_path": null,
      "metadata": {}
    },
    "99629": {
      "id": "99629",
      "title": "Return To Me",
      "type": "CRD",
      "url": "https://tabs.ultimate-guitar.com/tab/dean-martin/return-to-me-chords-99629",
      "file_path": null,
      "metadata": {}
    },
    "1270745": {
      "id": "1270745",
      "title": "Return To Me",
      "type": "UKE",
      "url": "https://tabs.ultimate-guitar.com/tab/dean-martin/return-to-me-ukulele-1270745",
      "file_path": null,
      "metadata": {}
    },
    "5120461": {
      "id": "5120461",
      "title": "Room Full Of Roses",
      "type": "CRD",
      "url": "https://tabs.ultimate-guitar.com/tab/dean-martin/room-full-of-roses-chords-5120461",
      "file_path": null,
      "metadata": {}
    },
    "4458032": {
      "id": "4458032",
      "title": "Rudolph The Red-Nosed Reindeer",
      "type": "CRD",
      "url": "https://tabs.ultimate-guitar.com/tab/dean-martin/rudolph-the-red-nosed-reindeer-chords-4458032",
      "file_path": null,
      "metadata": {}
    },
    "3435638": {
      "id": "3435638",
      "title": "Silver Bells",
      "type": "CRD",
      "url": "https://tabs.ultimate-guitar.com/tab/dean-martin/silver-bells-chords-3435638",
      "file_path": null,
      "metadata": {}
    },
    "4239541": {
      "id": "4239541",
      "title": "Silver Bells",
      "type": "UKE",
      "url": "https://tabs.ultimate-guitar.com/tab/dean-martin/silver-bells-ukulele-4239541",
      "file_path": null,
      "metadata": {}
    },
    "5150089": {
      "id": "5150089",
      "title": "Somebody Loves You",
      "type": "CRD",
      "url": "https://tabs.ultimate-guitar.com/tab/dean-martin/somebody-loves-you-chords-5150089",
      "file_path": null,
      "metadata": {}
    },
    "878623": {
      "id": "878623",
      "title": "Somewhere Theres A Someone",
      "type": "CRD",
      "url": "https://tabs.ultimate-guitar.com/tab/dean-martin/somewhere-theres-a-someone-chords-878623",
      "file_path": null,
      "metadata": {}
    },
    "1184895": {
      "id": "1184895",
      "title": "Somewhere Theres A Someone (ver 2)",
      "type": "CRD",
      "url": "https://tabs.ultimate-guitar.com/tab/dean-martin/somewhere-theres-a-someone-chords-1184895",
      "file_path": null,
      "metadata": {}
    },
    "1381288": {
      "id": "1381288",
      "title": "Somewhere Theres A Someone",
      "type": "UKE",
      "url": "https://tabs.ultimate-guitar.com/tab/dean-martin/somewhere-theres-a-someone-ukulele-1381288",
      "file_path": null,
      "metadata": {}
    },
    "4950133": {
      "id": "4950133",
      "title": "Sposin",
      "type": "CRD",
      "url": "https://tabs.ultimate-guitar.com/tab/dean-martin/sposin-chords-4950133",
      "file_path": null,
      "metadata": {}
    },
    "2461384": {
      "id": "2461384",
      "title": "Sway Quien Sera (ver 2)",
      "type": "CRD",
      "url": "https://tabs.ultimate-guitar.com/tab/dean-martin/sway-quien-sera-chords-2461384",
      "file_path": null,
      "metadata": {}
    },
    "2596935": {
      "id": "2596935",
      "title": "Sway Quien Sera (ver 3)",
      "type": "CRD",
      "url": "https://tabs.ultimate-guitar.com/tab/dean-martin/sway-quien-sera-chords-2596935",
      "file_path": null,
      "metadata": {}
    },
    "4781765": {
      "id": "4781765",
      "title": "Sway Quien Sera (ver 4)",
      "type": "CRD",
      "url": "https://tabs.ultimate-guitar.com/tab/dean-martin/sway-quien-sera-chords-4781765",
      "file_path": null,
      "metadata": {}
    },
    "5413104": {
      "id": "5413104",
      "title": "Sway Quien Sera (ver 5)",
      "type": "CRD",
      "url": "https://tabs.ultimate-guitar.com/tab/dean-martin/sway-quien-sera-chords-5413104",
      "file_path": null,
      "metadata": {}
    },
    "1709094": {
      "id": "1709094",
      "title": "Sway Quien Sera  Intro",
      "type": "TAB",
      "url": "https://tabs.ultimate-guitar.com/tab/dean-martin/sway-quien-sera-tabs-1709094",
      "file_path": null,
      "metadata": {}
    },
    "2762950": {
      "id": "2762950",
      "title": "Sway Quien Sera (ver 2) Intro",
      "type": "TAB",
      "url": "https://tabs.ultimate-guitar.com/tab/dean-martin/sway-quien-sera-tabs-2762950",
      "file_path": null,
      "metadata": {}
    },
    "224875": {
      "id": "224875",
      "title": "Sway Quien Sera",
      "type": "PRO",
      "url": "https://tabs.ultimate-guitar.com/tab/dean-martin/sway-quien-sera-guitar-pro-224875",
      "file_path": null,
      "metadata": {}
    },
    "1323762": {
      "id": "1323762",
      "title": "Sway Quien Sera",
      "type": "UKE",
      "url": "https://tabs.ultimate-guitar.com/tab/dean-martin/sway-quien-sera-ukulele-1323762",
      "file_path": null,
      "metadata": {}
    },
    "2899034": {
      "id": "2899034",
      "title": "Sweet Sweet Lovable You",
      "type": "CRD",
      "url": "https://tabs.ultimate-guitar.com/tab/dean-martin/sweet-sweet-lovable-you-chords-2899034",
      "file_path": null,
      "metadata": {}
    },
    "5124775": {
      "id": "5124775",
      "title": "Tangerine",
      "type": "CRD",
      "url": "https://tabs.ultimate-guitar.com/tab/dean-martin/tangerine-chords-5124775",
      "file_path": null,
      "metadata": {}
    },
    "3685907": {
      "id": "3685907",
      "title": "Tarra Ta-Lara Ta-Lar",
      "type": "CRD",
      "url": "https://tabs.ultimate-guitar.com/tab/dean-martin/tarra-ta-lara-ta-lar-chords-3685907",
      "file_path": null,
      "metadata": {}
    },
    "2401717": {
      "id": "2401717",
      "title": "Thats All I Want From You",
      "type": "CRD",
      "url": "https://tabs.ultimate-guitar.com/tab/dean-martin/thats-all-i-want-from-you-chords-2401717",
      "file_path": null,
      "metadata": {}
    },
    "878621": {
      "id": "878621",
      "title": "Thats Amore (ver 2)",
      "type": "CRD",
      "url": "https://tabs.ultimate-guitar.com/tab/dean-martin/thats-amore-chords-878621",
      "file_path": null,
      "metadata": {}
    },
    "1410385": {
      "id": "1410385",
      "title": "Thats Amore (ver 3)",
      "type": "CRD",
      "url": "https://tabs.ultimate-guitar.com/tab/dean-martin/thats-amore-chords-1410385",
      "file_path": null,
      "metadata": {}
    },
    "1982301": {
      "id": "1982301",
      "title": "Thats Amore (ver 4)",
      "type": "CRD",
      "url": "https://tabs.ultimate-guitar.com/tab/dean-martin/thats-amore-chords-1982301",
      "file_path": null,
      "metadata": {}
    },
    "1986511": {
      "id": "1986511",
      "title": "Thats Amore",
      "type": "PRO",
      "url": "https://tabs.ultimate-guitar.com/tab/dean-martin/thats-amore-guitar-pro-1986511",
      "file_path": null,
      "metadata": {}
    },
    "2216469": {
      "id": "2216469",
      "title": "Thats Amore (ver 2)",
      "type": "PRO",
      "url": "https://tabs.ultimate-guitar.com/tab/dean-martin/thats-amore-guitar-pro-2216469",
      "file_path": null,
      "metadata": {}
    },
    "5359800": {
      "id": "5359800",
      "title": "Thats Amore",
      "type": "BASS",
      "url": "https://tabs.ultimate-guitar.com/tab/dean-martin/thats-amore-bass-5359800",
      "file_path": null,
      "metadata": {}
    },
    "3107591": {
      "id": "3107591",
      "title": "Thats Amore",
      "type": "VID",
      "url": "https://tabs.ultimate-guitar.com/tab/dean-martin/thats-amore-video-3107591",
      "file_path": null,
      "metadata": {}
    },
    "1304722": {
      "id": "1304722",
      "title": "Thats Amore",
      "type": "UKE",
      "url": "https://tabs.ultimate-guitar.com/tab/dean-martin/thats-amore-ukulele-1304722",
      "file_path": null,
      "metadata": {}
    },
    "3136271": {
      "id": "3136271",
      "title": "Thats What I Like",
      "type": "CRD",
      "url": "https://tabs.ultimate-guitar.com/tab/dean-martin/thats-what-i-like-chords-3136271",
      "file_path": null,
      "metadata": {}
    },
    "3855524": {
      "id": "3855524",
      "title": "Thats When I See The Blues In Your Pretty Brown Eyes",
      "type": "CRD",
      "url": "https://tabs.ultimate-guitar.com/tab/dean-martin/thats-when-i-see-the-blues-in-your-pretty-brown-eyes-chords-3855524",
      "file_path": null,
      "metadata": {}
    },
    "2729973": {
      "id": "2729973",
      "title": "The Darktown Strutters Ball",
      "type": "CRD",
      "url": "https://tabs.ultimate-guitar.com/tab/dean-martin/the-darktown-strutters-ball-chords-2729973",
      "file_path": null,
      "metadata": {}
    },
    "819967": {
      "id": "819967",
      "title": "The Door Is Still Open",
      "type": "CRD",
      "url": "https://tabs.ultimate-guitar.com/tab/dean-martin/the-door-is-still-open-chords-819967",
      "file_path": null,
      "metadata": {}
    },
    "1323764": {
      "id": "1323764",
      "title": "The Door Is Still Open",
      "type": "UKE",
      "url": "https://tabs.ultimate-guitar.com/tab/dean-martin/the-door-is-still-open-ukulele-1323764",
      "file_path": null,
      "metadata": {}
    },
    "2438707": {
      "id": "2438707",
      "title": "The Glory Of Love",
      "type": "CRD",
      "url": "https://tabs.ultimate-guitar.com/tab/dean-martin/the-glory-of-love-chords-2438707",
      "file_path": null,
      "metadata": {}
    },
    "3621230": {
      "id": "3621230",
      "title": "The Last Time I Saw Paris",
      "type": "CRD",
      "url": "https://tabs.ultimate-guitar.com/tab/dean-martin/the-last-time-i-saw-paris-chords-3621230",
      "file_path": null,
      "metadata": {}
    },
    "4154044": {
      "id": "4154044",
      "title": "The Man Who Plays The Mandolino",
      "type": "CRD",
      "url": "https://tabs.ultimate-guitar.com/tab/dean-martin/the-man-who-plays-the-mandolino-chords-4154044",
      "file_path": null,
      "metadata": {}
    },
    "5096752": {
      "id": "5096752",
      "title": "The Middle Of The Night Is My Cryin Time",
      "type": "CRD",
      "url": "https://tabs.ultimate-guitar.com/tab/dean-martin/the-middle-of-the-night-is-my-cryin-time-chords-5096752",
      "file_path": null,
      "metadata": {}
    },
    "3222047": {
      "id": "3222047",
      "title": "The Naughty Lady Of Shady Lane",
      "type": "CRD",
      "url": "https://tabs.ultimate-guitar.com/tab/dean-martin/the-naughty-lady-of-shady-lane-chords-3222047",
      "file_path": null,
      "metadata": {}
    },
    "1868398": {
      "id": "1868398",
      "title": "The Night Is Young And Youre So Beautiful",
      "type": "CRD",
      "url": "https://tabs.ultimate-guitar.com/tab/dean-martin/the-night-is-young-and-youre-so-beautiful-chords-1868398",
      "file_path": null,
      "metadata": {}
    },
    "5115325": {
      "id": "5115325",
      "title": "The Right Kind Of Woman",
      "type": "CRD",
      "url": "https://tabs.ultimate-guitar.com/tab/dean-martin/the-right-kind-of-woman-chords-5115325",
      "file_path": null,
      "metadata": {}
    },
    "766781": {
      "id": "766781",
      "title": "The Things We Did Last Summer",
      "type": "CRD",
      "url": "https://tabs.ultimate-guitar.com/tab/dean-martin/the-things-we-did-last-summer-chords-766781",
      "file_path": null,
      "metadata": {}
    },
    "1904307": {
      "id": "1904307",
      "title": "The Things We Did Last Summer (ver 2)",
      "type": "CRD",
      "url": "https://tabs.ultimate-guitar.com/tab/dean-martin/the-things-we-did-last-summer-chords-1904307",
      "file_path": null,
      "metadata": {}
    },
    "1317851": {
      "id": "1317851",
      "title": "The Things We Did Last Summer",
      "type": "UKE",
      "url": "https://tabs.ultimate-guitar.com/tab/dean-martin/the-things-we-did-last-summer-ukulele-1317851",
      "file_path": null,
      "metadata": {}
    },
    "2502594": {
      "id": "2502594",
      "title": "Theres No Tomorrow",
      "type": "CRD",
      "url": "https://tabs.ultimate-guitar.com/tab/dean-martin/theres-no-tomorrow-chords-2502594",
      "file_path": null,
      "metadata": {}
    },
    "1031372": {
      "id": "1031372",
      "title": "Things",
      "type": "CRD",
      "url": "https://tabs.ultimate-guitar.com/tab/dean-martin/things-chords-1031372",
      "file_path": null,
      "metadata": {}
    },
    "1351351": {
      "id": "1351351",
      "title": "Things",
      "type": "UKE",
      "url": "https://tabs.ultimate-guitar.com/tab/dean-martin/things-ukulele-1351351",
      "file_path": null,
      "metadata": {}
    },
    "3043542": {
      "id": "3043542",
      "title": "Tiny Bubbles",
      "type": "UKE",
      "url": "https://tabs.ultimate-guitar.com/tab/dean-martin/tiny-bubbles-ukulele-3043542",
      "file_path": null,
      "metadata": {}
    },
    "1740818": {
      "id": "1740818",
      "title": "Too Many Chiefs",
      "type": "CRD",
      "url": "https://tabs.ultimate-guitar.com/tab/dean-martin/too-many-chiefs-chords-1740818",
      "file_path": null,
      "metadata": {}
    },
    "2602272": {
      "id": "2602272",
      "title": "Torna A Surriento",
      "type": "PRO",
      "url": "https://tabs.ultimate-guitar.com/tab/dean-martin/torna-a-surriento-guitar-pro-2602272",
      "file_path": null,
      "metadata": {}
    },
    "5440707": {
      "id": "5440707",
      "title": "Try Again",
      "type": "CRD",
      "url": "https://tabs.ultimate-guitar.com/tab/dean-martin/try-again-chords-5440707",
      "file_path": null,
      "metadata": {}
    },
    "3586748": {
      "id": "3586748",
      "title": "Volare (ver 2)",
      "type": "CRD",
      "url": "https://tabs.ultimate-guitar.com/tab/dean-martin/volare-chords-3586748",
      "file_path": null,
      "metadata": {}
    },
    "4688108": {
      "id": "4688108",
      "title": "Volare (ver 3)",
      "type": "CRD",
      "url": "https://tabs.ultimate-guitar.com/tab/dean-martin/volare-chords-4688108",
      "file_path": null,
      "metadata": {}
    },
    "829755": {
      "id": "829755",
      "title": "Volare  Solo",
      "type": "TAB",
      "url": "https://tabs.ultimate-guitar.com/tab/dean-martin/volare-tabs-829755",
      "file_path": null,
      "metadata": {}
    },
    "1378264": {
      "id": "1378264",
      "title": "Volare",
      "type": "UKE",
      "url": "https://tabs.ultimate-guitar.com/tab/dean-martin/volare-ukulele-1378264",
      "file_path": null,
      "metadata": {}
    },
    "3161150": {
      "id": "3161150",
      "title": "Volare Nel Blu Di Pinto Di Blu",
      "type": "CRD",
      "url": "https://tabs.ultimate-guitar.com/tab/dean-martin/volare-nel-blu-di-pinto-di-blu-chords-3161150",
      "file_path": null,
      "metadata": {}
    },
    "1427803": {
      "id": "1427803",
      "title": "Welcome To My World",
      "type": "CRD",
      "url": "https://tabs.ultimate-guitar.com/tab/dean-martin/welcome-to-my-world-chords-1427803",
      "file_path": null,
      "metadata": {}
    },
    "5232444": {
      "id": "5232444",
      "title": "What A Difference A Day Made",
      "type": "CRD",
      "url": "https://tabs.ultimate-guitar.com/tab/dean-martin/what-a-difference-a-day-made-chords-5232444",
      "file_path": null,
      "metadata": {}
    },
    "5492247": {
      "id": "5492247",
      "title": "Whats Yesterday",
      "type": "CRD",
      "url": "https://tabs.ultimate-guitar.com/tab/dean-martin/whats-yesterday-chords-5492247",
      "file_path": null,
      "metadata": {}
    },
    "1776126": {
      "id": "1776126",
      "title": "When The Red Red Robin",
      "type": "UKE",
      "url": "https://tabs.ultimate-guitar.com/tab/dean-martin/when-the-red-red-robin-ukulele-1776126",
      "file_path": null,
      "metadata": {}
    },
    "1344103": {
      "id": "1344103",
      "title": "When Youre Smiling",
      "type": "UKE",
      "url": "https://tabs.ultimate-guitar.com/tab/dean-martin/when-youre-smiling-ukulele-1344103",
      "file_path": null,
      "metadata": {}
    },
    "1681850": {
      "id": "1681850",
      "title": "Winter Wonderland",
      "type": "CRD",
      "url": "https://tabs.ultimate-guitar.com/tab/dean-martin/winter-wonderland-chords-1681850",
      "file_path": null,
      "metadata": {}
    },
    "1931079": {
      "id": "1931079",
      "title": "Winter Wonderland (ver 2)",
      "type": "CRD",
      "url": "https://tabs.ultimate-guitar.com/tab/dean-martin/winter-wonderland-chords-1931079",
      "file_path": null,
      "metadata": {}
    },
    "2515005": {
      "id": "2515005",
      "title": "Winter Wonderland (ver 3)",
      "type": "CRD",
      "url": "https://tabs.ultimate-guitar.com/tab/dean-martin/winter-wonderland-chords-2515005",
      "file_path": null,
      "metadata": {}
    },
    "3402335": {
      "id": "3402335",
      "title": "Winter Wonderland (ver 4)",
      "type": "CRD",
      "url": "https://tabs.ultimate-guitar.com/tab/dean-martin/winter-wonderland-chords-3402335",
      "file_path": null,
      "metadata": {}
    },
    "5068024": {
      "id": "5068024",
      "title": "Winter Wonderland (ver 5)",
      "type": "CRD",
      "url": "https://tabs.ultimate-guitar.com/tab/dean-martin/winter-wonderland-chords-5068024",
      "file_path": null,
      "metadata": {}
    },
    "3484115": {
      "id": "3484115",
      "title": "Winter Wonderland",
      "type": "BASS",
      "url": "https://tabs.ultimate-guitar.com/tab/dean-martin/winter-wonderland-bass-3484115",
      "file_path": null,
      "metadata": {}
    },
    "3044515": {
      "id": "3044515",
      "title": "Wrap Your Troubles In Dreams",
      "type": "CRD",
      "url": "https://tabs.ultimate-guitar.com/tab/dean-martin/wrap-your-troubles-in-dreams-chords-3044515",
      "file_path": null,
      "metadata": {}
    },
    "1841455": {
      "id": "1841455",
      "title": "You Belong To Me",
      "type": "CRD",
      "url": "https://tabs.ultimate-guitar.com/tab/dean-martin/you-belong-to-me-chords-1841455",
      "file_path": null,
      "metadata": {}
    },
    "1510659": {
      "id": "1510659",
      "title": "You Belong To Me",
      "type": "TAB",
      "url": "https://tabs.ultimate-guitar.com/tab/dean-martin/you-belong-to-me-tabs-1510659",
      "file_path": null,
      "metadata": {}
    },
    "1900501": {
      "id": "1900501",
      "title": "You Was",
      "type": "CRD",
      "url": "https://tabs.ultimate-guitar.com/tab/dean-martin/you-was-chords-1900501",
      "file_path": null,
      "metadata": {}
    },
    "1733787": {
      "id": "1733787",
      "title": "You Was",
      "type": "UKE",
      "url": "https://tabs.ultimate-guitar.com/tab/dean-martin/you-was-ukulele-1733787",
      "file_path": null,
      "metadata": {}
    },
    "4144315": {
      "id": "4144315",
      "title": "Your Other Love",
      "type": "CRD",
      "url": "https://tabs.ultimate-guitar.com/tab/dean-martin/your-other-love-chords-4144315",
      "file_path": null,
      "metadata": {}
    },
    "4076011": {
      "id": "4076011",
      "title": "Youre Breaking My Heart Mattinata",
      "type": "CRD",
      "url": "https://tabs.ultimate-guitar.com/tab/dean-martin/youre-breaking-my-heart-mattinata-chords-4076011",
      "file_path": null,
      "metadata": {}
    },
    "2504325": {
      "id": "2504325",
      "title": "Youre Nobody Til Somebody Loves You (ver 2)",
      "type": "CRD",
      "url": "https://tabs.ultimate-guitar.com/tab/dean-martin/youre-nobody-til-somebody-loves-you-chords-2504325",
      "file_path": null,
      "metadata": {}
    },
    "3088592": {
      "id": "3088592",
      "title": "Youre Nobody Til Somebody Loves You (ver 3)",
      "type": "CRD",
      "url": "https://tabs.ultimate-guitar.com/tab/dean-martin/youre-nobody-til-somebody-loves-you-chords-3088592",
      "file_path": null,
      "metadata": {}
    },
    "3942335": {
      "id": "3942335",
      "title": "Youre Nobody Til Somebody Loves You (ver 4)",
      "type": "CRD",
      "url": "https://tabs.ultimate-guitar.com/tab/dean-martin/youre-nobody-til-somebody-loves-you-chords-3942335",
      "file_path": null,
      "metadata": {}
    },
    "2209387": {
      "id": "2209387",
      "title": "Youre Nobody Til Somebody Loves You",
      "type": "BASS",
      "url": "https://tabs.ultimate-guitar.com/tab/dean-martin/youre-nobody-til-somebody-loves-you-bass-2209387",
      "file_path": null,
      "metadata": {}
    },
    "1300740": {
      "id": "1300740",
      "title": "Youre Nobody Til Somebody Loves You",
      "type": "UKE",
      "url": "https://tabs.ultimate-guitar.com/tab/dean-martin/youre-nobody-til-somebody-loves-you-ukulele-1300740",
      "file_path": null,
      "metadata": {}
    }
  }
}