{
  "id": "10517",
  "name": "Benny Hester",
  "url": "https://www.ultimate-guitar.com/artist/benny_hester_10517",
  "tabs": {
    "996646": {
      "id": "996646",
      "title": "Nobody Knows Me Like You",
      "type": "CRD",
      "url": "https://tabs.ultimate-guitar.com/tab/benny-hester/nobody-knows-me-like-you-chords-996646",
      "file_path": null,
      "metadata": {}
    },
    "1345157": {
      "id": "1345157",
      "title": "Nobody Knows Me Like You",
      "type": "UKE",
      "url": "https://tabs.ultimate-guitar.com/tab/benny-hester/nobody-knows-me-like-you-ukulele-1345157",
      "file_path": null,
      "metadata": {}
    },
    "141671": {
      "id": "141671",
      "title": "When God Ran",
      "type": "CRD",
      "url": "https://tabs.ultimate-guitar.com/tab/benny-hester/when-god-ran-chords-141671",
      "file_path": null,
      "metadata": {}
    },
    "910602": {
      "id": "910602",
      "title": "When God Ran (ver 2)",
      "type": "CRD",
      "url": "https://tabs.ultimate-guitar.com/tab/benny-hester/when-god-ran-chords-910602",
      "file_path": null,
      "metadata": {}
    },
    "1273556": {
      "id": "1273556",
      "title": "When God Ran",
      "type": "UKE",
      "url": "https://tabs.ultimate-guitar.com/tab/benny-hester/when-god-ran-ukulele-1273556",
      "file_path": null,
      "metadata": {}
    }
  }
}