{
  "id": "102239",
  "name": "Horse Jumper of Love",
  "url": "https://www.ultimate-guitar.com/artist/horse_jumper_of_love_102239",
  "tabs": {
    "4974733": {
      "id": "4974733",
      "title": "Airport",
      "type": "TAB",
      "url": "https://tabs.ultimate-guitar.com/tab/horse-jumper-of-love/airport-tabs-4974733",
      "file_path": null,
      "metadata": {}
    },
    "4383167": {
      "id": "4383167",
      "title": "Bagel Breath  Intro",
      "type": "TAB",
      "url": "https://tabs.ultimate-guitar.com/tab/horse-jumper-of-love/bagel-breath-tabs-4383167",
      "file_path": null,
      "metadata": {}
    },
    "2257711": {
      "id": "2257711",
      "title": "Bagel Breath",
      "type": "TAB",
      "url": "https://tabs.ultimate-guitar.com/tab/horse-jumper-of-love/bagel-breath-tabs-2257711",
      "file_path": null,
      "metadata": {}
    },
    "4604969": {
      "id": "4604969",
      "title": "Chariots",
      "type": "TAB",
      "url": "https://tabs.ultimate-guitar.com/tab/horse-jumper-of-love/chariots-tabs-4604969",
      "file_path": null,
      "metadata": {}
    },
    "4442564": {
      "id": "4442564",
      "title": "Cops",
      "type": "TAB",
      "url": "https://tabs.ultimate-guitar.com/tab/horse-jumper-of-love/cops-tabs-4442564",
      "file_path": null,
      "metadata": {}
    },
    "3466988": {
      "id": "3466988",
      "title": "Dirt  Intro",
      "type": "TAB",
      "url": "https://tabs.ultimate-guitar.com/tab/horse-jumper-of-love/dirt-tabs-3466988",
      "file_path": null,
      "metadata": {}
    },
    "3121619": {
      "id": "3121619",
      "title": "Dirt",
      "type": "TAB",
      "url": "https://tabs.ultimate-guitar.com/tab/horse-jumper-of-love/dirt-tabs-3121619",
      "file_path": null,
      "metadata": {}
    },
    "4268137": {
      "id": "4268137",
      "title": "Dirt (ver 2)",
      "type": "TAB",
      "url": "https://tabs.ultimate-guitar.com/tab/horse-jumper-of-love/dirt-tabs-4268137",
      "file_path": null,
      "metadata": {}
    },
    "4781348": {
      "id": "4781348",
      "title": "Heartbreak Rules",
      "type": "CRD",
      "url": "https://tabs.ultimate-guitar.com/tab/horse-jumper-of-love/heartbreak-rules-chords-4781348",
      "file_path": null,
      "metadata": {}
    },
    "4814207": {
      "id": "4814207",
      "title": "Heartbreak Rules",
      "type": "TAB",
      "url": "https://tabs.ultimate-guitar.com/tab/horse-jumper-of-love/heartbreak-rules-tabs-4814207",
      "file_path": null,
      "metadata": {}
    },
    "5093047": {
      "id": "5093047",
      "title": "Hole",
      "type": "CRD",
      "url": "https://tabs.ultimate-guitar.com/tab/horse-jumper-of-love/hole-chords-5093047",
      "file_path": null,
      "metadata": {}
    },
    "4418159": {
      "id": "4418159",
      "title": "Hole  Intro",
      "type": "TAB",
      "url": "https://tabs.ultimate-guitar.com/tab/horse-jumper-of-love/hole-tabs-4418159",
      "file_path": null,
      "metadata": {}
    },
    "4603403": {
      "id": "4603403",
      "title": "I Poured Sugar In Your Shoes",
      "type": "TAB",
      "url": "https://tabs.ultimate-guitar.com/tab/horse-jumper-of-love/i-poured-sugar-in-your-shoes-tabs-4603403",
      "file_path": null,
      "metadata": {}
    },
    "5727689": {
      "id": "5727689",
      "title": "I Poured Sugar In Your Shoes Last Night Version",
      "type": "TAB",
      "url": "https://tabs.ultimate-guitar.com/tab/horse-jumper-of-love/i-poured-sugar-in-your-shoes-last-night-version-tabs-5727689",
      "file_path": null,
      "metadata": {}
    },
    "5383746": {
      "id": "5383746",
      "title": "I Put A Crown On You",
      "type": "CRD",
      "url": "https://tabs.ultimate-guitar.com/tab/horse-jumper-of-love/i-put-a-crown-on-you-chords-5383746",
      "file_path": null,
      "metadata": {}
    },
    "4603196": {
      "id": "4603196",
      "title": "I Put A Crown On You",
      "type": "TAB",
      "url": "https://tabs.ultimate-guitar.com/tab/horse-jumper-of-love/i-put-a-crown-on-you-tabs-4603196",
      "file_path": null,
      "metadata": {}
    },
    "5652489": {
      "id": "5652489",
      "title": "Its Nice",
      "type": "CRD",
      "url": "https://tabs.ultimate-guitar.com/tab/horse-jumper-of-love/its-nice-chords-5652489",
      "file_path": null,
      "metadata": {}
    },
    "5731319": {
      "id": "5731319",
      "title": "Its Nice  Intro",
      "type": "TAB",
      "url": "https://tabs.ultimate-guitar.com/tab/horse-jumper-of-love/its-nice-tabs-5731319",
      "file_path": null,
      "metadata": {}
    },
    "3167114": {
      "id": "3167114",
      "title": "John Song  Intro",
      "type": "TAB",
      "url": "https://tabs.ultimate-guitar.com/tab/horse-jumper-of-love/john-song-tabs-3167114",
      "file_path": null,
      "metadata": {}
    },
    "4260982": {
      "id": "4260982",
      "title": "John Song",
      "type": "TAB",
      "url": "https://tabs.ultimate-guitar.com/tab/horse-jumper-of-love/john-song-tabs-4260982",
      "file_path": null,
      "metadata": {}
    },
    "3115874": {
      "id": "3115874",
      "title": "Nose Bleeder  Intro",
      "type": "TAB",
      "url": "https://tabs.ultimate-guitar.com/tab/horse-jumper-of-love/nose-bleeder-tabs-3115874",
      "file_path": null,
      "metadata": {}
    },
    "3201938": {
      "id": "3201938",
      "title": "Orange Peeler",
      "type": "CRD",
      "url": "https://tabs.ultimate-guitar.com/tab/horse-jumper-of-love/orange-peeler-chords-3201938",
      "file_path": null,
      "metadata": {}
    },
    "4186096": {
      "id": "4186096",
      "title": "Orange Peeler (ver 2)",
      "type": "CRD",
      "url": "https://tabs.ultimate-guitar.com/tab/horse-jumper-of-love/orange-peeler-chords-4186096",
      "file_path": null,
      "metadata": {}
    },
    "4740893": {
      "id": "4740893",
      "title": "Poison",
      "type": "TAB",
      "url": "https://tabs.ultimate-guitar.com/tab/horse-jumper-of-love/poison-tabs-4740893",
      "file_path": null,
      "metadata": {}
    },
    "4790141": {
      "id": "4790141",
      "title": "Singing By The Sink",
      "type": "TAB",
      "url": "https://tabs.ultimate-guitar.com/tab/horse-jumper-of-love/singing-by-the-sink-tabs-4790141",
      "file_path": null,
      "metadata": {}
    },
    "4605878": {
      "id": "4605878",
      "title": "Sitting On The Porch At Night",
      "type": "TAB",
      "url": "https://tabs.ultimate-guitar.com/tab/horse-jumper-of-love/sitting-on-the-porch-at-night-tabs-4605878",
      "file_path": null,
      "metadata": {}
    },
    "5387856": {
      "id": "5387856",
      "title": "Snake Eyes",
      "type": "CRD",
      "url": "https://tabs.ultimate-guitar.com/tab/horse-jumper-of-love/snake-eyes-chords-5387856",
      "file_path": null,
      "metadata": {}
    },
    "4604237": {
      "id": "4604237",
      "title": "Snakeskin",
      "type": "TAB",
      "url": "https://tabs.ultimate-guitar.com/tab/horse-jumper-of-love/snakeskin-tabs-4604237",
      "file_path": null,
      "metadata": {}
    },
    "4112404": {
      "id": "4112404",
      "title": "Spaceman",
      "type": "CRD",
      "url": "https://tabs.ultimate-guitar.com/tab/horse-jumper-of-love/spaceman-chords-4112404",
      "file_path": null,
      "metadata": {}
    },
    "2788540": {
      "id": "2788540",
      "title": "Spaceman",
      "type": "TAB",
      "url": "https://tabs.ultimate-guitar.com/tab/horse-jumper-of-love/spaceman-tabs-2788540",
      "file_path": null,
      "metadata": {}
    },
    "4187296": {
      "id": "4187296",
      "title": "Spaceman",
      "type": "BASS",
      "url": "https://tabs.ultimate-guitar.com/tab/horse-jumper-of-love/spaceman-bass-4187296",
      "file_path": null,
      "metadata": {}
    },
    "4684541": {
      "id": "4684541",
      "title": "Stray Dog",
      "type": "CRD",
      "url": "https://tabs.ultimate-guitar.com/tab/horse-jumper-of-love/stray-dog-chords-4684541",
      "file_path": null,
      "metadata": {}
    },
    "2808269": {
      "id": "2808269",
      "title": "Stray Dog  Intro",
      "type": "TAB",
      "url": "https://tabs.ultimate-guitar.com/tab/horse-jumper-of-love/stray-dog-tabs-2808269",
      "file_path": null,
      "metadata": {}
    },
    "3888509": {
      "id": "3888509",
      "title": "Stray Dog (ver 2) Intro",
      "type": "TAB",
      "url": "https://tabs.ultimate-guitar.com/tab/horse-jumper-of-love/stray-dog-tabs-3888509",
      "file_path": null,
      "metadata": {}
    },
    "5300970": {
      "id": "5300970",
      "title": "Stray Dog",
      "type": "TAB",
      "url": "https://tabs.ultimate-guitar.com/tab/horse-jumper-of-love/stray-dog-tabs-5300970",
      "file_path": null,
      "metadata": {}
    },
    "5402841": {
      "id": "5402841",
      "title": "Todays Iconoclast",
      "type": "TAB",
      "url": "https://tabs.ultimate-guitar.com/tab/horse-jumper-of-love/todays-iconoclast-tabs-5402841",
      "file_path": null,
      "metadata": {}
    },
    "2708022": {
      "id": "2708022",
      "title": "Ugly Brunette",
      "type": "CRD",
      "url": "https://tabs.ultimate-guitar.com/tab/horse-jumper-of-love/ugly-brunette-chords-2708022",
      "file_path": null,
      "metadata": {}
    },
    "4163017": {
      "id": "4163017",
      "title": "Ugly Brunette (ver 2)",
      "type": "CRD",
      "url": "https://tabs.ultimate-guitar.com/tab/horse-jumper-of-love/ugly-brunette-chords-4163017",
      "file_path": null,
      "metadata": {}
    },
    "2915789": {
      "id": "2915789",
      "title": "Ugly Brunette",
      "type": "TAB",
      "url": "https://tabs.ultimate-guitar.com/tab/horse-jumper-of-love/ugly-brunette-tabs-2915789",
      "file_path": null,
      "metadata": {}
    },
    "4228201": {
      "id": "4228201",
      "title": "Ugly Brunette (ver 2)",
      "type": "TAB",
      "url": "https://tabs.ultimate-guitar.com/tab/horse-jumper-of-love/ugly-brunette-tabs-4228201",
      "file_path": null,
      "metadata": {}
    },
    "4606229": {
      "id": "4606229",
      "title": "Under The House Skunks",
      "type": "TAB",
      "url": "https://tabs.ultimate-guitar.com/tab/horse-jumper-of-love/under-the-house-skunks-tabs-4606229",
      "file_path": null,
      "metadata": {}
    },
    "4366103": {
      "id": "4366103",
      "title": "Ur Real Life",
      "type": "TAB",
      "url": "https://tabs.ultimate-guitar.com/tab/horse-jumper-of-love/ur-real-life-tabs-4366103",
      "file_path": null,
      "metadata": {}
    },
    "4606166": {
      "id": "4606166",
      "title": "Velcro",
      "type": "TAB",
      "url": "https://tabs.ultimate-guitar.com/tab/horse-jumper-of-love/velcro-tabs-4606166",
      "file_path": null,
      "metadata": {}
    },
    "5398875": {
      "id": "5398875",
      "title": "Wink",
      "type": "TAB",
      "url": "https://tabs.ultimate-guitar.com/tab/horse-jumper-of-love/wink-tabs-5398875",
      "file_path": null,
      "metadata": {}
    },
    "5622606": {
      "id": "5622606",
      "title": "Word",
      "type": "TAB",
      "url": "https://tabs.ultimate-guitar.com/tab/horse-jumper-of-love/word-tabs-5622606",
      "file_path": null,
      "metadata": {}
    }
  }
}