{
  "id": "10918",
  "name": "Pat Metheny",
  "url": "https://www.ultimate-guitar.com/artist/pat_metheny_10918",
  "tabs": {
    "150581": {
      "id": "150581",
      "title": "Have Yourself A Merry Little Christmas",
      "type": "CRD",
      "url": "https://tabs.ultimate-guitar.com/tab/pat-metheny/have-yourself-a-merry-little-christmas-chords-150581",
      "file_path": null,
      "metadata": {}
    },
    "150365": {
      "id": "150365",
      "title": "Bright Size Life",
      "type": "TAB",
      "url": "https://tabs.ultimate-guitar.com/tab/pat-metheny/bright-size-life-tabs-150365",
      "file_path": null,
      "metadata": {}
    },
    "513265": {
      "id": "513265",
      "title": "Cinema Paradiso",
      "type": "TAB",
      "url": "https://tabs.ultimate-guitar.com/tab/pat-metheny/cinema-paradiso-tabs-513265",
      "file_path": null,
      "metadata": {}
    },
    "434870": {
      "id": "434870",
      "title": "Dont Know Why",
      "type": "PRO",
      "url": "https://tabs.ultimate-guitar.com/tab/pat-metheny/dont-know-why-guitar-pro-434870",
      "file_path": null,
      "metadata": {}
    },
    "76406": {
      "id": "76406",
      "title": "Travels",
      "type": "TAB",
      "url": "https://tabs.ultimate-guitar.com/tab/pat-metheny/travels-tabs-76406",
      "file_path": null,
      "metadata": {}
    },
    "225598": {
      "id": "225598",
      "title": "Bright Size Life",
      "type": "PRO",
      "url": "https://tabs.ultimate-guitar.com/tab/pat-metheny/bright-size-life-guitar-pro-225598",
      "file_path": null,
      "metadata": {}
    },
    "225604": {
      "id": "225604",
      "title": "James",
      "type": "PRO",
      "url": "https://tabs.ultimate-guitar.com/tab/pat-metheny/james-guitar-pro-225604",
      "file_path": null,
      "metadata": {}
    },
    "1062674": {
      "id": "1062674",
      "title": "James",
      "type": "TAB",
      "url": "https://tabs.ultimate-guitar.com/tab/pat-metheny/james-tabs-1062674",
      "file_path": null,
      "metadata": {}
    },
    "225606": {
      "id": "225606",
      "title": "Phase Dance",
      "type": "PRO",
      "url": "https://tabs.ultimate-guitar.com/tab/pat-metheny/phase-dance-guitar-pro-225606",
      "file_path": null,
      "metadata": {}
    },
    "1060891": {
      "id": "1060891",
      "title": "Dont Know Why",
      "type": "TAB",
      "url": "https://tabs.ultimate-guitar.com/tab/pat-metheny/dont-know-why-tabs-1060891",
      "file_path": null,
      "metadata": {}
    },
    "5858618": {
      "id": "5858618",
      "title": "And I Love Her (ver 2)",
      "type": "TAB",
      "url": "https://tabs.ultimate-guitar.com/tab/pat-metheny/and-i-love-her-tabs-5858618",
      "file_path": null,
      "metadata": {}
    },
    "2472270": {
      "id": "2472270",
      "title": "In France They Kiss On Main Street  Solo",
      "type": "TAB",
      "url": "https://tabs.ultimate-guitar.com/tab/joni-mitchell/in-france-they-kiss-on-main-street-tabs-2472270",
      "file_path": null,
      "metadata": {}
    },
    "1898676": {
      "id": "1898676",
      "title": "No Matter What",
      "type": "PRO",
      "url": "https://tabs.ultimate-guitar.com/tab/john-scofield/no-matter-what-guitar-pro-1898676",
      "file_path": null,
      "metadata": {}
    },
    "3632732": {
      "id": "3632732",
      "title": "Tam Gdzie Nie Sięga Wzrok",
      "type": "CRD",
      "url": "https://tabs.ultimate-guitar.com/tab/3632732",
      "file_path": null,
      "metadata": {}
    },
    "2720160": {
      "id": "2720160",
      "title": "8081",
      "type": "PRO",
      "url": "https://tabs.ultimate-guitar.com/tab/pat-metheny/8081-guitar-pro-2720160",
      "file_path": null,
      "metadata": {}
    },
    "115036": {
      "id": "115036",
      "title": "A Map Of The World  Intro",
      "type": "TAB",
      "url": "https://tabs.ultimate-guitar.com/tab/pat-metheny/a-map-of-the-world-tabs-115036",
      "file_path": null,
      "metadata": {}
    },
    "1065839": {
      "id": "1065839",
      "title": "A Map Of The World",
      "type": "TAB",
      "url": "https://tabs.ultimate-guitar.com/tab/pat-metheny/a-map-of-the-world-tabs-1065839",
      "file_path": null,
      "metadata": {}
    },
    "225597": {
      "id": "225597",
      "title": "A Map Of The World",
      "type": "PRO",
      "url": "https://tabs.ultimate-guitar.com/tab/pat-metheny/a-map-of-the-world-guitar-pro-225597",
      "file_path": null,
      "metadata": {}
    },
    "2007297": {
      "id": "2007297",
      "title": "A Map Of The World (ver 2)",
      "type": "PRO",
      "url": "https://tabs.ultimate-guitar.com/tab/pat-metheny/a-map-of-the-world-guitar-pro-2007297",
      "file_path": null,
      "metadata": {}
    },
    "309001": {
      "id": "309001",
      "title": "A Map Of The World",
      "type": "PWR",
      "url": "https://tabs.ultimate-guitar.com/tab/pat-metheny/a-map-of-the-world-power-309001",
      "file_path": null,
      "metadata": {}
    },
    "309002": {
      "id": "309002",
      "title": "A Map Of The World (ver 2)",
      "type": "PWR",
      "url": "https://tabs.ultimate-guitar.com/tab/pat-metheny/a-map-of-the-world-power-309002",
      "file_path": null,
      "metadata": {}
    },
    "524894": {
      "id": "524894",
      "title": "A Place In The World",
      "type": "PRO",
      "url": "https://tabs.ultimate-guitar.com/tab/pat-metheny/a-place-in-the-world-guitar-pro-524894",
      "file_path": null,
      "metadata": {}
    },
    "225596": {
      "id": "225596",
      "title": "All The Things You Are",
      "type": "PRO",
      "url": "https://tabs.ultimate-guitar.com/tab/pat-metheny/all-the-things-you-are-guitar-pro-225596",
      "file_path": null,
      "metadata": {}
    },
    "456284": {
      "id": "456284",
      "title": "Always And Forever",
      "type": "PRO",
      "url": "https://tabs.ultimate-guitar.com/tab/pat-metheny/always-and-forever-guitar-pro-456284",
      "file_path": null,
      "metadata": {}
    },
    "309003": {
      "id": "309003",
      "title": "Always Forever",
      "type": "PRO",
      "url": "https://tabs.ultimate-guitar.com/tab/pat-metheny/always-forever-guitar-pro-309003",
      "file_path": null,
      "metadata": {}
    },
    "3692963": {
      "id": "3692963",
      "title": "American Garage",
      "type": "PRO",
      "url": "https://tabs.ultimate-guitar.com/tab/pat-metheny/american-garage-guitar-pro-3692963",
      "file_path": null,
      "metadata": {}
    },
    "4350530": {
      "id": "4350530",
      "title": "And I Love Her",
      "type": "TAB",
      "url": "https://tabs.ultimate-guitar.com/tab/pat-metheny/and-i-love-her-tabs-4350530",
      "file_path": null,
      "metadata": {}
    },
    "3137078": {
      "id": "3137078",
      "title": "And I Love Her",
      "type": "PRO",
      "url": "https://tabs.ultimate-guitar.com/tab/pat-metheny/and-i-love-her-guitar-pro-3137078",
      "file_path": null,
      "metadata": {}
    },
    "1465201": {
      "id": "1465201",
      "title": "Antonia",
      "type": "PRO",
      "url": "https://tabs.ultimate-guitar.com/tab/pat-metheny/antonia-guitar-pro-1465201",
      "file_path": null,
      "metadata": {}
    },
    "1066214": {
      "id": "1066214",
      "title": "Are We There Yet  Solo",
      "type": "PRO",
      "url": "https://tabs.ultimate-guitar.com/tab/pat-metheny/are-we-there-yet-guitar-pro-1066214",
      "file_path": null,
      "metadata": {}
    },
    "1066218": {
      "id": "1066218",
      "title": "Are We There Yet (ver 2) Solo",
      "type": "PRO",
      "url": "https://tabs.ultimate-guitar.com/tab/pat-metheny/are-we-there-yet-guitar-pro-1066218",
      "file_path": null,
      "metadata": {}
    },
    "3665921": {
      "id": "3665921",
      "title": "Are You Going With Me",
      "type": "PRO",
      "url": "https://tabs.ultimate-guitar.com/tab/pat-metheny/are-you-going-with-me-guitar-pro-3665921",
      "file_path": null,
      "metadata": {}
    },
    "580418": {
      "id": "580418",
      "title": "As It Is",
      "type": "PRO",
      "url": "https://tabs.ultimate-guitar.com/tab/pat-metheny/as-it-is-guitar-pro-580418",
      "file_path": null,
      "metadata": {}
    },
    "225599": {
      "id": "225599",
      "title": "Bright Size Life (ver 2)",
      "type": "PRO",
      "url": "https://tabs.ultimate-guitar.com/tab/pat-metheny/bright-size-life-guitar-pro-225599",
      "file_path": null,
      "metadata": {}
    },
    "3050110": {
      "id": "3050110",
      "title": "Bright Size Life (ver 3)",
      "type": "PRO",
      "url": "https://tabs.ultimate-guitar.com/tab/pat-metheny/bright-size-life-guitar-pro-3050110",
      "file_path": null,
      "metadata": {}
    },
    "309004": {
      "id": "309004",
      "title": "Bright Size Life",
      "type": "PWR",
      "url": "https://tabs.ultimate-guitar.com/tab/pat-metheny/bright-size-life-power-309004",
      "file_path": null,
      "metadata": {}
    },
    "3007931": {
      "id": "3007931",
      "title": "Change Of Heart",
      "type": "PRO",
      "url": "https://tabs.ultimate-guitar.com/tab/pat-metheny/change-of-heart-guitar-pro-3007931",
      "file_path": null,
      "metadata": {}
    },
    "3721775": {
      "id": "3721775",
      "title": "Cherish",
      "type": "CRD",
      "url": "https://tabs.ultimate-guitar.com/tab/pat-metheny/cherish-chords-3721775",
      "file_path": null,
      "metadata": {}
    },
    "5417808": {
      "id": "5417808",
      "title": "Cichy Zapada Zmrok",
      "type": "CRD",
      "url": "https://tabs.ultimate-guitar.com/tab/pat-metheny/cichy-zapada-zmrok-chords-5417808",
      "file_path": null,
      "metadata": {}
    },
    "309005": {
      "id": "309005",
      "title": "Cinema Paradiso",
      "type": "PRO",
      "url": "https://tabs.ultimate-guitar.com/tab/pat-metheny/cinema-paradiso-guitar-pro-309005",
      "file_path": null,
      "metadata": {}
    },
    "309006": {
      "id": "309006",
      "title": "Cinema Paradiso Main Theme",
      "type": "PRO",
      "url": "https://tabs.ultimate-guitar.com/tab/pat-metheny/cinema-paradiso-main-theme-guitar-pro-309006",
      "file_path": null,
      "metadata": {}
    },
    "2722815": {
      "id": "2722815",
      "title": "Dont Know Why  Intro",
      "type": "PRO",
      "url": "https://tabs.ultimate-guitar.com/tab/pat-metheny/dont-know-why-guitar-pro-2722815",
      "file_path": null,
      "metadata": {}
    },
    "525105": {
      "id": "525105",
      "title": "Dont Know Why (ver 2)",
      "type": "PRO",
      "url": "https://tabs.ultimate-guitar.com/tab/pat-metheny/dont-know-why-guitar-pro-525105",
      "file_path": null,
      "metadata": {}
    },
    "1717055": {
      "id": "1717055",
      "title": "Etude No 1  Solo",
      "type": "PWR",
      "url": "https://tabs.ultimate-guitar.com/tab/pat-metheny/etude-no-1-power-1717055",
      "file_path": null,
      "metadata": {}
    },
    "1717056": {
      "id": "1717056",
      "title": "Etude No 2  Solo",
      "type": "PWR",
      "url": "https://tabs.ultimate-guitar.com/tab/pat-metheny/etude-no-2-power-1717056",
      "file_path": null,
      "metadata": {}
    },
    "1717057": {
      "id": "1717057",
      "title": "Etude No 3  Solo",
      "type": "PWR",
      "url": "https://tabs.ultimate-guitar.com/tab/pat-metheny/etude-no-3-power-1717057",
      "file_path": null,
      "metadata": {}
    },
    "2797559": {
      "id": "2797559",
      "title": "Etude No 5  Solo",
      "type": "PRO",
      "url": "https://tabs.ultimate-guitar.com/tab/pat-metheny/etude-no-5-guitar-pro-2797559",
      "file_path": null,
      "metadata": {}
    },
    "1507439": {
      "id": "1507439",
      "title": "Every Summer Night  Intro",
      "type": "TAB",
      "url": "https://tabs.ultimate-guitar.com/tab/pat-metheny/every-summer-night-tabs-1507439",
      "file_path": null,
      "metadata": {}
    },
    "225600": {
      "id": "225600",
      "title": "Facing West",
      "type": "PRO",
      "url": "https://tabs.ultimate-guitar.com/tab/pat-metheny/facing-west-guitar-pro-225600",
      "file_path": null,
      "metadata": {}
    },
    "225601": {
      "id": "225601",
      "title": "Facing West (ver 2)",
      "type": "PRO",
      "url": "https://tabs.ultimate-guitar.com/tab/pat-metheny/facing-west-guitar-pro-225601",
      "file_path": null,
      "metadata": {}
    },
    "309007": {
      "id": "309007",
      "title": "Family",
      "type": "PRO",
      "url": "https://tabs.ultimate-guitar.com/tab/pat-metheny/family-guitar-pro-309007",
      "file_path": null,
      "metadata": {}
    },
    "1062675": {
      "id": "1062675",
      "title": "Farmers Trust",
      "type": "TAB",
      "url": "https://tabs.ultimate-guitar.com/tab/pat-metheny/farmers-trust-tabs-1062675",
      "file_path": null,
      "metadata": {}
    },
    "225602": {
      "id": "225602",
      "title": "Farmers Trust",
      "type": "PRO",
      "url": "https://tabs.ultimate-guitar.com/tab/pat-metheny/farmers-trust-guitar-pro-225602",
      "file_path": null,
      "metadata": {}
    },
    "1282551": {
      "id": "1282551",
      "title": "Follow Me",
      "type": "UKE",
      "url": "https://tabs.ultimate-guitar.com/tab/pat-metheny/follow-me-ukulele-1282551",
      "file_path": null,
      "metadata": {}
    },
    "309008": {
      "id": "309008",
      "title": "Go Get It",
      "type": "PRO",
      "url": "https://tabs.ultimate-guitar.com/tab/pat-metheny/go-get-it-guitar-pro-309008",
      "file_path": null,
      "metadata": {}
    },
    "1065703": {
      "id": "1065703",
      "title": "Have You Heard  Solo",
      "type": "PRO",
      "url": "https://tabs.ultimate-guitar.com/tab/pat-metheny/have-you-heard-guitar-pro-1065703",
      "file_path": null,
      "metadata": {}
    },
    "1979821": {
      "id": "1979821",
      "title": "Have You Heard",
      "type": "PRO",
      "url": "https://tabs.ultimate-guitar.com/tab/pat-metheny/have-you-heard-guitar-pro-1979821",
      "file_path": null,
      "metadata": {}
    },
    "602160": {
      "id": "602160",
      "title": "Have Your Self A Merry Little Christmas",
      "type": "PRO",
      "url": "https://tabs.ultimate-guitar.com/tab/pat-metheny/have-your-self-a-merry-little-christmas-guitar-pro-602160",
      "file_path": null,
      "metadata": {}
    },
    "1274312": {
      "id": "1274312",
      "title": "Have Yourself A Merry Little Christmas",
      "type": "UKE",
      "url": "https://tabs.ultimate-guitar.com/tab/pat-metheny/have-yourself-a-merry-little-christmas-ukulele-1274312",
      "file_path": null,
      "metadata": {}
    },
    "225603": {
      "id": "225603",
      "title": "Here To Stay",
      "type": "PRO",
      "url": "https://tabs.ultimate-guitar.com/tab/pat-metheny/here-to-stay-guitar-pro-225603",
      "file_path": null,
      "metadata": {}
    },
    "2026022": {
      "id": "2026022",
      "title": "Here To Stay (ver 2)",
      "type": "PRO",
      "url": "https://tabs.ultimate-guitar.com/tab/pat-metheny/here-to-stay-guitar-pro-2026022",
      "file_path": null,
      "metadata": {}
    },
    "309009": {
      "id": "309009",
      "title": "If I Could",
      "type": "PRO",
      "url": "https://tabs.ultimate-guitar.com/tab/pat-metheny/if-i-could-guitar-pro-309009",
      "file_path": null,
      "metadata": {}
    },
    "1115182": {
      "id": "1115182",
      "title": "Inori",
      "type": "PWR",
      "url": "https://tabs.ultimate-guitar.com/tab/pat-metheny/inori-power-1115182",
      "file_path": null,
      "metadata": {}
    },
    "2903723": {
      "id": "2903723",
      "title": "James  Intro",
      "type": "TAB",
      "url": "https://tabs.ultimate-guitar.com/tab/pat-metheny/james-tabs-2903723",
      "file_path": null,
      "metadata": {}
    },
    "1003178": {
      "id": "1003178",
      "title": "James (ver 2)",
      "type": "PRO",
      "url": "https://tabs.ultimate-guitar.com/tab/pat-metheny/james-guitar-pro-1003178",
      "file_path": null,
      "metadata": {}
    },
    "5351589": {
      "id": "5351589",
      "title": "James (ver 3)",
      "type": "PRO",
      "url": "https://tabs.ultimate-guitar.com/tab/pat-metheny/james-guitar-pro-5351589",
      "file_path": null,
      "metadata": {}
    },
    "309010": {
      "id": "309010",
      "title": "James",
      "type": "PWR",
      "url": "https://tabs.ultimate-guitar.com/tab/pat-metheny/james-power-309010",
      "file_path": null,
      "metadata": {}
    },
    "309011": {
      "id": "309011",
      "title": "James (ver 2)",
      "type": "PWR",
      "url": "https://tabs.ultimate-guitar.com/tab/pat-metheny/james-power-309011",
      "file_path": null,
      "metadata": {}
    },
    "309012": {
      "id": "309012",
      "title": "James (ver 3)",
      "type": "PWR",
      "url": "https://tabs.ultimate-guitar.com/tab/pat-metheny/james-power-309012",
      "file_path": null,
      "metadata": {}
    },
    "4782128": {
      "id": "4782128",
      "title": "Last Train Home",
      "type": "CRD",
      "url": "https://tabs.ultimate-guitar.com/tab/pat-metheny/last-train-home-chords-4782128",
      "file_path": null,
      "metadata": {}
    },
    "76403": {
      "id": "76403",
      "title": "Last Train Home",
      "type": "TAB",
      "url": "https://tabs.ultimate-guitar.com/tab/pat-metheny/last-train-home-tabs-76403",
      "file_path": null,
      "metadata": {}
    },
    "195005": {
      "id": "195005",
      "title": "Last Train Home (ver 2)",
      "type": "TAB",
      "url": "https://tabs.ultimate-guitar.com/tab/pat-metheny/last-train-home-tabs-195005",
      "file_path": null,
      "metadata": {}
    },
    "1412650": {
      "id": "1412650",
      "title": "Last Train Home (ver 3)",
      "type": "TAB",
      "url": "https://tabs.ultimate-guitar.com/tab/pat-metheny/last-train-home-tabs-1412650",
      "file_path": null,
      "metadata": {}
    },
    "1412648": {
      "id": "1412648",
      "title": "Letter From Home",
      "type": "TAB",
      "url": "https://tabs.ultimate-guitar.com/tab/pat-metheny/letter-from-home-tabs-1412648",
      "file_path": null,
      "metadata": {}
    },
    "1412649": {
      "id": "1412649",
      "title": "Letter From Home (ver 2)",
      "type": "TAB",
      "url": "https://tabs.ultimate-guitar.com/tab/pat-metheny/letter-from-home-tabs-1412649",
      "file_path": null,
      "metadata": {}
    },
    "1956627": {
      "id": "1956627",
      "title": "Letter From Home",
      "type": "PRO",
      "url": "https://tabs.ultimate-guitar.com/tab/pat-metheny/letter-from-home-guitar-pro-1956627",
      "file_path": null,
      "metadata": {}
    },
    "812791": {
      "id": "812791",
      "title": "Letter From Home",
      "type": "PRO",
      "url": "https://tabs.ultimate-guitar.com/tab/pat-metheny/letter-from-home-guitar-pro-812791",
      "file_path": null,
      "metadata": {}
    },
    "1415655": {
      "id": "1415655",
      "title": "Medley",
      "type": "TAB",
      "url": "https://tabs.ultimate-guitar.com/tab/pat-metheny/medley-tabs-1415655",
      "file_path": null,
      "metadata": {}
    },
    "1723788": {
      "id": "1723788",
      "title": "Medley",
      "type": "PRO",
      "url": "https://tabs.ultimate-guitar.com/tab/pat-metheny/medley-guitar-pro-1723788",
      "file_path": null,
      "metadata": {}
    },
    "225605": {
      "id": "225605",
      "title": "Message To A Friend",
      "type": "PRO",
      "url": "https://tabs.ultimate-guitar.com/tab/pat-metheny/message-to-a-friend-guitar-pro-225605",
      "file_path": null,
      "metadata": {}
    },
    "309013": {
      "id": "309013",
      "title": "Message To A Friend",
      "type": "PWR",
      "url": "https://tabs.ultimate-guitar.com/tab/pat-metheny/message-to-a-friend-power-309013",
      "file_path": null,
      "metadata": {}
    },
    "3966853": {
      "id": "3966853",
      "title": "Midwestern Nights Dream",
      "type": "CRD",
      "url": "https://tabs.ultimate-guitar.com/tab/pat-metheny/midwestern-nights-dream-chords-3966853",
      "file_path": null,
      "metadata": {}
    },
    "1473246": {
      "id": "1473246",
      "title": "Midwestern Nights Dream",
      "type": "PRO",
      "url": "https://tabs.ultimate-guitar.com/tab/pat-metheny/midwestern-nights-dream-guitar-pro-1473246",
      "file_path": null,
      "metadata": {}
    },
    "2402257": {
      "id": "2402257",
      "title": "Minuano Six-Eight  Solo",
      "type": "PRO",
      "url": "https://tabs.ultimate-guitar.com/tab/pat-metheny/minuano-six-eight-guitar-pro-2402257",
      "file_path": null,
      "metadata": {}
    },
    "4890829": {
      "id": "4890829",
      "title": "Missouri Uncompromised",
      "type": "CRD",
      "url": "https://tabs.ultimate-guitar.com/tab/pat-metheny/missouri-uncompromised-chords-4890829",
      "file_path": null,
      "metadata": {}
    },
    "1005870": {
      "id": "1005870",
      "title": "Missouri Uncompromised  Intro",
      "type": "PRO",
      "url": "https://tabs.ultimate-guitar.com/tab/pat-metheny/missouri-uncompromised-guitar-pro-1005870",
      "file_path": null,
      "metadata": {}
    },
    "5411046": {
      "id": "5411046",
      "title": "Na Calej Polaci Snieg",
      "type": "CRD",
      "url": "https://tabs.ultimate-guitar.com/tab/pat-metheny/na-calej-polaci-snieg-chords-5411046",
      "file_path": null,
      "metadata": {}
    },
    "1906308": {
      "id": "1906308",
      "title": "Nothing Personal  Solo",
      "type": "PRO",
      "url": "https://tabs.ultimate-guitar.com/tab/pat-metheny/nothing-personal-guitar-pro-1906308",
      "file_path": null,
      "metadata": {}
    },
    "3899252": {
      "id": "3899252",
      "title": "Phase Dance (ver 2)",
      "type": "PRO",
      "url": "https://tabs.ultimate-guitar.com/tab/pat-metheny/phase-dance-guitar-pro-3899252",
      "file_path": null,
      "metadata": {}
    },
    "2753190": {
      "id": "2753190",
      "title": "Phase Dance",
      "type": "PRO",
      "url": "https://tabs.ultimate-guitar.com/tab/pat-metheny/phase-dance-guitar-pro-2753190",
      "file_path": null,
      "metadata": {}
    },
    "1054629": {
      "id": "1054629",
      "title": "Polskie Drogi Live",
      "type": "TAB",
      "url": "https://tabs.ultimate-guitar.com/tab/pat-metheny/polskie-drogi-live-tabs-1054629",
      "file_path": null,
      "metadata": {}
    },
    "1142402": {
      "id": "1142402",
      "title": "Polskie Drogi Live",
      "type": "PRO",
      "url": "https://tabs.ultimate-guitar.com/tab/pat-metheny/polskie-drogi-live-guitar-pro-1142402",
      "file_path": null,
      "metadata": {}
    },
    "309014": {
      "id": "309014",
      "title": "Polskie Drogi Live",
      "type": "PWR",
      "url": "https://tabs.ultimate-guitar.com/tab/pat-metheny/polskie-drogi-live-power-309014",
      "file_path": null,
      "metadata": {}
    },
    "76404": {
      "id": "76404",
      "title": "Praise",
      "type": "TAB",
      "url": "https://tabs.ultimate-guitar.com/tab/pat-metheny/praise-tabs-76404",
      "file_path": null,
      "metadata": {}
    },
    "1896570": {
      "id": "1896570",
      "title": "Questions And Answers",
      "type": "PRO",
      "url": "https://tabs.ultimate-guitar.com/tab/pat-metheny/questions-and-answers-guitar-pro-1896570",
      "file_path": null,
      "metadata": {}
    },
    "593716": {
      "id": "593716",
      "title": "Roundtrip  Intro",
      "type": "TAB",
      "url": "https://tabs.ultimate-guitar.com/tab/pat-metheny/roundtrip-tabs-593716",
      "file_path": null,
      "metadata": {}
    },
    "309015": {
      "id": "309015",
      "title": "September Fifteenth",
      "type": "PRO",
      "url": "https://tabs.ultimate-guitar.com/tab/pat-metheny/september-fifteenth-guitar-pro-309015",
      "file_path": null,
      "metadata": {}
    },
    "309016": {
      "id": "309016",
      "title": "September Fifteenth (ver 2)",
      "type": "PRO",
      "url": "https://tabs.ultimate-guitar.com/tab/pat-metheny/september-fifteenth-guitar-pro-309016",
      "file_path": null,
      "metadata": {}
    },
    "309017": {
      "id": "309017",
      "title": "Solo From More Travels",
      "type": "PRO",
      "url": "https://tabs.ultimate-guitar.com/tab/pat-metheny/solo-from-more-travels-guitar-pro-309017",
      "file_path": null,
      "metadata": {}
    },
    "385173": {
      "id": "385173",
      "title": "Solo From More Travels",
      "type": "PWR",
      "url": "https://tabs.ultimate-guitar.com/tab/pat-metheny/solo-from-more-travels-power-385173",
      "file_path": null,
      "metadata": {}
    },
    "771142": {
      "id": "771142",
      "title": "Son Of Thirteen",
      "type": "PRO",
      "url": "https://tabs.ultimate-guitar.com/tab/pat-metheny/son-of-thirteen-guitar-pro-771142",
      "file_path": null,
      "metadata": {}
    },
    "309018": {
      "id": "309018",
      "title": "Song For Bilbao",
      "type": "PRO",
      "url": "https://tabs.ultimate-guitar.com/tab/pat-metheny/song-for-bilbao-guitar-pro-309018",
      "file_path": null,
      "metadata": {}
    },
    "309019": {
      "id": "309019",
      "title": "Soul Cowboy",
      "type": "PRO",
      "url": "https://tabs.ultimate-guitar.com/tab/pat-metheny/soul-cowboy-guitar-pro-309019",
      "file_path": null,
      "metadata": {}
    },
    "798938": {
      "id": "798938",
      "title": "Story Of A Stranger",
      "type": "TAB",
      "url": "https://tabs.ultimate-guitar.com/tab/pat-metheny/story-of-a-stranger-tabs-798938",
      "file_path": null,
      "metadata": {}
    },
    "2688330": {
      "id": "2688330",
      "title": "Sueño Con Mexico",
      "type": "PRO",
      "url": "https://tabs.ultimate-guitar.com/tab/2688330",
      "file_path": null,
      "metadata": {}
    },
    "1953269": {
      "id": "1953269",
      "title": "Tell Her You Saw Me",
      "type": "PRO",
      "url": "https://tabs.ultimate-guitar.com/tab/pat-metheny/tell-her-you-saw-me-guitar-pro-1953269",
      "file_path": null,
      "metadata": {}
    },
    "937824": {
      "id": "937824",
      "title": "The Birds And The Bees",
      "type": "TAB",
      "url": "https://tabs.ultimate-guitar.com/tab/pat-metheny/the-birds-and-the-bees-tabs-937824",
      "file_path": null,
      "metadata": {}
    },
    "697539": {
      "id": "697539",
      "title": "The Heat Of The Day",
      "type": "TAB",
      "url": "https://tabs.ultimate-guitar.com/tab/pat-metheny/the-heat-of-the-day-tabs-697539",
      "file_path": null,
      "metadata": {}
    },
    "3939023": {
      "id": "3939023",
      "title": "The Longest Summer",
      "type": "CRD",
      "url": "https://tabs.ultimate-guitar.com/tab/pat-metheny/the-longest-summer-chords-3939023",
      "file_path": null,
      "metadata": {}
    },
    "1189245": {
      "id": "1189245",
      "title": "The Moon Is A Harsh Mistress",
      "type": "PRO",
      "url": "https://tabs.ultimate-guitar.com/tab/pat-metheny/the-moon-is-a-harsh-mistress-guitar-pro-1189245",
      "file_path": null,
      "metadata": {}
    },
    "4623956": {
      "id": "4623956",
      "title": "The Red One  Intro",
      "type": "TAB",
      "url": "https://tabs.ultimate-guitar.com/tab/pat-metheny/the-red-one-tabs-4623956",
      "file_path": null,
      "metadata": {}
    },
    "225607": {
      "id": "225607",
      "title": "The Red One",
      "type": "PRO",
      "url": "https://tabs.ultimate-guitar.com/tab/pat-metheny/the-red-one-guitar-pro-225607",
      "file_path": null,
      "metadata": {}
    },
    "1463326": {
      "id": "1463326",
      "title": "The Red One (ver 2)",
      "type": "PRO",
      "url": "https://tabs.ultimate-guitar.com/tab/pat-metheny/the-red-one-guitar-pro-1463326",
      "file_path": null,
      "metadata": {}
    },
    "335212": {
      "id": "335212",
      "title": "The Red One",
      "type": "BASS",
      "url": "https://tabs.ultimate-guitar.com/tab/pat-metheny/the-red-one-bass-335212",
      "file_path": null,
      "metadata": {}
    },
    "76405": {
      "id": "76405",
      "title": "Third Wind",
      "type": "TAB",
      "url": "https://tabs.ultimate-guitar.com/tab/pat-metheny/third-wind-tabs-76405",
      "file_path": null,
      "metadata": {}
    },
    "623034": {
      "id": "623034",
      "title": "Third Wind  Solo",
      "type": "PRO",
      "url": "https://tabs.ultimate-guitar.com/tab/pat-metheny/third-wind-guitar-pro-623034",
      "file_path": null,
      "metadata": {}
    },
    "650536": {
      "id": "650536",
      "title": "Travels",
      "type": "PWR",
      "url": "https://tabs.ultimate-guitar.com/tab/pat-metheny/travels-power-650536",
      "file_path": null,
      "metadata": {}
    },
    "1189244": {
      "id": "1189244",
      "title": "Two For The Road",
      "type": "PRO",
      "url": "https://tabs.ultimate-guitar.com/tab/pat-metheny/two-for-the-road-guitar-pro-1189244",
      "file_path": null,
      "metadata": {}
    },
    "2378559": {
      "id": "2378559",
      "title": "Unity Village",
      "type": "PRO",
      "url": "https://tabs.ultimate-guitar.com/tab/pat-metheny/unity-village-guitar-pro-2378559",
      "file_path": null,
      "metadata": {}
    },
    "309020": {
      "id": "309020",
      "title": "Unity Village",
      "type": "PWR",
      "url": "https://tabs.ultimate-guitar.com/tab/pat-metheny/unity-village-power-309020",
      "file_path": null,
      "metadata": {}
    },
    "1022646": {
      "id": "1022646",
      "title": "Unquity Road",
      "type": "PRO",
      "url": "https://tabs.ultimate-guitar.com/tab/pat-metheny/unquity-road-guitar-pro-1022646",
      "file_path": null,
      "metadata": {}
    }
  }
}