{
  "id": "10934",
  "name": "Roger Miller",
  "url": "https://www.ultimate-guitar.com/artist/roger_miller_10934",
  "tabs": {
    "748237": {
      "id": "748237",
      "title": "Oo De Lally",
      "type": "CRD",
      "url": "https://tabs.ultimate-guitar.com/tab/roger-miller/oo-de-lally-chords-748237",
      "file_path": null,
      "metadata": {}
    },
    "110649": {
      "id": "110649",
      "title": "Not In Nottingham",
      "type": "CRD",
      "url": "https://tabs.ultimate-guitar.com/tab/roger-miller/not-in-nottingham-chords-110649",
      "file_path": null,
      "metadata": {}
    },
    "1099804": {
      "id": "1099804",
      "title": "Whistle Stop - Robin Hood Theme Tune",
      "type": "TAB",
      "url": "https://tabs.ultimate-guitar.com/tab/roger-miller/whistle-stop-robin-hood-theme-tune-tabs-1099804",
      "file_path": null,
      "metadata": {}
    },
    "102835": {
      "id": "102835",
      "title": "Oo De Lally",
      "type": "TAB",
      "url": "https://tabs.ultimate-guitar.com/tab/roger-miller/oo-de-lally-tabs-102835",
      "file_path": null,
      "metadata": {}
    },
    "347622": {
      "id": "347622",
      "title": "Dang Me",
      "type": "CRD",
      "url": "https://tabs.ultimate-guitar.com/tab/roger-miller/dang-me-chords-347622",
      "file_path": null,
      "metadata": {}
    },
    "76464": {
      "id": "76464",
      "title": "Little Green Apples",
      "type": "CRD",
      "url": "https://tabs.ultimate-guitar.com/tab/roger-miller/little-green-apples-chords-76464",
      "file_path": null,
      "metadata": {}
    },
    "76460": {
      "id": "76460",
      "title": "You Cant Roller Skate In A Buffalo Herd",
      "type": "CRD",
      "url": "https://tabs.ultimate-guitar.com/tab/roger-miller/you-cant-roller-skate-in-a-buffalo-herd-chords-76460",
      "file_path": null,
      "metadata": {}
    },
    "1200853": {
      "id": "1200853",
      "title": "Old Toy Trains",
      "type": "CRD",
      "url": "https://tabs.ultimate-guitar.com/tab/roger-miller/old-toy-trains-chords-1200853",
      "file_path": null,
      "metadata": {}
    },
    "969849": {
      "id": "969849",
      "title": "Chug-A-Lug",
      "type": "CRD",
      "url": "https://tabs.ultimate-guitar.com/tab/roger-miller/chug-a-lug-chords-969849",
      "file_path": null,
      "metadata": {}
    },
    "1485672": {
      "id": "1485672",
      "title": "Whistle Stop - Robin Hood Theme Tune",
      "type": "CRD",
      "url": "https://tabs.ultimate-guitar.com/tab/roger-miller/whistle-stop-robin-hood-theme-tune-chords-1485672",
      "file_path": null,
      "metadata": {}
    },
    "5881949": {
      "id": "5881949",
      "title": "Colonel Maggie",
      "type": "CRD",
      "url": "https://tabs.ultimate-guitar.com/tab/roger-miller/colonel-maggie-chords-5881949",
      "file_path": null,
      "metadata": {}
    },
    "5860172": {
      "id": "5860172",
      "title": "My Elusive Dreams",
      "type": "CRD",
      "url": "https://tabs.ultimate-guitar.com/tab/roger-miller/my-elusive-dreams-chords-5860172",
      "file_path": null,
      "metadata": {}
    },
    "5829548": {
      "id": "5829548",
      "title": "Our Love",
      "type": "CRD",
      "url": "https://tabs.ultimate-guitar.com/tab/roger-miller/our-love-chords-5829548",
      "file_path": null,
      "metadata": {}
    },
    "5818499": {
      "id": "5818499",
      "title": "Only Daddy Thatll Walk The Line",
      "type": "CRD",
      "url": "https://tabs.ultimate-guitar.com/tab/roger-miller/only-daddy-thatll-walk-the-line-chords-5818499",
      "file_path": null,
      "metadata": {}
    },
    "2720841": {
      "id": "2720841",
      "title": "Husbands And Wives",
      "type": "CRD",
      "url": "https://tabs.ultimate-guitar.com/tab/roger-miller/husbands-and-wives-chords-2720841",
      "file_path": null,
      "metadata": {}
    },
    "4326266": {
      "id": "4326266",
      "title": "On This Mountain Top",
      "type": "CRD",
      "url": "https://tabs.ultimate-guitar.com/tab/johnny-paycheck/on-this-mountain-top-chords-4326266",
      "file_path": null,
      "metadata": {}
    },
    "1237767": {
      "id": "1237767",
      "title": "Outstanding In Our Field",
      "type": "CRD",
      "url": "https://tabs.ultimate-guitar.com/tab/brad-paisley/outstanding-in-our-field-chords-1237767",
      "file_path": null,
      "metadata": {}
    },
    "1391313": {
      "id": "1391313",
      "title": "Outstanding In Our Field",
      "type": "UKE",
      "url": "https://tabs.ultimate-guitar.com/tab/brad-paisley/outstanding-in-our-field-ukulele-1391313",
      "file_path": null,
      "metadata": {}
    },
    "3241886": {
      "id": "3241886",
      "title": "A Man Like Me",
      "type": "CRD",
      "url": "https://tabs.ultimate-guitar.com/tab/roger-miller/a-man-like-me-chords-3241886",
      "file_path": null,
      "metadata": {}
    },
    "1809750": {
      "id": "1809750",
      "title": "A Million Years Or So",
      "type": "CRD",
      "url": "https://tabs.ultimate-guitar.com/tab/roger-miller/a-million-years-or-so-chords-1809750",
      "file_path": null,
      "metadata": {}
    },
    "5296071": {
      "id": "5296071",
      "title": "A Million Years Or So (ver 2)",
      "type": "CRD",
      "url": "https://tabs.ultimate-guitar.com/tab/roger-miller/a-million-years-or-so-chords-5296071",
      "file_path": null,
      "metadata": {}
    },
    "3241196": {
      "id": "3241196",
      "title": "A Part Of Me",
      "type": "CRD",
      "url": "https://tabs.ultimate-guitar.com/tab/roger-miller/a-part-of-me-chords-3241196",
      "file_path": null,
      "metadata": {}
    },
    "1810516": {
      "id": "1810516",
      "title": "A World I Cant Live In",
      "type": "CRD",
      "url": "https://tabs.ultimate-guitar.com/tab/roger-miller/a-world-i-cant-live-in-chords-1810516",
      "file_path": null,
      "metadata": {}
    },
    "1899479": {
      "id": "1899479",
      "title": "A World So Full Of Love",
      "type": "CRD",
      "url": "https://tabs.ultimate-guitar.com/tab/roger-miller/a-world-so-full-of-love-chords-1899479",
      "file_path": null,
      "metadata": {}
    },
    "1810517": {
      "id": "1810517",
      "title": "Absence",
      "type": "CRD",
      "url": "https://tabs.ultimate-guitar.com/tab/roger-miller/absence-chords-1810517",
      "file_path": null,
      "metadata": {}
    },
    "5199543": {
      "id": "5199543",
      "title": "Aint Gonna Work No More",
      "type": "CRD",
      "url": "https://tabs.ultimate-guitar.com/tab/roger-miller/aint-gonna-work-no-more-chords-5199543",
      "file_path": null,
      "metadata": {}
    },
    "3259142": {
      "id": "3259142",
      "title": "Aint That Fine",
      "type": "CRD",
      "url": "https://tabs.ultimate-guitar.com/tab/roger-miller/aint-that-fine-chords-3259142",
      "file_path": null,
      "metadata": {}
    },
    "1810519": {
      "id": "1810519",
      "title": "All Fall Down",
      "type": "CRD",
      "url": "https://tabs.ultimate-guitar.com/tab/roger-miller/all-fall-down-chords-1810519",
      "file_path": null,
      "metadata": {}
    },
    "1951409": {
      "id": "1951409",
      "title": "All I Love Is You",
      "type": "CRD",
      "url": "https://tabs.ultimate-guitar.com/tab/roger-miller/all-i-love-is-you-chords-1951409",
      "file_path": null,
      "metadata": {}
    },
    "1408336": {
      "id": "1408336",
      "title": "As Long As Theres A Shadow",
      "type": "CRD",
      "url": "https://tabs.ultimate-guitar.com/tab/roger-miller/as-long-as-theres-a-shadow-chords-1408336",
      "file_path": null,
      "metadata": {}
    },
    "1853874": {
      "id": "1853874",
      "title": "As Long As Theres A Shadow (ver 2)",
      "type": "CRD",
      "url": "https://tabs.ultimate-guitar.com/tab/roger-miller/as-long-as-theres-a-shadow-chords-1853874",
      "file_path": null,
      "metadata": {}
    },
    "1853872": {
      "id": "1853872",
      "title": "Atta Boy Girl",
      "type": "CRD",
      "url": "https://tabs.ultimate-guitar.com/tab/roger-miller/atta-boy-girl-chords-1853872",
      "file_path": null,
      "metadata": {}
    },
    "3244688": {
      "id": "3244688",
      "title": "Baby Me Baby",
      "type": "CRD",
      "url": "https://tabs.ultimate-guitar.com/tab/roger-miller/baby-me-baby-chords-3244688",
      "file_path": null,
      "metadata": {}
    },
    "2859560": {
      "id": "2859560",
      "title": "Big Harlan Taylor",
      "type": "CRD",
      "url": "https://tabs.ultimate-guitar.com/tab/roger-miller/big-harlan-taylor-chords-2859560",
      "file_path": null,
      "metadata": {}
    },
    "3256982": {
      "id": "3256982",
      "title": "Boeing Boeing 707",
      "type": "CRD",
      "url": "https://tabs.ultimate-guitar.com/tab/roger-miller/boeing-boeing-707-chords-3256982",
      "file_path": null,
      "metadata": {}
    },
    "3612731": {
      "id": "3612731",
      "title": "But I Love You More",
      "type": "CRD",
      "url": "https://tabs.ultimate-guitar.com/tab/roger-miller/but-i-love-you-more-chords-3612731",
      "file_path": null,
      "metadata": {}
    },
    "265001": {
      "id": "265001",
      "title": "By The Time I Get To Phoenix",
      "type": "CRD",
      "url": "https://tabs.ultimate-guitar.com/tab/roger-miller/by-the-time-i-get-to-phoenix-chords-265001",
      "file_path": null,
      "metadata": {}
    },
    "1279665": {
      "id": "1279665",
      "title": "By The Time I Get To Phoenix",
      "type": "UKE",
      "url": "https://tabs.ultimate-guitar.com/tab/roger-miller/by-the-time-i-get-to-phoenix-ukulele-1279665",
      "file_path": null,
      "metadata": {}
    },
    "3245432": {
      "id": "3245432",
      "title": "Cant Stop Loving You",
      "type": "CRD",
      "url": "https://tabs.ultimate-guitar.com/tab/roger-miller/cant-stop-loving-you-chords-3245432",
      "file_path": null,
      "metadata": {}
    },
    "76465": {
      "id": "76465",
      "title": "Chug A Lug",
      "type": "CRD",
      "url": "https://tabs.ultimate-guitar.com/tab/roger-miller/chug-a-lug-chords-76465",
      "file_path": null,
      "metadata": {}
    },
    "347623": {
      "id": "347623",
      "title": "Chug A Lug (ver 2)",
      "type": "CRD",
      "url": "https://tabs.ultimate-guitar.com/tab/roger-miller/chug-a-lug-chords-347623",
      "file_path": null,
      "metadata": {}
    },
    "1283830": {
      "id": "1283830",
      "title": "Chug A Lug",
      "type": "UKE",
      "url": "https://tabs.ultimate-guitar.com/tab/roger-miller/chug-a-lug-ukulele-1283830",
      "file_path": null,
      "metadata": {}
    },
    "4088896": {
      "id": "4088896",
      "title": "Chug-A-Lug (ver 2)",
      "type": "CRD",
      "url": "https://tabs.ultimate-guitar.com/tab/roger-miller/chug-a-lug-chords-4088896",
      "file_path": null,
      "metadata": {}
    },
    "1341348": {
      "id": "1341348",
      "title": "Chug-A-Lug",
      "type": "UKE",
      "url": "https://tabs.ultimate-guitar.com/tab/roger-miller/chug-a-lug-ukulele-1341348",
      "file_path": null,
      "metadata": {}
    },
    "3241907": {
      "id": "3241907",
      "title": "Country Girl",
      "type": "CRD",
      "url": "https://tabs.ultimate-guitar.com/tab/roger-miller/country-girl-chords-3241907",
      "file_path": null,
      "metadata": {}
    },
    "1954453": {
      "id": "1954453",
      "title": "Dad Blame Anything A Man Cant Quit",
      "type": "CRD",
      "url": "https://tabs.ultimate-guitar.com/tab/roger-miller/dad-blame-anything-a-man-cant-quit-chords-1954453",
      "file_path": null,
      "metadata": {}
    },
    "970211": {
      "id": "970211",
      "title": "Dang Me (ver 2)",
      "type": "CRD",
      "url": "https://tabs.ultimate-guitar.com/tab/roger-miller/dang-me-chords-970211",
      "file_path": null,
      "metadata": {}
    },
    "1283829": {
      "id": "1283829",
      "title": "Dang Me",
      "type": "UKE",
      "url": "https://tabs.ultimate-guitar.com/tab/roger-miller/dang-me-ukulele-1283829",
      "file_path": null,
      "metadata": {}
    },
    "2005831": {
      "id": "2005831",
      "title": "Days Of Our Wives",
      "type": "CRD",
      "url": "https://tabs.ultimate-guitar.com/tab/roger-miller/days-of-our-wives-chords-2005831",
      "file_path": null,
      "metadata": {}
    },
    "5600577": {
      "id": "5600577",
      "title": "Dear Heart",
      "type": "CRD",
      "url": "https://tabs.ultimate-guitar.com/tab/roger-miller/dear-heart-chords-5600577",
      "file_path": null,
      "metadata": {}
    },
    "970217": {
      "id": "970217",
      "title": "Do Wacka Do",
      "type": "CRD",
      "url": "https://tabs.ultimate-guitar.com/tab/roger-miller/do-wacka-do-chords-970217",
      "file_path": null,
      "metadata": {}
    },
    "1236933": {
      "id": "1236933",
      "title": "Do Wacka Do",
      "type": "TAB",
      "url": "https://tabs.ultimate-guitar.com/tab/roger-miller/do-wacka-do-tabs-1236933",
      "file_path": null,
      "metadata": {}
    },
    "1341422": {
      "id": "1341422",
      "title": "Do Wacka Do",
      "type": "UKE",
      "url": "https://tabs.ultimate-guitar.com/tab/roger-miller/do-wacka-do-ukulele-1341422",
      "file_path": null,
      "metadata": {}
    },
    "3261083": {
      "id": "3261083",
      "title": "Dont We All Have The Right",
      "type": "CRD",
      "url": "https://tabs.ultimate-guitar.com/tab/roger-miller/dont-we-all-have-the-right-chords-3261083",
      "file_path": null,
      "metadata": {}
    },
    "1791401": {
      "id": "1791401",
      "title": "Engine Engine Number 9",
      "type": "CRD",
      "url": "https://tabs.ultimate-guitar.com/tab/roger-miller/engine-engine-number-9-chords-1791401",
      "file_path": null,
      "metadata": {}
    },
    "1810527": {
      "id": "1810527",
      "title": "Engine Engine Number 9 (ver 2)",
      "type": "CRD",
      "url": "https://tabs.ultimate-guitar.com/tab/roger-miller/engine-engine-number-9-chords-1810527",
      "file_path": null,
      "metadata": {}
    },
    "970571": {
      "id": "970571",
      "title": "England Swings",
      "type": "CRD",
      "url": "https://tabs.ultimate-guitar.com/tab/roger-miller/england-swings-chords-970571",
      "file_path": null,
      "metadata": {}
    },
    "3865628": {
      "id": "3865628",
      "title": "Enter The Sheriff  Intro",
      "type": "TAB",
      "url": "https://tabs.ultimate-guitar.com/tab/roger-miller/enter-the-sheriff-tabs-3865628",
      "file_path": null,
      "metadata": {}
    },
    "3241931": {
      "id": "3241931",
      "title": "Every Which-A-Way",
      "type": "CRD",
      "url": "https://tabs.ultimate-guitar.com/tab/roger-miller/every-which-a-way-chords-3241931",
      "file_path": null,
      "metadata": {}
    },
    "3243332": {
      "id": "3243332",
      "title": "Fair Swiss Maiden",
      "type": "CRD",
      "url": "https://tabs.ultimate-guitar.com/tab/roger-miller/fair-swiss-maiden-chords-3243332",
      "file_path": null,
      "metadata": {}
    },
    "5744411": {
      "id": "5744411",
      "title": "Feel Of Me",
      "type": "CRD",
      "url": "https://tabs.ultimate-guitar.com/tab/roger-miller/feel-of-me-chords-5744411",
      "file_path": null,
      "metadata": {}
    },
    "3242162": {
      "id": "3242162",
      "title": "Footprints In The Snow",
      "type": "CRD",
      "url": "https://tabs.ultimate-guitar.com/tab/roger-miller/footprints-in-the-snow-chords-3242162",
      "file_path": null,
      "metadata": {}
    },
    "3638687": {
      "id": "3638687",
      "title": "Got 2 Again",
      "type": "CRD",
      "url": "https://tabs.ultimate-guitar.com/tab/roger-miller/got-2-again-chords-3638687",
      "file_path": null,
      "metadata": {}
    },
    "3261110": {
      "id": "3261110",
      "title": "Half A Mind",
      "type": "CRD",
      "url": "https://tabs.ultimate-guitar.com/tab/roger-miller/half-a-mind-chords-3261110",
      "file_path": null,
      "metadata": {}
    },
    "3259181": {
      "id": "3259181",
      "title": "Hard Headed Me",
      "type": "CRD",
      "url": "https://tabs.ultimate-guitar.com/tab/roger-miller/hard-headed-me-chords-3259181",
      "file_path": null,
      "metadata": {}
    },
    "3241817": {
      "id": "3241817",
      "title": "Hey Little Star",
      "type": "CRD",
      "url": "https://tabs.ultimate-guitar.com/tab/roger-miller/hey-little-star-chords-3241817",
      "file_path": null,
      "metadata": {}
    },
    "3241850": {
      "id": "3241850",
      "title": "Hitchhiker",
      "type": "CRD",
      "url": "https://tabs.ultimate-guitar.com/tab/roger-miller/hitchhiker-chords-3241850",
      "file_path": null,
      "metadata": {}
    },
    "3283802": {
      "id": "3283802",
      "title": "Hoppys Gone",
      "type": "CRD",
      "url": "https://tabs.ultimate-guitar.com/tab/roger-miller/hoppys-gone-chords-3283802",
      "file_path": null,
      "metadata": {}
    },
    "3278705": {
      "id": "3278705",
      "title": "Hot Rod Lincoln",
      "type": "CRD",
      "url": "https://tabs.ultimate-guitar.com/tab/roger-miller/hot-rod-lincoln-chords-3278705",
      "file_path": null,
      "metadata": {}
    },
    "5744573": {
      "id": "5744573",
      "title": "I Aint Comin Home Tonight",
      "type": "CRD",
      "url": "https://tabs.ultimate-guitar.com/tab/roger-miller/i-aint-comin-home-tonight-chords-5744573",
      "file_path": null,
      "metadata": {}
    },
    "3241397": {
      "id": "3241397",
      "title": "I Catch Myself Crying",
      "type": "CRD",
      "url": "https://tabs.ultimate-guitar.com/tab/roger-miller/i-catch-myself-crying-chords-3241397",
      "file_path": null,
      "metadata": {}
    },
    "3241232": {
      "id": "3241232",
      "title": "I Get Up Early In The Morning",
      "type": "CRD",
      "url": "https://tabs.ultimate-guitar.com/tab/roger-miller/i-get-up-early-in-the-morning-chords-3241232",
      "file_path": null,
      "metadata": {}
    },
    "3655646": {
      "id": "3655646",
      "title": "I Love A Rodeo",
      "type": "CRD",
      "url": "https://tabs.ultimate-guitar.com/tab/roger-miller/i-love-a-rodeo-chords-3655646",
      "file_path": null,
      "metadata": {}
    },
    "3303911": {
      "id": "3303911",
      "title": "I Wish I Could Fall In Love Today",
      "type": "CRD",
      "url": "https://tabs.ultimate-guitar.com/tab/roger-miller/i-wish-i-could-fall-in-love-today-chords-3303911",
      "file_path": null,
      "metadata": {}
    },
    "3245648": {
      "id": "3245648",
      "title": "If You Want Me To",
      "type": "CRD",
      "url": "https://tabs.ultimate-guitar.com/tab/roger-miller/if-you-want-me-to-chords-3245648",
      "file_path": null,
      "metadata": {}
    },
    "3265223": {
      "id": "3265223",
      "title": "Ill Pick Up My Heart And Go Home",
      "type": "CRD",
      "url": "https://tabs.ultimate-guitar.com/tab/roger-miller/ill-pick-up-my-heart-and-go-home-chords-3265223",
      "file_path": null,
      "metadata": {}
    },
    "1853879": {
      "id": "1853879",
      "title": "In The Summertime",
      "type": "CRD",
      "url": "https://tabs.ultimate-guitar.com/tab/roger-miller/in-the-summertime-chords-1853879",
      "file_path": null,
      "metadata": {}
    },
    "3261065": {
      "id": "3261065",
      "title": "Invitation To The Blues",
      "type": "CRD",
      "url": "https://tabs.ultimate-guitar.com/tab/roger-miller/invitation-to-the-blues-chords-3261065",
      "file_path": null,
      "metadata": {}
    },
    "1854861": {
      "id": "1854861",
      "title": "It Takes All Kinds To Make A World",
      "type": "CRD",
      "url": "https://tabs.ultimate-guitar.com/tab/roger-miller/it-takes-all-kinds-to-make-a-world-chords-1854861",
      "file_path": null,
      "metadata": {}
    },
    "1954459": {
      "id": "1954459",
      "title": "Ive Been A Long Time Leavin",
      "type": "CRD",
      "url": "https://tabs.ultimate-guitar.com/tab/roger-miller/ive-been-a-long-time-leavin-chords-1954459",
      "file_path": null,
      "metadata": {}
    },
    "3242114": {
      "id": "3242114",
      "title": "Jason Fleming",
      "type": "CRD",
      "url": "https://tabs.ultimate-guitar.com/tab/roger-miller/jason-fleming-chords-3242114",
      "file_path": null,
      "metadata": {}
    },
    "1931383": {
      "id": "1931383",
      "title": "Kansas City Star",
      "type": "CRD",
      "url": "https://tabs.ultimate-guitar.com/tab/roger-miller/kansas-city-star-chords-1931383",
      "file_path": null,
      "metadata": {}
    },
    "1297415": {
      "id": "1297415",
      "title": "Kansas City Star",
      "type": "UKE",
      "url": "https://tabs.ultimate-guitar.com/tab/roger-miller/kansas-city-star-ukulele-1297415",
      "file_path": null,
      "metadata": {}
    },
    "76462": {
      "id": "76462",
      "title": "King Of The Road",
      "type": "CRD",
      "url": "https://tabs.ultimate-guitar.com/tab/roger-miller/king-of-the-road-chords-76462",
      "file_path": null,
      "metadata": {}
    },
    "659296": {
      "id": "659296",
      "title": "King Of The Road (ver 2)",
      "type": "CRD",
      "url": "https://tabs.ultimate-guitar.com/tab/roger-miller/king-of-the-road-chords-659296",
      "file_path": null,
      "metadata": {}
    },
    "754230": {
      "id": "754230",
      "title": "King Of The Road (ver 3)",
      "type": "CRD",
      "url": "https://tabs.ultimate-guitar.com/tab/roger-miller/king-of-the-road-chords-754230",
      "file_path": null,
      "metadata": {}
    },
    "1486455": {
      "id": "1486455",
      "title": "King Of The Road (ver 4)",
      "type": "CRD",
      "url": "https://tabs.ultimate-guitar.com/tab/roger-miller/king-of-the-road-chords-1486455",
      "file_path": null,
      "metadata": {}
    },
    "1810526": {
      "id": "1810526",
      "title": "King Of The Road (ver 5)",
      "type": "CRD",
      "url": "https://tabs.ultimate-guitar.com/tab/roger-miller/king-of-the-road-chords-1810526",
      "file_path": null,
      "metadata": {}
    },
    "3226313": {
      "id": "3226313",
      "title": "King Of The Road  Intro",
      "type": "TAB",
      "url": "https://tabs.ultimate-guitar.com/tab/roger-miller/king-of-the-road-tabs-3226313",
      "file_path": null,
      "metadata": {}
    },
    "2692023": {
      "id": "2692023",
      "title": "King Of The Road",
      "type": "TAB",
      "url": "https://tabs.ultimate-guitar.com/tab/roger-miller/king-of-the-road-tabs-2692023",
      "file_path": null,
      "metadata": {}
    },
    "4226824": {
      "id": "4226824",
      "title": "King Of The Road (ver 2)",
      "type": "TAB",
      "url": "https://tabs.ultimate-guitar.com/tab/roger-miller/king-of-the-road-tabs-4226824",
      "file_path": null,
      "metadata": {}
    },
    "514909": {
      "id": "514909",
      "title": "King Of The Road",
      "type": "PRO",
      "url": "https://tabs.ultimate-guitar.com/tab/roger-miller/king-of-the-road-guitar-pro-514909",
      "file_path": null,
      "metadata": {}
    },
    "1496185": {
      "id": "1496185",
      "title": "King Of The Road (ver 2)",
      "type": "PRO",
      "url": "https://tabs.ultimate-guitar.com/tab/roger-miller/king-of-the-road-guitar-pro-1496185",
      "file_path": null,
      "metadata": {}
    },
    "3716531": {
      "id": "3716531",
      "title": "King Of The Road (ver 3)",
      "type": "PRO",
      "url": "https://tabs.ultimate-guitar.com/tab/roger-miller/king-of-the-road-guitar-pro-3716531",
      "file_path": null,
      "metadata": {}
    },
    "5659431": {
      "id": "5659431",
      "title": "King Of The Road (ver 4)",
      "type": "PRO",
      "url": "https://tabs.ultimate-guitar.com/tab/roger-miller/king-of-the-road-guitar-pro-5659431",
      "file_path": null,
      "metadata": {}
    },
    "2692029": {
      "id": "2692029",
      "title": "King Of The Road",
      "type": "PWR",
      "url": "https://tabs.ultimate-guitar.com/tab/roger-miller/king-of-the-road-power-2692029",
      "file_path": null,
      "metadata": {}
    },
    "401537": {
      "id": "401537",
      "title": "King Of The Road",
      "type": "BASS",
      "url": "https://tabs.ultimate-guitar.com/tab/roger-miller/king-of-the-road-bass-401537",
      "file_path": null,
      "metadata": {}
    },
    "2692017": {
      "id": "2692017",
      "title": "King Of The Road (ver 2)",
      "type": "BASS",
      "url": "https://tabs.ultimate-guitar.com/tab/roger-miller/king-of-the-road-bass-2692017",
      "file_path": null,
      "metadata": {}
    },
    "2199319": {
      "id": "2199319",
      "title": "King Of The Road",
      "type": "UKE",
      "url": "https://tabs.ultimate-guitar.com/tab/roger-miller/king-of-the-road-ukulele-2199319",
      "file_path": null,
      "metadata": {}
    },
    "1204687": {
      "id": "1204687",
      "title": "Leavins Not The Only Way To Go",
      "type": "CRD",
      "url": "https://tabs.ultimate-guitar.com/tab/roger-miller/leavins-not-the-only-way-to-go-chords-1204687",
      "file_path": null,
      "metadata": {}
    },
    "2450435": {
      "id": "2450435",
      "title": "Leavins Not The Only Way To Go (ver 2)",
      "type": "CRD",
      "url": "https://tabs.ultimate-guitar.com/tab/roger-miller/leavins-not-the-only-way-to-go-chords-2450435",
      "file_path": null,
      "metadata": {}
    },
    "4702085": {
      "id": "4702085",
      "title": "Leavins Not The Only Way To Go (ver 3)",
      "type": "CRD",
      "url": "https://tabs.ultimate-guitar.com/tab/roger-miller/leavins-not-the-only-way-to-go-chords-4702085",
      "file_path": null,
      "metadata": {}
    },
    "1385414": {
      "id": "1385414",
      "title": "Leavins Not The Only Way To Go",
      "type": "UKE",
      "url": "https://tabs.ultimate-guitar.com/tab/roger-miller/leavins-not-the-only-way-to-go-ukulele-1385414",
      "file_path": null,
      "metadata": {}
    },
    "1954463": {
      "id": "1954463",
      "title": "Less And Less",
      "type": "CRD",
      "url": "https://tabs.ultimate-guitar.com/tab/roger-miller/less-and-less-chords-1954463",
      "file_path": null,
      "metadata": {}
    },
    "5393043": {
      "id": "5393043",
      "title": "Less Of Me",
      "type": "CRD",
      "url": "https://tabs.ultimate-guitar.com/tab/roger-miller/less-of-me-chords-5393043",
      "file_path": null,
      "metadata": {}
    },
    "3651938": {
      "id": "3651938",
      "title": "Little Green Apples (ver 2)",
      "type": "CRD",
      "url": "https://tabs.ultimate-guitar.com/tab/roger-miller/little-green-apples-chords-3651938",
      "file_path": null,
      "metadata": {}
    },
    "1265291": {
      "id": "1265291",
      "title": "Little Green Apples",
      "type": "UKE",
      "url": "https://tabs.ultimate-guitar.com/tab/roger-miller/little-green-apples-ukulele-1265291",
      "file_path": null,
      "metadata": {}
    },
    "3258947": {
      "id": "3258947",
      "title": "Lock Stock And Teardrops",
      "type": "CRD",
      "url": "https://tabs.ultimate-guitar.com/tab/roger-miller/lock-stock-and-teardrops-chords-3258947",
      "file_path": null,
      "metadata": {}
    },
    "3256970": {
      "id": "3256970",
      "title": "Lous Got The Flu",
      "type": "CRD",
      "url": "https://tabs.ultimate-guitar.com/tab/roger-miller/lous-got-the-flu-chords-3256970",
      "file_path": null,
      "metadata": {}
    },
    "3315494": {
      "id": "3315494",
      "title": "Love Is Not For Me",
      "type": "CRD",
      "url": "https://tabs.ultimate-guitar.com/tab/roger-miller/love-is-not-for-me-chords-3315494",
      "file_path": null,
      "metadata": {}
    },
    "5691911": {
      "id": "5691911",
      "title": "Loving Her Was Easier",
      "type": "CRD",
      "url": "https://tabs.ultimate-guitar.com/tab/roger-miller/loving-her-was-easier-chords-5691911",
      "file_path": null,
      "metadata": {}
    },
    "2229711": {
      "id": "2229711",
      "title": "Lucky Luke Rides Again",
      "type": "CRD",
      "url": "https://tabs.ultimate-guitar.com/tab/roger-miller/lucky-luke-rides-again-chords-2229711",
      "file_path": null,
      "metadata": {}
    },
    "3289562": {
      "id": "3289562",
      "title": "Me And Bobby Mcgee",
      "type": "CRD",
      "url": "https://tabs.ultimate-guitar.com/tab/roger-miller/me-and-bobby-mcgee-chords-3289562",
      "file_path": null,
      "metadata": {}
    },
    "4966711": {
      "id": "4966711",
      "title": "Meanwhile Back In Abilene",
      "type": "CRD",
      "url": "https://tabs.ultimate-guitar.com/tab/roger-miller/meanwhile-back-in-abilene-chords-4966711",
      "file_path": null,
      "metadata": {}
    },
    "2441783": {
      "id": "2441783",
      "title": "Muddy Water",
      "type": "CRD",
      "url": "https://tabs.ultimate-guitar.com/tab/roger-miller/muddy-water-chords-2441783",
      "file_path": null,
      "metadata": {}
    },
    "3259385": {
      "id": "3259385",
      "title": "My Pillow",
      "type": "CRD",
      "url": "https://tabs.ultimate-guitar.com/tab/roger-miller/my-pillow-chords-3259385",
      "file_path": null,
      "metadata": {}
    },
    "480364": {
      "id": "480364",
      "title": "My Uncle Used To Love Me But She Died",
      "type": "CRD",
      "url": "https://tabs.ultimate-guitar.com/tab/roger-miller/my-uncle-used-to-love-me-but-she-died-chords-480364",
      "file_path": null,
      "metadata": {}
    },
    "1810529": {
      "id": "1810529",
      "title": "My Uncle Used To Love Me But She Died (ver 2)",
      "type": "CRD",
      "url": "https://tabs.ultimate-guitar.com/tab/roger-miller/my-uncle-used-to-love-me-but-she-died-chords-1810529",
      "file_path": null,
      "metadata": {}
    },
    "1293257": {
      "id": "1293257",
      "title": "My Uncle Used To Love Me But She Died",
      "type": "UKE",
      "url": "https://tabs.ultimate-guitar.com/tab/roger-miller/my-uncle-used-to-love-me-but-she-died-ukulele-1293257",
      "file_path": null,
      "metadata": {}
    },
    "3011360": {
      "id": "3011360",
      "title": "Not In Nottingham",
      "type": "TAB",
      "url": "https://tabs.ultimate-guitar.com/tab/roger-miller/not-in-nottingham-tabs-3011360",
      "file_path": null,
      "metadata": {}
    },
    "842918": {
      "id": "842918",
      "title": "Not In Nottingham",
      "type": "PRO",
      "url": "https://tabs.ultimate-guitar.com/tab/roger-miller/not-in-nottingham-guitar-pro-842918",
      "file_path": null,
      "metadata": {}
    },
    "1271563": {
      "id": "1271563",
      "title": "Not In Nottingham",
      "type": "UKE",
      "url": "https://tabs.ultimate-guitar.com/tab/roger-miller/not-in-nottingham-ukulele-1271563",
      "file_path": null,
      "metadata": {}
    },
    "2493387": {
      "id": "2493387",
      "title": "Old Friends",
      "type": "CRD",
      "url": "https://tabs.ultimate-guitar.com/tab/roger-miller/old-friends-chords-2493387",
      "file_path": null,
      "metadata": {}
    },
    "2555067": {
      "id": "2555067",
      "title": "Old Toy Trains",
      "type": "BASS",
      "url": "https://tabs.ultimate-guitar.com/tab/roger-miller/old-toy-trains-bass-2555067",
      "file_path": null,
      "metadata": {}
    },
    "1488924": {
      "id": "1488924",
      "title": "One Dyin And A Buryin",
      "type": "CRD",
      "url": "https://tabs.ultimate-guitar.com/tab/roger-miller/one-dyin-and-a-buryin-chords-1488924",
      "file_path": null,
      "metadata": {}
    },
    "4379231": {
      "id": "4379231",
      "title": "One Dyin And A Buryin (ver 2)",
      "type": "CRD",
      "url": "https://tabs.ultimate-guitar.com/tab/roger-miller/one-dyin-and-a-buryin-chords-4379231",
      "file_path": null,
      "metadata": {}
    },
    "942478": {
      "id": "942478",
      "title": "Oo De Lally (ver 2)",
      "type": "CRD",
      "url": "https://tabs.ultimate-guitar.com/tab/roger-miller/oo-de-lally-chords-942478",
      "file_path": null,
      "metadata": {}
    },
    "1103972": {
      "id": "1103972",
      "title": "Oo De Lally (ver 3)",
      "type": "CRD",
      "url": "https://tabs.ultimate-guitar.com/tab/roger-miller/oo-de-lally-chords-1103972",
      "file_path": null,
      "metadata": {}
    },
    "1228655": {
      "id": "1228655",
      "title": "Oo De Lally (ver 4)",
      "type": "CRD",
      "url": "https://tabs.ultimate-guitar.com/tab/roger-miller/oo-de-lally-chords-1228655",
      "file_path": null,
      "metadata": {}
    },
    "3443588": {
      "id": "3443588",
      "title": "Oo De Lally (ver 5)",
      "type": "CRD",
      "url": "https://tabs.ultimate-guitar.com/tab/roger-miller/oo-de-lally-chords-3443588",
      "file_path": null,
      "metadata": {}
    },
    "1122087": {
      "id": "1122087",
      "title": "Oo De Lally (ver 2)",
      "type": "TAB",
      "url": "https://tabs.ultimate-guitar.com/tab/roger-miller/oo-de-lally-tabs-1122087",
      "file_path": null,
      "metadata": {}
    },
    "1519595": {
      "id": "1519595",
      "title": "Oo De Lally",
      "type": "PRO",
      "url": "https://tabs.ultimate-guitar.com/tab/roger-miller/oo-de-lally-guitar-pro-1519595",
      "file_path": null,
      "metadata": {}
    },
    "2199321": {
      "id": "2199321",
      "title": "Oo De Lally",
      "type": "UKE",
      "url": "https://tabs.ultimate-guitar.com/tab/roger-miller/oo-de-lally-ukulele-2199321",
      "file_path": null,
      "metadata": {}
    },
    "4967707": {
      "id": "4967707",
      "title": "Open Up Your Heart",
      "type": "CRD",
      "url": "https://tabs.ultimate-guitar.com/tab/roger-miller/open-up-your-heart-chords-4967707",
      "file_path": null,
      "metadata": {}
    },
    "3259214": {
      "id": "3259214",
      "title": "Our Hearts Will Play The Music",
      "type": "CRD",
      "url": "https://tabs.ultimate-guitar.com/tab/roger-miller/our-hearts-will-play-the-music-chords-3259214",
      "file_path": null,
      "metadata": {}
    },
    "1951989": {
      "id": "1951989",
      "title": "Our Little Love",
      "type": "CRD",
      "url": "https://tabs.ultimate-guitar.com/tab/roger-miller/our-little-love-chords-1951989",
      "file_path": null,
      "metadata": {}
    },
    "1214094": {
      "id": "1214094",
      "title": "Party In My Pants",
      "type": "CRD",
      "url": "https://tabs.ultimate-guitar.com/tab/roger-miller/party-in-my-pants-chords-1214094",
      "file_path": null,
      "metadata": {}
    },
    "1387173": {
      "id": "1387173",
      "title": "Party In My Pants",
      "type": "UKE",
      "url": "https://tabs.ultimate-guitar.com/tab/roger-miller/party-in-my-pants-ukulele-1387173",
      "file_path": null,
      "metadata": {}
    },
    "3278474": {
      "id": "3278474",
      "title": "Playboy",
      "type": "CRD",
      "url": "https://tabs.ultimate-guitar.com/tab/roger-miller/playboy-chords-3278474",
      "file_path": null,
      "metadata": {}
    },
    "3249026": {
      "id": "3249026",
      "title": "Please Release Me",
      "type": "CRD",
      "url": "https://tabs.ultimate-guitar.com/tab/roger-miller/please-release-me-chords-3249026",
      "file_path": null,
      "metadata": {}
    },
    "1854671": {
      "id": "1854671",
      "title": "Poor Little John",
      "type": "CRD",
      "url": "https://tabs.ultimate-guitar.com/tab/roger-miller/poor-little-john-chords-1854671",
      "file_path": null,
      "metadata": {}
    },
    "5744564": {
      "id": "5744564",
      "title": "Private John Q",
      "type": "CRD",
      "url": "https://tabs.ultimate-guitar.com/tab/roger-miller/private-john-q-chords-5744564",
      "file_path": null,
      "metadata": {}
    },
    "5744513": {
      "id": "5744513",
      "title": "Rainbow Valley",
      "type": "CRD",
      "url": "https://tabs.ultimate-guitar.com/tab/roger-miller/rainbow-valley-chords-5744513",
      "file_path": null,
      "metadata": {}
    },
    "1446158": {
      "id": "1446158",
      "title": "Reincarnation",
      "type": "CRD",
      "url": "https://tabs.ultimate-guitar.com/tab/roger-miller/reincarnation-chords-1446158",
      "file_path": null,
      "metadata": {}
    },
    "3984103": {
      "id": "3984103",
      "title": "Reincarnation  Intro",
      "type": "TAB",
      "url": "https://tabs.ultimate-guitar.com/tab/roger-miller/reincarnation-tabs-3984103",
      "file_path": null,
      "metadata": {}
    },
    "1750639": {
      "id": "1750639",
      "title": "River And The Rain",
      "type": "CRD",
      "url": "https://tabs.ultimate-guitar.com/tab/roger-miller/river-and-the-rain-chords-1750639",
      "file_path": null,
      "metadata": {}
    },
    "2315549": {
      "id": "2315549",
      "title": "River In The Rain",
      "type": "CRD",
      "url": "https://tabs.ultimate-guitar.com/tab/roger-miller/river-in-the-rain-chords-2315549",
      "file_path": null,
      "metadata": {}
    },
    "117607": {
      "id": "117607",
      "title": "Ruby Dont Take Your Love To Town",
      "type": "CRD",
      "url": "https://tabs.ultimate-guitar.com/tab/roger-miller/ruby-dont-take-your-love-to-town-chords-117607",
      "file_path": null,
      "metadata": {}
    },
    "1271995": {
      "id": "1271995",
      "title": "Ruby Dont Take Your Love To Town",
      "type": "UKE",
      "url": "https://tabs.ultimate-guitar.com/tab/roger-miller/ruby-dont-take-your-love-to-town-ukulele-1271995",
      "file_path": null,
      "metadata": {}
    },
    "3258929": {
      "id": "3258929",
      "title": "So Saith He The Lord",
      "type": "CRD",
      "url": "https://tabs.ultimate-guitar.com/tab/roger-miller/so-saith-he-the-lord-chords-3258929",
      "file_path": null,
      "metadata": {}
    },
    "1951983": {
      "id": "1951983",
      "title": "Somewhere Theres A Lady",
      "type": "CRD",
      "url": "https://tabs.ultimate-guitar.com/tab/roger-miller/somewhere-theres-a-lady-chords-1951983",
      "file_path": null,
      "metadata": {}
    },
    "3258350": {
      "id": "3258350",
      "title": "Sorry Willie",
      "type": "CRD",
      "url": "https://tabs.ultimate-guitar.com/tab/roger-miller/sorry-willie-chords-3258350",
      "file_path": null,
      "metadata": {}
    },
    "1809752": {
      "id": "1809752",
      "title": "South",
      "type": "CRD",
      "url": "https://tabs.ultimate-guitar.com/tab/roger-miller/south-chords-1809752",
      "file_path": null,
      "metadata": {}
    },
    "5744540": {
      "id": "5744540",
      "title": "Squares Make The World Go Round",
      "type": "CRD",
      "url": "https://tabs.ultimate-guitar.com/tab/roger-miller/squares-make-the-world-go-round-chords-5744540",
      "file_path": null,
      "metadata": {}
    },
    "3261143": {
      "id": "3261143",
      "title": "Thats The Way I Feel",
      "type": "CRD",
      "url": "https://tabs.ultimate-guitar.com/tab/roger-miller/thats-the-way-i-feel-chords-3261143",
      "file_path": null,
      "metadata": {}
    },
    "5744789": {
      "id": "5744789",
      "title": "Thats The Ways Its Always Been",
      "type": "CRD",
      "url": "https://tabs.ultimate-guitar.com/tab/roger-miller/thats-the-ways-its-always-been-chords-5744789",
      "file_path": null,
      "metadata": {}
    },
    "3264803": {
      "id": "3264803",
      "title": "Thats Why I Love You Like I Do",
      "type": "CRD",
      "url": "https://tabs.ultimate-guitar.com/tab/roger-miller/thats-why-i-love-you-like-i-do-chords-3264803",
      "file_path": null,
      "metadata": {}
    },
    "2128247": {
      "id": "2128247",
      "title": "The Ballad Of Waterhole 3",
      "type": "CRD",
      "url": "https://tabs.ultimate-guitar.com/tab/roger-miller/the-ballad-of-waterhole-3-chords-2128247",
      "file_path": null,
      "metadata": {}
    },
    "2128245": {
      "id": "2128245",
      "title": "The Last Word In Lonesome Is Me",
      "type": "CRD",
      "url": "https://tabs.ultimate-guitar.com/tab/roger-miller/the-last-word-in-lonesome-is-me-chords-2128245",
      "file_path": null,
      "metadata": {}
    },
    "3098519": {
      "id": "3098519",
      "title": "The Last Word In Lonesome Is Me (ver 2)",
      "type": "CRD",
      "url": "https://tabs.ultimate-guitar.com/tab/roger-miller/the-last-word-in-lonesome-is-me-chords-3098519",
      "file_path": null,
      "metadata": {}
    },
    "2860589": {
      "id": "2860589",
      "title": "The Moon Is High And So Am I",
      "type": "CRD",
      "url": "https://tabs.ultimate-guitar.com/tab/roger-miller/the-moon-is-high-and-so-am-i-chords-2860589",
      "file_path": null,
      "metadata": {}
    },
    "3319874": {
      "id": "3319874",
      "title": "The Moon Is High And So Am I (ver 2)",
      "type": "CRD",
      "url": "https://tabs.ultimate-guitar.com/tab/roger-miller/the-moon-is-high-and-so-am-i-chords-3319874",
      "file_path": null,
      "metadata": {}
    },
    "1810521": {
      "id": "1810521",
      "title": "The Wrong Kind Of Girl",
      "type": "CRD",
      "url": "https://tabs.ultimate-guitar.com/tab/roger-miller/the-wrong-kind-of-girl-chords-1810521",
      "file_path": null,
      "metadata": {}
    },
    "4765532": {
      "id": "4765532",
      "title": "Tolivar",
      "type": "CRD",
      "url": "https://tabs.ultimate-guitar.com/tab/roger-miller/tolivar-chords-4765532",
      "file_path": null,
      "metadata": {}
    },
    "3249068": {
      "id": "3249068",
      "title": "Train Of Life",
      "type": "CRD",
      "url": "https://tabs.ultimate-guitar.com/tab/roger-miller/train-of-life-chords-3249068",
      "file_path": null,
      "metadata": {}
    },
    "5744687": {
      "id": "5744687",
      "title": "Trouble On The Turnpike",
      "type": "CRD",
      "url": "https://tabs.ultimate-guitar.com/tab/roger-miller/trouble-on-the-turnpike-chords-5744687",
      "file_path": null,
      "metadata": {}
    },
    "2352011": {
      "id": "2352011",
      "title": "Uncle Harveys Plane",
      "type": "CRD",
      "url": "https://tabs.ultimate-guitar.com/tab/roger-miller/uncle-harveys-plane-chords-2352011",
      "file_path": null,
      "metadata": {}
    },
    "3360335": {
      "id": "3360335",
      "title": "Uncle Harveys Plane (ver 2)",
      "type": "CRD",
      "url": "https://tabs.ultimate-guitar.com/tab/roger-miller/uncle-harveys-plane-chords-3360335",
      "file_path": null,
      "metadata": {}
    },
    "1900503": {
      "id": "1900503",
      "title": "Waitin For The Light To Shine",
      "type": "CRD",
      "url": "https://tabs.ultimate-guitar.com/tab/roger-miller/waitin-for-the-light-to-shine-chords-1900503",
      "file_path": null,
      "metadata": {}
    },
    "404211": {
      "id": "404211",
      "title": "Waitin For The Light To Shine",
      "type": "TAB",
      "url": "https://tabs.ultimate-guitar.com/tab/roger-miller/waitin-for-the-light-to-shine-tabs-404211",
      "file_path": null,
      "metadata": {}
    },
    "627794": {
      "id": "627794",
      "title": "Waitin For The Light To Shine (ver 2)",
      "type": "TAB",
      "url": "https://tabs.ultimate-guitar.com/tab/roger-miller/waitin-for-the-light-to-shine-tabs-627794",
      "file_path": null,
      "metadata": {}
    },
    "76463": {
      "id": "76463",
      "title": "Walkin In The Sunshine",
      "type": "CRD",
      "url": "https://tabs.ultimate-guitar.com/tab/roger-miller/walkin-in-the-sunshine-chords-76463",
      "file_path": null,
      "metadata": {}
    },
    "496993": {
      "id": "496993",
      "title": "Walkin In The Sunshine (ver 2)",
      "type": "CRD",
      "url": "https://tabs.ultimate-guitar.com/tab/roger-miller/walkin-in-the-sunshine-chords-496993",
      "file_path": null,
      "metadata": {}
    },
    "3486377": {
      "id": "3486377",
      "title": "Walkin In The Sunshine (ver 3)",
      "type": "CRD",
      "url": "https://tabs.ultimate-guitar.com/tab/roger-miller/walkin-in-the-sunshine-chords-3486377",
      "file_path": null,
      "metadata": {}
    },
    "1265290": {
      "id": "1265290",
      "title": "Walkin In The Sunshine",
      "type": "UKE",
      "url": "https://tabs.ultimate-guitar.com/tab/roger-miller/walkin-in-the-sunshine-ukulele-1265290",
      "file_path": null,
      "metadata": {}
    },
    "5184585": {
      "id": "5184585",
      "title": "Water Dog",
      "type": "CRD",
      "url": "https://tabs.ultimate-guitar.com/tab/roger-miller/water-dog-chords-5184585",
      "file_path": null,
      "metadata": {}
    },
    "2888225": {
      "id": "2888225",
      "title": "What Are Those Things With Big Black Wings",
      "type": "CRD",
      "url": "https://tabs.ultimate-guitar.com/tab/roger-miller/what-are-those-things-with-big-black-wings-chords-2888225",
      "file_path": null,
      "metadata": {}
    },
    "5076415": {
      "id": "5076415",
      "title": "What Are Those Things With Big Black Wings (ver 2)",
      "type": "CRD",
      "url": "https://tabs.ultimate-guitar.com/tab/roger-miller/what-are-those-things-with-big-black-wings-chords-5076415",
      "file_path": null,
      "metadata": {}
    },
    "4137964": {
      "id": "4137964",
      "title": "What Are Those Things With Big Black Wings",
      "type": "BASS",
      "url": "https://tabs.ultimate-guitar.com/tab/roger-miller/what-are-those-things-with-big-black-wings-bass-4137964",
      "file_path": null,
      "metadata": {}
    },
    "1872218": {
      "id": "1872218",
      "title": "What Id Give To Be The Wind",
      "type": "CRD",
      "url": "https://tabs.ultimate-guitar.com/tab/roger-miller/what-id-give-to-be-the-wind-chords-1872218",
      "file_path": null,
      "metadata": {}
    },
    "3268688": {
      "id": "3268688",
      "title": "What Would My Mama Say",
      "type": "CRD",
      "url": "https://tabs.ultimate-guitar.com/tab/roger-miller/what-would-my-mama-say-chords-3268688",
      "file_path": null,
      "metadata": {}
    },
    "3259361": {
      "id": "3259361",
      "title": "When Two Worlds Collide",
      "type": "CRD",
      "url": "https://tabs.ultimate-guitar.com/tab/roger-miller/when-two-worlds-collide-chords-3259361",
      "file_path": null,
      "metadata": {}
    },
    "930318": {
      "id": "930318",
      "title": "Where Have All The Average People Gone",
      "type": "CRD",
      "url": "https://tabs.ultimate-guitar.com/tab/roger-miller/where-have-all-the-average-people-gone-chords-930318",
      "file_path": null,
      "metadata": {}
    },
    "3245486": {
      "id": "3245486",
      "title": "Where Have All The Average People Gone (ver 2)",
      "type": "CRD",
      "url": "https://tabs.ultimate-guitar.com/tab/roger-miller/where-have-all-the-average-people-gone-chords-3245486",
      "file_path": null,
      "metadata": {}
    },
    "1278780": {
      "id": "1278780",
      "title": "Where Have All The Average People Gone",
      "type": "UKE",
      "url": "https://tabs.ultimate-guitar.com/tab/roger-miller/where-have-all-the-average-people-gone-ukulele-1278780",
      "file_path": null,
      "metadata": {}
    },
    "2964029": {
      "id": "2964029",
      "title": "Whistle Stop",
      "type": "CRD",
      "url": "https://tabs.ultimate-guitar.com/tab/roger-miller/whistle-stop-chords-2964029",
      "file_path": null,
      "metadata": {}
    },
    "1692650": {
      "id": "1692650",
      "title": "Whistle Stop - Robin Hood Theme Tune (ver 2)",
      "type": "TAB",
      "url": "https://tabs.ultimate-guitar.com/tab/roger-miller/whistle-stop-robin-hood-theme-tune-tabs-1692650",
      "file_path": null,
      "metadata": {}
    },
    "2409463": {
      "id": "2409463",
      "title": "Whistle Stop - Robin Hood Theme Tune (ver 3)",
      "type": "TAB",
      "url": "https://tabs.ultimate-guitar.com/tab/roger-miller/whistle-stop-robin-hood-theme-tune-tabs-2409463",
      "file_path": null,
      "metadata": {}
    },
    "5165704": {
      "id": "5165704",
      "title": "Whistle Stop - Robin Hood Theme Tune (ver 4)",
      "type": "TAB",
      "url": "https://tabs.ultimate-guitar.com/tab/roger-miller/whistle-stop-robin-hood-theme-tune-tabs-5165704",
      "file_path": null,
      "metadata": {}
    },
    "974570": {
      "id": "974570",
      "title": "You Cant Roller Skate In A Buffalo Herd (ver 2)",
      "type": "CRD",
      "url": "https://tabs.ultimate-guitar.com/tab/roger-miller/you-cant-roller-skate-in-a-buffalo-herd-chords-974570",
      "file_path": null,
      "metadata": {}
    },
    "2199323": {
      "id": "2199323",
      "title": "You Cant Roller Skate In A Buffalo Herd",
      "type": "UKE",
      "url": "https://tabs.ultimate-guitar.com/tab/roger-miller/you-cant-roller-skate-in-a-buffalo-herd-ukulele-2199323",
      "file_path": null,
      "metadata": {}
    },
    "1951999": {
      "id": "1951999",
      "title": "You Didnt Have To Be So Nice",
      "type": "CRD",
      "url": "https://tabs.ultimate-guitar.com/tab/roger-miller/you-didnt-have-to-be-so-nice-chords-1951999",
      "file_path": null,
      "metadata": {}
    },
    "5253267": {
      "id": "5253267",
      "title": "You Oughta Be Here With Me",
      "type": "CRD",
      "url": "https://tabs.ultimate-guitar.com/tab/roger-miller/you-oughta-be-here-with-me-chords-5253267",
      "file_path": null,
      "metadata": {}
    },
    "3249719": {
      "id": "3249719",
      "title": "Youre My Kingdom",
      "type": "CRD",
      "url": "https://tabs.ultimate-guitar.com/tab/roger-miller/youre-my-kingdom-chords-3249719",
      "file_path": null,
      "metadata": {}
    }
  }
}