{
  "id": "11270",
  "name": "Adam Sandler",
  "url": "https://www.ultimate-guitar.com/artist/adam_sandler_11270",
  "tabs": {
    "3391": {
      "id": "3391",
      "title": "Grow Old With You",
      "type": "CRD",
      "url": "https://tabs.ultimate-guitar.com/tab/adam-sandler/grow-old-with-you-chords-3391",
      "file_path": null,
      "metadata": {}
    },
    "21899": {
      "id": "21899",
      "title": "The Chanukah Song",
      "type": "CRD",
      "url": "https://tabs.ultimate-guitar.com/tab/adam-sandler/the-chanukah-song-chords-21899",
      "file_path": null,
      "metadata": {}
    },
    "42308": {
      "id": "42308",
      "title": "Grow Old With You  Solo",
      "type": "TAB",
      "url": "https://tabs.ultimate-guitar.com/tab/adam-sandler/grow-old-with-you-tabs-42308",
      "file_path": null,
      "metadata": {}
    },
    "84383": {
      "id": "84383",
      "title": "Medium Pace",
      "type": "CRD",
      "url": "https://tabs.ultimate-guitar.com/tab/adam-sandler/medium-pace-chords-84383",
      "file_path": null,
      "metadata": {}
    },
    "125722": {
      "id": "125722",
      "title": "Lunchlady Land",
      "type": "CRD",
      "url": "https://tabs.ultimate-guitar.com/tab/adam-sandler/lunchlady-land-chords-125722",
      "file_path": null,
      "metadata": {}
    },
    "109696": {
      "id": "109696",
      "title": "Forgetful Lucy",
      "type": "TAB",
      "url": "https://tabs.ultimate-guitar.com/tab/adam-sandler/forgetful-lucy-tabs-109696",
      "file_path": null,
      "metadata": {}
    },
    "84388": {
      "id": "84388",
      "title": "The Christmas Song",
      "type": "CRD",
      "url": "https://tabs.ultimate-guitar.com/tab/adam-sandler/the-christmas-song-chords-84388",
      "file_path": null,
      "metadata": {}
    },
    "84385": {
      "id": "84385",
      "title": "Ode To My Car",
      "type": "TAB",
      "url": "https://tabs.ultimate-guitar.com/tab/adam-sandler/ode-to-my-car-tabs-84385",
      "file_path": null,
      "metadata": {}
    },
    "911530": {
      "id": "911530",
      "title": "At A Medium Pace",
      "type": "CRD",
      "url": "https://tabs.ultimate-guitar.com/tab/adam-sandler/at-a-medium-pace-chords-911530",
      "file_path": null,
      "metadata": {}
    },
    "1279536": {
      "id": "1279536",
      "title": "Forgetful Lucy",
      "type": "UKE",
      "url": "https://tabs.ultimate-guitar.com/tab/adam-sandler/forgetful-lucy-ukulele-1279536",
      "file_path": null,
      "metadata": {}
    },
    "3556316": {
      "id": "3556316",
      "title": "7 Foot Man",
      "type": "CRD",
      "url": "https://tabs.ultimate-guitar.com/tab/adam-sandler/7-foot-man-chords-3556316",
      "file_path": null,
      "metadata": {}
    },
    "3393": {
      "id": "3393",
      "title": "7 Foot Man",
      "type": "TAB",
      "url": "https://tabs.ultimate-guitar.com/tab/adam-sandler/7-foot-man-tabs-3393",
      "file_path": null,
      "metadata": {}
    },
    "2525310": {
      "id": "2525310",
      "title": "A Song About Elmo",
      "type": "CRD",
      "url": "https://tabs.ultimate-guitar.com/tab/adam-sandler/a-song-about-elmo-chords-2525310",
      "file_path": null,
      "metadata": {}
    },
    "1239082": {
      "id": "1239082",
      "title": "A Song About Elmo",
      "type": "TAB",
      "url": "https://tabs.ultimate-guitar.com/tab/adam-sandler/a-song-about-elmo-tabs-1239082",
      "file_path": null,
      "metadata": {}
    },
    "2503680": {
      "id": "2503680",
      "title": "Alcoholic Lawyer",
      "type": "CRD",
      "url": "https://tabs.ultimate-guitar.com/tab/adam-sandler/alcoholic-lawyer-chords-2503680",
      "file_path": null,
      "metadata": {}
    },
    "4367663": {
      "id": "4367663",
      "title": "Alcoholic Lawyer",
      "type": "CRD",
      "url": "https://tabs.ultimate-guitar.com/tab/adam-sandler/alcoholic-lawyer-chords-4367663",
      "file_path": null,
      "metadata": {}
    },
    "1335391": {
      "id": "1335391",
      "title": "At A Medium Pace",
      "type": "UKE",
      "url": "https://tabs.ultimate-guitar.com/tab/adam-sandler/at-a-medium-pace-ukulele-1335391",
      "file_path": null,
      "metadata": {}
    },
    "3620264": {
      "id": "3620264",
      "title": "Barmitzva Boy",
      "type": "CRD",
      "url": "https://tabs.ultimate-guitar.com/tab/adam-sandler/barmitzva-boy-chords-3620264",
      "file_path": null,
      "metadata": {}
    },
    "1460162": {
      "id": "1460162",
      "title": "Bum Biddy",
      "type": "CRD",
      "url": "https://tabs.ultimate-guitar.com/tab/adam-sandler/bum-biddy-chords-1460162",
      "file_path": null,
      "metadata": {}
    },
    "2507568": {
      "id": "2507568",
      "title": "Chris Farley",
      "type": "CRD",
      "url": "https://tabs.ultimate-guitar.com/tab/adam-sandler/chris-farley-chords-2507568",
      "file_path": null,
      "metadata": {}
    },
    "2685663": {
      "id": "2685663",
      "title": "Chris Farley Song",
      "type": "CRD",
      "url": "https://tabs.ultimate-guitar.com/tab/adam-sandler/chris-farley-song-chords-2685663",
      "file_path": null,
      "metadata": {}
    },
    "84381": {
      "id": "84381",
      "title": "Crazy Love",
      "type": "CRD",
      "url": "https://tabs.ultimate-guitar.com/tab/adam-sandler/crazy-love-chords-84381",
      "file_path": null,
      "metadata": {}
    },
    "1267923": {
      "id": "1267923",
      "title": "Crazy Love",
      "type": "UKE",
      "url": "https://tabs.ultimate-guitar.com/tab/adam-sandler/crazy-love-ukulele-1267923",
      "file_path": null,
      "metadata": {}
    },
    "2503662": {
      "id": "2503662",
      "title": "Daddy Shaved",
      "type": "CRD",
      "url": "https://tabs.ultimate-guitar.com/tab/adam-sandler/daddy-shaved-chords-2503662",
      "file_path": null,
      "metadata": {}
    },
    "1089481": {
      "id": "1089481",
      "title": "Daveys Song",
      "type": "CRD",
      "url": "https://tabs.ultimate-guitar.com/tab/adam-sandler/daveys-song-chords-1089481",
      "file_path": null,
      "metadata": {}
    },
    "1511997": {
      "id": "1511997",
      "title": "Daveys Song (ver 2)",
      "type": "CRD",
      "url": "https://tabs.ultimate-guitar.com/tab/adam-sandler/daveys-song-chords-1511997",
      "file_path": null,
      "metadata": {}
    },
    "1362813": {
      "id": "1362813",
      "title": "Daveys Song",
      "type": "UKE",
      "url": "https://tabs.ultimate-guitar.com/tab/adam-sandler/daveys-song-ukulele-1362813",
      "file_path": null,
      "metadata": {}
    },
    "2503710": {
      "id": "2503710",
      "title": "Diabetes",
      "type": "CRD",
      "url": "https://tabs.ultimate-guitar.com/tab/adam-sandler/diabetes-chords-2503710",
      "file_path": null,
      "metadata": {}
    },
    "3075158": {
      "id": "3075158",
      "title": "Diabetes",
      "type": "CRD",
      "url": "https://tabs.ultimate-guitar.com/tab/adam-sandler/diabetes-chords-3075158",
      "file_path": null,
      "metadata": {}
    },
    "2506167": {
      "id": "2506167",
      "title": "Diabetes",
      "type": "UKE",
      "url": "https://tabs.ultimate-guitar.com/tab/adam-sandler/diabetes-ukulele-2506167",
      "file_path": null,
      "metadata": {}
    },
    "865843": {
      "id": "865843",
      "title": "Dip Doodle",
      "type": "CRD",
      "url": "https://tabs.ultimate-guitar.com/tab/adam-sandler/dip-doodle-chords-865843",
      "file_path": null,
      "metadata": {}
    },
    "176113": {
      "id": "176113",
      "title": "Dip Doodle",
      "type": "CRD",
      "url": "https://tabs.ultimate-guitar.com/tab/adam-sandler/dip-doodle-chords-176113",
      "file_path": null,
      "metadata": {}
    },
    "1327162": {
      "id": "1327162",
      "title": "Dip Doodle",
      "type": "UKE",
      "url": "https://tabs.ultimate-guitar.com/tab/adam-sandler/dip-doodle-ukulele-1327162",
      "file_path": null,
      "metadata": {}
    },
    "1276003": {
      "id": "1276003",
      "title": "Dip Doodle",
      "type": "UKE",
      "url": "https://tabs.ultimate-guitar.com/tab/adam-sandler/dip-doodle-ukulele-1276003",
      "file_path": null,
      "metadata": {}
    },
    "2503653": {
      "id": "2503653",
      "title": "Electric Car",
      "type": "CRD",
      "url": "https://tabs.ultimate-guitar.com/tab/adam-sandler/electric-car-chords-2503653",
      "file_path": null,
      "metadata": {}
    },
    "613393": {
      "id": "613393",
      "title": "Food Innuendo Guy  Intro",
      "type": "PRO",
      "url": "https://tabs.ultimate-guitar.com/tab/adam-sandler/food-innuendo-guy-guitar-pro-613393",
      "file_path": null,
      "metadata": {}
    },
    "146468": {
      "id": "146468",
      "title": "Forgetful Lucy",
      "type": "CRD",
      "url": "https://tabs.ultimate-guitar.com/tab/adam-sandler/forgetful-lucy-chords-146468",
      "file_path": null,
      "metadata": {}
    },
    "281753": {
      "id": "281753",
      "title": "Forgetful Lucy (ver 2)",
      "type": "CRD",
      "url": "https://tabs.ultimate-guitar.com/tab/adam-sandler/forgetful-lucy-chords-281753",
      "file_path": null,
      "metadata": {}
    },
    "512756": {
      "id": "512756",
      "title": "Forgetful Lucy (ver 3)",
      "type": "CRD",
      "url": "https://tabs.ultimate-guitar.com/tab/adam-sandler/forgetful-lucy-chords-512756",
      "file_path": null,
      "metadata": {}
    },
    "517692": {
      "id": "517692",
      "title": "Forgetful Lucy (ver 4)",
      "type": "CRD",
      "url": "https://tabs.ultimate-guitar.com/tab/adam-sandler/forgetful-lucy-chords-517692",
      "file_path": null,
      "metadata": {}
    },
    "2551779": {
      "id": "2551779",
      "title": "Forgetful Lucy (ver 5)",
      "type": "CRD",
      "url": "https://tabs.ultimate-guitar.com/tab/adam-sandler/forgetful-lucy-chords-2551779",
      "file_path": null,
      "metadata": {}
    },
    "126754": {
      "id": "126754",
      "title": "Forgetful Lucy  Intro",
      "type": "TAB",
      "url": "https://tabs.ultimate-guitar.com/tab/adam-sandler/forgetful-lucy-tabs-126754",
      "file_path": null,
      "metadata": {}
    },
    "460621": {
      "id": "460621",
      "title": "Forgetful Lucy (ver 2)",
      "type": "TAB",
      "url": "https://tabs.ultimate-guitar.com/tab/adam-sandler/forgetful-lucy-tabs-460621",
      "file_path": null,
      "metadata": {}
    },
    "2148355": {
      "id": "2148355",
      "title": "Forgetful Lucy (ver 2)",
      "type": "UKE",
      "url": "https://tabs.ultimate-guitar.com/tab/adam-sandler/forgetful-lucy-ukulele-2148355",
      "file_path": null,
      "metadata": {}
    },
    "2158369": {
      "id": "2158369",
      "title": "Forgetful Lucy (ver 3)",
      "type": "UKE",
      "url": "https://tabs.ultimate-guitar.com/tab/adam-sandler/forgetful-lucy-ukulele-2158369",
      "file_path": null,
      "metadata": {}
    },
    "2681496": {
      "id": "2681496",
      "title": "Forgetful Lucy (ver 4)",
      "type": "UKE",
      "url": "https://tabs.ultimate-guitar.com/tab/adam-sandler/forgetful-lucy-ukulele-2681496",
      "file_path": null,
      "metadata": {}
    },
    "4796393": {
      "id": "4796393",
      "title": "Four Years Old",
      "type": "CRD",
      "url": "https://tabs.ultimate-guitar.com/tab/adam-sandler/four-years-old-chords-4796393",
      "file_path": null,
      "metadata": {}
    },
    "2841233": {
      "id": "2841233",
      "title": "Genius Girl",
      "type": "CRD",
      "url": "https://tabs.ultimate-guitar.com/tab/adam-sandler/genius-girl-chords-2841233",
      "file_path": null,
      "metadata": {}
    },
    "36497": {
      "id": "36497",
      "title": "Grow Old With You (ver 2)",
      "type": "CRD",
      "url": "https://tabs.ultimate-guitar.com/tab/adam-sandler/grow-old-with-you-chords-36497",
      "file_path": null,
      "metadata": {}
    },
    "84387": {
      "id": "84387",
      "title": "Grow Old With You (ver 3)",
      "type": "CRD",
      "url": "https://tabs.ultimate-guitar.com/tab/adam-sandler/grow-old-with-you-chords-84387",
      "file_path": null,
      "metadata": {}
    },
    "165446": {
      "id": "165446",
      "title": "Grow Old With You (ver 4)",
      "type": "CRD",
      "url": "https://tabs.ultimate-guitar.com/tab/adam-sandler/grow-old-with-you-chords-165446",
      "file_path": null,
      "metadata": {}
    },
    "173762": {
      "id": "173762",
      "title": "Grow Old With You (ver 5)",
      "type": "CRD",
      "url": "https://tabs.ultimate-guitar.com/tab/adam-sandler/grow-old-with-you-chords-173762",
      "file_path": null,
      "metadata": {}
    },
    "181353": {
      "id": "181353",
      "title": "Grow Old With You (ver 6)",
      "type": "CRD",
      "url": "https://tabs.ultimate-guitar.com/tab/adam-sandler/grow-old-with-you-chords-181353",
      "file_path": null,
      "metadata": {}
    },
    "384959": {
      "id": "384959",
      "title": "Grow Old With You (ver 7)",
      "type": "CRD",
      "url": "https://tabs.ultimate-guitar.com/tab/adam-sandler/grow-old-with-you-chords-384959",
      "file_path": null,
      "metadata": {}
    },
    "484532": {
      "id": "484532",
      "title": "Grow Old With You (ver 8)",
      "type": "CRD",
      "url": "https://tabs.ultimate-guitar.com/tab/adam-sandler/grow-old-with-you-chords-484532",
      "file_path": null,
      "metadata": {}
    },
    "789730": {
      "id": "789730",
      "title": "Grow Old With You (ver 9)",
      "type": "CRD",
      "url": "https://tabs.ultimate-guitar.com/tab/adam-sandler/grow-old-with-you-chords-789730",
      "file_path": null,
      "metadata": {}
    },
    "1067973": {
      "id": "1067973",
      "title": "Grow Old With You (ver 10)",
      "type": "CRD",
      "url": "https://tabs.ultimate-guitar.com/tab/adam-sandler/grow-old-with-you-chords-1067973",
      "file_path": null,
      "metadata": {}
    },
    "1172152": {
      "id": "1172152",
      "title": "Grow Old With You (ver 11)",
      "type": "CRD",
      "url": "https://tabs.ultimate-guitar.com/tab/adam-sandler/grow-old-with-you-chords-1172152",
      "file_path": null,
      "metadata": {}
    },
    "1197338": {
      "id": "1197338",
      "title": "Grow Old With You (ver 12)",
      "type": "CRD",
      "url": "https://tabs.ultimate-guitar.com/tab/adam-sandler/grow-old-with-you-chords-1197338",
      "file_path": null,
      "metadata": {}
    },
    "1229627": {
      "id": "1229627",
      "title": "Grow Old With You (ver 13)",
      "type": "CRD",
      "url": "https://tabs.ultimate-guitar.com/tab/adam-sandler/grow-old-with-you-chords-1229627",
      "file_path": null,
      "metadata": {}
    },
    "139282": {
      "id": "139282",
      "title": "Grow Old With You",
      "type": "TAB",
      "url": "https://tabs.ultimate-guitar.com/tab/adam-sandler/grow-old-with-you-tabs-139282",
      "file_path": null,
      "metadata": {}
    },
    "184903": {
      "id": "184903",
      "title": "Grow Old With You (ver 2)",
      "type": "TAB",
      "url": "https://tabs.ultimate-guitar.com/tab/adam-sandler/grow-old-with-you-tabs-184903",
      "file_path": null,
      "metadata": {}
    },
    "547714": {
      "id": "547714",
      "title": "Grow Old With You (ver 3)",
      "type": "TAB",
      "url": "https://tabs.ultimate-guitar.com/tab/adam-sandler/grow-old-with-you-tabs-547714",
      "file_path": null,
      "metadata": {}
    },
    "1200697": {
      "id": "1200697",
      "title": "Grow Old With You (ver 4)",
      "type": "TAB",
      "url": "https://tabs.ultimate-guitar.com/tab/adam-sandler/grow-old-with-you-tabs-1200697",
      "file_path": null,
      "metadata": {}
    },
    "1236940": {
      "id": "1236940",
      "title": "Grow Old With You (ver 5)",
      "type": "TAB",
      "url": "https://tabs.ultimate-guitar.com/tab/adam-sandler/grow-old-with-you-tabs-1236940",
      "file_path": null,
      "metadata": {}
    },
    "1478480": {
      "id": "1478480",
      "title": "Grow Old With You (ver 6)",
      "type": "TAB",
      "url": "https://tabs.ultimate-guitar.com/tab/adam-sandler/grow-old-with-you-tabs-1478480",
      "file_path": null,
      "metadata": {}
    },
    "1486638": {
      "id": "1486638",
      "title": "Grow Old With You (ver 7)",
      "type": "TAB",
      "url": "https://tabs.ultimate-guitar.com/tab/adam-sandler/grow-old-with-you-tabs-1486638",
      "file_path": null,
      "metadata": {}
    },
    "1672227": {
      "id": "1672227",
      "title": "Grow Old With You (ver 8)",
      "type": "TAB",
      "url": "https://tabs.ultimate-guitar.com/tab/adam-sandler/grow-old-with-you-tabs-1672227",
      "file_path": null,
      "metadata": {}
    },
    "636777": {
      "id": "636777",
      "title": "Grow Old With You",
      "type": "PRO",
      "url": "https://tabs.ultimate-guitar.com/tab/adam-sandler/grow-old-with-you-guitar-pro-636777",
      "file_path": null,
      "metadata": {}
    },
    "673112": {
      "id": "673112",
      "title": "Grow Old With You (ver 2)",
      "type": "PRO",
      "url": "https://tabs.ultimate-guitar.com/tab/adam-sandler/grow-old-with-you-guitar-pro-673112",
      "file_path": null,
      "metadata": {}
    },
    "1884633": {
      "id": "1884633",
      "title": "Grow Old With You (ver 3)",
      "type": "PRO",
      "url": "https://tabs.ultimate-guitar.com/tab/adam-sandler/grow-old-with-you-guitar-pro-1884633",
      "file_path": null,
      "metadata": {}
    },
    "296347": {
      "id": "296347",
      "title": "Grow Old With You",
      "type": "PWR",
      "url": "https://tabs.ultimate-guitar.com/tab/adam-sandler/grow-old-with-you-power-296347",
      "file_path": null,
      "metadata": {}
    },
    "1257583": {
      "id": "1257583",
      "title": "Grow Old With You",
      "type": "UKE",
      "url": "https://tabs.ultimate-guitar.com/tab/adam-sandler/grow-old-with-you-ukulele-1257583",
      "file_path": null,
      "metadata": {}
    },
    "1275279": {
      "id": "1275279",
      "title": "Grow Old With You (ver 2)",
      "type": "UKE",
      "url": "https://tabs.ultimate-guitar.com/tab/adam-sandler/grow-old-with-you-ukulele-1275279",
      "file_path": null,
      "metadata": {}
    },
    "2158383": {
      "id": "2158383",
      "title": "Grow Old With You (ver 3)",
      "type": "UKE",
      "url": "https://tabs.ultimate-guitar.com/tab/adam-sandler/grow-old-with-you-ukulele-2158383",
      "file_path": null,
      "metadata": {}
    },
    "2505399": {
      "id": "2505399",
      "title": "Hero",
      "type": "CRD",
      "url": "https://tabs.ultimate-guitar.com/tab/adam-sandler/hero-chords-2505399",
      "file_path": null,
      "metadata": {}
    },
    "4101487": {
      "id": "4101487",
      "title": "Hine Ma Tov",
      "type": "TAB",
      "url": "https://tabs.ultimate-guitar.com/tab/adam-sandler/hine-ma-tov-tabs-4101487",
      "file_path": null,
      "metadata": {}
    },
    "2685684": {
      "id": "2685684",
      "title": "I Was Fired",
      "type": "CRD",
      "url": "https://tabs.ultimate-guitar.com/tab/adam-sandler/i-was-fired-chords-2685684",
      "file_path": null,
      "metadata": {}
    },
    "3535586": {
      "id": "3535586",
      "title": "Listenin To The Radio",
      "type": "CRD",
      "url": "https://tabs.ultimate-guitar.com/tab/adam-sandler/listenin-to-the-radio-chords-3535586",
      "file_path": null,
      "metadata": {}
    },
    "3392": {
      "id": "3392",
      "title": "Listenin To The Radio",
      "type": "TAB",
      "url": "https://tabs.ultimate-guitar.com/tab/adam-sandler/listenin-to-the-radio-tabs-3392",
      "file_path": null,
      "metadata": {}
    },
    "176132": {
      "id": "176132",
      "title": "Lonesome Kicker",
      "type": "CRD",
      "url": "https://tabs.ultimate-guitar.com/tab/adam-sandler/lonesome-kicker-chords-176132",
      "file_path": null,
      "metadata": {}
    },
    "1276004": {
      "id": "1276004",
      "title": "Lonesome Kicker",
      "type": "UKE",
      "url": "https://tabs.ultimate-guitar.com/tab/adam-sandler/lonesome-kicker-ukulele-1276004",
      "file_path": null,
      "metadata": {}
    },
    "439793": {
      "id": "439793",
      "title": "Love Stinks  Intro",
      "type": "TAB",
      "url": "https://tabs.ultimate-guitar.com/tab/adam-sandler/love-stinks-tabs-439793",
      "file_path": null,
      "metadata": {}
    },
    "917961": {
      "id": "917961",
      "title": "Lunchlady Land (ver 2)",
      "type": "CRD",
      "url": "https://tabs.ultimate-guitar.com/tab/adam-sandler/lunchlady-land-chords-917961",
      "file_path": null,
      "metadata": {}
    },
    "1267921": {
      "id": "1267921",
      "title": "Lunchlady Land",
      "type": "UKE",
      "url": "https://tabs.ultimate-guitar.com/tab/adam-sandler/lunchlady-land-ukulele-1267921",
      "file_path": null,
      "metadata": {}
    },
    "1335911": {
      "id": "1335911",
      "title": "Lunchlady Land (ver 2)",
      "type": "UKE",
      "url": "https://tabs.ultimate-guitar.com/tab/adam-sandler/lunchlady-land-ukulele-1335911",
      "file_path": null,
      "metadata": {}
    },
    "2158375": {
      "id": "2158375",
      "title": "Lunchlady Land (ver 3)",
      "type": "UKE",
      "url": "https://tabs.ultimate-guitar.com/tab/adam-sandler/lunchlady-land-ukulele-2158375",
      "file_path": null,
      "metadata": {}
    },
    "1267925": {
      "id": "1267925",
      "title": "Medium Pace",
      "type": "UKE",
      "url": "https://tabs.ultimate-guitar.com/tab/adam-sandler/medium-pace-ukulele-1267925",
      "file_path": null,
      "metadata": {}
    },
    "155761": {
      "id": "155761",
      "title": "Mr Bake O",
      "type": "CRD",
      "url": "https://tabs.ultimate-guitar.com/tab/adam-sandler/mr-bake-o-chords-155761",
      "file_path": null,
      "metadata": {}
    },
    "3529610": {
      "id": "3529610",
      "title": "Mr Bake O (ver 2)",
      "type": "CRD",
      "url": "https://tabs.ultimate-guitar.com/tab/adam-sandler/mr-bake-o-chords-3529610",
      "file_path": null,
      "metadata": {}
    },
    "159447": {
      "id": "159447",
      "title": "Mr Bake O",
      "type": "TAB",
      "url": "https://tabs.ultimate-guitar.com/tab/adam-sandler/mr-bake-o-tabs-159447",
      "file_path": null,
      "metadata": {}
    },
    "1274606": {
      "id": "1274606",
      "title": "Mr Bake O",
      "type": "UKE",
      "url": "https://tabs.ultimate-guitar.com/tab/adam-sandler/mr-bake-o-ukulele-1274606",
      "file_path": null,
      "metadata": {}
    },
    "204258": {
      "id": "204258",
      "title": "Mr I Do And The Doo Doo Dolls",
      "type": "TAB",
      "url": "https://tabs.ultimate-guitar.com/tab/adam-sandler/mr-i-do-and-the-doo-doo-dolls-tabs-204258",
      "file_path": null,
      "metadata": {}
    },
    "3422186": {
      "id": "3422186",
      "title": "Mr Slow Mo",
      "type": "CRD",
      "url": "https://tabs.ultimate-guitar.com/tab/adam-sandler/mr-slow-mo-chords-3422186",
      "file_path": null,
      "metadata": {}
    },
    "1907713": {
      "id": "1907713",
      "title": "My Old Chair",
      "type": "CRD",
      "url": "https://tabs.ultimate-guitar.com/tab/adam-sandler/my-old-chair-chords-1907713",
      "file_path": null,
      "metadata": {}
    },
    "3524603": {
      "id": "3524603",
      "title": "Ode To My Car",
      "type": "CRD",
      "url": "https://tabs.ultimate-guitar.com/tab/adam-sandler/ode-to-my-car-chords-3524603",
      "file_path": null,
      "metadata": {}
    },
    "2729532": {
      "id": "2729532",
      "title": "Phone Wallet Keys",
      "type": "CRD",
      "url": "https://tabs.ultimate-guitar.com/tab/adam-sandler/phone-wallet-keys-chords-2729532",
      "file_path": null,
      "metadata": {}
    },
    "3516224": {
      "id": "3516224",
      "title": "Real Love",
      "type": "CRD",
      "url": "https://tabs.ultimate-guitar.com/tab/adam-sandler/real-love-chords-3516224",
      "file_path": null,
      "metadata": {}
    },
    "3516407": {
      "id": "3516407",
      "title": "Real Love (ver 2)",
      "type": "CRD",
      "url": "https://tabs.ultimate-guitar.com/tab/adam-sandler/real-love-chords-3516407",
      "file_path": null,
      "metadata": {}
    },
    "3200228": {
      "id": "3200228",
      "title": "Real Love",
      "type": "TAB",
      "url": "https://tabs.ultimate-guitar.com/tab/adam-sandler/real-love-tabs-3200228",
      "file_path": null,
      "metadata": {}
    },
    "84384": {
      "id": "84384",
      "title": "Red Hooded Sweatshirt",
      "type": "CRD",
      "url": "https://tabs.ultimate-guitar.com/tab/adam-sandler/red-hooded-sweatshirt-chords-84384",
      "file_path": null,
      "metadata": {}
    },
    "1267926": {
      "id": "1267926",
      "title": "Red Hooded Sweatshirt",
      "type": "UKE",
      "url": "https://tabs.ultimate-guitar.com/tab/adam-sandler/red-hooded-sweatshirt-ukulele-1267926",
      "file_path": null,
      "metadata": {}
    },
    "84386": {
      "id": "84386",
      "title": "Seven Foot Man",
      "type": "TAB",
      "url": "https://tabs.ultimate-guitar.com/tab/adam-sandler/seven-foot-man-tabs-84386",
      "file_path": null,
      "metadata": {}
    },
    "45415": {
      "id": "45415",
      "title": "Somebody Kill Me",
      "type": "CRD",
      "url": "https://tabs.ultimate-guitar.com/tab/adam-sandler/somebody-kill-me-chords-45415",
      "file_path": null,
      "metadata": {}
    },
    "94304": {
      "id": "94304",
      "title": "Somebody Kill Me (ver 2)",
      "type": "CRD",
      "url": "https://tabs.ultimate-guitar.com/tab/adam-sandler/somebody-kill-me-chords-94304",
      "file_path": null,
      "metadata": {}
    },
    "134274": {
      "id": "134274",
      "title": "Somebody Kill Me (ver 3)",
      "type": "CRD",
      "url": "https://tabs.ultimate-guitar.com/tab/adam-sandler/somebody-kill-me-chords-134274",
      "file_path": null,
      "metadata": {}
    },
    "190032": {
      "id": "190032",
      "title": "Somebody Kill Me (ver 4)",
      "type": "CRD",
      "url": "https://tabs.ultimate-guitar.com/tab/adam-sandler/somebody-kill-me-chords-190032",
      "file_path": null,
      "metadata": {}
    },
    "1093206": {
      "id": "1093206",
      "title": "Somebody Kill Me (ver 5)",
      "type": "CRD",
      "url": "https://tabs.ultimate-guitar.com/tab/adam-sandler/somebody-kill-me-chords-1093206",
      "file_path": null,
      "metadata": {}
    },
    "123878": {
      "id": "123878",
      "title": "Somebody Kill Me",
      "type": "TAB",
      "url": "https://tabs.ultimate-guitar.com/tab/adam-sandler/somebody-kill-me-tabs-123878",
      "file_path": null,
      "metadata": {}
    },
    "135621": {
      "id": "135621",
      "title": "Somebody Kill Me (ver 2)",
      "type": "TAB",
      "url": "https://tabs.ultimate-guitar.com/tab/adam-sandler/somebody-kill-me-tabs-135621",
      "file_path": null,
      "metadata": {}
    },
    "350797": {
      "id": "350797",
      "title": "Somebody Kill Me (ver 3)",
      "type": "TAB",
      "url": "https://tabs.ultimate-guitar.com/tab/adam-sandler/somebody-kill-me-tabs-350797",
      "file_path": null,
      "metadata": {}
    },
    "440841": {
      "id": "440841",
      "title": "Somebody Kill Me (ver 4)",
      "type": "TAB",
      "url": "https://tabs.ultimate-guitar.com/tab/adam-sandler/somebody-kill-me-tabs-440841",
      "file_path": null,
      "metadata": {}
    },
    "455656": {
      "id": "455656",
      "title": "Somebody Kill Me (ver 5)",
      "type": "TAB",
      "url": "https://tabs.ultimate-guitar.com/tab/adam-sandler/somebody-kill-me-tabs-455656",
      "file_path": null,
      "metadata": {}
    },
    "1771098": {
      "id": "1771098",
      "title": "Somebody Kill Me (ver 6)",
      "type": "TAB",
      "url": "https://tabs.ultimate-guitar.com/tab/adam-sandler/somebody-kill-me-tabs-1771098",
      "file_path": null,
      "metadata": {}
    },
    "230514": {
      "id": "230514",
      "title": "Somebody Kill Me",
      "type": "PRO",
      "url": "https://tabs.ultimate-guitar.com/tab/adam-sandler/somebody-kill-me-guitar-pro-230514",
      "file_path": null,
      "metadata": {}
    },
    "474809": {
      "id": "474809",
      "title": "Somebody Kill Me (ver 2)",
      "type": "PRO",
      "url": "https://tabs.ultimate-guitar.com/tab/adam-sandler/somebody-kill-me-guitar-pro-474809",
      "file_path": null,
      "metadata": {}
    },
    "534601": {
      "id": "534601",
      "title": "Somebody Kill Me (ver 3)",
      "type": "PRO",
      "url": "https://tabs.ultimate-guitar.com/tab/adam-sandler/somebody-kill-me-guitar-pro-534601",
      "file_path": null,
      "metadata": {}
    },
    "296348": {
      "id": "296348",
      "title": "Somebody Kill Me",
      "type": "PWR",
      "url": "https://tabs.ultimate-guitar.com/tab/adam-sandler/somebody-kill-me-power-296348",
      "file_path": null,
      "metadata": {}
    },
    "1277070": {
      "id": "1277070",
      "title": "Somebody Kill Me",
      "type": "UKE",
      "url": "https://tabs.ultimate-guitar.com/tab/adam-sandler/somebody-kill-me-ukulele-1277070",
      "file_path": null,
      "metadata": {}
    },
    "182275": {
      "id": "182275",
      "title": "Stan The Man",
      "type": "CRD",
      "url": "https://tabs.ultimate-guitar.com/tab/adam-sandler/stan-the-man-chords-182275",
      "file_path": null,
      "metadata": {}
    },
    "1276498": {
      "id": "1276498",
      "title": "Stan The Man",
      "type": "UKE",
      "url": "https://tabs.ultimate-guitar.com/tab/adam-sandler/stan-the-man-ukulele-1276498",
      "file_path": null,
      "metadata": {}
    },
    "2562765": {
      "id": "2562765",
      "title": "Station 69",
      "type": "CRD",
      "url": "https://tabs.ultimate-guitar.com/tab/adam-sandler/station-69-chords-2562765",
      "file_path": null,
      "metadata": {}
    },
    "2567640": {
      "id": "2567640",
      "title": "Station 69 (ver 2)",
      "type": "CRD",
      "url": "https://tabs.ultimate-guitar.com/tab/adam-sandler/station-69-chords-2567640",
      "file_path": null,
      "metadata": {}
    },
    "48247": {
      "id": "48247",
      "title": "Summer Love",
      "type": "CRD",
      "url": "https://tabs.ultimate-guitar.com/tab/adam-sandler/summer-love-chords-48247",
      "file_path": null,
      "metadata": {}
    },
    "1257585": {
      "id": "1257585",
      "title": "Summer Love",
      "type": "UKE",
      "url": "https://tabs.ultimate-guitar.com/tab/adam-sandler/summer-love-ukulele-1257585",
      "file_path": null,
      "metadata": {}
    },
    "3446651": {
      "id": "3446651",
      "title": "Thats All  Intro",
      "type": "TAB",
      "url": "https://tabs.ultimate-guitar.com/tab/adam-sandler/thats-all-tabs-3446651",
      "file_path": null,
      "metadata": {}
    },
    "459223": {
      "id": "459223",
      "title": "The Chanukah Song (ver 2)",
      "type": "CRD",
      "url": "https://tabs.ultimate-guitar.com/tab/adam-sandler/the-chanukah-song-chords-459223",
      "file_path": null,
      "metadata": {}
    },
    "2525907": {
      "id": "2525907",
      "title": "The Chanukah Song (ver 3)",
      "type": "CRD",
      "url": "https://tabs.ultimate-guitar.com/tab/adam-sandler/the-chanukah-song-chords-2525907",
      "file_path": null,
      "metadata": {}
    },
    "26902": {
      "id": "26902",
      "title": "The Chanukah Song",
      "type": "TAB",
      "url": "https://tabs.ultimate-guitar.com/tab/adam-sandler/the-chanukah-song-tabs-26902",
      "file_path": null,
      "metadata": {}
    },
    "84389": {
      "id": "84389",
      "title": "The Chanukah Song (ver 2)",
      "type": "TAB",
      "url": "https://tabs.ultimate-guitar.com/tab/adam-sandler/the-chanukah-song-tabs-84389",
      "file_path": null,
      "metadata": {}
    },
    "387659": {
      "id": "387659",
      "title": "The Chanukah Song (ver 3)",
      "type": "TAB",
      "url": "https://tabs.ultimate-guitar.com/tab/adam-sandler/the-chanukah-song-tabs-387659",
      "file_path": null,
      "metadata": {}
    },
    "296349": {
      "id": "296349",
      "title": "The Chanukah Song",
      "type": "PRO",
      "url": "https://tabs.ultimate-guitar.com/tab/adam-sandler/the-chanukah-song-guitar-pro-296349",
      "file_path": null,
      "metadata": {}
    },
    "1257584": {
      "id": "1257584",
      "title": "The Chanukah Song",
      "type": "UKE",
      "url": "https://tabs.ultimate-guitar.com/tab/adam-sandler/the-chanukah-song-ukulele-1257584",
      "file_path": null,
      "metadata": {}
    },
    "1267922": {
      "id": "1267922",
      "title": "The Chanukah Song (ver 2)",
      "type": "UKE",
      "url": "https://tabs.ultimate-guitar.com/tab/adam-sandler/the-chanukah-song-ukulele-1267922",
      "file_path": null,
      "metadata": {}
    },
    "1285554": {
      "id": "1285554",
      "title": "The Chanukah Song (ver 3)",
      "type": "UKE",
      "url": "https://tabs.ultimate-guitar.com/tab/adam-sandler/the-chanukah-song-ukulele-1285554",
      "file_path": null,
      "metadata": {}
    },
    "5074015": {
      "id": "5074015",
      "title": "The Chanukah Song Part 2",
      "type": "CRD",
      "url": "https://tabs.ultimate-guitar.com/tab/adam-sandler/the-chanukah-song-part-2-chords-5074015",
      "file_path": null,
      "metadata": {}
    },
    "1908120": {
      "id": "1908120",
      "title": "The Christmas Song (ver 2)",
      "type": "CRD",
      "url": "https://tabs.ultimate-guitar.com/tab/adam-sandler/the-christmas-song-chords-1908120",
      "file_path": null,
      "metadata": {}
    },
    "1267927": {
      "id": "1267927",
      "title": "The Christmas Song",
      "type": "UKE",
      "url": "https://tabs.ultimate-guitar.com/tab/adam-sandler/the-christmas-song-ukulele-1267927",
      "file_path": null,
      "metadata": {}
    },
    "1706484": {
      "id": "1706484",
      "title": "The Goat Song",
      "type": "PRO",
      "url": "https://tabs.ultimate-guitar.com/tab/adam-sandler/the-goat-song-guitar-pro-1706484",
      "file_path": null,
      "metadata": {}
    },
    "3070013": {
      "id": "3070013",
      "title": "The Quarantine Song",
      "type": "CRD",
      "url": "https://tabs.ultimate-guitar.com/tab/adam-sandler/the-quarantine-song-chords-3070013",
      "file_path": null,
      "metadata": {}
    },
    "5038219": {
      "id": "5038219",
      "title": "The Thanksgiving Song",
      "type": "CRD",
      "url": "https://tabs.ultimate-guitar.com/tab/adam-sandler/the-thanksgiving-song-chords-5038219",
      "file_path": null,
      "metadata": {}
    },
    "4455668": {
      "id": "4455668",
      "title": "We Need A Hero",
      "type": "CRD",
      "url": "https://tabs.ultimate-guitar.com/tab/adam-sandler/we-need-a-hero-chords-4455668",
      "file_path": null,
      "metadata": {}
    },
    "1513321": {
      "id": "1513321",
      "title": "What Do You Love",
      "type": "CRD",
      "url": "https://tabs.ultimate-guitar.com/tab/adam-sandler/what-do-you-love-chords-1513321",
      "file_path": null,
      "metadata": {}
    }
  }
}