{
  "id": "106551",
  "name": "Bracia Figo Fagot",
  "url": "https://www.ultimate-guitar.com/artist/bracia_figo_fagot_106551",
  "tabs": {
    "3597671": {
      "id": "3597671",
      "title": "Bujaj Łbem Do Przodu",
      "type": "CRD",
      "url": "https://tabs.ultimate-guitar.com/tab/3597671",
      "file_path": null,
      "metadata": {}
    },
    "2144515": {
      "id": "2144515",
      "title": "Pisarz Miłości",
      "type": "CRD",
      "url": "https://tabs.ultimate-guitar.com/tab/2144515",
      "file_path": null,
      "metadata": {}
    },
    "4927543": {
      "id": "4927543",
      "title": "Wóda Zryje Banię",
      "type": "CRD",
      "url": "https://tabs.ultimate-guitar.com/tab/4927543",
      "file_path": null,
      "metadata": {}
    },
    "4658942": {
      "id": "4658942",
      "title": "Wojownicy Wódy",
      "type": "CRD",
      "url": "https://tabs.ultimate-guitar.com/tab/4658942",
      "file_path": null,
      "metadata": {}
    },
    "5152702": {
      "id": "5152702",
      "title": "Zakochany Delfin",
      "type": "CRD",
      "url": "https://tabs.ultimate-guitar.com/tab/bracia-figo-fagot/zakochany-delfin-chords-5152702",
      "file_path": null,
      "metadata": {}
    }
  }
}