{
  "id": "10309",
  "name": "Kirk Franklin",
  "url": "https://www.ultimate-guitar.com/artist/kirk_franklin_10309",
  "tabs": {
    "4842938": {
      "id": "4842938",
      "title": "Bless Me",
      "type": "CRD",
      "url": "https://tabs.ultimate-guitar.com/tab/maverick-city-music/bless-me-chords-4842938",
      "file_path": null,
      "metadata": {}
    },
    "4618613": {
      "id": "4618613",
      "title": "Cant Nobody",
      "type": "CRD",
      "url": "https://tabs.ultimate-guitar.com/tab/maverick-city-music/cant-nobody-chords-4618613",
      "file_path": null,
      "metadata": {}
    },
    "3940247": {
      "id": "3940247",
      "title": "Fall In Love At Christmas",
      "type": "CRD",
      "url": "https://tabs.ultimate-guitar.com/tab/mariah-carey/fall-in-love-at-christmas-chords-3940247",
      "file_path": null,
      "metadata": {}
    },
    "4375214": {
      "id": "4375214",
      "title": "Fear Is Not My Future",
      "type": "CRD",
      "url": "https://tabs.ultimate-guitar.com/tab/maverick-city-music/fear-is-not-my-future-chords-4375214",
      "file_path": null,
      "metadata": {}
    },
    "4441604": {
      "id": "4441604",
      "title": "Fear Is Not My Future (ver 2)",
      "type": "CRD",
      "url": "https://tabs.ultimate-guitar.com/tab/maverick-city-music/fear-is-not-my-future-chords-4441604",
      "file_path": null,
      "metadata": {}
    },
    "4889419": {
      "id": "4889419",
      "title": "Fear Is Not My Future  Intro",
      "type": "TAB",
      "url": "https://tabs.ultimate-guitar.com/tab/maverick-city-music/fear-is-not-my-future-tabs-4889419",
      "file_path": null,
      "metadata": {}
    },
    "902953": {
      "id": "902953",
      "title": "Lose My Soul",
      "type": "CRD",
      "url": "https://tabs.ultimate-guitar.com/tab/tobymac/lose-my-soul-chords-902953",
      "file_path": null,
      "metadata": {}
    },
    "1334108": {
      "id": "1334108",
      "title": "Lose My Soul",
      "type": "UKE",
      "url": "https://tabs.ultimate-guitar.com/tab/tobymac/lose-my-soul-ukulele-1334108",
      "file_path": null,
      "metadata": {}
    },
    "5706956": {
      "id": "5706956",
      "title": "Melodies From Heaven",
      "type": "CRD",
      "url": "https://tabs.ultimate-guitar.com/tab/maverick-city-music/melodies-from-heaven-chords-5706956",
      "file_path": null,
      "metadata": {}
    },
    "3482864": {
      "id": "3482864",
      "title": "Millionaire Good Like That",
      "type": "CRD",
      "url": "https://tabs.ultimate-guitar.com/tab/tauren-wells/millionaire-good-like-that-chords-3482864",
      "file_path": null,
      "metadata": {}
    },
    "2456718": {
      "id": "2456718",
      "title": "Never Alone",
      "type": "CRD",
      "url": "https://tabs.ultimate-guitar.com/tab/tori-kelly/never-alone-chords-2456718",
      "file_path": null,
      "metadata": {}
    },
    "4255198": {
      "id": "4255198",
      "title": "Talkin Bout Love",
      "type": "CRD",
      "url": "https://tabs.ultimate-guitar.com/tab/maverick-city-music/talkin-bout-love-chords-4255198",
      "file_path": null,
      "metadata": {}
    },
    "4328417": {
      "id": "4328417",
      "title": "Ultralight Prayer Interlude  Solo",
      "type": "TAB",
      "url": "https://tabs.ultimate-guitar.com/tab/kanye-west/ultralight-prayer-interlude-tabs-4328417",
      "file_path": null,
      "metadata": {}
    },
    "4678619": {
      "id": "4678619",
      "title": "Under The Blood",
      "type": "CRD",
      "url": "https://tabs.ultimate-guitar.com/tab/maverick-city-music/under-the-blood-chords-4678619",
      "file_path": null,
      "metadata": {}
    },
    "5038675": {
      "id": "5038675",
      "title": "Witness Me",
      "type": "CRD",
      "url": "https://tabs.ultimate-guitar.com/tab/jacob-collier/witness-me-chords-5038675",
      "file_path": null,
      "metadata": {}
    },
    "5108803": {
      "id": "5108803",
      "title": "Witness Me (ver 2)",
      "type": "CRD",
      "url": "https://tabs.ultimate-guitar.com/tab/jacob-collier/witness-me-chords-5108803",
      "file_path": null,
      "metadata": {}
    },
    "1936119": {
      "id": "1936119",
      "title": "A God Like You",
      "type": "CRD",
      "url": "https://tabs.ultimate-guitar.com/tab/kirk-franklin/a-god-like-you-chords-1936119",
      "file_path": null,
      "metadata": {}
    },
    "5216265": {
      "id": "5216265",
      "title": "Again",
      "type": "CRD",
      "url": "https://tabs.ultimate-guitar.com/tab/kirk-franklin/again-chords-5216265",
      "file_path": null,
      "metadata": {}
    },
    "3758459": {
      "id": "3758459",
      "title": "Brighter Day",
      "type": "CRD",
      "url": "https://tabs.ultimate-guitar.com/tab/kirk-franklin/brighter-day-chords-3758459",
      "file_path": null,
      "metadata": {}
    },
    "3073046": {
      "id": "3073046",
      "title": "Dont Cry",
      "type": "CRD",
      "url": "https://tabs.ultimate-guitar.com/tab/kirk-franklin/dont-cry-chords-3073046",
      "file_path": null,
      "metadata": {}
    },
    "1693870": {
      "id": "1693870",
      "title": "Give Me",
      "type": "CRD",
      "url": "https://tabs.ultimate-guitar.com/tab/kirk-franklin/give-me-chords-1693870",
      "file_path": null,
      "metadata": {}
    },
    "699629": {
      "id": "699629",
      "title": "He Reigns",
      "type": "CRD",
      "url": "https://tabs.ultimate-guitar.com/tab/kirk-franklin/he-reigns-chords-699629",
      "file_path": null,
      "metadata": {}
    },
    "1311082": {
      "id": "1311082",
      "title": "He Reigns",
      "type": "UKE",
      "url": "https://tabs.ultimate-guitar.com/tab/kirk-franklin/he-reigns-ukulele-1311082",
      "file_path": null,
      "metadata": {}
    },
    "5819927": {
      "id": "5819927",
      "title": "He Will Supply",
      "type": "CRD",
      "url": "https://tabs.ultimate-guitar.com/tab/kirk-franklin/he-will-supply-chords-5819927",
      "file_path": null,
      "metadata": {}
    },
    "3965155": {
      "id": "3965155",
      "title": "Hes Able",
      "type": "CRD",
      "url": "https://tabs.ultimate-guitar.com/tab/kirk-franklin/hes-able-chords-3965155",
      "file_path": null,
      "metadata": {}
    },
    "1228312": {
      "id": "1228312",
      "title": "Hosanna",
      "type": "CRD",
      "url": "https://tabs.ultimate-guitar.com/tab/kirk-franklin/hosanna-chords-1228312",
      "file_path": null,
      "metadata": {}
    },
    "1388918": {
      "id": "1388918",
      "title": "Hosanna",
      "type": "UKE",
      "url": "https://tabs.ultimate-guitar.com/tab/kirk-franklin/hosanna-ukulele-1388918",
      "file_path": null,
      "metadata": {}
    },
    "618909": {
      "id": "618909",
      "title": "I Am God",
      "type": "TAB",
      "url": "https://tabs.ultimate-guitar.com/tab/kirk-franklin/i-am-god-tabs-618909",
      "file_path": null,
      "metadata": {}
    },
    "963054": {
      "id": "963054",
      "title": "I Am God (ver 2)",
      "type": "TAB",
      "url": "https://tabs.ultimate-guitar.com/tab/kirk-franklin/i-am-god-tabs-963054",
      "file_path": null,
      "metadata": {}
    },
    "1208436": {
      "id": "1208436",
      "title": "I Am God (ver 3)",
      "type": "TAB",
      "url": "https://tabs.ultimate-guitar.com/tab/kirk-franklin/i-am-god-tabs-1208436",
      "file_path": null,
      "metadata": {}
    },
    "1102081": {
      "id": "1102081",
      "title": "I Smile",
      "type": "CRD",
      "url": "https://tabs.ultimate-guitar.com/tab/kirk-franklin/i-smile-chords-1102081",
      "file_path": null,
      "metadata": {}
    },
    "1365197": {
      "id": "1365197",
      "title": "I Smile",
      "type": "UKE",
      "url": "https://tabs.ultimate-guitar.com/tab/kirk-franklin/i-smile-ukulele-1365197",
      "file_path": null,
      "metadata": {}
    },
    "3398930": {
      "id": "3398930",
      "title": "Imagine Me",
      "type": "CRD",
      "url": "https://tabs.ultimate-guitar.com/tab/kirk-franklin/imagine-me-chords-3398930",
      "file_path": null,
      "metadata": {}
    },
    "2804081": {
      "id": "2804081",
      "title": "Just For Me",
      "type": "CRD",
      "url": "https://tabs.ultimate-guitar.com/tab/kirk-franklin/just-for-me-chords-2804081",
      "file_path": null,
      "metadata": {}
    },
    "3377882": {
      "id": "3377882",
      "title": "Lean On Me",
      "type": "CRD",
      "url": "https://tabs.ultimate-guitar.com/tab/kirk-franklin/lean-on-me-chords-3377882",
      "file_path": null,
      "metadata": {}
    },
    "3144989": {
      "id": "3144989",
      "title": "Love Theory",
      "type": "CRD",
      "url": "https://tabs.ultimate-guitar.com/tab/kirk-franklin/love-theory-chords-3144989",
      "file_path": null,
      "metadata": {}
    },
    "3248861": {
      "id": "3248861",
      "title": "Love Theory",
      "type": "PRO",
      "url": "https://tabs.ultimate-guitar.com/tab/kirk-franklin/love-theory-guitar-pro-3248861",
      "file_path": null,
      "metadata": {}
    },
    "68722": {
      "id": "68722",
      "title": "My Life Is In",
      "type": "CRD",
      "url": "https://tabs.ultimate-guitar.com/tab/kirk-franklin/my-life-is-in-chords-68722",
      "file_path": null,
      "metadata": {}
    },
    "1262457": {
      "id": "1262457",
      "title": "My Life Is In",
      "type": "UKE",
      "url": "https://tabs.ultimate-guitar.com/tab/kirk-franklin/my-life-is-in-ukulele-1262457",
      "file_path": null,
      "metadata": {}
    },
    "1401955": {
      "id": "1401955",
      "title": "My Life Is In Your Hands",
      "type": "CRD",
      "url": "https://tabs.ultimate-guitar.com/tab/kirk-franklin/my-life-is-in-your-hands-chords-1401955",
      "file_path": null,
      "metadata": {}
    },
    "2983622": {
      "id": "2983622",
      "title": "My Life Is In Your Hands (ver 2)",
      "type": "CRD",
      "url": "https://tabs.ultimate-guitar.com/tab/kirk-franklin/my-life-is-in-your-hands-chords-2983622",
      "file_path": null,
      "metadata": {}
    },
    "5650551": {
      "id": "5650551",
      "title": "My Life Is In Your Hands (ver 3)",
      "type": "CRD",
      "url": "https://tabs.ultimate-guitar.com/tab/kirk-franklin/my-life-is-in-your-hands-chords-5650551",
      "file_path": null,
      "metadata": {}
    },
    "2255405": {
      "id": "2255405",
      "title": "My Life My Love My All",
      "type": "CRD",
      "url": "https://tabs.ultimate-guitar.com/tab/kirk-franklin/my-life-my-love-my-all-chords-2255405",
      "file_path": null,
      "metadata": {}
    },
    "2099639": {
      "id": "2099639",
      "title": "My World Needs You",
      "type": "CRD",
      "url": "https://tabs.ultimate-guitar.com/tab/kirk-franklin/my-world-needs-you-chords-2099639",
      "file_path": null,
      "metadata": {}
    },
    "5511279": {
      "id": "5511279",
      "title": "Now Behold The Lamb",
      "type": "CRD",
      "url": "https://tabs.ultimate-guitar.com/tab/kirk-franklin/now-behold-the-lamb-chords-5511279",
      "file_path": null,
      "metadata": {}
    },
    "5051536": {
      "id": "5051536",
      "title": "O Come All Ye Faithful",
      "type": "CRD",
      "url": "https://tabs.ultimate-guitar.com/tab/kirk-franklin/o-come-all-ye-faithful-chords-5051536",
      "file_path": null,
      "metadata": {}
    },
    "3205493": {
      "id": "3205493",
      "title": "Okay  Solo",
      "type": "PRO",
      "url": "https://tabs.ultimate-guitar.com/tab/kirk-franklin/okay-guitar-pro-3205493",
      "file_path": null,
      "metadata": {}
    },
    "1884083": {
      "id": "1884083",
      "title": "Silver And Gold",
      "type": "CRD",
      "url": "https://tabs.ultimate-guitar.com/tab/kirk-franklin/silver-and-gold-chords-1884083",
      "file_path": null,
      "metadata": {}
    },
    "2626047": {
      "id": "2626047",
      "title": "Something About The Name Jesus",
      "type": "CRD",
      "url": "https://tabs.ultimate-guitar.com/tab/kirk-franklin/something-about-the-name-jesus-chords-2626047",
      "file_path": null,
      "metadata": {}
    },
    "2406187": {
      "id": "2406187",
      "title": "Stomp",
      "type": "CRD",
      "url": "https://tabs.ultimate-guitar.com/tab/kirk-franklin/stomp-chords-2406187",
      "file_path": null,
      "metadata": {}
    },
    "13379": {
      "id": "13379",
      "title": "Stomp",
      "type": "BASS",
      "url": "https://tabs.ultimate-guitar.com/tab/kirk-franklin/stomp-bass-13379",
      "file_path": null,
      "metadata": {}
    },
    "2082315": {
      "id": "2082315",
      "title": "Take Me To The King",
      "type": "CRD",
      "url": "https://tabs.ultimate-guitar.com/tab/kirk-franklin/take-me-to-the-king-chords-2082315",
      "file_path": null,
      "metadata": {}
    },
    "5343660": {
      "id": "5343660",
      "title": "Till We Meet Again",
      "type": "CRD",
      "url": "https://tabs.ultimate-guitar.com/tab/kirk-franklin/till-we-meet-again-chords-5343660",
      "file_path": null,
      "metadata": {}
    },
    "2142325": {
      "id": "2142325",
      "title": "Wanna Be Happy",
      "type": "CRD",
      "url": "https://tabs.ultimate-guitar.com/tab/kirk-franklin/wanna-be-happy-chords-2142325",
      "file_path": null,
      "metadata": {}
    },
    "2315461": {
      "id": "2315461",
      "title": "When",
      "type": "CRD",
      "url": "https://tabs.ultimate-guitar.com/tab/kirk-franklin/when-chords-2315461",
      "file_path": null,
      "metadata": {}
    },
    "5750612": {
      "id": "5750612",
      "title": "When I Think About Jesus",
      "type": "CRD",
      "url": "https://tabs.ultimate-guitar.com/tab/kirk-franklin/when-i-think-about-jesus-chords-5750612",
      "file_path": null,
      "metadata": {}
    },
    "691648": {
      "id": "691648",
      "title": "When You Fall",
      "type": "CRD",
      "url": "https://tabs.ultimate-guitar.com/tab/kirk-franklin/when-you-fall-chords-691648",
      "file_path": null,
      "metadata": {}
    },
    "1773846": {
      "id": "1773846",
      "title": "Why We Sing",
      "type": "CRD",
      "url": "https://tabs.ultimate-guitar.com/tab/kirk-franklin/why-we-sing-chords-1773846",
      "file_path": null,
      "metadata": {}
    }
  }
}