{
  "id": "11033",
  "name": "Sinéad O'Connor",
  "url": "https://www.ultimate-guitar.com/artist/11033",
  "tabs": {
    "78737": {
      "id": "78737",
      "title": "Nothing Compares 2 U",
      "type": "CRD",
      "url": "https://tabs.ultimate-guitar.com/tab/78737",
      "file_path": null,
      "metadata": {}
    },
    "1468539": {
      "id": "1468539",
      "title": "Make Me A Channel Of Your Peace",
      "type": "CRD",
      "url": "https://tabs.ultimate-guitar.com/tab/1468539",
      "file_path": null,
      "metadata": {}
    },
    "1185494": {
      "id": "1185494",
      "title": "The Last Day Of Our Acquaintance",
      "type": "CRD",
      "url": "https://tabs.ultimate-guitar.com/tab/1185494",
      "file_path": null,
      "metadata": {}
    },
    "1502211": {
      "id": "1502211",
      "title": "Mandinka",
      "type": "CRD",
      "url": "https://tabs.ultimate-guitar.com/tab/1502211",
      "file_path": null,
      "metadata": {}
    },
    "1404295": {
      "id": "1404295",
      "title": "Troy",
      "type": "CRD",
      "url": "https://tabs.ultimate-guitar.com/tab/1404295",
      "file_path": null,
      "metadata": {}
    },
    "1144731": {
      "id": "1144731",
      "title": "The Emperors New Clothes",
      "type": "CRD",
      "url": "https://tabs.ultimate-guitar.com/tab/1144731",
      "file_path": null,
      "metadata": {}
    },
    "78734": {
      "id": "78734",
      "title": "Drink Before The War",
      "type": "CRD",
      "url": "https://tabs.ultimate-guitar.com/tab/78734",
      "file_path": null,
      "metadata": {}
    },
    "1900960": {
      "id": "1900960",
      "title": "All Apologies",
      "type": "CRD",
      "url": "https://tabs.ultimate-guitar.com/tab/1900960",
      "file_path": null,
      "metadata": {}
    },
    "78739": {
      "id": "78739",
      "title": "Streets Of London",
      "type": "CRD",
      "url": "https://tabs.ultimate-guitar.com/tab/78739",
      "file_path": null,
      "metadata": {}
    },
    "1043169": {
      "id": "1043169",
      "title": "Nothing Compares 2 U",
      "type": "TAB",
      "url": "https://tabs.ultimate-guitar.com/tab/1043169",
      "file_path": null,
      "metadata": {}
    },
    "4928833": {
      "id": "4928833",
      "title": "Anachie Gordon",
      "type": "CRD",
      "url": "https://tabs.ultimate-guitar.com/tab/sharon-shannon/anachie-gordon-chords-4928833",
      "file_path": null,
      "metadata": {}
    },
    "4043224": {
      "id": "4043224",
      "title": "Dont Give Up",
      "type": "CRD",
      "url": "https://tabs.ultimate-guitar.com/tab/willie-nelson/dont-give-up-chords-4043224",
      "file_path": null,
      "metadata": {}
    },
    "766065": {
      "id": "766065",
      "title": "Special Cases",
      "type": "PRO",
      "url": "https://tabs.ultimate-guitar.com/tab/massive-attack/special-cases-guitar-pro-766065",
      "file_path": null,
      "metadata": {}
    },
    "3149049": {
      "id": "3149049",
      "title": "Sweet Soul Dream",
      "type": "CRD",
      "url": "https://tabs.ultimate-guitar.com/tab/world-party/sweet-soul-dream-chords-3149049",
      "file_path": null,
      "metadata": {}
    },
    "2599542": {
      "id": "2599542",
      "title": "Tears From The Moon",
      "type": "CRD",
      "url": "https://tabs.ultimate-guitar.com/tab/conjure-one/tears-from-the-moon-chords-2599542",
      "file_path": null,
      "metadata": {}
    },
    "1098585": {
      "id": "1098585",
      "title": "Tears From The Moon",
      "type": "TAB",
      "url": "https://tabs.ultimate-guitar.com/tab/conjure-one/tears-from-the-moon-tabs-1098585",
      "file_path": null,
      "metadata": {}
    },
    "4903822": {
      "id": "4903822",
      "title": "The Butcher Boy Title Song",
      "type": "CRD",
      "url": "https://tabs.ultimate-guitar.com/tab/misc-soundtrack/the-butcher-boy-title-song-chords-4903822",
      "file_path": null,
      "metadata": {}
    },
    "4771280": {
      "id": "4771280",
      "title": "Wild Mountain Thyme - Ill Be Singing",
      "type": "CRD",
      "url": "https://tabs.ultimate-guitar.com/tab/misc-soundtrack/wild-mountain-thyme-ill-be-singing-chords-4771280",
      "file_path": null,
      "metadata": {}
    },
    "3618065": {
      "id": "3618065",
      "title": "4Th And Vine",
      "type": "CRD",
      "url": "https://tabs.ultimate-guitar.com/tab/3618065",
      "file_path": null,
      "metadata": {}
    },
    "2892506": {
      "id": "2892506",
      "title": "A Perfect Indian",
      "type": "CRD",
      "url": "https://tabs.ultimate-guitar.com/tab/2892506",
      "file_path": null,
      "metadata": {}
    },
    "2785336": {
      "id": "2785336",
      "title": "All Kinds Of Everything",
      "type": "CRD",
      "url": "https://tabs.ultimate-guitar.com/tab/2785336",
      "file_path": null,
      "metadata": {}
    },
    "78733": {
      "id": "78733",
      "title": "Black Boys On Mopeds",
      "type": "CRD",
      "url": "https://tabs.ultimate-guitar.com/tab/78733",
      "file_path": null,
      "metadata": {}
    },
    "585936": {
      "id": "585936",
      "title": "Black Boys On Mopeds (ver 2)",
      "type": "CRD",
      "url": "https://tabs.ultimate-guitar.com/tab/585936",
      "file_path": null,
      "metadata": {}
    },
    "3736226": {
      "id": "3736226",
      "title": "Daddy Im Fine",
      "type": "CRD",
      "url": "https://tabs.ultimate-guitar.com/tab/3736226",
      "file_path": null,
      "metadata": {}
    },
    "4267972": {
      "id": "4267972",
      "title": "Dark I Am Yet Lovely",
      "type": "CRD",
      "url": "https://tabs.ultimate-guitar.com/tab/4267972",
      "file_path": null,
      "metadata": {}
    },
    "4129999": {
      "id": "4129999",
      "title": "Drink Before The War (ver 2)",
      "type": "CRD",
      "url": "https://tabs.ultimate-guitar.com/tab/4129999",
      "file_path": null,
      "metadata": {}
    },
    "4453748": {
      "id": "4453748",
      "title": "Drink Before The War",
      "type": "BASS",
      "url": "https://tabs.ultimate-guitar.com/tab/4453748",
      "file_path": null,
      "metadata": {}
    },
    "1265999": {
      "id": "1265999",
      "title": "Drink Before The War",
      "type": "UKE",
      "url": "https://tabs.ultimate-guitar.com/tab/1265999",
      "file_path": null,
      "metadata": {}
    },
    "78742": {
      "id": "78742",
      "title": "Emmas Song",
      "type": "CRD",
      "url": "https://tabs.ultimate-guitar.com/tab/78742",
      "file_path": null,
      "metadata": {}
    },
    "1266004": {
      "id": "1266004",
      "title": "Emmas Song",
      "type": "UKE",
      "url": "https://tabs.ultimate-guitar.com/tab/1266004",
      "file_path": null,
      "metadata": {}
    },
    "474595": {
      "id": "474595",
      "title": "Feel So Different",
      "type": "CRD",
      "url": "https://tabs.ultimate-guitar.com/tab/474595",
      "file_path": null,
      "metadata": {}
    },
    "2564073": {
      "id": "2564073",
      "title": "Fire On Babylon",
      "type": "BASS",
      "url": "https://tabs.ultimate-guitar.com/tab/2564073",
      "file_path": null,
      "metadata": {}
    },
    "2755617": {
      "id": "2755617",
      "title": "Her Mantle So Green",
      "type": "CRD",
      "url": "https://tabs.ultimate-guitar.com/tab/2755617",
      "file_path": null,
      "metadata": {}
    },
    "2297039": {
      "id": "2297039",
      "title": "Hold Back The Night",
      "type": "CRD",
      "url": "https://tabs.ultimate-guitar.com/tab/2297039",
      "file_path": null,
      "metadata": {}
    },
    "3262103": {
      "id": "3262103",
      "title": "House Of The Rising Sun",
      "type": "CRD",
      "url": "https://tabs.ultimate-guitar.com/tab/3262103",
      "file_path": null,
      "metadata": {}
    },
    "4895836": {
      "id": "4895836",
      "title": "How About I Be Me",
      "type": "CRD",
      "url": "https://tabs.ultimate-guitar.com/tab/4895836",
      "file_path": null,
      "metadata": {}
    },
    "4364894": {
      "id": "4364894",
      "title": "How Nice A Woman Can Be",
      "type": "CRD",
      "url": "https://tabs.ultimate-guitar.com/tab/4364894",
      "file_path": null,
      "metadata": {}
    },
    "2136063": {
      "id": "2136063",
      "title": "If U Ever",
      "type": "CRD",
      "url": "https://tabs.ultimate-guitar.com/tab/2136063",
      "file_path": null,
      "metadata": {}
    },
    "1837497": {
      "id": "1837497",
      "title": "If You Had A Vineyard",
      "type": "CRD",
      "url": "https://tabs.ultimate-guitar.com/tab/1837497",
      "file_path": null,
      "metadata": {}
    },
    "4734497": {
      "id": "4734497",
      "title": "Ill Be Singing",
      "type": "CRD",
      "url": "https://tabs.ultimate-guitar.com/tab/4734497",
      "file_path": null,
      "metadata": {}
    },
    "4236778": {
      "id": "4236778",
      "title": "In This Heart",
      "type": "CRD",
      "url": "https://tabs.ultimate-guitar.com/tab/4236778",
      "file_path": null,
      "metadata": {}
    },
    "4567166": {
      "id": "4567166",
      "title": "In This Heart",
      "type": "TAB",
      "url": "https://tabs.ultimate-guitar.com/tab/4567166",
      "file_path": null,
      "metadata": {}
    },
    "1509949": {
      "id": "1509949",
      "title": "Jackie",
      "type": "CRD",
      "url": "https://tabs.ultimate-guitar.com/tab/1509949",
      "file_path": null,
      "metadata": {}
    },
    "78740": {
      "id": "78740",
      "title": "Jealous",
      "type": "CRD",
      "url": "https://tabs.ultimate-guitar.com/tab/78740",
      "file_path": null,
      "metadata": {}
    },
    "2903414": {
      "id": "2903414",
      "title": "Jealous (ver 2)",
      "type": "CRD",
      "url": "https://tabs.ultimate-guitar.com/tab/2903414",
      "file_path": null,
      "metadata": {}
    },
    "1266002": {
      "id": "1266002",
      "title": "Jealous",
      "type": "UKE",
      "url": "https://tabs.ultimate-guitar.com/tab/1266002",
      "file_path": null,
      "metadata": {}
    },
    "4921102": {
      "id": "4921102",
      "title": "Jerusalem",
      "type": "CRD",
      "url": "https://tabs.ultimate-guitar.com/tab/4921102",
      "file_path": null,
      "metadata": {}
    },
    "1228043": {
      "id": "1228043",
      "title": "John I Love You",
      "type": "CRD",
      "url": "https://tabs.ultimate-guitar.com/tab/1228043",
      "file_path": null,
      "metadata": {}
    },
    "1388857": {
      "id": "1388857",
      "title": "John I Love You",
      "type": "UKE",
      "url": "https://tabs.ultimate-guitar.com/tab/1388857",
      "file_path": null,
      "metadata": {}
    },
    "2814770": {
      "id": "2814770",
      "title": "Jump In The River",
      "type": "CRD",
      "url": "https://tabs.ultimate-guitar.com/tab/2814770",
      "file_path": null,
      "metadata": {}
    },
    "4917007": {
      "id": "4917007",
      "title": "Just Call Me Joe",
      "type": "CRD",
      "url": "https://tabs.ultimate-guitar.com/tab/4917007",
      "file_path": null,
      "metadata": {}
    },
    "5043274": {
      "id": "5043274",
      "title": "Just Call Me Joe  Intro",
      "type": "TAB",
      "url": "https://tabs.ultimate-guitar.com/tab/5043274",
      "file_path": null,
      "metadata": {}
    },
    "2135397": {
      "id": "2135397",
      "title": "Just Like U Said It Would B",
      "type": "CRD",
      "url": "https://tabs.ultimate-guitar.com/tab/2135397",
      "file_path": null,
      "metadata": {}
    },
    "78735": {
      "id": "78735",
      "title": "Just Like U Said It Would B",
      "type": "TAB",
      "url": "https://tabs.ultimate-guitar.com/tab/78735",
      "file_path": null,
      "metadata": {}
    },
    "1474712": {
      "id": "1474712",
      "title": "Lay Your Head Down",
      "type": "CRD",
      "url": "https://tabs.ultimate-guitar.com/tab/1474712",
      "file_path": null,
      "metadata": {}
    },
    "3763841": {
      "id": "3763841",
      "title": "Lullaby For Caine",
      "type": "CRD",
      "url": "https://tabs.ultimate-guitar.com/tab/3763841",
      "file_path": null,
      "metadata": {}
    },
    "3974932": {
      "id": "3974932",
      "title": "Mandinka",
      "type": "TAB",
      "url": "https://tabs.ultimate-guitar.com/tab/3974932",
      "file_path": null,
      "metadata": {}
    },
    "1077385": {
      "id": "1077385",
      "title": "My Special Child",
      "type": "CRD",
      "url": "https://tabs.ultimate-guitar.com/tab/1077385",
      "file_path": null,
      "metadata": {}
    },
    "1360118": {
      "id": "1360118",
      "title": "My Special Child",
      "type": "UKE",
      "url": "https://tabs.ultimate-guitar.com/tab/1360118",
      "file_path": null,
      "metadata": {}
    },
    "1049359": {
      "id": "1049359",
      "title": "No Mans Woman",
      "type": "CRD",
      "url": "https://tabs.ultimate-guitar.com/tab/1049359",
      "file_path": null,
      "metadata": {}
    },
    "2706582": {
      "id": "2706582",
      "title": "No Mans Woman (ver 2)",
      "type": "CRD",
      "url": "https://tabs.ultimate-guitar.com/tab/2706582",
      "file_path": null,
      "metadata": {}
    },
    "2240853": {
      "id": "2240853",
      "title": "No Mans Woman",
      "type": "BASS",
      "url": "https://tabs.ultimate-guitar.com/tab/2240853",
      "file_path": null,
      "metadata": {}
    },
    "935049": {
      "id": "935049",
      "title": "Nothing Compares 2 U (ver 2)",
      "type": "CRD",
      "url": "https://tabs.ultimate-guitar.com/tab/935049",
      "file_path": null,
      "metadata": {}
    },
    "1516760": {
      "id": "1516760",
      "title": "Nothing Compares 2 U (ver 3)",
      "type": "CRD",
      "url": "https://tabs.ultimate-guitar.com/tab/1516760",
      "file_path": null,
      "metadata": {}
    },
    "2724165": {
      "id": "2724165",
      "title": "Nothing Compares 2 U (ver 4)",
      "type": "CRD",
      "url": "https://tabs.ultimate-guitar.com/tab/2724165",
      "file_path": null,
      "metadata": {}
    },
    "856674": {
      "id": "856674",
      "title": "Nothing Compares 2 U",
      "type": "PRO",
      "url": "https://tabs.ultimate-guitar.com/tab/856674",
      "file_path": null,
      "metadata": {}
    },
    "1744463": {
      "id": "1744463",
      "title": "Nothing Compares 2 U (ver 2)",
      "type": "PRO",
      "url": "https://tabs.ultimate-guitar.com/tab/1744463",
      "file_path": null,
      "metadata": {}
    },
    "1741244": {
      "id": "1741244",
      "title": "Nothing Compares 2 U",
      "type": "BASS",
      "url": "https://tabs.ultimate-guitar.com/tab/1741244",
      "file_path": null,
      "metadata": {}
    },
    "2142777": {
      "id": "2142777",
      "title": "Nothing Compares 2 U",
      "type": "UKE",
      "url": "https://tabs.ultimate-guitar.com/tab/2142777",
      "file_path": null,
      "metadata": {}
    },
    "5430678": {
      "id": "5430678",
      "title": "Old Lady",
      "type": "CRD",
      "url": "https://tabs.ultimate-guitar.com/tab/5430678",
      "file_path": null,
      "metadata": {}
    },
    "1077671": {
      "id": "1077671",
      "title": "One More Day",
      "type": "CRD",
      "url": "https://tabs.ultimate-guitar.com/tab/1077671",
      "file_path": null,
      "metadata": {}
    },
    "1196691": {
      "id": "1196691",
      "title": "One More Day (ver 2)",
      "type": "CRD",
      "url": "https://tabs.ultimate-guitar.com/tab/1196691",
      "file_path": null,
      "metadata": {}
    },
    "1360067": {
      "id": "1360067",
      "title": "One More Day",
      "type": "UKE",
      "url": "https://tabs.ultimate-guitar.com/tab/1360067",
      "file_path": null,
      "metadata": {}
    },
    "942762": {
      "id": "942762",
      "title": "Only You",
      "type": "CRD",
      "url": "https://tabs.ultimate-guitar.com/tab/942762",
      "file_path": null,
      "metadata": {}
    },
    "1051270": {
      "id": "1051270",
      "title": "Only You (ver 2)",
      "type": "CRD",
      "url": "https://tabs.ultimate-guitar.com/tab/1051270",
      "file_path": null,
      "metadata": {}
    },
    "1354948": {
      "id": "1354948",
      "title": "Only You",
      "type": "UKE",
      "url": "https://tabs.ultimate-guitar.com/tab/1354948",
      "file_path": null,
      "metadata": {}
    },
    "3668909": {
      "id": "3668909",
      "title": "Raglan Road",
      "type": "CRD",
      "url": "https://tabs.ultimate-guitar.com/tab/3668909",
      "file_path": null,
      "metadata": {}
    },
    "1138949": {
      "id": "1138949",
      "title": "Reason With Me",
      "type": "CRD",
      "url": "https://tabs.ultimate-guitar.com/tab/1138949",
      "file_path": null,
      "metadata": {}
    },
    "1371959": {
      "id": "1371959",
      "title": "Reason With Me",
      "type": "UKE",
      "url": "https://tabs.ultimate-guitar.com/tab/1371959",
      "file_path": null,
      "metadata": {}
    },
    "3010910": {
      "id": "3010910",
      "title": "Red Football",
      "type": "CRD",
      "url": "https://tabs.ultimate-guitar.com/tab/3010910",
      "file_path": null,
      "metadata": {}
    },
    "4839986": {
      "id": "4839986",
      "title": "Sacrifice",
      "type": "CRD",
      "url": "https://tabs.ultimate-guitar.com/tab/4839986",
      "file_path": null,
      "metadata": {}
    },
    "78738": {
      "id": "78738",
      "title": "Sacrifice",
      "type": "TAB",
      "url": "https://tabs.ultimate-guitar.com/tab/78738",
      "file_path": null,
      "metadata": {}
    },
    "4378088": {
      "id": "4378088",
      "title": "She Moved Through The Fair",
      "type": "CRD",
      "url": "https://tabs.ultimate-guitar.com/tab/4378088",
      "file_path": null,
      "metadata": {}
    },
    "1141586": {
      "id": "1141586",
      "title": "Something Beautiful",
      "type": "CRD",
      "url": "https://tabs.ultimate-guitar.com/tab/1141586",
      "file_path": null,
      "metadata": {}
    },
    "4328318": {
      "id": "4328318",
      "title": "Success Has Made A Failure Of Our Home",
      "type": "CRD",
      "url": "https://tabs.ultimate-guitar.com/tab/4328318",
      "file_path": null,
      "metadata": {}
    },
    "4890970": {
      "id": "4890970",
      "title": "Take Me To Church",
      "type": "CRD",
      "url": "https://tabs.ultimate-guitar.com/tab/4890970",
      "file_path": null,
      "metadata": {}
    },
    "78741": {
      "id": "78741",
      "title": "Thank You For Hearing Me",
      "type": "CRD",
      "url": "https://tabs.ultimate-guitar.com/tab/78741",
      "file_path": null,
      "metadata": {}
    },
    "4328750": {
      "id": "4328750",
      "title": "The Emperors New Clothes  Intro",
      "type": "TAB",
      "url": "https://tabs.ultimate-guitar.com/tab/4328750",
      "file_path": null,
      "metadata": {}
    },
    "1373230": {
      "id": "1373230",
      "title": "The Emperors New Clothes",
      "type": "UKE",
      "url": "https://tabs.ultimate-guitar.com/tab/1373230",
      "file_path": null,
      "metadata": {}
    },
    "3181148": {
      "id": "3181148",
      "title": "The Moorlough Shore",
      "type": "CRD",
      "url": "https://tabs.ultimate-guitar.com/tab/3181148",
      "file_path": null,
      "metadata": {}
    },
    "2903381": {
      "id": "2903381",
      "title": "The Wolf Is Getting Married",
      "type": "CRD",
      "url": "https://tabs.ultimate-guitar.com/tab/2903381",
      "file_path": null,
      "metadata": {}
    },
    "1455447": {
      "id": "1455447",
      "title": "The Wolf Is Getting Married",
      "type": "TAB",
      "url": "https://tabs.ultimate-guitar.com/tab/1455447",
      "file_path": null,
      "metadata": {}
    },
    "1819960": {
      "id": "1819960",
      "title": "This Is A Rebel Song",
      "type": "CRD",
      "url": "https://tabs.ultimate-guitar.com/tab/1819960",
      "file_path": null,
      "metadata": {}
    },
    "2232881": {
      "id": "2232881",
      "title": "This Is To Mother You",
      "type": "CRD",
      "url": "https://tabs.ultimate-guitar.com/tab/2232881",
      "file_path": null,
      "metadata": {}
    },
    "2072705": {
      "id": "2072705",
      "title": "Three Babies",
      "type": "CRD",
      "url": "https://tabs.ultimate-guitar.com/tab/2072705",
      "file_path": null,
      "metadata": {}
    },
    "2088375": {
      "id": "2088375",
      "title": "Three Babies (ver 2)",
      "type": "CRD",
      "url": "https://tabs.ultimate-guitar.com/tab/2088375",
      "file_path": null,
      "metadata": {}
    },
    "5378544": {
      "id": "5378544",
      "title": "When You Love",
      "type": "CRD",
      "url": "https://tabs.ultimate-guitar.com/tab/5378544",
      "file_path": null,
      "metadata": {}
    },
    "5087728": {
      "id": "5087728",
      "title": "Where Have You Been",
      "type": "CRD",
      "url": "https://tabs.ultimate-guitar.com/tab/5087728",
      "file_path": null,
      "metadata": {}
    },
    "474599": {
      "id": "474599",
      "title": "You Cause As Much Sorrow",
      "type": "CRD",
      "url": "https://tabs.ultimate-guitar.com/tab/474599",
      "file_path": null,
      "metadata": {}
    },
    "3012182": {
      "id": "3012182",
      "title": "You Made Me The Thief Of Your Heart",
      "type": "CRD",
      "url": "https://tabs.ultimate-guitar.com/tab/3012182",
      "file_path": null,
      "metadata": {}
    },
    "5413350": {
      "id": "5413350",
      "title": "Your Green Jacket",
      "type": "CRD",
      "url": "https://tabs.ultimate-guitar.com/tab/5413350",
      "file_path": null,
      "metadata": {}
    }
  }
}