{
  "id": "112297",
  "name": "CG5",
  "url": "https://www.ultimate-guitar.com/artist/cg5_112297",
  "tabs": {
    "4009411": {
      "id": "4009411",
      "title": "Injustice",
      "type": "TAB",
      "url": "https://tabs.ultimate-guitar.com/tab/cg5/injustice-tabs-4009411",
      "file_path": null,
      "metadata": {}
    },
    "3546116": {
      "id": "3546116",
      "title": "I See A Dreamer",
      "type": "CRD",
      "url": "https://tabs.ultimate-guitar.com/tab/cg5/i-see-a-dreamer-chords-3546116",
      "file_path": null,
      "metadata": {}
    },
    "3862217": {
      "id": "3862217",
      "title": "Vibrant Eyes",
      "type": "CRD",
      "url": "https://tabs.ultimate-guitar.com/tab/cg5/vibrant-eyes-chords-3862217",
      "file_path": null,
      "metadata": {}
    },
    "3650240": {
      "id": "3650240",
      "title": "Gone Away",
      "type": "CRD",
      "url": "https://tabs.ultimate-guitar.com/tab/cg5/gone-away-chords-3650240",
      "file_path": null,
      "metadata": {}
    },
    "5149864": {
      "id": "5149864",
      "title": "Sleep Well",
      "type": "CRD",
      "url": "https://tabs.ultimate-guitar.com/tab/cg5/sleep-well-chords-5149864",
      "file_path": null,
      "metadata": {}
    },
    "3775220": {
      "id": "3775220",
      "title": "Tommy Innit",
      "type": "CRD",
      "url": "https://tabs.ultimate-guitar.com/tab/cg5/tommy-innit-chords-3775220",
      "file_path": null,
      "metadata": {}
    },
    "3931094": {
      "id": "3931094",
      "title": "Muffin",
      "type": "CRD",
      "url": "https://tabs.ultimate-guitar.com/tab/cg5/muffin-chords-3931094",
      "file_path": null,
      "metadata": {}
    },
    "3347228": {
      "id": "3347228",
      "title": "Show Yourself",
      "type": "CRD",
      "url": "https://tabs.ultimate-guitar.com/tab/cg5/show-yourself-chords-3347228",
      "file_path": null,
      "metadata": {}
    },
    "2351605": {
      "id": "2351605",
      "title": "Can I Get An Amen - Bendy And The Ink Machine",
      "type": "CRD",
      "url": "https://tabs.ultimate-guitar.com/tab/cg5/can-i-get-an-amen-bendy-and-the-ink-machine-chords-2351605",
      "file_path": null,
      "metadata": {}
    },
    "4366928": {
      "id": "4366928",
      "title": "Injustice",
      "type": "CRD",
      "url": "https://tabs.ultimate-guitar.com/tab/cg5/injustice-chords-4366928",
      "file_path": null,
      "metadata": {}
    },
    "5866034": {
      "id": "5866034",
      "title": "Let Me Through",
      "type": "CRD",
      "url": "https://tabs.ultimate-guitar.com/tab/cg5/let-me-through-chords-5866034",
      "file_path": null,
      "metadata": {}
    },
    "4024777": {
      "id": "4024777",
      "title": "Fallen Down",
      "type": "CRD",
      "url": "https://tabs.ultimate-guitar.com/tab/vgr/fallen-down-chords-4024777",
      "file_path": null,
      "metadata": {}
    },
    "2539569": {
      "id": "2539569",
      "title": "Fnaf Custom Night - Make Your Move",
      "type": "CRD",
      "url": "https://tabs.ultimate-guitar.com/tab/dawko/fnaf-custom-night-make-your-move-chords-2539569",
      "file_path": null,
      "metadata": {}
    },
    "5343384": {
      "id": "5343384",
      "title": "Fnaf The Musical - Ground Zero",
      "type": "CRD",
      "url": "https://tabs.ultimate-guitar.com/tab/misc-musicals/fnaf-the-musical-ground-zero-chords-5343384",
      "file_path": null,
      "metadata": {}
    },
    "4624460": {
      "id": "4624460",
      "title": "Give A Little",
      "type": "CRD",
      "url": "https://tabs.ultimate-guitar.com/tab/legrand/give-a-little-chords-4624460",
      "file_path": null,
      "metadata": {}
    },
    "5002990": {
      "id": "5002990",
      "title": "Ily",
      "type": "CRD",
      "url": "https://tabs.ultimate-guitar.com/tab/kirkiimad/ily-chords-5002990",
      "file_path": null,
      "metadata": {}
    },
    "3789344": {
      "id": "3789344",
      "title": "Life By The Sea",
      "type": "CRD",
      "url": "https://tabs.ultimate-guitar.com/tab/tubbo/life-by-the-sea-chords-3789344",
      "file_path": null,
      "metadata": {}
    },
    "3850376": {
      "id": "3850376",
      "title": "Life By The Sea (ver 2)",
      "type": "CRD",
      "url": "https://tabs.ultimate-guitar.com/tab/tubbo/life-by-the-sea-chords-3850376",
      "file_path": null,
      "metadata": {}
    },
    "3857111": {
      "id": "3857111",
      "title": "Life By The Sea (ver 3)",
      "type": "CRD",
      "url": "https://tabs.ultimate-guitar.com/tab/tubbo/life-by-the-sea-chords-3857111",
      "file_path": null,
      "metadata": {}
    },
    "3849893": {
      "id": "3849893",
      "title": "Life By The Sea",
      "type": "UKE",
      "url": "https://tabs.ultimate-guitar.com/tab/tubbo/life-by-the-sea-ukulele-3849893",
      "file_path": null,
      "metadata": {}
    },
    "5354307": {
      "id": "5354307",
      "title": "Stay The Course",
      "type": "PRO",
      "url": "https://tabs.ultimate-guitar.com/tab/natewantstobattle/stay-the-course-guitar-pro-5354307",
      "file_path": null,
      "metadata": {}
    },
    "2979332": {
      "id": "2979332",
      "title": "Timefall",
      "type": "CRD",
      "url": "https://tabs.ultimate-guitar.com/tab/muircat/timefall-chords-2979332",
      "file_path": null,
      "metadata": {}
    },
    "3737873": {
      "id": "3737873",
      "title": "Unreleased Song",
      "type": "CRD",
      "url": "https://tabs.ultimate-guitar.com/tab/tubbo/unreleased-song-chords-3737873",
      "file_path": null,
      "metadata": {}
    },
    "5582241": {
      "id": "5582241",
      "title": "Welcome To Fredbears",
      "type": "CRD",
      "url": "https://tabs.ultimate-guitar.com/tab/random-encounters/welcome-to-fredbears-chords-5582241",
      "file_path": null,
      "metadata": {}
    },
    "5277537": {
      "id": "5277537",
      "title": "Balance",
      "type": "CRD",
      "url": "https://tabs.ultimate-guitar.com/tab/cg5/balance-chords-5277537",
      "file_path": null,
      "metadata": {}
    },
    "5146285": {
      "id": "5146285",
      "title": "Ballad Of The Walking Machines",
      "type": "CRD",
      "url": "https://tabs.ultimate-guitar.com/tab/cg5/ballad-of-the-walking-machines-chords-5146285",
      "file_path": null,
      "metadata": {}
    },
    "4154278": {
      "id": "4154278",
      "title": "Bite Of 87",
      "type": "CRD",
      "url": "https://tabs.ultimate-guitar.com/tab/cg5/bite-of-87-chords-4154278",
      "file_path": null,
      "metadata": {}
    },
    "3999217": {
      "id": "3999217",
      "title": "Change Your Mind",
      "type": "CRD",
      "url": "https://tabs.ultimate-guitar.com/tab/cg5/change-your-mind-chords-3999217",
      "file_path": null,
      "metadata": {}
    },
    "4694432": {
      "id": "4694432",
      "title": "Children Of The Machine",
      "type": "CRD",
      "url": "https://tabs.ultimate-guitar.com/tab/cg5/children-of-the-machine-chords-4694432",
      "file_path": null,
      "metadata": {}
    },
    "5395668": {
      "id": "5395668",
      "title": "Children Of The Machine (ver 2)",
      "type": "CRD",
      "url": "https://tabs.ultimate-guitar.com/tab/cg5/children-of-the-machine-chords-5395668",
      "file_path": null,
      "metadata": {}
    },
    "5193735": {
      "id": "5193735",
      "title": "Dancin",
      "type": "CRD",
      "url": "https://tabs.ultimate-guitar.com/tab/cg5/dancin-chords-5193735",
      "file_path": null,
      "metadata": {}
    },
    "3646922": {
      "id": "3646922",
      "title": "Dear Calypso",
      "type": "CRD",
      "url": "https://tabs.ultimate-guitar.com/tab/cg5/dear-calypso-chords-3646922",
      "file_path": null,
      "metadata": {}
    },
    "3927401": {
      "id": "3927401",
      "title": "Fathers Day",
      "type": "CRD",
      "url": "https://tabs.ultimate-guitar.com/tab/cg5/fathers-day-chords-3927401",
      "file_path": null,
      "metadata": {}
    },
    "5255406": {
      "id": "5255406",
      "title": "Find Da Wae",
      "type": "CRD",
      "url": "https://tabs.ultimate-guitar.com/tab/cg5/find-da-wae-chords-5255406",
      "file_path": null,
      "metadata": {}
    },
    "2348809": {
      "id": "2348809",
      "title": "Fish Out Of Water - The Amazing World Of Gumball",
      "type": "CRD",
      "url": "https://tabs.ultimate-guitar.com/tab/cg5/fish-out-of-water-the-amazing-world-of-gumball-chords-2348809",
      "file_path": null,
      "metadata": {}
    },
    "5686331": {
      "id": "5686331",
      "title": "Forbidden Feeling",
      "type": "CRD",
      "url": "https://tabs.ultimate-guitar.com/tab/cg5/forbidden-feeling-chords-5686331",
      "file_path": null,
      "metadata": {}
    },
    "4087444": {
      "id": "4087444",
      "title": "Freak Out",
      "type": "TAB",
      "url": "https://tabs.ultimate-guitar.com/tab/cg5/freak-out-tabs-4087444",
      "file_path": null,
      "metadata": {}
    },
    "5413395": {
      "id": "5413395",
      "title": "Freddy",
      "type": "CRD",
      "url": "https://tabs.ultimate-guitar.com/tab/cg5/freddy-chords-5413395",
      "file_path": null,
      "metadata": {}
    },
    "5160655": {
      "id": "5160655",
      "title": "Glamorous",
      "type": "CRD",
      "url": "https://tabs.ultimate-guitar.com/tab/cg5/glamorous-chords-5160655",
      "file_path": null,
      "metadata": {}
    },
    "4956553": {
      "id": "4956553",
      "title": "Gone Away (ver 2)",
      "type": "CRD",
      "url": "https://tabs.ultimate-guitar.com/tab/cg5/gone-away-chords-4956553",
      "file_path": null,
      "metadata": {}
    },
    "3780065": {
      "id": "3780065",
      "title": "Gone Away  Solo",
      "type": "TAB",
      "url": "https://tabs.ultimate-guitar.com/tab/cg5/gone-away-tabs-3780065",
      "file_path": null,
      "metadata": {}
    },
    "3781094": {
      "id": "3781094",
      "title": "Gone Away  Intro",
      "type": "TAB",
      "url": "https://tabs.ultimate-guitar.com/tab/cg5/gone-away-tabs-3781094",
      "file_path": null,
      "metadata": {}
    },
    "3824225": {
      "id": "3824225",
      "title": "Good To Be Alive",
      "type": "CRD",
      "url": "https://tabs.ultimate-guitar.com/tab/cg5/good-to-be-alive-chords-3824225",
      "file_path": null,
      "metadata": {}
    },
    "5712125": {
      "id": "5712125",
      "title": "Hell Like This Poppy Playtime Chapter 4 Song",
      "type": "CRD",
      "url": "https://tabs.ultimate-guitar.com/tab/cg5/hell-like-this-poppy-playtime-chapter-4-song-chords-5712125",
      "file_path": null,
      "metadata": {}
    },
    "4070182": {
      "id": "4070182",
      "title": "I Fall Apart Sometimes",
      "type": "CRD",
      "url": "https://tabs.ultimate-guitar.com/tab/cg5/i-fall-apart-sometimes-chords-4070182",
      "file_path": null,
      "metadata": {}
    },
    "3962974": {
      "id": "3962974",
      "title": "I See A Dreamer (ver 2)",
      "type": "CRD",
      "url": "https://tabs.ultimate-guitar.com/tab/cg5/i-see-a-dreamer-chords-3962974",
      "file_path": null,
      "metadata": {}
    },
    "3544841": {
      "id": "3544841",
      "title": "I See A Dreamer",
      "type": "UKE",
      "url": "https://tabs.ultimate-guitar.com/tab/cg5/i-see-a-dreamer-ukulele-3544841",
      "file_path": null,
      "metadata": {}
    },
    "5654094": {
      "id": "5654094",
      "title": "Idontunderstand",
      "type": "CRD",
      "url": "https://tabs.ultimate-guitar.com/tab/cg5/idontunderstand-chords-5654094",
      "file_path": null,
      "metadata": {}
    },
    "3931034": {
      "id": "3931034",
      "title": "Ima Walk Right In",
      "type": "CRD",
      "url": "https://tabs.ultimate-guitar.com/tab/cg5/ima-walk-right-in-chords-3931034",
      "file_path": null,
      "metadata": {}
    },
    "4011175": {
      "id": "4011175",
      "title": "Injustice  Intro",
      "type": "TAB",
      "url": "https://tabs.ultimate-guitar.com/tab/cg5/injustice-tabs-4011175",
      "file_path": null,
      "metadata": {}
    },
    "4012624": {
      "id": "4012624",
      "title": "Injustice (ver 2)",
      "type": "TAB",
      "url": "https://tabs.ultimate-guitar.com/tab/cg5/injustice-tabs-4012624",
      "file_path": null,
      "metadata": {}
    },
    "4792532": {
      "id": "4792532",
      "title": "Jump Around",
      "type": "CRD",
      "url": "https://tabs.ultimate-guitar.com/tab/cg5/jump-around-chords-4792532",
      "file_path": null,
      "metadata": {}
    },
    "4969234": {
      "id": "4969234",
      "title": "Labyrinth",
      "type": "CRD",
      "url": "https://tabs.ultimate-guitar.com/tab/cg5/labyrinth-chords-4969234",
      "file_path": null,
      "metadata": {}
    },
    "3328031": {
      "id": "3328031",
      "title": "Let Me Through  Intro",
      "type": "TAB",
      "url": "https://tabs.ultimate-guitar.com/tab/cg5/let-me-through-tabs-3328031",
      "file_path": null,
      "metadata": {}
    },
    "5701187": {
      "id": "5701187",
      "title": "Like It Or Not",
      "type": "CRD",
      "url": "https://tabs.ultimate-guitar.com/tab/cg5/like-it-or-not-chords-5701187",
      "file_path": null,
      "metadata": {}
    },
    "4330247": {
      "id": "4330247",
      "title": "Lonely King",
      "type": "CRD",
      "url": "https://tabs.ultimate-guitar.com/tab/cg5/lonely-king-chords-4330247",
      "file_path": null,
      "metadata": {}
    },
    "3546626": {
      "id": "3546626",
      "title": "Lyin 2 Me",
      "type": "CRD",
      "url": "https://tabs.ultimate-guitar.com/tab/cg5/lyin-2-me-chords-3546626",
      "file_path": null,
      "metadata": {}
    },
    "5144026": {
      "id": "5144026",
      "title": "Masterpiece",
      "type": "CRD",
      "url": "https://tabs.ultimate-guitar.com/tab/cg5/masterpiece-chords-5144026",
      "file_path": null,
      "metadata": {}
    },
    "5258301": {
      "id": "5258301",
      "title": "Mommys Here",
      "type": "CRD",
      "url": "https://tabs.ultimate-guitar.com/tab/cg5/mommys-here-chords-5258301",
      "file_path": null,
      "metadata": {}
    },
    "3934991": {
      "id": "3934991",
      "title": "Muffin (ver 2)",
      "type": "CRD",
      "url": "https://tabs.ultimate-guitar.com/tab/cg5/muffin-chords-3934991",
      "file_path": null,
      "metadata": {}
    },
    "5420310": {
      "id": "5420310",
      "title": "Ocd",
      "type": "CRD",
      "url": "https://tabs.ultimate-guitar.com/tab/cg5/ocd-chords-5420310",
      "file_path": null,
      "metadata": {}
    },
    "3939767": {
      "id": "3939767",
      "title": "Ocean Blue",
      "type": "CRD",
      "url": "https://tabs.ultimate-guitar.com/tab/cg5/ocean-blue-chords-3939767",
      "file_path": null,
      "metadata": {}
    },
    "3802844": {
      "id": "3802844",
      "title": "Phoenix Of The Sea",
      "type": "CRD",
      "url": "https://tabs.ultimate-guitar.com/tab/cg5/phoenix-of-the-sea-chords-3802844",
      "file_path": null,
      "metadata": {}
    },
    "5136808": {
      "id": "5136808",
      "title": "Poison Blooms",
      "type": "CRD",
      "url": "https://tabs.ultimate-guitar.com/tab/cg5/poison-blooms-chords-5136808",
      "file_path": null,
      "metadata": {}
    },
    "5147485": {
      "id": "5147485",
      "title": "Projections",
      "type": "CRD",
      "url": "https://tabs.ultimate-guitar.com/tab/cg5/projections-chords-5147485",
      "file_path": null,
      "metadata": {}
    },
    "4037554": {
      "id": "4037554",
      "title": "Push",
      "type": "CRD",
      "url": "https://tabs.ultimate-guitar.com/tab/cg5/push-chords-4037554",
      "file_path": null,
      "metadata": {}
    },
    "5188809": {
      "id": "5188809",
      "title": "Ruined Lullaby",
      "type": "CRD",
      "url": "https://tabs.ultimate-guitar.com/tab/cg5/ruined-lullaby-chords-5188809",
      "file_path": null,
      "metadata": {}
    },
    "5655738": {
      "id": "5655738",
      "title": "Run",
      "type": "CRD",
      "url": "https://tabs.ultimate-guitar.com/tab/cg5/run-chords-5655738",
      "file_path": null,
      "metadata": {}
    },
    "5582205": {
      "id": "5582205",
      "title": "Sepiatoned",
      "type": "CRD",
      "url": "https://tabs.ultimate-guitar.com/tab/cg5/sepiatoned-chords-5582205",
      "file_path": null,
      "metadata": {}
    },
    "5198568": {
      "id": "5198568",
      "title": "Sleeping In The Nether",
      "type": "CRD",
      "url": "https://tabs.ultimate-guitar.com/tab/cg5/sleeping-in-the-nether-chords-5198568",
      "file_path": null,
      "metadata": {}
    },
    "5367804": {
      "id": "5367804",
      "title": "Sleeping In The Nether (ver 2)",
      "type": "CRD",
      "url": "https://tabs.ultimate-guitar.com/tab/cg5/sleeping-in-the-nether-chords-5367804",
      "file_path": null,
      "metadata": {}
    },
    "5503482": {
      "id": "5503482",
      "title": "Somebody Real",
      "type": "CRD",
      "url": "https://tabs.ultimate-guitar.com/tab/cg5/somebody-real-chords-5503482",
      "file_path": null,
      "metadata": {}
    },
    "4019143": {
      "id": "4019143",
      "title": "Sparkly Abs",
      "type": "CRD",
      "url": "https://tabs.ultimate-guitar.com/tab/cg5/sparkly-abs-chords-4019143",
      "file_path": null,
      "metadata": {}
    },
    "4038772": {
      "id": "4038772",
      "title": "Sparkly Abs  Solo",
      "type": "TAB",
      "url": "https://tabs.ultimate-guitar.com/tab/cg5/sparkly-abs-tabs-4038772",
      "file_path": null,
      "metadata": {}
    },
    "4068997": {
      "id": "4068997",
      "title": "Superstar",
      "type": "CRD",
      "url": "https://tabs.ultimate-guitar.com/tab/cg5/superstar-chords-4068997",
      "file_path": null,
      "metadata": {}
    },
    "5726150": {
      "id": "5726150",
      "title": "Superstitious Foundation",
      "type": "CRD",
      "url": "https://tabs.ultimate-guitar.com/tab/cg5/superstitious-foundation-chords-5726150",
      "file_path": null,
      "metadata": {}
    },
    "2351711": {
      "id": "2351711",
      "title": "Take It",
      "type": "CRD",
      "url": "https://tabs.ultimate-guitar.com/tab/cg5/take-it-chords-2351711",
      "file_path": null,
      "metadata": {}
    },
    "3320726": {
      "id": "3320726",
      "title": "The Friendly Long Horse",
      "type": "CRD",
      "url": "https://tabs.ultimate-guitar.com/tab/cg5/the-friendly-long-horse-chords-3320726",
      "file_path": null,
      "metadata": {}
    },
    "3546368": {
      "id": "3546368",
      "title": "The Legend Of Siren Head",
      "type": "CRD",
      "url": "https://tabs.ultimate-guitar.com/tab/cg5/the-legend-of-siren-head-chords-3546368",
      "file_path": null,
      "metadata": {}
    },
    "5165020": {
      "id": "5165020",
      "title": "They Feast Tonight",
      "type": "CRD",
      "url": "https://tabs.ultimate-guitar.com/tab/cg5/they-feast-tonight-chords-5165020",
      "file_path": null,
      "metadata": {}
    },
    "4907731": {
      "id": "4907731",
      "title": "Thx",
      "type": "CRD",
      "url": "https://tabs.ultimate-guitar.com/tab/cg5/thx-chords-4907731",
      "file_path": null,
      "metadata": {}
    },
    "3820946": {
      "id": "3820946",
      "title": "To The Dungeons",
      "type": "CRD",
      "url": "https://tabs.ultimate-guitar.com/tab/cg5/to-the-dungeons-chords-3820946",
      "file_path": null,
      "metadata": {}
    },
    "3826040": {
      "id": "3826040",
      "title": "Tommy Innit (ver 2)",
      "type": "CRD",
      "url": "https://tabs.ultimate-guitar.com/tab/cg5/tommy-innit-chords-3826040",
      "file_path": null,
      "metadata": {}
    },
    "5458281": {
      "id": "5458281",
      "title": "Uncrowned",
      "type": "CRD",
      "url": "https://tabs.ultimate-guitar.com/tab/cg5/uncrowned-chords-5458281",
      "file_path": null,
      "metadata": {}
    },
    "3908888": {
      "id": "3908888",
      "title": "Vibrant Eyes (ver 2)",
      "type": "CRD",
      "url": "https://tabs.ultimate-guitar.com/tab/cg5/vibrant-eyes-chords-3908888",
      "file_path": null,
      "metadata": {}
    },
    "4261771": {
      "id": "4261771",
      "title": "Vibrant Eyes (ver 3)",
      "type": "CRD",
      "url": "https://tabs.ultimate-guitar.com/tab/cg5/vibrant-eyes-chords-4261771",
      "file_path": null,
      "metadata": {}
    },
    "4697768": {
      "id": "4697768",
      "title": "Vibrant Eyes (ver 4)",
      "type": "CRD",
      "url": "https://tabs.ultimate-guitar.com/tab/cg5/vibrant-eyes-chords-4697768",
      "file_path": null,
      "metadata": {}
    },
    "4090786": {
      "id": "4090786",
      "title": "Why Did The Chicken Cross The Road",
      "type": "CRD",
      "url": "https://tabs.ultimate-guitar.com/tab/cg5/why-did-the-chicken-cross-the-road-chords-4090786",
      "file_path": null,
      "metadata": {}
    },
    "3980932": {
      "id": "3980932",
      "title": "Wonderland",
      "type": "CRD",
      "url": "https://tabs.ultimate-guitar.com/tab/cg5/wonderland-chords-3980932",
      "file_path": null,
      "metadata": {}
    },
    "5355576": {
      "id": "5355576",
      "title": "You Will Believe",
      "type": "CRD",
      "url": "https://tabs.ultimate-guitar.com/tab/cg5/you-will-believe-chords-5355576",
      "file_path": null,
      "metadata": {}
    }
  }
}