{
  "id": "10085",
  "name": "Ry Cooder",
  "url": "https://www.ultimate-guitar.com/artist/ry_cooder_10085",
  "tabs": {
    "65113": {
      "id": "65113",
      "title": "Paris Texas",
      "type": "TAB",
      "url": "https://tabs.ultimate-guitar.com/tab/ry-cooder/paris-texas-tabs-65113",
      "file_path": null,
      "metadata": {}
    },
    "763820": {
      "id": "763820",
      "title": "Feelin Bad Blues",
      "type": "TAB",
      "url": "https://tabs.ultimate-guitar.com/tab/ry-cooder/feelin-bad-blues-tabs-763820",
      "file_path": null,
      "metadata": {}
    },
    "1483742": {
      "id": "1483742",
      "title": "Jesus On The Mainline",
      "type": "CRD",
      "url": "https://tabs.ultimate-guitar.com/tab/ry-cooder/jesus-on-the-mainline-chords-1483742",
      "file_path": null,
      "metadata": {}
    },
    "755461": {
      "id": "755461",
      "title": "Vigilante Man",
      "type": "TAB",
      "url": "https://tabs.ultimate-guitar.com/tab/ry-cooder/vigilante-man-tabs-755461",
      "file_path": null,
      "metadata": {}
    },
    "1446468": {
      "id": "1446468",
      "title": "Cancion Mixteca",
      "type": "TAB",
      "url": "https://tabs.ultimate-guitar.com/tab/ry-cooder/cancion-mixteca-tabs-1446468",
      "file_path": null,
      "metadata": {}
    },
    "216898": {
      "id": "216898",
      "title": "Feelin Bad Blues",
      "type": "PRO",
      "url": "https://tabs.ultimate-guitar.com/tab/ry-cooder/feelin-bad-blues-guitar-pro-216898",
      "file_path": null,
      "metadata": {}
    },
    "763817": {
      "id": "763817",
      "title": "Police Dog Blues",
      "type": "TAB",
      "url": "https://tabs.ultimate-guitar.com/tab/ry-cooder/police-dog-blues-tabs-763817",
      "file_path": null,
      "metadata": {}
    },
    "1446408": {
      "id": "1446408",
      "title": "Cancion Mixteca",
      "type": "CRD",
      "url": "https://tabs.ultimate-guitar.com/tab/ry-cooder/cancion-mixteca-chords-1446408",
      "file_path": null,
      "metadata": {}
    },
    "2734653": {
      "id": "2734653",
      "title": "Across The Borderline",
      "type": "CRD",
      "url": "https://tabs.ultimate-guitar.com/tab/ry-cooder/across-the-borderline-chords-2734653",
      "file_path": null,
      "metadata": {}
    },
    "1825415": {
      "id": "1825415",
      "title": "Little Sister",
      "type": "CRD",
      "url": "https://tabs.ultimate-guitar.com/tab/ry-cooder/little-sister-chords-1825415",
      "file_path": null,
      "metadata": {}
    },
    "3601502": {
      "id": "3601502",
      "title": "Big Love",
      "type": "CRD",
      "url": "https://tabs.ultimate-guitar.com/tab/little-village/big-love-chords-3601502",
      "file_path": null,
      "metadata": {}
    },
    "3095651": {
      "id": "3095651",
      "title": "Coast Of Malabar",
      "type": "CRD",
      "url": "https://tabs.ultimate-guitar.com/tab/the-chieftains/coast-of-malabar-chords-3095651",
      "file_path": null,
      "metadata": {}
    },
    "1741988": {
      "id": "1741988",
      "title": "Coast Of Malabar",
      "type": "UKE",
      "url": "https://tabs.ultimate-guitar.com/tab/the-chieftains/coast-of-malabar-ukulele-1741988",
      "file_path": null,
      "metadata": {}
    },
    "4165702": {
      "id": "4165702",
      "title": "Hooray Hooray",
      "type": "CRD",
      "url": "https://tabs.ultimate-guitar.com/tab/taj-mahal/hooray-hooray-chords-4165702",
      "file_path": null,
      "metadata": {}
    },
    "4165699": {
      "id": "4165699",
      "title": "I Shall Not Be Moved",
      "type": "CRD",
      "url": "https://tabs.ultimate-guitar.com/tab/taj-mahal/i-shall-not-be-moved-chords-4165699",
      "file_path": null,
      "metadata": {}
    },
    "3298073": {
      "id": "3298073",
      "title": "It Hurts Me Too",
      "type": "CRD",
      "url": "https://tabs.ultimate-guitar.com/tab/the-rolling-stones/it-hurts-me-too-chords-3298073",
      "file_path": null,
      "metadata": {}
    },
    "4171540": {
      "id": "4171540",
      "title": "Pick A Bale Of Cotton",
      "type": "CRD",
      "url": "https://tabs.ultimate-guitar.com/tab/taj-mahal/pick-a-bale-of-cotton-chords-4171540",
      "file_path": null,
      "metadata": {}
    },
    "2702799": {
      "id": "2702799",
      "title": "Slowly",
      "type": "CRD",
      "url": "https://tabs.ultimate-guitar.com/tab/the-haden-triplets/slowly-chords-2702799",
      "file_path": null,
      "metadata": {}
    },
    "1144019": {
      "id": "1144019",
      "title": "The Border - Across The Borderline",
      "type": "CRD",
      "url": "https://tabs.ultimate-guitar.com/tab/misc-soundtrack/the-border-across-the-borderline-chords-1144019",
      "file_path": null,
      "metadata": {}
    },
    "1429490": {
      "id": "1429490",
      "title": "The Border - Across The Borderline (ver 2)",
      "type": "CRD",
      "url": "https://tabs.ultimate-guitar.com/tab/misc-soundtrack/the-border-across-the-borderline-chords-1429490",
      "file_path": null,
      "metadata": {}
    },
    "1373126": {
      "id": "1373126",
      "title": "The Border - Across The Borderline",
      "type": "UKE",
      "url": "https://tabs.ultimate-guitar.com/tab/misc-soundtrack/the-border-across-the-borderline-ukulele-1373126",
      "file_path": null,
      "metadata": {}
    },
    "2004645": {
      "id": "2004645",
      "title": "The Long Riders - Im A Good Old Rebel",
      "type": "CRD",
      "url": "https://tabs.ultimate-guitar.com/tab/misc-soundtrack/the-long-riders-im-a-good-old-rebel-chords-2004645",
      "file_path": null,
      "metadata": {}
    },
    "4275961": {
      "id": "4275961",
      "title": "3Rd Base Dodger Stadium",
      "type": "CRD",
      "url": "https://tabs.ultimate-guitar.com/tab/ry-cooder/3rd-base-dodger-stadium-chords-4275961",
      "file_path": null,
      "metadata": {}
    },
    "2735016": {
      "id": "2735016",
      "title": "Across The Borderline",
      "type": "UKE",
      "url": "https://tabs.ultimate-guitar.com/tab/ry-cooder/across-the-borderline-ukulele-2735016",
      "file_path": null,
      "metadata": {}
    },
    "2956973": {
      "id": "2956973",
      "title": "Alimony",
      "type": "CRD",
      "url": "https://tabs.ultimate-guitar.com/tab/ry-cooder/alimony-chords-2956973",
      "file_path": null,
      "metadata": {}
    },
    "216896": {
      "id": "216896",
      "title": "Available Space",
      "type": "PRO",
      "url": "https://tabs.ultimate-guitar.com/tab/ry-cooder/available-space-guitar-pro-216896",
      "file_path": null,
      "metadata": {}
    },
    "2361395": {
      "id": "2361395",
      "title": "Big Bad Bill Is Sweet William Now",
      "type": "CRD",
      "url": "https://tabs.ultimate-guitar.com/tab/ry-cooder/big-bad-bill-is-sweet-william-now-chords-2361395",
      "file_path": null,
      "metadata": {}
    },
    "1940595": {
      "id": "1940595",
      "title": "Billy The Kid",
      "type": "CRD",
      "url": "https://tabs.ultimate-guitar.com/tab/ry-cooder/billy-the-kid-chords-1940595",
      "file_path": null,
      "metadata": {}
    },
    "2978525": {
      "id": "2978525",
      "title": "Boomers Story",
      "type": "CRD",
      "url": "https://tabs.ultimate-guitar.com/tab/ry-cooder/boomers-story-chords-2978525",
      "file_path": null,
      "metadata": {}
    },
    "5671410": {
      "id": "5671410",
      "title": "Boomers Story  Solo",
      "type": "TAB",
      "url": "https://tabs.ultimate-guitar.com/tab/ry-cooder/boomers-story-tabs-5671410",
      "file_path": null,
      "metadata": {}
    },
    "759632": {
      "id": "759632",
      "title": "Brothers",
      "type": "TAB",
      "url": "https://tabs.ultimate-guitar.com/tab/ry-cooder/brothers-tabs-759632",
      "file_path": null,
      "metadata": {}
    },
    "3229310": {
      "id": "3229310",
      "title": "Comin In On A Wing And A Prayer",
      "type": "CRD",
      "url": "https://tabs.ultimate-guitar.com/tab/ry-cooder/comin-in-on-a-wing-and-a-prayer-chords-3229310",
      "file_path": null,
      "metadata": {}
    },
    "5269278": {
      "id": "5269278",
      "title": "Crossroads  Intro",
      "type": "TAB",
      "url": "https://tabs.ultimate-guitar.com/tab/ry-cooder/crossroads-tabs-5269278",
      "file_path": null,
      "metadata": {}
    },
    "142186": {
      "id": "142186",
      "title": "Dark Is The Night",
      "type": "TAB",
      "url": "https://tabs.ultimate-guitar.com/tab/ry-cooder/dark-is-the-night-tabs-142186",
      "file_path": null,
      "metadata": {}
    },
    "2256627": {
      "id": "2256627",
      "title": "Drive Like I Never Been Hurt",
      "type": "CRD",
      "url": "https://tabs.ultimate-guitar.com/tab/ry-cooder/drive-like-i-never-been-hurt-chords-2256627",
      "file_path": null,
      "metadata": {}
    },
    "1879554": {
      "id": "1879554",
      "title": "Feelin Bad Blues  Solo",
      "type": "PRO",
      "url": "https://tabs.ultimate-guitar.com/tab/ry-cooder/feelin-bad-blues-guitar-pro-1879554",
      "file_path": null,
      "metadata": {}
    },
    "4336718": {
      "id": "4336718",
      "title": "Feelin Bad Blues (ver 2) Solo",
      "type": "PRO",
      "url": "https://tabs.ultimate-guitar.com/tab/ry-cooder/feelin-bad-blues-guitar-pro-4336718",
      "file_path": null,
      "metadata": {}
    },
    "1966904": {
      "id": "1966904",
      "title": "Feelin Bad Blues (ver 2)",
      "type": "PRO",
      "url": "https://tabs.ultimate-guitar.com/tab/ry-cooder/feelin-bad-blues-guitar-pro-1966904",
      "file_path": null,
      "metadata": {}
    },
    "2228389": {
      "id": "2228389",
      "title": "Feelin Bad Blues (ver 3)",
      "type": "PRO",
      "url": "https://tabs.ultimate-guitar.com/tab/ry-cooder/feelin-bad-blues-guitar-pro-2228389",
      "file_path": null,
      "metadata": {}
    },
    "2230443": {
      "id": "2230443",
      "title": "Feelin Bad Blues (ver 4)",
      "type": "PRO",
      "url": "https://tabs.ultimate-guitar.com/tab/ry-cooder/feelin-bad-blues-guitar-pro-2230443",
      "file_path": null,
      "metadata": {}
    },
    "1056886": {
      "id": "1056886",
      "title": "Flashes",
      "type": "PWR",
      "url": "https://tabs.ultimate-guitar.com/tab/ry-cooder/flashes-power-1056886",
      "file_path": null,
      "metadata": {}
    },
    "5207805": {
      "id": "5207805",
      "title": "Get Rhythm",
      "type": "CRD",
      "url": "https://tabs.ultimate-guitar.com/tab/ry-cooder/get-rhythm-chords-5207805",
      "file_path": null,
      "metadata": {}
    },
    "4807217": {
      "id": "4807217",
      "title": "Good Morning Mr Railroad Man",
      "type": "CRD",
      "url": "https://tabs.ultimate-guitar.com/tab/ry-cooder/good-morning-mr-railroad-man-chords-4807217",
      "file_path": null,
      "metadata": {}
    },
    "65114": {
      "id": "65114",
      "title": "Great Dream From Heaven",
      "type": "TAB",
      "url": "https://tabs.ultimate-guitar.com/tab/ry-cooder/great-dream-from-heaven-tabs-65114",
      "file_path": null,
      "metadata": {}
    },
    "3982225": {
      "id": "3982225",
      "title": "Harbor Of Love",
      "type": "CRD",
      "url": "https://tabs.ultimate-guitar.com/tab/ry-cooder/harbor-of-love-chords-3982225",
      "file_path": null,
      "metadata": {}
    },
    "4285073": {
      "id": "4285073",
      "title": "Hell Have To Go",
      "type": "CRD",
      "url": "https://tabs.ultimate-guitar.com/tab/ry-cooder/hell-have-to-go-chords-4285073",
      "file_path": null,
      "metadata": {}
    },
    "1734374": {
      "id": "1734374",
      "title": "Hell Have To Go",
      "type": "PRO",
      "url": "https://tabs.ultimate-guitar.com/tab/ry-cooder/hell-have-to-go-guitar-pro-1734374",
      "file_path": null,
      "metadata": {}
    },
    "755828": {
      "id": "755828",
      "title": "Hold On To Gods Unchanging Hand",
      "type": "TAB",
      "url": "https://tabs.ultimate-guitar.com/tab/ry-cooder/hold-on-to-gods-unchanging-hand-tabs-755828",
      "file_path": null,
      "metadata": {}
    },
    "142188": {
      "id": "142188",
      "title": "Houston In Two Seconds",
      "type": "TAB",
      "url": "https://tabs.ultimate-guitar.com/tab/ry-cooder/houston-in-two-seconds-tabs-142188",
      "file_path": null,
      "metadata": {}
    },
    "2388125": {
      "id": "2388125",
      "title": "How Can A Poor Man Stand Such Times And Live",
      "type": "CRD",
      "url": "https://tabs.ultimate-guitar.com/tab/ry-cooder/how-can-a-poor-man-stand-such-times-and-live-chords-2388125",
      "file_path": null,
      "metadata": {}
    },
    "1715238": {
      "id": "1715238",
      "title": "How Can You Keep On Moving",
      "type": "CRD",
      "url": "https://tabs.ultimate-guitar.com/tab/ry-cooder/how-can-you-keep-on-moving-chords-1715238",
      "file_path": null,
      "metadata": {}
    },
    "111952": {
      "id": "111952",
      "title": "How Can You Keep On Moving",
      "type": "TAB",
      "url": "https://tabs.ultimate-guitar.com/tab/ry-cooder/how-can-you-keep-on-moving-tabs-111952",
      "file_path": null,
      "metadata": {}
    },
    "1788183": {
      "id": "1788183",
      "title": "How Can You Keep On Moving",
      "type": "UKE",
      "url": "https://tabs.ultimate-guitar.com/tab/ry-cooder/how-can-you-keep-on-moving-ukulele-1788183",
      "file_path": null,
      "metadata": {}
    },
    "91979": {
      "id": "91979",
      "title": "I Think Its Going To Work Out Fine  Intro",
      "type": "TAB",
      "url": "https://tabs.ultimate-guitar.com/tab/ry-cooder/i-think-its-going-to-work-out-fine-tabs-91979",
      "file_path": null,
      "metadata": {}
    },
    "689761": {
      "id": "689761",
      "title": "I Think Its Going To Work Out Fine",
      "type": "PRO",
      "url": "https://tabs.ultimate-guitar.com/tab/ry-cooder/i-think-its-going-to-work-out-fine-guitar-pro-689761",
      "file_path": null,
      "metadata": {}
    },
    "2510592": {
      "id": "2510592",
      "title": "If Walls Could Talk",
      "type": "CRD",
      "url": "https://tabs.ultimate-guitar.com/tab/ry-cooder/if-walls-could-talk-chords-2510592",
      "file_path": null,
      "metadata": {}
    },
    "3046408": {
      "id": "3046408",
      "title": "Its All Over Now",
      "type": "CRD",
      "url": "https://tabs.ultimate-guitar.com/tab/ry-cooder/its-all-over-now-chords-3046408",
      "file_path": null,
      "metadata": {}
    },
    "683082": {
      "id": "683082",
      "title": "Little Sister",
      "type": "PRO",
      "url": "https://tabs.ultimate-guitar.com/tab/ry-cooder/little-sister-guitar-pro-683082",
      "file_path": null,
      "metadata": {}
    },
    "3651545": {
      "id": "3651545",
      "title": "Mama Dont Treat Your Daughter Mean",
      "type": "CRD",
      "url": "https://tabs.ultimate-guitar.com/tab/ry-cooder/mama-dont-treat-your-daughter-mean-chords-3651545",
      "file_path": null,
      "metadata": {}
    },
    "3552776": {
      "id": "3552776",
      "title": "Married Mans A Fool",
      "type": "CRD",
      "url": "https://tabs.ultimate-guitar.com/tab/ry-cooder/married-mans-a-fool-chords-3552776",
      "file_path": null,
      "metadata": {}
    },
    "1237367": {
      "id": "1237367",
      "title": "Married Mans A Fool",
      "type": "TAB",
      "url": "https://tabs.ultimate-guitar.com/tab/ry-cooder/married-mans-a-fool-tabs-1237367",
      "file_path": null,
      "metadata": {}
    },
    "2979740": {
      "id": "2979740",
      "title": "Mexican Divorce",
      "type": "CRD",
      "url": "https://tabs.ultimate-guitar.com/tab/ry-cooder/mexican-divorce-chords-2979740",
      "file_path": null,
      "metadata": {}
    },
    "2650119": {
      "id": "2650119",
      "title": "Money Honey",
      "type": "CRD",
      "url": "https://tabs.ultimate-guitar.com/tab/ry-cooder/money-honey-chords-2650119",
      "file_path": null,
      "metadata": {}
    },
    "4410860": {
      "id": "4410860",
      "title": "My Dwarf Is Getting Tired",
      "type": "CRD",
      "url": "https://tabs.ultimate-guitar.com/tab/ry-cooder/my-dwarf-is-getting-tired-chords-4410860",
      "file_path": null,
      "metadata": {}
    },
    "2746758": {
      "id": "2746758",
      "title": "No Quiero",
      "type": "CRD",
      "url": "https://tabs.ultimate-guitar.com/tab/ry-cooder/no-quiero-chords-2746758",
      "file_path": null,
      "metadata": {}
    },
    "2364525": {
      "id": "2364525",
      "title": "Nobody",
      "type": "CRD",
      "url": "https://tabs.ultimate-guitar.com/tab/ry-cooder/nobody-chords-2364525",
      "file_path": null,
      "metadata": {}
    },
    "759634": {
      "id": "759634",
      "title": "Nothing Out There",
      "type": "TAB",
      "url": "https://tabs.ultimate-guitar.com/tab/ry-cooder/nothing-out-there-tabs-759634",
      "file_path": null,
      "metadata": {}
    },
    "763812": {
      "id": "763812",
      "title": "On The Couch",
      "type": "TAB",
      "url": "https://tabs.ultimate-guitar.com/tab/ry-cooder/on-the-couch-tabs-763812",
      "file_path": null,
      "metadata": {}
    },
    "4393793": {
      "id": "4393793",
      "title": "Paris Texas (ver 2)",
      "type": "TAB",
      "url": "https://tabs.ultimate-guitar.com/tab/ry-cooder/paris-texas-tabs-4393793",
      "file_path": null,
      "metadata": {}
    },
    "1791283": {
      "id": "1791283",
      "title": "Paris Texas",
      "type": "PRO",
      "url": "https://tabs.ultimate-guitar.com/tab/ry-cooder/paris-texas-guitar-pro-1791283",
      "file_path": null,
      "metadata": {}
    },
    "142190": {
      "id": "142190",
      "title": "Patricia",
      "type": "TAB",
      "url": "https://tabs.ultimate-guitar.com/tab/ry-cooder/patricia-tabs-142190",
      "file_path": null,
      "metadata": {}
    },
    "142189": {
      "id": "142189",
      "title": "Shes Leaving The Bank",
      "type": "TAB",
      "url": "https://tabs.ultimate-guitar.com/tab/ry-cooder/shes-leaving-the-bank-tabs-142189",
      "file_path": null,
      "metadata": {}
    },
    "1475272": {
      "id": "1475272",
      "title": "Southern Comfort",
      "type": "TAB",
      "url": "https://tabs.ultimate-guitar.com/tab/ry-cooder/southern-comfort-tabs-1475272",
      "file_path": null,
      "metadata": {}
    },
    "809032": {
      "id": "809032",
      "title": "Soy Luz Y Sombra",
      "type": "CRD",
      "url": "https://tabs.ultimate-guitar.com/tab/ry-cooder/soy-luz-y-sombra-chords-809032",
      "file_path": null,
      "metadata": {}
    },
    "1322593": {
      "id": "1322593",
      "title": "Soy Luz Y Sombra",
      "type": "UKE",
      "url": "https://tabs.ultimate-guitar.com/tab/ry-cooder/soy-luz-y-sombra-ukulele-1322593",
      "file_path": null,
      "metadata": {}
    },
    "2386383": {
      "id": "2386383",
      "title": "Straight Street",
      "type": "CRD",
      "url": "https://tabs.ultimate-guitar.com/tab/ry-cooder/straight-street-chords-2386383",
      "file_path": null,
      "metadata": {}
    },
    "764271": {
      "id": "764271",
      "title": "Sweet Black Angel",
      "type": "TAB",
      "url": "https://tabs.ultimate-guitar.com/tab/ry-cooder/sweet-black-angel-tabs-764271",
      "file_path": null,
      "metadata": {}
    },
    "3552485": {
      "id": "3552485",
      "title": "Tamp Em Up Solid",
      "type": "CRD",
      "url": "https://tabs.ultimate-guitar.com/tab/ry-cooder/tamp-em-up-solid-chords-3552485",
      "file_path": null,
      "metadata": {}
    },
    "483335": {
      "id": "483335",
      "title": "Tattler",
      "type": "CRD",
      "url": "https://tabs.ultimate-guitar.com/tab/ry-cooder/tattler-chords-483335",
      "file_path": null,
      "metadata": {}
    },
    "1097499": {
      "id": "1097499",
      "title": "Tattler (ver 2)",
      "type": "CRD",
      "url": "https://tabs.ultimate-guitar.com/tab/ry-cooder/tattler-chords-1097499",
      "file_path": null,
      "metadata": {}
    },
    "767627": {
      "id": "767627",
      "title": "Tattler  Intro",
      "type": "TAB",
      "url": "https://tabs.ultimate-guitar.com/tab/ry-cooder/tattler-tabs-767627",
      "file_path": null,
      "metadata": {}
    },
    "2572182": {
      "id": "2572182",
      "title": "Tattler (ver 2) Intro",
      "type": "TAB",
      "url": "https://tabs.ultimate-guitar.com/tab/ry-cooder/tattler-tabs-2572182",
      "file_path": null,
      "metadata": {}
    },
    "1292633": {
      "id": "1292633",
      "title": "Tattler",
      "type": "UKE",
      "url": "https://tabs.ultimate-guitar.com/tab/ry-cooder/tattler-ukulele-1292633",
      "file_path": null,
      "metadata": {}
    },
    "5209734": {
      "id": "5209734",
      "title": "The Dying Truck Driver",
      "type": "CRD",
      "url": "https://tabs.ultimate-guitar.com/tab/ry-cooder/the-dying-truck-driver-chords-5209734",
      "file_path": null,
      "metadata": {}
    },
    "1503917": {
      "id": "1503917",
      "title": "The Very Thing That Makes You Rich Makes Me Poor",
      "type": "CRD",
      "url": "https://tabs.ultimate-guitar.com/tab/ry-cooder/the-very-thing-that-makes-you-rich-makes-me-poor-chords-1503917",
      "file_path": null,
      "metadata": {}
    },
    "2578914": {
      "id": "2578914",
      "title": "Vigilante Man",
      "type": "TAB",
      "url": "https://tabs.ultimate-guitar.com/tab/ry-cooder/vigilante-man-tabs-2578914",
      "file_path": null,
      "metadata": {}
    },
    "2512587": {
      "id": "2512587",
      "title": "Waitin For Some Girl",
      "type": "CRD",
      "url": "https://tabs.ultimate-guitar.com/tab/ry-cooder/waitin-for-some-girl-chords-2512587",
      "file_path": null,
      "metadata": {}
    },
    "1834224": {
      "id": "1834224",
      "title": "Why Dont You Try Me",
      "type": "CRD",
      "url": "https://tabs.ultimate-guitar.com/tab/ry-cooder/why-dont-you-try-me-chords-1834224",
      "file_path": null,
      "metadata": {}
    },
    "4737047": {
      "id": "4737047",
      "title": "Yellow Roses",
      "type": "CRD",
      "url": "https://tabs.ultimate-guitar.com/tab/ry-cooder/yellow-roses-chords-4737047",
      "file_path": null,
      "metadata": {}
    },
    "2449917": {
      "id": "2449917",
      "title": "You Must Unload",
      "type": "CRD",
      "url": "https://tabs.ultimate-guitar.com/tab/ry-cooder/you-must-unload-chords-2449917",
      "file_path": null,
      "metadata": {}
    }
  }
}