{
  "id": "10655",
  "name": "Ronan Keating",
  "url": "https://www.ultimate-guitar.com/artist/ronan_keating_10655",
  "tabs": {
    "10266": {
      "id": "10266",
      "title": "When You Say Nothing At All",
      "type": "CRD",
      "url": "https://tabs.ultimate-guitar.com/tab/ronan-keating/when-you-say-nothing-at-all-chords-10266",
      "file_path": null,
      "metadata": {}
    },
    "10264": {
      "id": "10264",
      "title": "When You Say Nothing At All",
      "type": "TAB",
      "url": "https://tabs.ultimate-guitar.com/tab/ronan-keating/when-you-say-nothing-at-all-tabs-10264",
      "file_path": null,
      "metadata": {}
    },
    "165224": {
      "id": "165224",
      "title": "If Tomorrow Never Comes",
      "type": "CRD",
      "url": "https://tabs.ultimate-guitar.com/tab/ronan-keating/if-tomorrow-never-comes-chords-165224",
      "file_path": null,
      "metadata": {}
    },
    "1027113": {
      "id": "1027113",
      "title": "This I Promise You",
      "type": "TAB",
      "url": "https://tabs.ultimate-guitar.com/tab/ronan-keating/this-i-promise-you-tabs-1027113",
      "file_path": null,
      "metadata": {}
    },
    "430497": {
      "id": "430497",
      "title": "This I Promise You",
      "type": "CRD",
      "url": "https://tabs.ultimate-guitar.com/tab/ronan-keating/this-i-promise-you-chords-430497",
      "file_path": null,
      "metadata": {}
    },
    "399831": {
      "id": "399831",
      "title": "Iris",
      "type": "CRD",
      "url": "https://tabs.ultimate-guitar.com/tab/ronan-keating/iris-chords-399831",
      "file_path": null,
      "metadata": {}
    },
    "504412": {
      "id": "504412",
      "title": "When You Say Nothing At All",
      "type": "PRO",
      "url": "https://tabs.ultimate-guitar.com/tab/ronan-keating/when-you-say-nothing-at-all-guitar-pro-504412",
      "file_path": null,
      "metadata": {}
    },
    "590319": {
      "id": "590319",
      "title": "She Believes In Me",
      "type": "CRD",
      "url": "https://tabs.ultimate-guitar.com/tab/ronan-keating/she-believes-in-me-chords-590319",
      "file_path": null,
      "metadata": {}
    },
    "37225": {
      "id": "37225",
      "title": "If Tomorrow Never Comes",
      "type": "TAB",
      "url": "https://tabs.ultimate-guitar.com/tab/ronan-keating/if-tomorrow-never-comes-tabs-37225",
      "file_path": null,
      "metadata": {}
    },
    "845508": {
      "id": "845508",
      "title": "When You Say Nothing At All",
      "type": "VID",
      "url": "https://tabs.ultimate-guitar.com/tab/ronan-keating/when-you-say-nothing-at-all-video-845508",
      "file_path": null,
      "metadata": {}
    },
    "3286313": {
      "id": "3286313",
      "title": "Twenty Twenty  (album)",
      "type": "CRD",
      "url": "https://tabs.ultimate-guitar.com/tab/ronan-keating/twenty-twenty-chords-3286313",
      "file_path": null,
      "metadata": {}
    },
    "4402529": {
      "id": "4402529",
      "title": "Grateful",
      "type": "CRD",
      "url": "https://tabs.ultimate-guitar.com/tab/the-kelly-family/grateful-chords-4402529",
      "file_path": null,
      "metadata": {}
    },
    "4912777": {
      "id": "4912777",
      "title": "Postman Pat - With You",
      "type": "CRD",
      "url": "https://tabs.ultimate-guitar.com/tab/misc-soundtrack/postman-pat-with-you-chords-4912777",
      "file_path": null,
      "metadata": {}
    },
    "3763835": {
      "id": "3763835",
      "title": "These Days",
      "type": "CRD",
      "url": "https://tabs.ultimate-guitar.com/tab/brian-kennedy/these-days-chords-3763835",
      "file_path": null,
      "metadata": {}
    },
    "903620": {
      "id": "903620",
      "title": "Addicted",
      "type": "CRD",
      "url": "https://tabs.ultimate-guitar.com/tab/ronan-keating/addicted-chords-903620",
      "file_path": null,
      "metadata": {}
    },
    "1334213": {
      "id": "1334213",
      "title": "Addicted",
      "type": "UKE",
      "url": "https://tabs.ultimate-guitar.com/tab/ronan-keating/addicted-ukulele-1334213",
      "file_path": null,
      "metadata": {}
    },
    "510551": {
      "id": "510551",
      "title": "All Over Again",
      "type": "CRD",
      "url": "https://tabs.ultimate-guitar.com/tab/ronan-keating/all-over-again-chords-510551",
      "file_path": null,
      "metadata": {}
    },
    "1100254": {
      "id": "1100254",
      "title": "All Over Again (ver 2)",
      "type": "CRD",
      "url": "https://tabs.ultimate-guitar.com/tab/ronan-keating/all-over-again-chords-1100254",
      "file_path": null,
      "metadata": {}
    },
    "1170044": {
      "id": "1170044",
      "title": "All Over Again (ver 3)",
      "type": "CRD",
      "url": "https://tabs.ultimate-guitar.com/tab/ronan-keating/all-over-again-chords-1170044",
      "file_path": null,
      "metadata": {}
    },
    "1251071": {
      "id": "1251071",
      "title": "All Over Again (ver 4)",
      "type": "CRD",
      "url": "https://tabs.ultimate-guitar.com/tab/ronan-keating/all-over-again-chords-1251071",
      "file_path": null,
      "metadata": {}
    },
    "1294404": {
      "id": "1294404",
      "title": "All Over Again",
      "type": "UKE",
      "url": "https://tabs.ultimate-guitar.com/tab/ronan-keating/all-over-again-ukulele-1294404",
      "file_path": null,
      "metadata": {}
    },
    "3292982": {
      "id": "3292982",
      "title": "As Long As Were In Love",
      "type": "CRD",
      "url": "https://tabs.ultimate-guitar.com/tab/ronan-keating/as-long-as-were-in-love-chords-3292982",
      "file_path": null,
      "metadata": {}
    },
    "202228": {
      "id": "202228",
      "title": "Baby Can I Hold You",
      "type": "CRD",
      "url": "https://tabs.ultimate-guitar.com/tab/ronan-keating/baby-can-i-hold-you-chords-202228",
      "file_path": null,
      "metadata": {}
    },
    "400142": {
      "id": "400142",
      "title": "Baby Can I Hold You (ver 2)",
      "type": "CRD",
      "url": "https://tabs.ultimate-guitar.com/tab/ronan-keating/baby-can-i-hold-you-chords-400142",
      "file_path": null,
      "metadata": {}
    },
    "1107617": {
      "id": "1107617",
      "title": "Baby Can I Hold You  Intro",
      "type": "TAB",
      "url": "https://tabs.ultimate-guitar.com/tab/ronan-keating/baby-can-i-hold-you-tabs-1107617",
      "file_path": null,
      "metadata": {}
    },
    "529995": {
      "id": "529995",
      "title": "Baby Can I Hold You",
      "type": "TAB",
      "url": "https://tabs.ultimate-guitar.com/tab/ronan-keating/baby-can-i-hold-you-tabs-529995",
      "file_path": null,
      "metadata": {}
    },
    "1289201": {
      "id": "1289201",
      "title": "Baby Can I Hold You",
      "type": "UKE",
      "url": "https://tabs.ultimate-guitar.com/tab/ronan-keating/baby-can-i-hold-you-ukulele-1289201",
      "file_path": null,
      "metadata": {}
    },
    "3402809": {
      "id": "3402809",
      "title": "Back In The Backseat",
      "type": "CRD",
      "url": "https://tabs.ultimate-guitar.com/tab/ronan-keating/back-in-the-backseat-chords-3402809",
      "file_path": null,
      "metadata": {}
    },
    "1717872": {
      "id": "1717872",
      "title": "Believe",
      "type": "CRD",
      "url": "https://tabs.ultimate-guitar.com/tab/ronan-keating/believe-chords-1717872",
      "file_path": null,
      "metadata": {}
    },
    "1839439": {
      "id": "1839439",
      "title": "Breathe",
      "type": "CRD",
      "url": "https://tabs.ultimate-guitar.com/tab/ronan-keating/breathe-chords-1839439",
      "file_path": null,
      "metadata": {}
    },
    "10270": {
      "id": "10270",
      "title": "Brighter Days",
      "type": "CRD",
      "url": "https://tabs.ultimate-guitar.com/tab/ronan-keating/brighter-days-chords-10270",
      "file_path": null,
      "metadata": {}
    },
    "1255603": {
      "id": "1255603",
      "title": "Brighter Days",
      "type": "UKE",
      "url": "https://tabs.ultimate-guitar.com/tab/ronan-keating/brighter-days-ukulele-1255603",
      "file_path": null,
      "metadata": {}
    },
    "499383": {
      "id": "499383",
      "title": "Bring You Home",
      "type": "CRD",
      "url": "https://tabs.ultimate-guitar.com/tab/ronan-keating/bring-you-home-chords-499383",
      "file_path": null,
      "metadata": {}
    },
    "1293753": {
      "id": "1293753",
      "title": "Bring You Home",
      "type": "UKE",
      "url": "https://tabs.ultimate-guitar.com/tab/ronan-keating/bring-you-home-ukulele-1293753",
      "file_path": null,
      "metadata": {}
    },
    "821915": {
      "id": "821915",
      "title": "Carrickfergus",
      "type": "CRD",
      "url": "https://tabs.ultimate-guitar.com/tab/ronan-keating/carrickfergus-chords-821915",
      "file_path": null,
      "metadata": {}
    },
    "1323996": {
      "id": "1323996",
      "title": "Carrickfergus",
      "type": "UKE",
      "url": "https://tabs.ultimate-guitar.com/tab/ronan-keating/carrickfergus-ukulele-1323996",
      "file_path": null,
      "metadata": {}
    },
    "3288059": {
      "id": "3288059",
      "title": "Close Your Eyes",
      "type": "CRD",
      "url": "https://tabs.ultimate-guitar.com/tab/ronan-keating/close-your-eyes-chords-3288059",
      "file_path": null,
      "metadata": {}
    },
    "1681936": {
      "id": "1681936",
      "title": "Easy Now My Dear",
      "type": "CRD",
      "url": "https://tabs.ultimate-guitar.com/tab/ronan-keating/easy-now-my-dear-chords-1681936",
      "file_path": null,
      "metadata": {}
    },
    "3520073": {
      "id": "3520073",
      "title": "Falling Slowly",
      "type": "CRD",
      "url": "https://tabs.ultimate-guitar.com/tab/ronan-keating/falling-slowly-chords-3520073",
      "file_path": null,
      "metadata": {}
    },
    "928495": {
      "id": "928495",
      "title": "Father And Son",
      "type": "CRD",
      "url": "https://tabs.ultimate-guitar.com/tab/ronan-keating/father-and-son-chords-928495",
      "file_path": null,
      "metadata": {}
    },
    "493205": {
      "id": "493205",
      "title": "Father And Son",
      "type": "CRD",
      "url": "https://tabs.ultimate-guitar.com/tab/ronan-keating/father-and-son-chords-493205",
      "file_path": null,
      "metadata": {}
    },
    "2355117": {
      "id": "2355117",
      "title": "Father And Son (ver 2)",
      "type": "CRD",
      "url": "https://tabs.ultimate-guitar.com/tab/ronan-keating/father-and-son-chords-2355117",
      "file_path": null,
      "metadata": {}
    },
    "1332462": {
      "id": "1332462",
      "title": "Father And Son",
      "type": "UKE",
      "url": "https://tabs.ultimate-guitar.com/tab/ronan-keating/father-and-son-ukulele-1332462",
      "file_path": null,
      "metadata": {}
    },
    "1182908": {
      "id": "1182908",
      "title": "Fires",
      "type": "CRD",
      "url": "https://tabs.ultimate-guitar.com/tab/ronan-keating/fires-chords-1182908",
      "file_path": null,
      "metadata": {}
    },
    "3287924": {
      "id": "3287924",
      "title": "Fires (ver 2)",
      "type": "CRD",
      "url": "https://tabs.ultimate-guitar.com/tab/ronan-keating/fires-chords-3287924",
      "file_path": null,
      "metadata": {}
    },
    "1380814": {
      "id": "1380814",
      "title": "Fires",
      "type": "UKE",
      "url": "https://tabs.ultimate-guitar.com/tab/ronan-keating/fires-ukulele-1380814",
      "file_path": null,
      "metadata": {}
    },
    "3504266": {
      "id": "3504266",
      "title": "First Time",
      "type": "CRD",
      "url": "https://tabs.ultimate-guitar.com/tab/ronan-keating/first-time-chords-3504266",
      "file_path": null,
      "metadata": {}
    },
    "3281918": {
      "id": "3281918",
      "title": "Forever Aint Enough",
      "type": "CRD",
      "url": "https://tabs.ultimate-guitar.com/tab/ronan-keating/forever-aint-enough-chords-3281918",
      "file_path": null,
      "metadata": {}
    },
    "3399497": {
      "id": "3399497",
      "title": "Forever Aint Enough",
      "type": "TAB",
      "url": "https://tabs.ultimate-guitar.com/tab/ronan-keating/forever-aint-enough-tabs-3399497",
      "file_path": null,
      "metadata": {}
    },
    "3286259": {
      "id": "3286259",
      "title": "Forever And Ever Amen",
      "type": "CRD",
      "url": "https://tabs.ultimate-guitar.com/tab/ronan-keating/forever-and-ever-amen-chords-3286259",
      "file_path": null,
      "metadata": {}
    },
    "1717874": {
      "id": "1717874",
      "title": "Friends In Time",
      "type": "CRD",
      "url": "https://tabs.ultimate-guitar.com/tab/ronan-keating/friends-in-time-chords-1717874",
      "file_path": null,
      "metadata": {}
    },
    "3321572": {
      "id": "3321572",
      "title": "Get Back To What Is Real",
      "type": "CRD",
      "url": "https://tabs.ultimate-guitar.com/tab/ronan-keating/get-back-to-what-is-real-chords-3321572",
      "file_path": null,
      "metadata": {}
    },
    "4772390": {
      "id": "4772390",
      "title": "I Believe I Can Fly",
      "type": "CRD",
      "url": "https://tabs.ultimate-guitar.com/tab/ronan-keating/i-believe-i-can-fly-chords-4772390",
      "file_path": null,
      "metadata": {}
    },
    "3327686": {
      "id": "3327686",
      "title": "I Hope You Dance",
      "type": "CRD",
      "url": "https://tabs.ultimate-guitar.com/tab/ronan-keating/i-hope-you-dance-chords-3327686",
      "file_path": null,
      "metadata": {}
    },
    "493212": {
      "id": "493212",
      "title": "I Hope You Dance",
      "type": "TAB",
      "url": "https://tabs.ultimate-guitar.com/tab/ronan-keating/i-hope-you-dance-tabs-493212",
      "file_path": null,
      "metadata": {}
    },
    "2388823": {
      "id": "2388823",
      "title": "I Love It When We Do",
      "type": "CRD",
      "url": "https://tabs.ultimate-guitar.com/tab/ronan-keating/i-love-it-when-we-do-chords-2388823",
      "file_path": null,
      "metadata": {}
    },
    "3402698": {
      "id": "3402698",
      "title": "I Wont Last A Day Without You",
      "type": "CRD",
      "url": "https://tabs.ultimate-guitar.com/tab/ronan-keating/i-wont-last-a-day-without-you-chords-3402698",
      "file_path": null,
      "metadata": {}
    },
    "1776207": {
      "id": "1776207",
      "title": "I Wouldnt Change A Thing",
      "type": "CRD",
      "url": "https://tabs.ultimate-guitar.com/tab/ronan-keating/i-wouldnt-change-a-thing-chords-1776207",
      "file_path": null,
      "metadata": {}
    },
    "1064360": {
      "id": "1064360",
      "title": "If Tomorrow Never Comes (ver 2)",
      "type": "CRD",
      "url": "https://tabs.ultimate-guitar.com/tab/ronan-keating/if-tomorrow-never-comes-chords-1064360",
      "file_path": null,
      "metadata": {}
    },
    "634520": {
      "id": "634520",
      "title": "If Tomorrow Never Comes (ver 2)",
      "type": "TAB",
      "url": "https://tabs.ultimate-guitar.com/tab/ronan-keating/if-tomorrow-never-comes-tabs-634520",
      "file_path": null,
      "metadata": {}
    },
    "1037985": {
      "id": "1037985",
      "title": "If Tomorrow Never Comes (ver 3)",
      "type": "TAB",
      "url": "https://tabs.ultimate-guitar.com/tab/ronan-keating/if-tomorrow-never-comes-tabs-1037985",
      "file_path": null,
      "metadata": {}
    },
    "593280": {
      "id": "593280",
      "title": "If Tomorrow Never Comes",
      "type": "PRO",
      "url": "https://tabs.ultimate-guitar.com/tab/ronan-keating/if-tomorrow-never-comes-guitar-pro-593280",
      "file_path": null,
      "metadata": {}
    },
    "627665": {
      "id": "627665",
      "title": "If Tomorrow Never Comes (ver 2)",
      "type": "PRO",
      "url": "https://tabs.ultimate-guitar.com/tab/ronan-keating/if-tomorrow-never-comes-guitar-pro-627665",
      "file_path": null,
      "metadata": {}
    },
    "46625": {
      "id": "46625",
      "title": "If Tomorrow Never Comes",
      "type": "BASS",
      "url": "https://tabs.ultimate-guitar.com/tab/ronan-keating/if-tomorrow-never-comes-bass-46625",
      "file_path": null,
      "metadata": {}
    },
    "1275267": {
      "id": "1275267",
      "title": "If Tomorrow Never Comes",
      "type": "UKE",
      "url": "https://tabs.ultimate-guitar.com/tab/ronan-keating/if-tomorrow-never-comes-ukulele-1275267",
      "file_path": null,
      "metadata": {}
    },
    "2250947": {
      "id": "2250947",
      "title": "If Tomorrow Never Comes (ver 2)",
      "type": "UKE",
      "url": "https://tabs.ultimate-guitar.com/tab/ronan-keating/if-tomorrow-never-comes-ukulele-2250947",
      "file_path": null,
      "metadata": {}
    },
    "1717875": {
      "id": "1717875",
      "title": "If You Love Me",
      "type": "CRD",
      "url": "https://tabs.ultimate-guitar.com/tab/ronan-keating/if-you-love-me-chords-1717875",
      "file_path": null,
      "metadata": {}
    },
    "29192": {
      "id": "29192",
      "title": "In This Life",
      "type": "CRD",
      "url": "https://tabs.ultimate-guitar.com/tab/ronan-keating/in-this-life-chords-29192",
      "file_path": null,
      "metadata": {}
    },
    "1255604": {
      "id": "1255604",
      "title": "In This Life",
      "type": "UKE",
      "url": "https://tabs.ultimate-guitar.com/tab/ronan-keating/in-this-life-ukulele-1255604",
      "file_path": null,
      "metadata": {}
    },
    "3290849": {
      "id": "3290849",
      "title": "In Your Arms",
      "type": "CRD",
      "url": "https://tabs.ultimate-guitar.com/tab/ronan-keating/in-your-arms-chords-3290849",
      "file_path": null,
      "metadata": {}
    },
    "446287": {
      "id": "446287",
      "title": "Iris (ver 2)",
      "type": "CRD",
      "url": "https://tabs.ultimate-guitar.com/tab/ronan-keating/iris-chords-446287",
      "file_path": null,
      "metadata": {}
    },
    "482346": {
      "id": "482346",
      "title": "Iris (ver 3)",
      "type": "CRD",
      "url": "https://tabs.ultimate-guitar.com/tab/ronan-keating/iris-chords-482346",
      "file_path": null,
      "metadata": {}
    },
    "1120644": {
      "id": "1120644",
      "title": "Iris (ver 4)",
      "type": "CRD",
      "url": "https://tabs.ultimate-guitar.com/tab/ronan-keating/iris-chords-1120644",
      "file_path": null,
      "metadata": {}
    },
    "2481089": {
      "id": "2481089",
      "title": "Iris (ver 5)",
      "type": "CRD",
      "url": "https://tabs.ultimate-guitar.com/tab/ronan-keating/iris-chords-2481089",
      "file_path": null,
      "metadata": {}
    },
    "401709": {
      "id": "401709",
      "title": "Iris",
      "type": "TAB",
      "url": "https://tabs.ultimate-guitar.com/tab/ronan-keating/iris-tabs-401709",
      "file_path": null,
      "metadata": {}
    },
    "1292848": {
      "id": "1292848",
      "title": "Iris",
      "type": "UKE",
      "url": "https://tabs.ultimate-guitar.com/tab/ronan-keating/iris-ukulele-1292848",
      "file_path": null,
      "metadata": {}
    },
    "3324209": {
      "id": "3324209",
      "title": "Its Alright",
      "type": "CRD",
      "url": "https://tabs.ultimate-guitar.com/tab/ronan-keating/its-alright-chords-3324209",
      "file_path": null,
      "metadata": {}
    },
    "1906958": {
      "id": "1906958",
      "title": "Its Only Christmas",
      "type": "CRD",
      "url": "https://tabs.ultimate-guitar.com/tab/ronan-keating/its-only-christmas-chords-1906958",
      "file_path": null,
      "metadata": {}
    },
    "3402668": {
      "id": "3402668",
      "title": "Its Only Christmas (ver 2)",
      "type": "CRD",
      "url": "https://tabs.ultimate-guitar.com/tab/ronan-keating/its-only-christmas-chords-3402668",
      "file_path": null,
      "metadata": {}
    },
    "3287969": {
      "id": "3287969",
      "title": "Ive Got You",
      "type": "CRD",
      "url": "https://tabs.ultimate-guitar.com/tab/ronan-keating/ive-got-you-chords-3287969",
      "file_path": null,
      "metadata": {}
    },
    "3290768": {
      "id": "3290768",
      "title": "Landslide",
      "type": "CRD",
      "url": "https://tabs.ultimate-guitar.com/tab/ronan-keating/landslide-chords-3290768",
      "file_path": null,
      "metadata": {}
    },
    "119686": {
      "id": "119686",
      "title": "Last Thing On My Mind",
      "type": "CRD",
      "url": "https://tabs.ultimate-guitar.com/tab/ronan-keating/last-thing-on-my-mind-chords-119686",
      "file_path": null,
      "metadata": {}
    },
    "646672": {
      "id": "646672",
      "title": "Last Thing On My Mind (ver 2)",
      "type": "CRD",
      "url": "https://tabs.ultimate-guitar.com/tab/ronan-keating/last-thing-on-my-mind-chords-646672",
      "file_path": null,
      "metadata": {}
    },
    "156300": {
      "id": "156300",
      "title": "Last Thing On My Mind  Intro",
      "type": "TAB",
      "url": "https://tabs.ultimate-guitar.com/tab/ronan-keating/last-thing-on-my-mind-tabs-156300",
      "file_path": null,
      "metadata": {}
    },
    "736898": {
      "id": "736898",
      "title": "Last Thing On My Mind (ver 2) Intro",
      "type": "TAB",
      "url": "https://tabs.ultimate-guitar.com/tab/ronan-keating/last-thing-on-my-mind-tabs-736898",
      "file_path": null,
      "metadata": {}
    },
    "1823836": {
      "id": "1823836",
      "title": "Let Me Love You",
      "type": "CRD",
      "url": "https://tabs.ultimate-guitar.com/tab/ronan-keating/let-me-love-you-chords-1823836",
      "file_path": null,
      "metadata": {}
    },
    "1934635": {
      "id": "1934635",
      "title": "Let Me Love You",
      "type": "BASS",
      "url": "https://tabs.ultimate-guitar.com/tab/ronan-keating/let-me-love-you-bass-1934635",
      "file_path": null,
      "metadata": {}
    },
    "10265": {
      "id": "10265",
      "title": "Life Is A Rollercoaster",
      "type": "CRD",
      "url": "https://tabs.ultimate-guitar.com/tab/ronan-keating/life-is-a-rollercoaster-chords-10265",
      "file_path": null,
      "metadata": {}
    },
    "10269": {
      "id": "10269",
      "title": "Life Is A Rollercoaster (ver 2)",
      "type": "CRD",
      "url": "https://tabs.ultimate-guitar.com/tab/ronan-keating/life-is-a-rollercoaster-chords-10269",
      "file_path": null,
      "metadata": {}
    },
    "1466027": {
      "id": "1466027",
      "title": "Life Is A Rollercoaster (ver 3)",
      "type": "CRD",
      "url": "https://tabs.ultimate-guitar.com/tab/ronan-keating/life-is-a-rollercoaster-chords-1466027",
      "file_path": null,
      "metadata": {}
    },
    "3113561": {
      "id": "3113561",
      "title": "Life Is A Rollercoaster",
      "type": "BASS",
      "url": "https://tabs.ultimate-guitar.com/tab/ronan-keating/life-is-a-rollercoaster-bass-3113561",
      "file_path": null,
      "metadata": {}
    },
    "1255605": {
      "id": "1255605",
      "title": "Life Is A Rollercoaster",
      "type": "UKE",
      "url": "https://tabs.ultimate-guitar.com/tab/ronan-keating/life-is-a-rollercoaster-ukulele-1255605",
      "file_path": null,
      "metadata": {}
    },
    "3281891": {
      "id": "3281891",
      "title": "Little Thing Called Love",
      "type": "CRD",
      "url": "https://tabs.ultimate-guitar.com/tab/ronan-keating/little-thing-called-love-chords-3281891",
      "file_path": null,
      "metadata": {}
    },
    "3296306": {
      "id": "3296306",
      "title": "Little Thing Called Love (ver 2)",
      "type": "CRD",
      "url": "https://tabs.ultimate-guitar.com/tab/ronan-keating/little-thing-called-love-chords-3296306",
      "file_path": null,
      "metadata": {}
    },
    "3284507": {
      "id": "3284507",
      "title": "Love Will Remain",
      "type": "CRD",
      "url": "https://tabs.ultimate-guitar.com/tab/ronan-keating/love-will-remain-chords-3284507",
      "file_path": null,
      "metadata": {}
    },
    "42708": {
      "id": "42708",
      "title": "Love Wont Work",
      "type": "CRD",
      "url": "https://tabs.ultimate-guitar.com/tab/ronan-keating/love-wont-work-chords-42708",
      "file_path": null,
      "metadata": {}
    },
    "1255606": {
      "id": "1255606",
      "title": "Love Wont Work",
      "type": "UKE",
      "url": "https://tabs.ultimate-guitar.com/tab/ronan-keating/love-wont-work-ukulele-1255606",
      "file_path": null,
      "metadata": {}
    },
    "10276": {
      "id": "10276",
      "title": "Lovin Each Day",
      "type": "CRD",
      "url": "https://tabs.ultimate-guitar.com/tab/ronan-keating/lovin-each-day-chords-10276",
      "file_path": null,
      "metadata": {}
    },
    "478625": {
      "id": "478625",
      "title": "Lovin Each Day",
      "type": "PRO",
      "url": "https://tabs.ultimate-guitar.com/tab/ronan-keating/lovin-each-day-guitar-pro-478625",
      "file_path": null,
      "metadata": {}
    },
    "1255607": {
      "id": "1255607",
      "title": "Lovin Each Day",
      "type": "UKE",
      "url": "https://tabs.ultimate-guitar.com/tab/ronan-keating/lovin-each-day-ukulele-1255607",
      "file_path": null,
      "metadata": {}
    },
    "3288044": {
      "id": "3288044",
      "title": "Lullaby",
      "type": "CRD",
      "url": "https://tabs.ultimate-guitar.com/tab/ronan-keating/lullaby-chords-3288044",
      "file_path": null,
      "metadata": {}
    },
    "884782": {
      "id": "884782",
      "title": "Mamas Arms",
      "type": "CRD",
      "url": "https://tabs.ultimate-guitar.com/tab/ronan-keating/mamas-arms-chords-884782",
      "file_path": null,
      "metadata": {}
    },
    "1331471": {
      "id": "1331471",
      "title": "Mamas Arms",
      "type": "UKE",
      "url": "https://tabs.ultimate-guitar.com/tab/ronan-keating/mamas-arms-ukulele-1331471",
      "file_path": null,
      "metadata": {}
    },
    "3288017": {
      "id": "3288017",
      "title": "Nineteen Again",
      "type": "CRD",
      "url": "https://tabs.ultimate-guitar.com/tab/ronan-keating/nineteen-again-chords-3288017",
      "file_path": null,
      "metadata": {}
    },
    "3284468": {
      "id": "3284468",
      "title": "One Of A Kind",
      "type": "CRD",
      "url": "https://tabs.ultimate-guitar.com/tab/ronan-keating/one-of-a-kind-chords-3284468",
      "file_path": null,
      "metadata": {}
    },
    "1717876": {
      "id": "1717876",
      "title": "Only For You",
      "type": "CRD",
      "url": "https://tabs.ultimate-guitar.com/tab/ronan-keating/only-for-you-chords-1717876",
      "file_path": null,
      "metadata": {}
    },
    "3284498": {
      "id": "3284498",
      "title": "Only Lovers",
      "type": "CRD",
      "url": "https://tabs.ultimate-guitar.com/tab/ronan-keating/only-lovers-chords-3284498",
      "file_path": null,
      "metadata": {}
    },
    "3321539": {
      "id": "3321539",
      "title": "Oxygen",
      "type": "CRD",
      "url": "https://tabs.ultimate-guitar.com/tab/ronan-keating/oxygen-chords-3321539",
      "file_path": null,
      "metadata": {}
    },
    "3951368": {
      "id": "3951368",
      "title": "Set In Stone",
      "type": "CRD",
      "url": "https://tabs.ultimate-guitar.com/tab/ronan-keating/set-in-stone-chords-3951368",
      "file_path": null,
      "metadata": {}
    },
    "1083573": {
      "id": "1083573",
      "title": "She Believes In Me",
      "type": "TAB",
      "url": "https://tabs.ultimate-guitar.com/tab/ronan-keating/she-believes-in-me-tabs-1083573",
      "file_path": null,
      "metadata": {}
    },
    "1301743": {
      "id": "1301743",
      "title": "She Believes In Me",
      "type": "UKE",
      "url": "https://tabs.ultimate-guitar.com/tab/ronan-keating/she-believes-in-me-ukulele-1301743",
      "file_path": null,
      "metadata": {}
    },
    "3290894": {
      "id": "3290894",
      "title": "She Knows Me",
      "type": "CRD",
      "url": "https://tabs.ultimate-guitar.com/tab/ronan-keating/she-knows-me-chords-3290894",
      "file_path": null,
      "metadata": {}
    },
    "3290801": {
      "id": "3290801",
      "title": "Shine Like Gold",
      "type": "CRD",
      "url": "https://tabs.ultimate-guitar.com/tab/ronan-keating/shine-like-gold-chords-3290801",
      "file_path": null,
      "metadata": {}
    },
    "3285713": {
      "id": "3285713",
      "title": "Something Wonderful",
      "type": "CRD",
      "url": "https://tabs.ultimate-guitar.com/tab/ronan-keating/something-wonderful-chords-3285713",
      "file_path": null,
      "metadata": {}
    },
    "10274": {
      "id": "10274",
      "title": "Starlight",
      "type": "CRD",
      "url": "https://tabs.ultimate-guitar.com/tab/ronan-keating/starlight-chords-10274",
      "file_path": null,
      "metadata": {}
    },
    "1255608": {
      "id": "1255608",
      "title": "Starlight",
      "type": "UKE",
      "url": "https://tabs.ultimate-guitar.com/tab/ronan-keating/starlight-ukulele-1255608",
      "file_path": null,
      "metadata": {}
    },
    "2143277": {
      "id": "2143277",
      "title": "Stay",
      "type": "CRD",
      "url": "https://tabs.ultimate-guitar.com/tab/ronan-keating/stay-chords-2143277",
      "file_path": null,
      "metadata": {}
    },
    "1909695": {
      "id": "1909695",
      "title": "Summer Wonderland",
      "type": "CRD",
      "url": "https://tabs.ultimate-guitar.com/tab/ronan-keating/summer-wonderland-chords-1909695",
      "file_path": null,
      "metadata": {}
    },
    "1907618": {
      "id": "1907618",
      "title": "Summer Wonderland",
      "type": "UKE",
      "url": "https://tabs.ultimate-guitar.com/tab/ronan-keating/summer-wonderland-ukulele-1907618",
      "file_path": null,
      "metadata": {}
    },
    "827909": {
      "id": "827909",
      "title": "Superman",
      "type": "CRD",
      "url": "https://tabs.ultimate-guitar.com/tab/ronan-keating/superman-chords-827909",
      "file_path": null,
      "metadata": {}
    },
    "1670098": {
      "id": "1670098",
      "title": "Superman (ver 2)",
      "type": "CRD",
      "url": "https://tabs.ultimate-guitar.com/tab/ronan-keating/superman-chords-1670098",
      "file_path": null,
      "metadata": {}
    },
    "1285218": {
      "id": "1285218",
      "title": "Superman",
      "type": "UKE",
      "url": "https://tabs.ultimate-guitar.com/tab/ronan-keating/superman-ukulele-1285218",
      "file_path": null,
      "metadata": {}
    },
    "3281768": {
      "id": "3281768",
      "title": "The Big Goodbye",
      "type": "CRD",
      "url": "https://tabs.ultimate-guitar.com/tab/ronan-keating/the-big-goodbye-chords-3281768",
      "file_path": null,
      "metadata": {}
    },
    "1424030": {
      "id": "1424030",
      "title": "The Long Goodbye",
      "type": "CRD",
      "url": "https://tabs.ultimate-guitar.com/tab/ronan-keating/the-long-goodbye-chords-1424030",
      "file_path": null,
      "metadata": {}
    },
    "2096619": {
      "id": "2096619",
      "title": "The Long Goodbye (ver 2)",
      "type": "CRD",
      "url": "https://tabs.ultimate-guitar.com/tab/ronan-keating/the-long-goodbye-chords-2096619",
      "file_path": null,
      "metadata": {}
    },
    "3285692": {
      "id": "3285692",
      "title": "The One",
      "type": "CRD",
      "url": "https://tabs.ultimate-guitar.com/tab/ronan-keating/the-one-chords-3285692",
      "file_path": null,
      "metadata": {}
    },
    "3290972": {
      "id": "3290972",
      "title": "The One You Love",
      "type": "CRD",
      "url": "https://tabs.ultimate-guitar.com/tab/ronan-keating/the-one-you-love-chords-3290972",
      "file_path": null,
      "metadata": {}
    },
    "72965": {
      "id": "72965",
      "title": "The Way You Make Me Feel",
      "type": "CRD",
      "url": "https://tabs.ultimate-guitar.com/tab/ronan-keating/the-way-you-make-me-feel-chords-72965",
      "file_path": null,
      "metadata": {}
    },
    "1263963": {
      "id": "1263963",
      "title": "The Way You Make Me Feel",
      "type": "UKE",
      "url": "https://tabs.ultimate-guitar.com/tab/ronan-keating/the-way-you-make-me-feel-ukulele-1263963",
      "file_path": null,
      "metadata": {}
    },
    "3292994": {
      "id": "3292994",
      "title": "Think I Dont Remember",
      "type": "CRD",
      "url": "https://tabs.ultimate-guitar.com/tab/ronan-keating/think-i-dont-remember-chords-3292994",
      "file_path": null,
      "metadata": {}
    },
    "4222306": {
      "id": "4222306",
      "title": "This I Promise You",
      "type": "PRO",
      "url": "https://tabs.ultimate-guitar.com/tab/ronan-keating/this-i-promise-you-guitar-pro-4222306",
      "file_path": null,
      "metadata": {}
    },
    "1292550": {
      "id": "1292550",
      "title": "This I Promise You",
      "type": "UKE",
      "url": "https://tabs.ultimate-guitar.com/tab/ronan-keating/this-i-promise-you-ukulele-1292550",
      "file_path": null,
      "metadata": {}
    },
    "10271": {
      "id": "10271",
      "title": "This Is Your Song",
      "type": "CRD",
      "url": "https://tabs.ultimate-guitar.com/tab/ronan-keating/this-is-your-song-chords-10271",
      "file_path": null,
      "metadata": {}
    },
    "10263": {
      "id": "10263",
      "title": "This Is Your Song",
      "type": "TAB",
      "url": "https://tabs.ultimate-guitar.com/tab/ronan-keating/this-is-your-song-tabs-10263",
      "file_path": null,
      "metadata": {}
    },
    "1255610": {
      "id": "1255610",
      "title": "This Is Your Song",
      "type": "UKE",
      "url": "https://tabs.ultimate-guitar.com/tab/ronan-keating/this-is-your-song-ukulele-1255610",
      "file_path": null,
      "metadata": {}
    },
    "866889": {
      "id": "866889",
      "title": "Time After Time",
      "type": "CRD",
      "url": "https://tabs.ultimate-guitar.com/tab/ronan-keating/time-after-time-chords-866889",
      "file_path": null,
      "metadata": {}
    },
    "1329376": {
      "id": "1329376",
      "title": "Time After Time",
      "type": "UKE",
      "url": "https://tabs.ultimate-guitar.com/tab/ronan-keating/time-after-time-ukulele-1329376",
      "file_path": null,
      "metadata": {}
    },
    "3481193": {
      "id": "3481193",
      "title": "Time Of My Life",
      "type": "CRD",
      "url": "https://tabs.ultimate-guitar.com/tab/ronan-keating/time-of-my-life-chords-3481193",
      "file_path": null,
      "metadata": {}
    },
    "1190662": {
      "id": "1190662",
      "title": "Wasted Light",
      "type": "CRD",
      "url": "https://tabs.ultimate-guitar.com/tab/ronan-keating/wasted-light-chords-1190662",
      "file_path": null,
      "metadata": {}
    },
    "1379369": {
      "id": "1379369",
      "title": "Wasted Light",
      "type": "UKE",
      "url": "https://tabs.ultimate-guitar.com/tab/ronan-keating/wasted-light-ukulele-1379369",
      "file_path": null,
      "metadata": {}
    },
    "44722": {
      "id": "44722",
      "title": "Weve Got Tonight",
      "type": "CRD",
      "url": "https://tabs.ultimate-guitar.com/tab/ronan-keating/weve-got-tonight-chords-44722",
      "file_path": null,
      "metadata": {}
    },
    "1059201": {
      "id": "1059201",
      "title": "Weve Got Tonight (ver 2)",
      "type": "CRD",
      "url": "https://tabs.ultimate-guitar.com/tab/ronan-keating/weve-got-tonight-chords-1059201",
      "file_path": null,
      "metadata": {}
    },
    "2100969": {
      "id": "2100969",
      "title": "Weve Got Tonight (ver 3)",
      "type": "CRD",
      "url": "https://tabs.ultimate-guitar.com/tab/ronan-keating/weve-got-tonight-chords-2100969",
      "file_path": null,
      "metadata": {}
    },
    "567785": {
      "id": "567785",
      "title": "Weve Got Tonight",
      "type": "BASS",
      "url": "https://tabs.ultimate-guitar.com/tab/ronan-keating/weve-got-tonight-bass-567785",
      "file_path": null,
      "metadata": {}
    },
    "1255611": {
      "id": "1255611",
      "title": "Weve Got Tonight",
      "type": "UKE",
      "url": "https://tabs.ultimate-guitar.com/tab/ronan-keating/weve-got-tonight-ukulele-1255611",
      "file_path": null,
      "metadata": {}
    },
    "3681014": {
      "id": "3681014",
      "title": "When The World Was Mine",
      "type": "CRD",
      "url": "https://tabs.ultimate-guitar.com/tab/ronan-keating/when-the-world-was-mine-chords-3681014",
      "file_path": null,
      "metadata": {}
    },
    "129080": {
      "id": "129080",
      "title": "When The World Was Mine",
      "type": "TAB",
      "url": "https://tabs.ultimate-guitar.com/tab/ronan-keating/when-the-world-was-mine-tabs-129080",
      "file_path": null,
      "metadata": {}
    },
    "882693": {
      "id": "882693",
      "title": "When You Say Nothing At All (ver 2)",
      "type": "CRD",
      "url": "https://tabs.ultimate-guitar.com/tab/ronan-keating/when-you-say-nothing-at-all-chords-882693",
      "file_path": null,
      "metadata": {}
    },
    "1189494": {
      "id": "1189494",
      "title": "When You Say Nothing At All (ver 3)",
      "type": "CRD",
      "url": "https://tabs.ultimate-guitar.com/tab/ronan-keating/when-you-say-nothing-at-all-chords-1189494",
      "file_path": null,
      "metadata": {}
    },
    "1734126": {
      "id": "1734126",
      "title": "When You Say Nothing At All (ver 4)",
      "type": "CRD",
      "url": "https://tabs.ultimate-guitar.com/tab/ronan-keating/when-you-say-nothing-at-all-chords-1734126",
      "file_path": null,
      "metadata": {}
    },
    "2364427": {
      "id": "2364427",
      "title": "When You Say Nothing At All (ver 5)",
      "type": "CRD",
      "url": "https://tabs.ultimate-guitar.com/tab/ronan-keating/when-you-say-nothing-at-all-chords-2364427",
      "file_path": null,
      "metadata": {}
    },
    "1712963": {
      "id": "1712963",
      "title": "When You Say Nothing At All  Solo",
      "type": "TAB",
      "url": "https://tabs.ultimate-guitar.com/tab/ronan-keating/when-you-say-nothing-at-all-tabs-1712963",
      "file_path": null,
      "metadata": {}
    },
    "1814907": {
      "id": "1814907",
      "title": "When You Say Nothing At All  Intro",
      "type": "TAB",
      "url": "https://tabs.ultimate-guitar.com/tab/ronan-keating/when-you-say-nothing-at-all-tabs-1814907",
      "file_path": null,
      "metadata": {}
    },
    "10267": {
      "id": "10267",
      "title": "When You Say Nothing At All (ver 2)",
      "type": "TAB",
      "url": "https://tabs.ultimate-guitar.com/tab/ronan-keating/when-you-say-nothing-at-all-tabs-10267",
      "file_path": null,
      "metadata": {}
    },
    "91692": {
      "id": "91692",
      "title": "When You Say Nothing At All (ver 3)",
      "type": "TAB",
      "url": "https://tabs.ultimate-guitar.com/tab/ronan-keating/when-you-say-nothing-at-all-tabs-91692",
      "file_path": null,
      "metadata": {}
    },
    "1424827": {
      "id": "1424827",
      "title": "When You Say Nothing At All (ver 4)",
      "type": "TAB",
      "url": "https://tabs.ultimate-guitar.com/tab/ronan-keating/when-you-say-nothing-at-all-tabs-1424827",
      "file_path": null,
      "metadata": {}
    },
    "590914": {
      "id": "590914",
      "title": "When You Say Nothing At All (ver 2)",
      "type": "PRO",
      "url": "https://tabs.ultimate-guitar.com/tab/ronan-keating/when-you-say-nothing-at-all-guitar-pro-590914",
      "file_path": null,
      "metadata": {}
    },
    "753033": {
      "id": "753033",
      "title": "When You Say Nothing At All (ver 3)",
      "type": "PRO",
      "url": "https://tabs.ultimate-guitar.com/tab/ronan-keating/when-you-say-nothing-at-all-guitar-pro-753033",
      "file_path": null,
      "metadata": {}
    },
    "973876": {
      "id": "973876",
      "title": "When You Say Nothing At All (ver 4)",
      "type": "PRO",
      "url": "https://tabs.ultimate-guitar.com/tab/ronan-keating/when-you-say-nothing-at-all-guitar-pro-973876",
      "file_path": null,
      "metadata": {}
    },
    "1746701": {
      "id": "1746701",
      "title": "When You Say Nothing At All",
      "type": "PRO",
      "url": "https://tabs.ultimate-guitar.com/tab/ronan-keating/when-you-say-nothing-at-all-guitar-pro-1746701",
      "file_path": null,
      "metadata": {}
    },
    "310061": {
      "id": "310061",
      "title": "When You Say Nothing At All",
      "type": "PWR",
      "url": "https://tabs.ultimate-guitar.com/tab/ronan-keating/when-you-say-nothing-at-all-power-310061",
      "file_path": null,
      "metadata": {}
    },
    "310062": {
      "id": "310062",
      "title": "When You Say Nothing At All (ver 2)",
      "type": "PWR",
      "url": "https://tabs.ultimate-guitar.com/tab/ronan-keating/when-you-say-nothing-at-all-power-310062",
      "file_path": null,
      "metadata": {}
    },
    "310063": {
      "id": "310063",
      "title": "When You Say Nothing At All (ver 3)",
      "type": "PWR",
      "url": "https://tabs.ultimate-guitar.com/tab/ronan-keating/when-you-say-nothing-at-all-power-310063",
      "file_path": null,
      "metadata": {}
    },
    "579812": {
      "id": "579812",
      "title": "When You Say Nothing At All (ver 4)",
      "type": "PWR",
      "url": "https://tabs.ultimate-guitar.com/tab/ronan-keating/when-you-say-nothing-at-all-power-579812",
      "file_path": null,
      "metadata": {}
    },
    "618145": {
      "id": "618145",
      "title": "When You Say Nothing At All",
      "type": "BASS",
      "url": "https://tabs.ultimate-guitar.com/tab/ronan-keating/when-you-say-nothing-at-all-bass-618145",
      "file_path": null,
      "metadata": {}
    },
    "1053219": {
      "id": "1053219",
      "title": "When You Say Nothing At All (ver 2)",
      "type": "BASS",
      "url": "https://tabs.ultimate-guitar.com/tab/ronan-keating/when-you-say-nothing-at-all-bass-1053219",
      "file_path": null,
      "metadata": {}
    },
    "1780945": {
      "id": "1780945",
      "title": "When You Say Nothing At All (ver 2)",
      "type": "VID",
      "url": "https://tabs.ultimate-guitar.com/tab/ronan-keating/when-you-say-nothing-at-all-video-1780945",
      "file_path": null,
      "metadata": {}
    },
    "2139127": {
      "id": "2139127",
      "title": "When You Say Nothing At All",
      "type": "UKE",
      "url": "https://tabs.ultimate-guitar.com/tab/ronan-keating/when-you-say-nothing-at-all-ukulele-2139127",
      "file_path": null,
      "metadata": {}
    },
    "3052204": {
      "id": "3052204",
      "title": "When You Say Nothing At All (ver 2)",
      "type": "UKE",
      "url": "https://tabs.ultimate-guitar.com/tab/ronan-keating/when-you-say-nothing-at-all-ukulele-3052204",
      "file_path": null,
      "metadata": {}
    },
    "3324293": {
      "id": "3324293",
      "title": "Will You Ever Be Mine",
      "type": "CRD",
      "url": "https://tabs.ultimate-guitar.com/tab/ronan-keating/will-you-ever-be-mine-chords-3324293",
      "file_path": null,
      "metadata": {}
    },
    "5058553": {
      "id": "5058553",
      "title": "Winter Song",
      "type": "CRD",
      "url": "https://tabs.ultimate-guitar.com/tab/ronan-keating/winter-song-chords-5058553",
      "file_path": null,
      "metadata": {}
    },
    "72964": {
      "id": "72964",
      "title": "You Say It Best",
      "type": "TAB",
      "url": "https://tabs.ultimate-guitar.com/tab/ronan-keating/you-say-it-best-tabs-72964",
      "file_path": null,
      "metadata": {}
    }
  }
}