{
  "id": "109333",
  "name": "Заур Магомадов",
  "url": "https://www.ultimate-guitar.com/artist/109333",
  "tabs": {
    "2412537": {
      "id": "2412537",
      "title": "План Из Ирана",
      "type": "CRD",
      "url": "https://tabs.ultimate-guitar.com/tab/2412537",
      "file_path": null,
      "metadata": {}
    },
    "2874413": {
      "id": "2874413",
      "title": "Самая Красивая",
      "type": "CRD",
      "url": "https://tabs.ultimate-guitar.com/tab/2874413",
      "file_path": null,
      "metadata": {}
    }
  }
}