{
  "id": "10997",
  "name": "Graham Nash",
  "url": "https://www.ultimate-guitar.com/artist/graham_nash_10997",
  "tabs": {
    "982102": {
      "id": "982102",
      "title": "Marrakesh Express",
      "type": "CRD",
      "url": "https://tabs.ultimate-guitar.com/tab/graham-nash/marrakesh-express-chords-982102",
      "file_path": null,
      "metadata": {}
    },
    "173869": {
      "id": "173869",
      "title": "Better Days",
      "type": "CRD",
      "url": "https://tabs.ultimate-guitar.com/tab/graham-nash/better-days-chords-173869",
      "file_path": null,
      "metadata": {}
    },
    "1213581": {
      "id": "1213581",
      "title": "Simple Man",
      "type": "CRD",
      "url": "https://tabs.ultimate-guitar.com/tab/graham-nash/simple-man-chords-1213581",
      "file_path": null,
      "metadata": {}
    },
    "77890": {
      "id": "77890",
      "title": "Chicago",
      "type": "CRD",
      "url": "https://tabs.ultimate-guitar.com/tab/graham-nash/chicago-chords-77890",
      "file_path": null,
      "metadata": {}
    },
    "760581": {
      "id": "760581",
      "title": "Be Yourself",
      "type": "CRD",
      "url": "https://tabs.ultimate-guitar.com/tab/graham-nash/be-yourself-chords-760581",
      "file_path": null,
      "metadata": {}
    },
    "77892": {
      "id": "77892",
      "title": "Prison Song",
      "type": "CRD",
      "url": "https://tabs.ultimate-guitar.com/tab/graham-nash/prison-song-chords-77892",
      "file_path": null,
      "metadata": {}
    },
    "64133": {
      "id": "64133",
      "title": "Military Madness",
      "type": "CRD",
      "url": "https://tabs.ultimate-guitar.com/tab/graham-nash/military-madness-chords-64133",
      "file_path": null,
      "metadata": {}
    },
    "64121": {
      "id": "64121",
      "title": "I Used To Be A King",
      "type": "CRD",
      "url": "https://tabs.ultimate-guitar.com/tab/graham-nash/i-used-to-be-a-king-chords-64121",
      "file_path": null,
      "metadata": {}
    },
    "1137087": {
      "id": "1137087",
      "title": "Sleep Song",
      "type": "CRD",
      "url": "https://tabs.ultimate-guitar.com/tab/graham-nash/sleep-song-chords-1137087",
      "file_path": null,
      "metadata": {}
    },
    "707184": {
      "id": "707184",
      "title": "On The Line",
      "type": "CRD",
      "url": "https://tabs.ultimate-guitar.com/tab/graham-nash/on-the-line-chords-707184",
      "file_path": null,
      "metadata": {}
    },
    "5261259": {
      "id": "5261259",
      "title": "Dare To Dream",
      "type": "CRD",
      "url": "https://tabs.ultimate-guitar.com/tab/mike-campbell/dare-to-dream-chords-5261259",
      "file_path": null,
      "metadata": {}
    },
    "88635": {
      "id": "88635",
      "title": "War Song",
      "type": "CRD",
      "url": "https://tabs.ultimate-guitar.com/tab/neil-young/war-song-chords-88635",
      "file_path": null,
      "metadata": {}
    },
    "1269775": {
      "id": "1269775",
      "title": "War Song",
      "type": "UKE",
      "url": "https://tabs.ultimate-guitar.com/tab/neil-young/war-song-ukulele-1269775",
      "file_path": null,
      "metadata": {}
    },
    "5704715": {
      "id": "5704715",
      "title": "A Better Life",
      "type": "CRD",
      "url": "https://tabs.ultimate-guitar.com/tab/graham-nash/a-better-life-chords-5704715",
      "file_path": null,
      "metadata": {}
    },
    "640724": {
      "id": "640724",
      "title": "And So It Goes",
      "type": "CRD",
      "url": "https://tabs.ultimate-guitar.com/tab/graham-nash/and-so-it-goes-chords-640724",
      "file_path": null,
      "metadata": {}
    },
    "3171617": {
      "id": "3171617",
      "title": "Another Broken Heart",
      "type": "CRD",
      "url": "https://tabs.ultimate-guitar.com/tab/graham-nash/another-broken-heart-chords-3171617",
      "file_path": null,
      "metadata": {}
    },
    "64099": {
      "id": "64099",
      "title": "Another Sleep Song",
      "type": "CRD",
      "url": "https://tabs.ultimate-guitar.com/tab/graham-nash/another-sleep-song-chords-64099",
      "file_path": null,
      "metadata": {}
    },
    "1861687": {
      "id": "1861687",
      "title": "Another Sleep Song (ver 2)",
      "type": "CRD",
      "url": "https://tabs.ultimate-guitar.com/tab/graham-nash/another-sleep-song-chords-1861687",
      "file_path": null,
      "metadata": {}
    },
    "1260589": {
      "id": "1260589",
      "title": "Another Sleep Song",
      "type": "UKE",
      "url": "https://tabs.ultimate-guitar.com/tab/graham-nash/another-sleep-song-ukulele-1260589",
      "file_path": null,
      "metadata": {}
    },
    "5708708": {
      "id": "5708708",
      "title": "Back Home",
      "type": "CRD",
      "url": "https://tabs.ultimate-guitar.com/tab/graham-nash/back-home-chords-5708708",
      "file_path": null,
      "metadata": {}
    },
    "173868": {
      "id": "173868",
      "title": "Barrel Of Pain Half Life",
      "type": "CRD",
      "url": "https://tabs.ultimate-guitar.com/tab/graham-nash/barrel-of-pain-half-life-chords-173868",
      "file_path": null,
      "metadata": {}
    },
    "1825002": {
      "id": "1825002",
      "title": "Be Yourself (ver 2)",
      "type": "CRD",
      "url": "https://tabs.ultimate-guitar.com/tab/graham-nash/be-yourself-chords-1825002",
      "file_path": null,
      "metadata": {}
    },
    "5589915": {
      "id": "5589915",
      "title": "Be Yourself (ver 3)",
      "type": "CRD",
      "url": "https://tabs.ultimate-guitar.com/tab/graham-nash/be-yourself-chords-5589915",
      "file_path": null,
      "metadata": {}
    },
    "3652094": {
      "id": "3652094",
      "title": "Behind The Shades",
      "type": "CRD",
      "url": "https://tabs.ultimate-guitar.com/tab/graham-nash/behind-the-shades-chords-3652094",
      "file_path": null,
      "metadata": {}
    },
    "3142970": {
      "id": "3142970",
      "title": "Beneath The Waves",
      "type": "CRD",
      "url": "https://tabs.ultimate-guitar.com/tab/graham-nash/beneath-the-waves-chords-3142970",
      "file_path": null,
      "metadata": {}
    },
    "2440081": {
      "id": "2440081",
      "title": "Better Days (ver 2)",
      "type": "CRD",
      "url": "https://tabs.ultimate-guitar.com/tab/graham-nash/better-days-chords-2440081",
      "file_path": null,
      "metadata": {}
    },
    "2803400": {
      "id": "2803400",
      "title": "Better Days (ver 3)",
      "type": "CRD",
      "url": "https://tabs.ultimate-guitar.com/tab/graham-nash/better-days-chords-2803400",
      "file_path": null,
      "metadata": {}
    },
    "2807105": {
      "id": "2807105",
      "title": "Better Days (ver 4)",
      "type": "CRD",
      "url": "https://tabs.ultimate-guitar.com/tab/graham-nash/better-days-chords-2807105",
      "file_path": null,
      "metadata": {}
    },
    "2875358": {
      "id": "2875358",
      "title": "Better Days (ver 5)",
      "type": "CRD",
      "url": "https://tabs.ultimate-guitar.com/tab/graham-nash/better-days-chords-2875358",
      "file_path": null,
      "metadata": {}
    },
    "2325947": {
      "id": "2325947",
      "title": "Better Days",
      "type": "TAB",
      "url": "https://tabs.ultimate-guitar.com/tab/graham-nash/better-days-tabs-2325947",
      "file_path": null,
      "metadata": {}
    },
    "5710097": {
      "id": "5710097",
      "title": "Blizzard Of Lies",
      "type": "CRD",
      "url": "https://tabs.ultimate-guitar.com/tab/graham-nash/blizzard-of-lies-chords-5710097",
      "file_path": null,
      "metadata": {}
    },
    "5704730": {
      "id": "5704730",
      "title": "Buddys Back",
      "type": "CRD",
      "url": "https://tabs.ultimate-guitar.com/tab/graham-nash/buddys-back-chords-5704730",
      "file_path": null,
      "metadata": {}
    },
    "1903771": {
      "id": "1903771",
      "title": "Bus Stop",
      "type": "CRD",
      "url": "https://tabs.ultimate-guitar.com/tab/graham-nash/bus-stop-chords-1903771",
      "file_path": null,
      "metadata": {}
    },
    "3452279": {
      "id": "3452279",
      "title": "Chicago (ver 2)",
      "type": "CRD",
      "url": "https://tabs.ultimate-guitar.com/tab/graham-nash/chicago-chords-3452279",
      "file_path": null,
      "metadata": {}
    },
    "1265738": {
      "id": "1265738",
      "title": "Chicago",
      "type": "UKE",
      "url": "https://tabs.ultimate-guitar.com/tab/graham-nash/chicago-ukulele-1265738",
      "file_path": null,
      "metadata": {}
    },
    "667749": {
      "id": "667749",
      "title": "Chippin Away",
      "type": "CRD",
      "url": "https://tabs.ultimate-guitar.com/tab/graham-nash/chippin-away-chords-667749",
      "file_path": null,
      "metadata": {}
    },
    "3657821": {
      "id": "3657821",
      "title": "Come With Me",
      "type": "CRD",
      "url": "https://tabs.ultimate-guitar.com/tab/graham-nash/come-with-me-chords-3657821",
      "file_path": null,
      "metadata": {}
    },
    "3157394": {
      "id": "3157394",
      "title": "Cracks In The City",
      "type": "CRD",
      "url": "https://tabs.ultimate-guitar.com/tab/graham-nash/cracks-in-the-city-chords-3157394",
      "file_path": null,
      "metadata": {}
    },
    "5712659": {
      "id": "5712659",
      "title": "Dirty Little Secret",
      "type": "CRD",
      "url": "https://tabs.ultimate-guitar.com/tab/graham-nash/dirty-little-secret-chords-5712659",
      "file_path": null,
      "metadata": {}
    },
    "5714198": {
      "id": "5714198",
      "title": "Dont Listen To The Rumors",
      "type": "CRD",
      "url": "https://tabs.ultimate-guitar.com/tab/graham-nash/dont-listen-to-the-rumors-chords-5714198",
      "file_path": null,
      "metadata": {}
    },
    "5714378": {
      "id": "5714378",
      "title": "Earth And Sky",
      "type": "CRD",
      "url": "https://tabs.ultimate-guitar.com/tab/graham-nash/earth-and-sky-chords-5714378",
      "file_path": null,
      "metadata": {}
    },
    "5715377": {
      "id": "5715377",
      "title": "Encore",
      "type": "CRD",
      "url": "https://tabs.ultimate-guitar.com/tab/graham-nash/encore-chords-5715377",
      "file_path": null,
      "metadata": {}
    },
    "2632626": {
      "id": "2632626",
      "title": "Encore",
      "type": "CRD",
      "url": "https://tabs.ultimate-guitar.com/tab/graham-nash/encore-chords-2632626",
      "file_path": null,
      "metadata": {}
    },
    "3177326": {
      "id": "3177326",
      "title": "Fire Down Below",
      "type": "CRD",
      "url": "https://tabs.ultimate-guitar.com/tab/graham-nash/fire-down-below-chords-3177326",
      "file_path": null,
      "metadata": {}
    },
    "5704694": {
      "id": "5704694",
      "title": "Follow Your Heart",
      "type": "CRD",
      "url": "https://tabs.ultimate-guitar.com/tab/graham-nash/follow-your-heart-chords-5704694",
      "file_path": null,
      "metadata": {}
    },
    "5776529": {
      "id": "5776529",
      "title": "Frozen Smiles",
      "type": "CRD",
      "url": "https://tabs.ultimate-guitar.com/tab/graham-nash/frozen-smiles-chords-5776529",
      "file_path": null,
      "metadata": {}
    },
    "64114": {
      "id": "64114",
      "title": "Glass And Steel",
      "type": "CRD",
      "url": "https://tabs.ultimate-guitar.com/tab/graham-nash/glass-and-steel-chords-64114",
      "file_path": null,
      "metadata": {}
    },
    "1260603": {
      "id": "1260603",
      "title": "Glass And Steel",
      "type": "UKE",
      "url": "https://tabs.ultimate-guitar.com/tab/graham-nash/glass-and-steel-ukulele-1260603",
      "file_path": null,
      "metadata": {}
    },
    "3159422": {
      "id": "3159422",
      "title": "Golden Days",
      "type": "CRD",
      "url": "https://tabs.ultimate-guitar.com/tab/graham-nash/golden-days-chords-3159422",
      "file_path": null,
      "metadata": {}
    },
    "5704787": {
      "id": "5704787",
      "title": "Golden Idols",
      "type": "CRD",
      "url": "https://tabs.ultimate-guitar.com/tab/graham-nash/golden-idols-chords-5704787",
      "file_path": null,
      "metadata": {}
    },
    "640725": {
      "id": "640725",
      "title": "Grave Concern",
      "type": "CRD",
      "url": "https://tabs.ultimate-guitar.com/tab/graham-nash/grave-concern-chords-640725",
      "file_path": null,
      "metadata": {}
    },
    "64117": {
      "id": "64117",
      "title": "Hey You Looking At The Moon",
      "type": "CRD",
      "url": "https://tabs.ultimate-guitar.com/tab/graham-nash/hey-you-looking-at-the-moon-chords-64117",
      "file_path": null,
      "metadata": {}
    },
    "1260605": {
      "id": "1260605",
      "title": "Hey You Looking At The Moon",
      "type": "UKE",
      "url": "https://tabs.ultimate-guitar.com/tab/graham-nash/hey-you-looking-at-the-moon-ukulele-1260605",
      "file_path": null,
      "metadata": {}
    },
    "64120": {
      "id": "64120",
      "title": "I Miss You",
      "type": "CRD",
      "url": "https://tabs.ultimate-guitar.com/tab/graham-nash/i-miss-you-chords-64120",
      "file_path": null,
      "metadata": {}
    },
    "3100472": {
      "id": "3100472",
      "title": "I Miss You (ver 2)",
      "type": "CRD",
      "url": "https://tabs.ultimate-guitar.com/tab/graham-nash/i-miss-you-chords-3100472",
      "file_path": null,
      "metadata": {}
    },
    "1260608": {
      "id": "1260608",
      "title": "I Miss You",
      "type": "UKE",
      "url": "https://tabs.ultimate-guitar.com/tab/graham-nash/i-miss-you-ukulele-1260608",
      "file_path": null,
      "metadata": {}
    },
    "2802056": {
      "id": "2802056",
      "title": "I Used To Be A King (ver 2)",
      "type": "CRD",
      "url": "https://tabs.ultimate-guitar.com/tab/graham-nash/i-used-to-be-a-king-chords-2802056",
      "file_path": null,
      "metadata": {}
    },
    "2982638": {
      "id": "2982638",
      "title": "I Used To Be A King (ver 3)",
      "type": "CRD",
      "url": "https://tabs.ultimate-guitar.com/tab/graham-nash/i-used-to-be-a-king-chords-2982638",
      "file_path": null,
      "metadata": {}
    },
    "1260609": {
      "id": "1260609",
      "title": "I Used To Be A King",
      "type": "UKE",
      "url": "https://tabs.ultimate-guitar.com/tab/graham-nash/i-used-to-be-a-king-ukulele-1260609",
      "file_path": null,
      "metadata": {}
    },
    "5704814": {
      "id": "5704814",
      "title": "I Watched It All Come Down",
      "type": "CRD",
      "url": "https://tabs.ultimate-guitar.com/tab/graham-nash/i-watched-it-all-come-down-chords-5704814",
      "file_path": null,
      "metadata": {}
    },
    "3203828": {
      "id": "3203828",
      "title": "Ill Be There For You",
      "type": "CRD",
      "url": "https://tabs.ultimate-guitar.com/tab/graham-nash/ill-be-there-for-you-chords-3203828",
      "file_path": null,
      "metadata": {}
    },
    "5704967": {
      "id": "5704967",
      "title": "In A Dream",
      "type": "CRD",
      "url": "https://tabs.ultimate-guitar.com/tab/graham-nash/in-a-dream-chords-5704967",
      "file_path": null,
      "metadata": {}
    },
    "3168425": {
      "id": "3168425",
      "title": "In The Blink Of An Eye",
      "type": "CRD",
      "url": "https://tabs.ultimate-guitar.com/tab/graham-nash/in-the-blink-of-an-eye-chords-3168425",
      "file_path": null,
      "metadata": {}
    },
    "989691": {
      "id": "989691",
      "title": "In Your Name",
      "type": "CRD",
      "url": "https://tabs.ultimate-guitar.com/tab/graham-nash/in-your-name-chords-989691",
      "file_path": null,
      "metadata": {}
    },
    "1343597": {
      "id": "1343597",
      "title": "In Your Name",
      "type": "UKE",
      "url": "https://tabs.ultimate-guitar.com/tab/graham-nash/in-your-name-ukulele-1343597",
      "file_path": null,
      "metadata": {}
    },
    "5704991": {
      "id": "5704991",
      "title": "It Feels Like Home",
      "type": "CRD",
      "url": "https://tabs.ultimate-guitar.com/tab/graham-nash/it-feels-like-home-chords-5704991",
      "file_path": null,
      "metadata": {}
    },
    "3250598": {
      "id": "3250598",
      "title": "Its All Right",
      "type": "CRD",
      "url": "https://tabs.ultimate-guitar.com/tab/graham-nash/its-all-right-chords-3250598",
      "file_path": null,
      "metadata": {}
    },
    "3208238": {
      "id": "3208238",
      "title": "Liars Nightmare",
      "type": "CRD",
      "url": "https://tabs.ultimate-guitar.com/tab/graham-nash/liars-nightmare-chords-3208238",
      "file_path": null,
      "metadata": {}
    },
    "3201446": {
      "id": "3201446",
      "title": "Lost Another One",
      "type": "CRD",
      "url": "https://tabs.ultimate-guitar.com/tab/graham-nash/lost-another-one-chords-3201446",
      "file_path": null,
      "metadata": {}
    },
    "64126": {
      "id": "64126",
      "title": "Love Has Come",
      "type": "CRD",
      "url": "https://tabs.ultimate-guitar.com/tab/graham-nash/love-has-come-chords-64126",
      "file_path": null,
      "metadata": {}
    },
    "1260612": {
      "id": "1260612",
      "title": "Love Has Come",
      "type": "UKE",
      "url": "https://tabs.ultimate-guitar.com/tab/graham-nash/love-has-come-ukulele-1260612",
      "file_path": null,
      "metadata": {}
    },
    "3689600": {
      "id": "3689600",
      "title": "Love Is The Reason",
      "type": "CRD",
      "url": "https://tabs.ultimate-guitar.com/tab/graham-nash/love-is-the-reason-chords-3689600",
      "file_path": null,
      "metadata": {}
    },
    "5705018": {
      "id": "5705018",
      "title": "Love Of Mine",
      "type": "CRD",
      "url": "https://tabs.ultimate-guitar.com/tab/graham-nash/love-of-mine-chords-5705018",
      "file_path": null,
      "metadata": {}
    },
    "640727": {
      "id": "640727",
      "title": "Love Work Out",
      "type": "CRD",
      "url": "https://tabs.ultimate-guitar.com/tab/graham-nash/love-work-out-chords-640727",
      "file_path": null,
      "metadata": {}
    },
    "64128": {
      "id": "64128",
      "title": "Magical Child",
      "type": "CRD",
      "url": "https://tabs.ultimate-guitar.com/tab/graham-nash/magical-child-chords-64128",
      "file_path": null,
      "metadata": {}
    },
    "1260613": {
      "id": "1260613",
      "title": "Magical Child",
      "type": "UKE",
      "url": "https://tabs.ultimate-guitar.com/tab/graham-nash/magical-child-ukulele-1260613",
      "file_path": null,
      "metadata": {}
    },
    "3100358": {
      "id": "3100358",
      "title": "Man In The Mirror",
      "type": "CRD",
      "url": "https://tabs.ultimate-guitar.com/tab/graham-nash/man-in-the-mirror-chords-3100358",
      "file_path": null,
      "metadata": {}
    },
    "3100388": {
      "id": "3100388",
      "title": "Military Madness (ver 2)",
      "type": "CRD",
      "url": "https://tabs.ultimate-guitar.com/tab/graham-nash/military-madness-chords-3100388",
      "file_path": null,
      "metadata": {}
    },
    "408559": {
      "id": "408559",
      "title": "Military Madness",
      "type": "PRO",
      "url": "https://tabs.ultimate-guitar.com/tab/graham-nash/military-madness-guitar-pro-408559",
      "file_path": null,
      "metadata": {}
    },
    "1260618": {
      "id": "1260618",
      "title": "Military Madness",
      "type": "UKE",
      "url": "https://tabs.ultimate-guitar.com/tab/graham-nash/military-madness-ukulele-1260618",
      "file_path": null,
      "metadata": {}
    },
    "1830116": {
      "id": "1830116",
      "title": "Myself At Last",
      "type": "CRD",
      "url": "https://tabs.ultimate-guitar.com/tab/graham-nash/myself-at-last-chords-1830116",
      "file_path": null,
      "metadata": {}
    },
    "1859327": {
      "id": "1859327",
      "title": "Myself At Last (ver 2)",
      "type": "CRD",
      "url": "https://tabs.ultimate-guitar.com/tab/graham-nash/myself-at-last-chords-1859327",
      "file_path": null,
      "metadata": {}
    },
    "3203780": {
      "id": "3203780",
      "title": "Nothing In The World",
      "type": "CRD",
      "url": "https://tabs.ultimate-guitar.com/tab/graham-nash/nothing-in-the-world-chords-3203780",
      "file_path": null,
      "metadata": {}
    },
    "64134": {
      "id": "64134",
      "title": "Oh Camil The Winter Soldier",
      "type": "CRD",
      "url": "https://tabs.ultimate-guitar.com/tab/graham-nash/oh-camil-the-winter-soldier-chords-64134",
      "file_path": null,
      "metadata": {}
    },
    "3100712": {
      "id": "3100712",
      "title": "Oh Camil The Winter Soldier (ver 2)",
      "type": "CRD",
      "url": "https://tabs.ultimate-guitar.com/tab/graham-nash/oh-camil-the-winter-soldier-chords-3100712",
      "file_path": null,
      "metadata": {}
    },
    "1260619": {
      "id": "1260619",
      "title": "Oh Camil The Winter Soldier",
      "type": "UKE",
      "url": "https://tabs.ultimate-guitar.com/tab/graham-nash/oh-camil-the-winter-soldier-ukulele-1260619",
      "file_path": null,
      "metadata": {}
    },
    "1310184": {
      "id": "1310184",
      "title": "On The Line",
      "type": "UKE",
      "url": "https://tabs.ultimate-guitar.com/tab/graham-nash/on-the-line-ukulele-1310184",
      "file_path": null,
      "metadata": {}
    },
    "4822577": {
      "id": "4822577",
      "title": "Our House",
      "type": "CRD",
      "url": "https://tabs.ultimate-guitar.com/tab/graham-nash/our-house-chords-4822577",
      "file_path": null,
      "metadata": {}
    },
    "3708743": {
      "id": "3708743",
      "title": "Question Why",
      "type": "CRD",
      "url": "https://tabs.ultimate-guitar.com/tab/graham-nash/question-why-chords-3708743",
      "file_path": null,
      "metadata": {}
    },
    "132712": {
      "id": "132712",
      "title": "Right Between The Eyes",
      "type": "CRD",
      "url": "https://tabs.ultimate-guitar.com/tab/graham-nash/right-between-the-eyes-chords-132712",
      "file_path": null,
      "metadata": {}
    },
    "1272854": {
      "id": "1272854",
      "title": "Right Between The Eyes",
      "type": "UKE",
      "url": "https://tabs.ultimate-guitar.com/tab/graham-nash/right-between-the-eyes-ukulele-1272854",
      "file_path": null,
      "metadata": {}
    },
    "5706128": {
      "id": "5706128",
      "title": "Right Now",
      "type": "CRD",
      "url": "https://tabs.ultimate-guitar.com/tab/graham-nash/right-now-chords-5706128",
      "file_path": null,
      "metadata": {}
    },
    "1685863": {
      "id": "1685863",
      "title": "Running On Empty",
      "type": "CRD",
      "url": "https://tabs.ultimate-guitar.com/tab/graham-nash/running-on-empty-chords-1685863",
      "file_path": null,
      "metadata": {}
    },
    "3689663": {
      "id": "3689663",
      "title": "Sad Eyes",
      "type": "CRD",
      "url": "https://tabs.ultimate-guitar.com/tab/graham-nash/sad-eyes-chords-3689663",
      "file_path": null,
      "metadata": {}
    },
    "667747": {
      "id": "667747",
      "title": "See You In Prague",
      "type": "CRD",
      "url": "https://tabs.ultimate-guitar.com/tab/graham-nash/see-you-in-prague-chords-667747",
      "file_path": null,
      "metadata": {}
    },
    "1232492": {
      "id": "1232492",
      "title": "Sleep Song (ver 2)",
      "type": "CRD",
      "url": "https://tabs.ultimate-guitar.com/tab/graham-nash/sleep-song-chords-1232492",
      "file_path": null,
      "metadata": {}
    },
    "1858632": {
      "id": "1858632",
      "title": "Sleep Song (ver 3)",
      "type": "CRD",
      "url": "https://tabs.ultimate-guitar.com/tab/graham-nash/sleep-song-chords-1858632",
      "file_path": null,
      "metadata": {}
    },
    "1349847": {
      "id": "1349847",
      "title": "Sleep Song",
      "type": "UKE",
      "url": "https://tabs.ultimate-guitar.com/tab/graham-nash/sleep-song-ukulele-1349847",
      "file_path": null,
      "metadata": {}
    },
    "5706134": {
      "id": "5706134",
      "title": "Stand Up",
      "type": "CRD",
      "url": "https://tabs.ultimate-guitar.com/tab/graham-nash/stand-up-chords-5706134",
      "file_path": null,
      "metadata": {}
    },
    "5706146": {
      "id": "5706146",
      "title": "Stars And Stripes",
      "type": "CRD",
      "url": "https://tabs.ultimate-guitar.com/tab/graham-nash/stars-and-stripes-chords-5706146",
      "file_path": null,
      "metadata": {}
    },
    "3179861": {
      "id": "3179861",
      "title": "Target",
      "type": "CRD",
      "url": "https://tabs.ultimate-guitar.com/tab/graham-nash/target-chords-3179861",
      "file_path": null,
      "metadata": {}
    },
    "3181478": {
      "id": "3181478",
      "title": "The Last Fall",
      "type": "CRD",
      "url": "https://tabs.ultimate-guitar.com/tab/graham-nash/the-last-fall-chords-3181478",
      "file_path": null,
      "metadata": {}
    },
    "5706218": {
      "id": "5706218",
      "title": "Theme From Pastoral",
      "type": "CRD",
      "url": "https://tabs.ultimate-guitar.com/tab/graham-nash/theme-from-pastoral-chords-5706218",
      "file_path": null,
      "metadata": {}
    },
    "77894": {
      "id": "77894",
      "title": "Theres Only One",
      "type": "CRD",
      "url": "https://tabs.ultimate-guitar.com/tab/graham-nash/theres-only-one-chords-77894",
      "file_path": null,
      "metadata": {}
    },
    "1265742": {
      "id": "1265742",
      "title": "Theres Only One",
      "type": "UKE",
      "url": "https://tabs.ultimate-guitar.com/tab/graham-nash/theres-only-one-ukulele-1265742",
      "file_path": null,
      "metadata": {}
    },
    "3103070": {
      "id": "3103070",
      "title": "This Path Tonight",
      "type": "CRD",
      "url": "https://tabs.ultimate-guitar.com/tab/graham-nash/this-path-tonight-chords-3103070",
      "file_path": null,
      "metadata": {}
    },
    "5452818": {
      "id": "5452818",
      "title": "Try To Find Me",
      "type": "CRD",
      "url": "https://tabs.ultimate-guitar.com/tab/graham-nash/try-to-find-me-chords-5452818",
      "file_path": null,
      "metadata": {}
    },
    "3181154": {
      "id": "3181154",
      "title": "Watch Out For The Wind",
      "type": "CRD",
      "url": "https://tabs.ultimate-guitar.com/tab/graham-nash/watch-out-for-the-wind-chords-3181154",
      "file_path": null,
      "metadata": {}
    },
    "3668336": {
      "id": "3668336",
      "title": "Where Love Lies Tonight",
      "type": "CRD",
      "url": "https://tabs.ultimate-guitar.com/tab/graham-nash/where-love-lies-tonight-chords-3668336",
      "file_path": null,
      "metadata": {}
    },
    "3100832": {
      "id": "3100832",
      "title": "Wild Tales",
      "type": "CRD",
      "url": "https://tabs.ultimate-guitar.com/tab/graham-nash/wild-tales-chords-3100832",
      "file_path": null,
      "metadata": {}
    },
    "64158": {
      "id": "64158",
      "title": "Wounded Bird",
      "type": "CRD",
      "url": "https://tabs.ultimate-guitar.com/tab/graham-nash/wounded-bird-chords-64158",
      "file_path": null,
      "metadata": {}
    },
    "624390": {
      "id": "624390",
      "title": "Wounded Bird (ver 2)",
      "type": "CRD",
      "url": "https://tabs.ultimate-guitar.com/tab/graham-nash/wounded-bird-chords-624390",
      "file_path": null,
      "metadata": {}
    },
    "1260636": {
      "id": "1260636",
      "title": "Wounded Bird",
      "type": "UKE",
      "url": "https://tabs.ultimate-guitar.com/tab/graham-nash/wounded-bird-ukulele-1260636",
      "file_path": null,
      "metadata": {}
    },
    "1302855": {
      "id": "1302855",
      "title": "Wounded Bird (ver 2)",
      "type": "UKE",
      "url": "https://tabs.ultimate-guitar.com/tab/graham-nash/wounded-bird-ukulele-1302855",
      "file_path": null,
      "metadata": {}
    },
    "640722": {
      "id": "640722",
      "title": "Youll Never Be The Same",
      "type": "CRD",
      "url": "https://tabs.ultimate-guitar.com/tab/graham-nash/youll-never-be-the-same-chords-640722",
      "file_path": null,
      "metadata": {}
    }
  }
}