{
  "id": "108259",
  "name": "Phum Viphurit",
  "url": "https://www.ultimate-guitar.com/artist/phum_viphurit_108259",
  "tabs": {
    "2363093": {
      "id": "2363093",
      "title": "Lover Boy",
      "type": "CRD",
      "url": "https://tabs.ultimate-guitar.com/tab/phum-viphurit/lover-boy-chords-2363093",
      "file_path": null,
      "metadata": {}
    },
    "2645244": {
      "id": "2645244",
      "title": "Hello Anxiety",
      "type": "CRD",
      "url": "https://tabs.ultimate-guitar.com/tab/phum-viphurit/hello-anxiety-chords-2645244",
      "file_path": null,
      "metadata": {}
    },
    "2426147": {
      "id": "2426147",
      "title": "Lover Boy",
      "type": "UKE",
      "url": "https://tabs.ultimate-guitar.com/tab/phum-viphurit/lover-boy-ukulele-2426147",
      "file_path": null,
      "metadata": {}
    },
    "2819330": {
      "id": "2819330",
      "title": "Pluto",
      "type": "CRD",
      "url": "https://tabs.ultimate-guitar.com/tab/phum-viphurit/pluto-chords-2819330",
      "file_path": null,
      "metadata": {}
    },
    "2380987": {
      "id": "2380987",
      "title": "Lover Boy",
      "type": "BASS",
      "url": "https://tabs.ultimate-guitar.com/tab/phum-viphurit/lover-boy-bass-2380987",
      "file_path": null,
      "metadata": {}
    },
    "2193357": {
      "id": "2193357",
      "title": "Long Gone",
      "type": "CRD",
      "url": "https://tabs.ultimate-guitar.com/tab/phum-viphurit/long-gone-chords-2193357",
      "file_path": null,
      "metadata": {}
    },
    "2638008": {
      "id": "2638008",
      "title": "Sweet Hurricane",
      "type": "CRD",
      "url": "https://tabs.ultimate-guitar.com/tab/phum-viphurit/sweet-hurricane-chords-2638008",
      "file_path": null,
      "metadata": {}
    },
    "2646450": {
      "id": "2646450",
      "title": "Adore",
      "type": "CRD",
      "url": "https://tabs.ultimate-guitar.com/tab/phum-viphurit/adore-chords-2646450",
      "file_path": null,
      "metadata": {}
    },
    "3942068": {
      "id": "3942068",
      "title": "Softly Spoken",
      "type": "CRD",
      "url": "https://tabs.ultimate-guitar.com/tab/phum-viphurit/softly-spoken-chords-3942068",
      "file_path": null,
      "metadata": {}
    },
    "2755254": {
      "id": "2755254",
      "title": "Strangers In A Dream",
      "type": "CRD",
      "url": "https://tabs.ultimate-guitar.com/tab/phum-viphurit/strangers-in-a-dream-chords-2755254",
      "file_path": null,
      "metadata": {}
    },
    "5250459": {
      "id": "5250459",
      "title": "Getaway",
      "type": "CRD",
      "url": "https://tabs.ultimate-guitar.com/tab/prep/getaway-chords-5250459",
      "file_path": null,
      "metadata": {}
    },
    "4430324": {
      "id": "4430324",
      "title": "I Miss My Friends",
      "type": "CRD",
      "url": "https://tabs.ultimate-guitar.com/tab/valentina-ploy/i-miss-my-friends-chords-4430324",
      "file_path": null,
      "metadata": {}
    },
    "4231318": {
      "id": "4231318",
      "title": "Pills",
      "type": "CRD",
      "url": "https://tabs.ultimate-guitar.com/tab/asiatic-wav/pills-chords-4231318",
      "file_path": null,
      "metadata": {}
    },
    "3388643": {
      "id": "3388643",
      "title": "Wings",
      "type": "CRD",
      "url": "https://tabs.ultimate-guitar.com/tab/soyoon/wings-chords-3388643",
      "file_path": null,
      "metadata": {}
    },
    "4213444": {
      "id": "4213444",
      "title": "25",
      "type": "CRD",
      "url": "https://tabs.ultimate-guitar.com/tab/phum-viphurit/25-chords-4213444",
      "file_path": null,
      "metadata": {}
    },
    "4910395": {
      "id": "4910395",
      "title": "Greng Jai Please",
      "type": "CRD",
      "url": "https://tabs.ultimate-guitar.com/tab/phum-viphurit/greng-jai-please-chords-4910395",
      "file_path": null,
      "metadata": {}
    },
    "2642187": {
      "id": "2642187",
      "title": "Hallo Anxiety  Intro",
      "type": "TAB",
      "url": "https://tabs.ultimate-guitar.com/tab/phum-viphurit/hallo-anxiety-tabs-2642187",
      "file_path": null,
      "metadata": {}
    },
    "4277629": {
      "id": "4277629",
      "title": "Healing House",
      "type": "CRD",
      "url": "https://tabs.ultimate-guitar.com/tab/phum-viphurit/healing-house-chords-4277629",
      "file_path": null,
      "metadata": {}
    },
    "4310417": {
      "id": "4310417",
      "title": "Healing House  Intro",
      "type": "TAB",
      "url": "https://tabs.ultimate-guitar.com/tab/phum-viphurit/healing-house-tabs-4310417",
      "file_path": null,
      "metadata": {}
    },
    "2669574": {
      "id": "2669574",
      "title": "Hello Anxiety (ver 2)",
      "type": "CRD",
      "url": "https://tabs.ultimate-guitar.com/tab/phum-viphurit/hello-anxiety-chords-2669574",
      "file_path": null,
      "metadata": {}
    },
    "2647212": {
      "id": "2647212",
      "title": "Hello Anxiety  Solo",
      "type": "TAB",
      "url": "https://tabs.ultimate-guitar.com/tab/phum-viphurit/hello-anxiety-tabs-2647212",
      "file_path": null,
      "metadata": {}
    },
    "2662593": {
      "id": "2662593",
      "title": "Hello Anxiety",
      "type": "TAB",
      "url": "https://tabs.ultimate-guitar.com/tab/phum-viphurit/hello-anxiety-tabs-2662593",
      "file_path": null,
      "metadata": {}
    },
    "3050173": {
      "id": "3050173",
      "title": "Hello Anxiety",
      "type": "BASS",
      "url": "https://tabs.ultimate-guitar.com/tab/phum-viphurit/hello-anxiety-bass-3050173",
      "file_path": null,
      "metadata": {}
    },
    "3826730": {
      "id": "3826730",
      "title": "Hello Anxiety (ver 2)",
      "type": "BASS",
      "url": "https://tabs.ultimate-guitar.com/tab/phum-viphurit/hello-anxiety-bass-3826730",
      "file_path": null,
      "metadata": {}
    },
    "3407081": {
      "id": "3407081",
      "title": "Long Gone (ver 2)",
      "type": "CRD",
      "url": "https://tabs.ultimate-guitar.com/tab/phum-viphurit/long-gone-chords-3407081",
      "file_path": null,
      "metadata": {}
    },
    "4658219": {
      "id": "4658219",
      "title": "Long Gone",
      "type": "CRD",
      "url": "https://tabs.ultimate-guitar.com/tab/phum-viphurit/long-gone-chords-4658219",
      "file_path": null,
      "metadata": {}
    },
    "2822369": {
      "id": "2822369",
      "title": "Long Gone",
      "type": "BASS",
      "url": "https://tabs.ultimate-guitar.com/tab/phum-viphurit/long-gone-bass-2822369",
      "file_path": null,
      "metadata": {}
    },
    "2959610": {
      "id": "2959610",
      "title": "Lover Boy (ver 2)",
      "type": "CRD",
      "url": "https://tabs.ultimate-guitar.com/tab/phum-viphurit/lover-boy-chords-2959610",
      "file_path": null,
      "metadata": {}
    },
    "2916722": {
      "id": "2916722",
      "title": "Lover Boy  Intro",
      "type": "TAB",
      "url": "https://tabs.ultimate-guitar.com/tab/phum-viphurit/lover-boy-tabs-2916722",
      "file_path": null,
      "metadata": {}
    },
    "4384910": {
      "id": "4384910",
      "title": "Lover Boy",
      "type": "TAB",
      "url": "https://tabs.ultimate-guitar.com/tab/phum-viphurit/lover-boy-tabs-4384910",
      "file_path": null,
      "metadata": {}
    },
    "3343598": {
      "id": "3343598",
      "title": "Loverboy",
      "type": "CRD",
      "url": "https://tabs.ultimate-guitar.com/tab/phum-viphurit/loverboy-chords-3343598",
      "file_path": null,
      "metadata": {}
    },
    "4646855": {
      "id": "4646855",
      "title": "Loving And Letting Go",
      "type": "CRD",
      "url": "https://tabs.ultimate-guitar.com/tab/phum-viphurit/loving-and-letting-go-chords-4646855",
      "file_path": null,
      "metadata": {}
    },
    "4287572": {
      "id": "4287572",
      "title": "Paper Throne",
      "type": "CRD",
      "url": "https://tabs.ultimate-guitar.com/tab/phum-viphurit/paper-throne-chords-4287572",
      "file_path": null,
      "metadata": {}
    },
    "2538777": {
      "id": "2538777",
      "title": "Paper Throne  Intro",
      "type": "TAB",
      "url": "https://tabs.ultimate-guitar.com/tab/phum-viphurit/paper-throne-tabs-2538777",
      "file_path": null,
      "metadata": {}
    },
    "2595021": {
      "id": "2595021",
      "title": "Paper Throne",
      "type": "TAB",
      "url": "https://tabs.ultimate-guitar.com/tab/phum-viphurit/paper-throne-tabs-2595021",
      "file_path": null,
      "metadata": {}
    },
    "3837086": {
      "id": "3837086",
      "title": "Paper Throne",
      "type": "BASS",
      "url": "https://tabs.ultimate-guitar.com/tab/phum-viphurit/paper-throne-bass-3837086",
      "file_path": null,
      "metadata": {}
    },
    "3423905": {
      "id": "3423905",
      "title": "Paper Throne",
      "type": "UKE",
      "url": "https://tabs.ultimate-guitar.com/tab/phum-viphurit/paper-throne-ukulele-3423905",
      "file_path": null,
      "metadata": {}
    },
    "3234323": {
      "id": "3234323",
      "title": "Pluto",
      "type": "UKE",
      "url": "https://tabs.ultimate-guitar.com/tab/phum-viphurit/pluto-ukulele-3234323",
      "file_path": null,
      "metadata": {}
    },
    "3105911": {
      "id": "3105911",
      "title": "Run",
      "type": "CRD",
      "url": "https://tabs.ultimate-guitar.com/tab/phum-viphurit/run-chords-3105911",
      "file_path": null,
      "metadata": {}
    },
    "3030647": {
      "id": "3030647",
      "title": "Run",
      "type": "TAB",
      "url": "https://tabs.ultimate-guitar.com/tab/phum-viphurit/run-tabs-3030647",
      "file_path": null,
      "metadata": {}
    },
    "3833195": {
      "id": "3833195",
      "title": "Softly Spoken",
      "type": "BASS",
      "url": "https://tabs.ultimate-guitar.com/tab/phum-viphurit/softly-spoken-bass-3833195",
      "file_path": null,
      "metadata": {}
    },
    "4097623": {
      "id": "4097623",
      "title": "Strangers In A Dream  Intro",
      "type": "TAB",
      "url": "https://tabs.ultimate-guitar.com/tab/phum-viphurit/strangers-in-a-dream-tabs-4097623",
      "file_path": null,
      "metadata": {}
    },
    "3811562": {
      "id": "3811562",
      "title": "Strangers In A Dream",
      "type": "BASS",
      "url": "https://tabs.ultimate-guitar.com/tab/phum-viphurit/strangers-in-a-dream-bass-3811562",
      "file_path": null,
      "metadata": {}
    },
    "3825860": {
      "id": "3825860",
      "title": "Strangers In A Dream (ver 2)",
      "type": "BASS",
      "url": "https://tabs.ultimate-guitar.com/tab/phum-viphurit/strangers-in-a-dream-bass-3825860",
      "file_path": null,
      "metadata": {}
    },
    "2968364": {
      "id": "2968364",
      "title": "Sweet Hurricane (ver 2)",
      "type": "CRD",
      "url": "https://tabs.ultimate-guitar.com/tab/phum-viphurit/sweet-hurricane-chords-2968364",
      "file_path": null,
      "metadata": {}
    },
    "4272790": {
      "id": "4272790",
      "title": "Sweet Hurricane (ver 3)",
      "type": "CRD",
      "url": "https://tabs.ultimate-guitar.com/tab/phum-viphurit/sweet-hurricane-chords-4272790",
      "file_path": null,
      "metadata": {}
    },
    "2469740": {
      "id": "2469740",
      "title": "Sweet Hurricane",
      "type": "UKE",
      "url": "https://tabs.ultimate-guitar.com/tab/phum-viphurit/sweet-hurricane-ukulele-2469740",
      "file_path": null,
      "metadata": {}
    },
    "4357073": {
      "id": "4357073",
      "title": "Temple Fair",
      "type": "CRD",
      "url": "https://tabs.ultimate-guitar.com/tab/phum-viphurit/temple-fair-chords-4357073",
      "file_path": null,
      "metadata": {}
    },
    "2872376": {
      "id": "2872376",
      "title": "The Art Of Detaching Ones Heart",
      "type": "CRD",
      "url": "https://tabs.ultimate-guitar.com/tab/phum-viphurit/the-art-of-detaching-ones-heart-chords-2872376",
      "file_path": null,
      "metadata": {}
    },
    "2693919": {
      "id": "2693919",
      "title": "The Art Of Detaching Ones Heart (ver 2)",
      "type": "CRD",
      "url": "https://tabs.ultimate-guitar.com/tab/phum-viphurit/the-art-of-detaching-ones-heart-chords-2693919",
      "file_path": null,
      "metadata": {}
    },
    "2582733": {
      "id": "2582733",
      "title": "The Art Of Detaching Ones Heart",
      "type": "TAB",
      "url": "https://tabs.ultimate-guitar.com/tab/phum-viphurit/the-art-of-detaching-ones-heart-tabs-2582733",
      "file_path": null,
      "metadata": {}
    },
    "4917751": {
      "id": "4917751",
      "title": "Welcome Change",
      "type": "CRD",
      "url": "https://tabs.ultimate-guitar.com/tab/phum-viphurit/welcome-change-chords-4917751",
      "file_path": null,
      "metadata": {}
    },
    "5046154": {
      "id": "5046154",
      "title": "Welcome Change",
      "type": "BASS",
      "url": "https://tabs.ultimate-guitar.com/tab/phum-viphurit/welcome-change-bass-5046154",
      "file_path": null,
      "metadata": {}
    }
  }
}