{
  "id": "1011755",
  "name": "David Kushner",
  "url": "https://www.ultimate-guitar.com/artist/david_kushner_1011755",
  "tabs": {
    "4685168": {
      "id": "4685168",
      "title": "Daylight Chorus Loop",
      "type": "CRD",
      "url": "https://tabs.ultimate-guitar.com/tab/david-kushner/daylight-chorus-loop-chords-4685168",
      "file_path": null,
      "metadata": {}
    },
    "4022812": {
      "id": "4022812",
      "title": "Miserable Man",
      "type": "CRD",
      "url": "https://tabs.ultimate-guitar.com/tab/david-kushner/miserable-man-chords-4022812",
      "file_path": null,
      "metadata": {}
    },
    "4018072": {
      "id": "4018072",
      "title": "Miserable Man",
      "type": "TAB",
      "url": "https://tabs.ultimate-guitar.com/tab/david-kushner/miserable-man-tabs-4018072",
      "file_path": null,
      "metadata": {}
    },
    "5110630": {
      "id": "5110630",
      "title": "Skin And Bones",
      "type": "CRD",
      "url": "https://tabs.ultimate-guitar.com/tab/david-kushner/skin-and-bones-chords-5110630",
      "file_path": null,
      "metadata": {}
    },
    "4967092": {
      "id": "4967092",
      "title": "Dead Man",
      "type": "CRD",
      "url": "https://tabs.ultimate-guitar.com/tab/david-kushner/dead-man-chords-4967092",
      "file_path": null,
      "metadata": {}
    },
    "4369847": {
      "id": "4369847",
      "title": "Cigarettes",
      "type": "CRD",
      "url": "https://tabs.ultimate-guitar.com/tab/david-kushner/cigarettes-chords-4369847",
      "file_path": null,
      "metadata": {}
    },
    "5262681": {
      "id": "5262681",
      "title": "Hero",
      "type": "CRD",
      "url": "https://tabs.ultimate-guitar.com/tab/david-kushner/hero-chords-5262681",
      "file_path": null,
      "metadata": {}
    },
    "4438658": {
      "id": "4438658",
      "title": "Look Back And Laugh",
      "type": "CRD",
      "url": "https://tabs.ultimate-guitar.com/tab/david-kushner/look-back-and-laugh-chords-4438658",
      "file_path": null,
      "metadata": {}
    },
    "5821058": {
      "id": "5821058",
      "title": "Miserable Man",
      "type": "VID",
      "url": "https://tabs.ultimate-guitar.com/tab/david-kushner/miserable-man-video-5821058",
      "file_path": null,
      "metadata": {}
    },
    "5811824": {
      "id": "5811824",
      "title": "Safe In My Arms",
      "type": "CRD",
      "url": "https://tabs.ultimate-guitar.com/tab/david-kushner/safe-in-my-arms-chords-5811824",
      "file_path": null,
      "metadata": {}
    },
    "5694905": {
      "id": "5694905",
      "title": "Beautiful Things Dont Ask For Attention",
      "type": "CRD",
      "url": "https://tabs.ultimate-guitar.com/tab/david-kushner/beautiful-things-dont-ask-for-attention-chords-5694905",
      "file_path": null,
      "metadata": {}
    },
    "5651694": {
      "id": "5651694",
      "title": "Breathe In Breathe Out",
      "type": "CRD",
      "url": "https://tabs.ultimate-guitar.com/tab/david-kushner/breathe-in-breathe-out-chords-5651694",
      "file_path": null,
      "metadata": {}
    },
    "5409246": {
      "id": "5409246",
      "title": "Buried At Sea",
      "type": "CRD",
      "url": "https://tabs.ultimate-guitar.com/tab/david-kushner/buried-at-sea-chords-5409246",
      "file_path": null,
      "metadata": {}
    },
    "4255969": {
      "id": "4255969",
      "title": "Burn",
      "type": "CRD",
      "url": "https://tabs.ultimate-guitar.com/tab/david-kushner/burn-chords-4255969",
      "file_path": null,
      "metadata": {}
    },
    "5782211": {
      "id": "5782211",
      "title": "Burn (ver 2)",
      "type": "CRD",
      "url": "https://tabs.ultimate-guitar.com/tab/david-kushner/burn-chords-5782211",
      "file_path": null,
      "metadata": {}
    },
    "4095484": {
      "id": "4095484",
      "title": "Burn",
      "type": "CRD",
      "url": "https://tabs.ultimate-guitar.com/tab/david-kushner/burn-chords-4095484",
      "file_path": null,
      "metadata": {}
    },
    "5413515": {
      "id": "5413515",
      "title": "California Nights",
      "type": "CRD",
      "url": "https://tabs.ultimate-guitar.com/tab/david-kushner/california-nights-chords-5413515",
      "file_path": null,
      "metadata": {}
    },
    "4613108": {
      "id": "4613108",
      "title": "Cannon Beach",
      "type": "CRD",
      "url": "https://tabs.ultimate-guitar.com/tab/david-kushner/cannon-beach-chords-4613108",
      "file_path": null,
      "metadata": {}
    },
    "4456685": {
      "id": "4456685",
      "title": "Cigarettes (ver 2)",
      "type": "CRD",
      "url": "https://tabs.ultimate-guitar.com/tab/david-kushner/cigarettes-chords-4456685",
      "file_path": null,
      "metadata": {}
    },
    "4591877": {
      "id": "4591877",
      "title": "Cigarettes (ver 3)",
      "type": "CRD",
      "url": "https://tabs.ultimate-guitar.com/tab/david-kushner/cigarettes-chords-4591877",
      "file_path": null,
      "metadata": {}
    },
    "4393313": {
      "id": "4393313",
      "title": "Cigarettes  Intro",
      "type": "TAB",
      "url": "https://tabs.ultimate-guitar.com/tab/david-kushner/cigarettes-tabs-4393313",
      "file_path": null,
      "metadata": {}
    },
    "5407692": {
      "id": "5407692",
      "title": "Darkerside",
      "type": "CRD",
      "url": "https://tabs.ultimate-guitar.com/tab/david-kushner/darkerside-chords-5407692",
      "file_path": null,
      "metadata": {}
    },
    "4695719": {
      "id": "4695719",
      "title": "Daylight",
      "type": "CRD",
      "url": "https://tabs.ultimate-guitar.com/tab/david-kushner/daylight-chords-4695719",
      "file_path": null,
      "metadata": {}
    },
    "4690457": {
      "id": "4690457",
      "title": "Daylight",
      "type": "CRD",
      "url": "https://tabs.ultimate-guitar.com/tab/david-kushner/daylight-chords-4690457",
      "file_path": null,
      "metadata": {}
    },
    "5200059": {
      "id": "5200059",
      "title": "Daylight",
      "type": "CRD",
      "url": "https://tabs.ultimate-guitar.com/tab/david-kushner/daylight-chords-5200059",
      "file_path": null,
      "metadata": {}
    },
    "4702554": {
      "id": "4702554",
      "title": "Daylight  Solo",
      "type": "TAB",
      "url": "https://tabs.ultimate-guitar.com/tab/david-kushner/daylight-tabs-4702554",
      "file_path": null,
      "metadata": {}
    },
    "4730333": {
      "id": "4730333",
      "title": "Daylight (ver 2) Solo",
      "type": "TAB",
      "url": "https://tabs.ultimate-guitar.com/tab/david-kushner/daylight-tabs-4730333",
      "file_path": null,
      "metadata": {}
    },
    "4893565": {
      "id": "4893565",
      "title": "Daylight",
      "type": "TAB",
      "url": "https://tabs.ultimate-guitar.com/tab/david-kushner/daylight-tabs-4893565",
      "file_path": null,
      "metadata": {}
    },
    "4730717": {
      "id": "4730717",
      "title": "Dreamed Of You In White",
      "type": "CRD",
      "url": "https://tabs.ultimate-guitar.com/tab/david-kushner/dreamed-of-you-in-white-chords-4730717",
      "file_path": null,
      "metadata": {}
    },
    "4708619": {
      "id": "4708619",
      "title": "Elk Grove",
      "type": "CRD",
      "url": "https://tabs.ultimate-guitar.com/tab/david-kushner/elk-grove-chords-4708619",
      "file_path": null,
      "metadata": {}
    },
    "5555214": {
      "id": "5555214",
      "title": "Empty Bench",
      "type": "CRD",
      "url": "https://tabs.ultimate-guitar.com/tab/david-kushner/empty-bench-chords-5555214",
      "file_path": null,
      "metadata": {}
    },
    "5407761": {
      "id": "5407761",
      "title": "Flesh X Blood",
      "type": "CRD",
      "url": "https://tabs.ultimate-guitar.com/tab/david-kushner/flesh-x-blood-chords-5407761",
      "file_path": null,
      "metadata": {}
    },
    "4809014": {
      "id": "4809014",
      "title": "Georgia Rain",
      "type": "CRD",
      "url": "https://tabs.ultimate-guitar.com/tab/david-kushner/georgia-rain-chords-4809014",
      "file_path": null,
      "metadata": {}
    },
    "5413497": {
      "id": "5413497",
      "title": "Heaven Sees",
      "type": "CRD",
      "url": "https://tabs.ultimate-guitar.com/tab/david-kushner/heaven-sees-chords-5413497",
      "file_path": null,
      "metadata": {}
    },
    "5320584": {
      "id": "5320584",
      "title": "Humankind",
      "type": "CRD",
      "url": "https://tabs.ultimate-guitar.com/tab/david-kushner/humankind-chords-5320584",
      "file_path": null,
      "metadata": {}
    },
    "3781604": {
      "id": "3781604",
      "title": "Ily",
      "type": "CRD",
      "url": "https://tabs.ultimate-guitar.com/tab/david-kushner/ily-chords-3781604",
      "file_path": null,
      "metadata": {}
    },
    "5409225": {
      "id": "5409225",
      "title": "Love Is Going To Kill Us",
      "type": "CRD",
      "url": "https://tabs.ultimate-guitar.com/tab/david-kushner/love-is-going-to-kill-us-chords-5409225",
      "file_path": null,
      "metadata": {}
    },
    "4708376": {
      "id": "4708376",
      "title": "Love You From Far Away",
      "type": "CRD",
      "url": "https://tabs.ultimate-guitar.com/tab/david-kushner/love-you-from-far-away-chords-4708376",
      "file_path": null,
      "metadata": {}
    },
    "4019371": {
      "id": "4019371",
      "title": "Miserable Man  Intro",
      "type": "TAB",
      "url": "https://tabs.ultimate-guitar.com/tab/david-kushner/miserable-man-tabs-4019371",
      "file_path": null,
      "metadata": {}
    },
    "5114614": {
      "id": "5114614",
      "title": "Miserable Man (ver 2) Intro",
      "type": "TAB",
      "url": "https://tabs.ultimate-guitar.com/tab/david-kushner/miserable-man-tabs-5114614",
      "file_path": null,
      "metadata": {}
    },
    "4022980": {
      "id": "4022980",
      "title": "Miserable Man (ver 2)",
      "type": "TAB",
      "url": "https://tabs.ultimate-guitar.com/tab/david-kushner/miserable-man-tabs-4022980",
      "file_path": null,
      "metadata": {}
    },
    "4025026": {
      "id": "4025026",
      "title": "Miserable Man (ver 3)",
      "type": "TAB",
      "url": "https://tabs.ultimate-guitar.com/tab/david-kushner/miserable-man-tabs-4025026",
      "file_path": null,
      "metadata": {}
    },
    "4067242": {
      "id": "4067242",
      "title": "Miserable Man",
      "type": "PRO",
      "url": "https://tabs.ultimate-guitar.com/tab/david-kushner/miserable-man-guitar-pro-4067242",
      "file_path": null,
      "metadata": {}
    },
    "5103268": {
      "id": "5103268",
      "title": "Miserable Man",
      "type": "UKE",
      "url": "https://tabs.ultimate-guitar.com/tab/david-kushner/miserable-man-ukulele-5103268",
      "file_path": null,
      "metadata": {}
    },
    "3986962": {
      "id": "3986962",
      "title": "Mr Forgettable",
      "type": "CRD",
      "url": "https://tabs.ultimate-guitar.com/tab/david-kushner/mr-forgettable-chords-3986962",
      "file_path": null,
      "metadata": {}
    },
    "4064326": {
      "id": "4064326",
      "title": "Mr Forgettable (ver 2)",
      "type": "CRD",
      "url": "https://tabs.ultimate-guitar.com/tab/david-kushner/mr-forgettable-chords-4064326",
      "file_path": null,
      "metadata": {}
    },
    "4098205": {
      "id": "4098205",
      "title": "Mr Forgettable (ver 3)",
      "type": "CRD",
      "url": "https://tabs.ultimate-guitar.com/tab/david-kushner/mr-forgettable-chords-4098205",
      "file_path": null,
      "metadata": {}
    },
    "4098382": {
      "id": "4098382",
      "title": "Mr Forgettable (ver 4)",
      "type": "CRD",
      "url": "https://tabs.ultimate-guitar.com/tab/david-kushner/mr-forgettable-chords-4098382",
      "file_path": null,
      "metadata": {}
    },
    "4096960": {
      "id": "4096960",
      "title": "Mr Forgettable (ver 5)",
      "type": "CRD",
      "url": "https://tabs.ultimate-guitar.com/tab/david-kushner/mr-forgettable-chords-4096960",
      "file_path": null,
      "metadata": {}
    },
    "4113883": {
      "id": "4113883",
      "title": "Mr Forgettable (ver 6)",
      "type": "CRD",
      "url": "https://tabs.ultimate-guitar.com/tab/david-kushner/mr-forgettable-chords-4113883",
      "file_path": null,
      "metadata": {}
    },
    "4138201": {
      "id": "4138201",
      "title": "Mr Forgettable (ver 7)",
      "type": "CRD",
      "url": "https://tabs.ultimate-guitar.com/tab/david-kushner/mr-forgettable-chords-4138201",
      "file_path": null,
      "metadata": {}
    },
    "4960147": {
      "id": "4960147",
      "title": "Mr Forgettable",
      "type": "TAB",
      "url": "https://tabs.ultimate-guitar.com/tab/david-kushner/mr-forgettable-tabs-4960147",
      "file_path": null,
      "metadata": {}
    },
    "4121422": {
      "id": "4121422",
      "title": "Mr Forgettable",
      "type": "UKE",
      "url": "https://tabs.ultimate-guitar.com/tab/david-kushner/mr-forgettable-ukulele-4121422",
      "file_path": null,
      "metadata": {}
    },
    "5409012": {
      "id": "5409012",
      "title": "No High",
      "type": "CRD",
      "url": "https://tabs.ultimate-guitar.com/tab/david-kushner/no-high-chords-5409012",
      "file_path": null,
      "metadata": {}
    },
    "4419497": {
      "id": "4419497",
      "title": "Ooowooo",
      "type": "CRD",
      "url": "https://tabs.ultimate-guitar.com/tab/david-kushner/ooowooo-chords-4419497",
      "file_path": null,
      "metadata": {}
    },
    "5407698": {
      "id": "5407698",
      "title": "Poison",
      "type": "CRD",
      "url": "https://tabs.ultimate-guitar.com/tab/david-kushner/poison-chords-5407698",
      "file_path": null,
      "metadata": {}
    },
    "5413539": {
      "id": "5413539",
      "title": "Saving Your Soul",
      "type": "CRD",
      "url": "https://tabs.ultimate-guitar.com/tab/david-kushner/saving-your-soul-chords-5413539",
      "file_path": null,
      "metadata": {}
    },
    "5111857": {
      "id": "5111857",
      "title": "Skin And Bones (ver 2)",
      "type": "CRD",
      "url": "https://tabs.ultimate-guitar.com/tab/david-kushner/skin-and-bones-chords-5111857",
      "file_path": null,
      "metadata": {}
    },
    "5130913": {
      "id": "5130913",
      "title": "Skin And Bones",
      "type": "TAB",
      "url": "https://tabs.ultimate-guitar.com/tab/david-kushner/skin-and-bones-tabs-5130913",
      "file_path": null,
      "metadata": {}
    },
    "5354349": {
      "id": "5354349",
      "title": "Sweet Oblivion",
      "type": "CRD",
      "url": "https://tabs.ultimate-guitar.com/tab/david-kushner/sweet-oblivion-chords-5354349",
      "file_path": null,
      "metadata": {}
    },
    "4700405": {
      "id": "4700405",
      "title": "Thank You",
      "type": "CRD",
      "url": "https://tabs.ultimate-guitar.com/tab/david-kushner/thank-you-chords-4700405",
      "file_path": null,
      "metadata": {}
    },
    "5409378": {
      "id": "5409378",
      "title": "Universe",
      "type": "CRD",
      "url": "https://tabs.ultimate-guitar.com/tab/david-kushner/universe-chords-5409378",
      "file_path": null,
      "metadata": {}
    },
    "5409027": {
      "id": "5409027",
      "title": "You And Me",
      "type": "CRD",
      "url": "https://tabs.ultimate-guitar.com/tab/david-kushner/you-and-me-chords-5409027",
      "file_path": null,
      "metadata": {}
    }
  }
}