{
  "id": "10276",
  "name": "Vicente Fernández",
  "url": "https://www.ultimate-guitar.com/artist/10276",
  "tabs": {
    "1634548": {
      "id": "1634548",
      "title": "Las Mañanitas",
      "type": "CRD",
      "url": "https://tabs.ultimate-guitar.com/tab/1634548",
      "file_path": null,
      "metadata": {}
    },
    "671208": {
      "id": "671208",
      "title": "Para Siempre",
      "type": "TAB",
      "url": "https://tabs.ultimate-guitar.com/tab/671208",
      "file_path": null,
      "metadata": {}
    },
    "834690": {
      "id": "834690",
      "title": "El Rey",
      "type": "CRD",
      "url": "https://tabs.ultimate-guitar.com/tab/834690",
      "file_path": null,
      "metadata": {}
    },
    "1135744": {
      "id": "1135744",
      "title": "Volver Volver",
      "type": "CRD",
      "url": "https://tabs.ultimate-guitar.com/tab/1135744",
      "file_path": null,
      "metadata": {}
    },
    "651181": {
      "id": "651181",
      "title": "Por Tu Maldito Amor",
      "type": "CRD",
      "url": "https://tabs.ultimate-guitar.com/tab/651181",
      "file_path": null,
      "metadata": {}
    },
    "971680": {
      "id": "971680",
      "title": "Amor Eterno",
      "type": "CRD",
      "url": "https://tabs.ultimate-guitar.com/tab/971680",
      "file_path": null,
      "metadata": {}
    },
    "1176417": {
      "id": "1176417",
      "title": "Mujeres Divinas",
      "type": "CRD",
      "url": "https://tabs.ultimate-guitar.com/tab/1176417",
      "file_path": null,
      "metadata": {}
    },
    "696556": {
      "id": "696556",
      "title": "Estos Celos  Intro",
      "type": "PRO",
      "url": "https://tabs.ultimate-guitar.com/tab/696556",
      "file_path": null,
      "metadata": {}
    },
    "754058": {
      "id": "754058",
      "title": "Para Siempre",
      "type": "PRO",
      "url": "https://tabs.ultimate-guitar.com/tab/754058",
      "file_path": null,
      "metadata": {}
    },
    "813892": {
      "id": "813892",
      "title": "Me Voy A Quitar De En Medio",
      "type": "TAB",
      "url": "https://tabs.ultimate-guitar.com/tab/813892",
      "file_path": null,
      "metadata": {}
    },
    "1416500": {
      "id": "1416500",
      "title": "La Diferencia",
      "type": "CRD",
      "url": "https://tabs.ultimate-guitar.com/tab/juan-gabriel/la-diferencia-chords-1416500",
      "file_path": null,
      "metadata": {}
    },
    "3489755": {
      "id": "3489755",
      "title": "La Diferencia (ver 2)",
      "type": "CRD",
      "url": "https://tabs.ultimate-guitar.com/tab/juan-gabriel/la-diferencia-chords-3489755",
      "file_path": null,
      "metadata": {}
    },
    "5718536": {
      "id": "5718536",
      "title": "La Diferencia",
      "type": "PRO",
      "url": "https://tabs.ultimate-guitar.com/tab/juan-gabriel/la-diferencia-guitar-pro-5718536",
      "file_path": null,
      "metadata": {}
    },
    "1634411": {
      "id": "1634411",
      "title": "A Donde Vas Que Más Valgas",
      "type": "CRD",
      "url": "https://tabs.ultimate-guitar.com/tab/1634411",
      "file_path": null,
      "metadata": {}
    },
    "1634412": {
      "id": "1634412",
      "title": "A Duras Penas",
      "type": "CRD",
      "url": "https://tabs.ultimate-guitar.com/tab/1634412",
      "file_path": null,
      "metadata": {}
    },
    "1634413": {
      "id": "1634413",
      "title": "A Mi Manera",
      "type": "CRD",
      "url": "https://tabs.ultimate-guitar.com/tab/1634413",
      "file_path": null,
      "metadata": {}
    },
    "1634414": {
      "id": "1634414",
      "title": "A Mi Manera (ver 2)",
      "type": "CRD",
      "url": "https://tabs.ultimate-guitar.com/tab/1634414",
      "file_path": null,
      "metadata": {}
    },
    "4815935": {
      "id": "4815935",
      "title": "A Mi Manera (ver 3)",
      "type": "CRD",
      "url": "https://tabs.ultimate-guitar.com/tab/4815935",
      "file_path": null,
      "metadata": {}
    },
    "1634415": {
      "id": "1634415",
      "title": "A Pesar De Todo",
      "type": "CRD",
      "url": "https://tabs.ultimate-guitar.com/tab/1634415",
      "file_path": null,
      "metadata": {}
    },
    "1634416": {
      "id": "1634416",
      "title": "A Pesar De Todo (ver 2)",
      "type": "CRD",
      "url": "https://tabs.ultimate-guitar.com/tab/1634416",
      "file_path": null,
      "metadata": {}
    },
    "1634417": {
      "id": "1634417",
      "title": "A Quien Vas A Amar Más Que A Mí",
      "type": "CRD",
      "url": "https://tabs.ultimate-guitar.com/tab/1634417",
      "file_path": null,
      "metadata": {}
    },
    "1634419": {
      "id": "1634419",
      "title": "A Tu Salud",
      "type": "CRD",
      "url": "https://tabs.ultimate-guitar.com/tab/1634419",
      "file_path": null,
      "metadata": {}
    },
    "2770594": {
      "id": "2770594",
      "title": "Aca Entre Nos",
      "type": "CRD",
      "url": "https://tabs.ultimate-guitar.com/tab/2770594",
      "file_path": null,
      "metadata": {}
    },
    "1486583": {
      "id": "1486583",
      "title": "Aca Entre Nos",
      "type": "UKE",
      "url": "https://tabs.ultimate-guitar.com/tab/1486583",
      "file_path": null,
      "metadata": {}
    },
    "1416501": {
      "id": "1416501",
      "title": "Aca Entrenos",
      "type": "CRD",
      "url": "https://tabs.ultimate-guitar.com/tab/1416501",
      "file_path": null,
      "metadata": {}
    },
    "1634420": {
      "id": "1634420",
      "title": "Adios Mariquita Linda",
      "type": "CRD",
      "url": "https://tabs.ultimate-guitar.com/tab/1634420",
      "file_path": null,
      "metadata": {}
    },
    "1634421": {
      "id": "1634421",
      "title": "Adivinanza",
      "type": "CRD",
      "url": "https://tabs.ultimate-guitar.com/tab/1634421",
      "file_path": null,
      "metadata": {}
    },
    "782415": {
      "id": "782415",
      "title": "Adorado Tormento  Intro",
      "type": "TAB",
      "url": "https://tabs.ultimate-guitar.com/tab/782415",
      "file_path": null,
      "metadata": {}
    },
    "1634422": {
      "id": "1634422",
      "title": "Ahora Resulta",
      "type": "CRD",
      "url": "https://tabs.ultimate-guitar.com/tab/1634422",
      "file_path": null,
      "metadata": {}
    },
    "1634423": {
      "id": "1634423",
      "title": "Al Final Del Camino",
      "type": "CRD",
      "url": "https://tabs.ultimate-guitar.com/tab/1634423",
      "file_path": null,
      "metadata": {}
    },
    "1634424": {
      "id": "1634424",
      "title": "Al Mayor De Los Fernández",
      "type": "CRD",
      "url": "https://tabs.ultimate-guitar.com/tab/1634424",
      "file_path": null,
      "metadata": {}
    },
    "1634425": {
      "id": "1634425",
      "title": "Al Pie De Un Árbol",
      "type": "CRD",
      "url": "https://tabs.ultimate-guitar.com/tab/1634425",
      "file_path": null,
      "metadata": {}
    },
    "1634426": {
      "id": "1634426",
      "title": "Alejandra",
      "type": "CRD",
      "url": "https://tabs.ultimate-guitar.com/tab/1634426",
      "file_path": null,
      "metadata": {}
    },
    "5651841": {
      "id": "5651841",
      "title": "Alejandra (ver 2)",
      "type": "CRD",
      "url": "https://tabs.ultimate-guitar.com/tab/5651841",
      "file_path": null,
      "metadata": {}
    },
    "1634427": {
      "id": "1634427",
      "title": "Alma Angelina",
      "type": "CRD",
      "url": "https://tabs.ultimate-guitar.com/tab/1634427",
      "file_path": null,
      "metadata": {}
    },
    "1634428": {
      "id": "1634428",
      "title": "Amigo Mariachi",
      "type": "CRD",
      "url": "https://tabs.ultimate-guitar.com/tab/1634428",
      "file_path": null,
      "metadata": {}
    },
    "1634429": {
      "id": "1634429",
      "title": "Amor Añejo",
      "type": "CRD",
      "url": "https://tabs.ultimate-guitar.com/tab/1634429",
      "file_path": null,
      "metadata": {}
    },
    "1634430": {
      "id": "1634430",
      "title": "Amor De Los Dos",
      "type": "CRD",
      "url": "https://tabs.ultimate-guitar.com/tab/1634430",
      "file_path": null,
      "metadata": {}
    },
    "1634431": {
      "id": "1634431",
      "title": "Amor De Los Dos (ver 2)",
      "type": "CRD",
      "url": "https://tabs.ultimate-guitar.com/tab/1634431",
      "file_path": null,
      "metadata": {}
    },
    "2149859": {
      "id": "2149859",
      "title": "Amor De Los Dos",
      "type": "UKE",
      "url": "https://tabs.ultimate-guitar.com/tab/vicente-fernandez/amor-de-los-dos-ukulele-2149859",
      "file_path": null,
      "metadata": {}
    },
    "4647857": {
      "id": "4647857",
      "title": "Amor Eterno",
      "type": "PRO",
      "url": "https://tabs.ultimate-guitar.com/tab/4647857",
      "file_path": null,
      "metadata": {}
    },
    "1337410": {
      "id": "1337410",
      "title": "Amor Eterno",
      "type": "UKE",
      "url": "https://tabs.ultimate-guitar.com/tab/1337410",
      "file_path": null,
      "metadata": {}
    },
    "1634432": {
      "id": "1634432",
      "title": "Amor Mío",
      "type": "CRD",
      "url": "https://tabs.ultimate-guitar.com/tab/1634432",
      "file_path": null,
      "metadata": {}
    },
    "1634433": {
      "id": "1634433",
      "title": "Amor Sin Cuenta",
      "type": "CRD",
      "url": "https://tabs.ultimate-guitar.com/tab/1634433",
      "file_path": null,
      "metadata": {}
    },
    "1634434": {
      "id": "1634434",
      "title": "Aprendiste A Volar",
      "type": "CRD",
      "url": "https://tabs.ultimate-guitar.com/tab/1634434",
      "file_path": null,
      "metadata": {}
    },
    "4647149": {
      "id": "4647149",
      "title": "Así",
      "type": "PRO",
      "url": "https://tabs.ultimate-guitar.com/tab/4647149",
      "file_path": null,
      "metadata": {}
    },
    "1634435": {
      "id": "1634435",
      "title": "Aún Se Acuerda De Mí",
      "type": "CRD",
      "url": "https://tabs.ultimate-guitar.com/tab/1634435",
      "file_path": null,
      "metadata": {}
    },
    "1634436": {
      "id": "1634436",
      "title": "Aún Se Acuerda De Mí",
      "type": "TAB",
      "url": "https://tabs.ultimate-guitar.com/tab/1634436",
      "file_path": null,
      "metadata": {}
    },
    "1634437": {
      "id": "1634437",
      "title": "Aunque Mal Paguen Ellas",
      "type": "CRD",
      "url": "https://tabs.ultimate-guitar.com/tab/1634437",
      "file_path": null,
      "metadata": {}
    },
    "1634438": {
      "id": "1634438",
      "title": "Aunque Mal Paguen Ellas",
      "type": "TAB",
      "url": "https://tabs.ultimate-guitar.com/tab/1634438",
      "file_path": null,
      "metadata": {}
    },
    "1634439": {
      "id": "1634439",
      "title": "Aunque Me Duela El Alma",
      "type": "CRD",
      "url": "https://tabs.ultimate-guitar.com/tab/1634439",
      "file_path": null,
      "metadata": {}
    },
    "1634440": {
      "id": "1634440",
      "title": "Aunque No Sea Mayo",
      "type": "CRD",
      "url": "https://tabs.ultimate-guitar.com/tab/1634440",
      "file_path": null,
      "metadata": {}
    },
    "1634441": {
      "id": "1634441",
      "title": "Ay Amigo",
      "type": "CRD",
      "url": "https://tabs.ultimate-guitar.com/tab/1634441",
      "file_path": null,
      "metadata": {}
    },
    "1634442": {
      "id": "1634442",
      "title": "Bohemio De Afición",
      "type": "CRD",
      "url": "https://tabs.ultimate-guitar.com/tab/1634442",
      "file_path": null,
      "metadata": {}
    },
    "1634443": {
      "id": "1634443",
      "title": "Bohemio De Afición",
      "type": "TAB",
      "url": "https://tabs.ultimate-guitar.com/tab/1634443",
      "file_path": null,
      "metadata": {}
    },
    "1634444": {
      "id": "1634444",
      "title": "Borracho Se Me Olvida",
      "type": "CRD",
      "url": "https://tabs.ultimate-guitar.com/tab/1634444",
      "file_path": null,
      "metadata": {}
    },
    "1634445": {
      "id": "1634445",
      "title": "Borracho Te Recuerdo",
      "type": "CRD",
      "url": "https://tabs.ultimate-guitar.com/tab/1634445",
      "file_path": null,
      "metadata": {}
    },
    "1634446": {
      "id": "1634446",
      "title": "Brindo Por Tu Cumpleaños",
      "type": "CRD",
      "url": "https://tabs.ultimate-guitar.com/tab/1634446",
      "file_path": null,
      "metadata": {}
    },
    "1634447": {
      "id": "1634447",
      "title": "Caballo Golondrino",
      "type": "CRD",
      "url": "https://tabs.ultimate-guitar.com/tab/1634447",
      "file_path": null,
      "metadata": {}
    },
    "1634448": {
      "id": "1634448",
      "title": "Caballo Prieto Azabache",
      "type": "CRD",
      "url": "https://tabs.ultimate-guitar.com/tab/1634448",
      "file_path": null,
      "metadata": {}
    },
    "1634449": {
      "id": "1634449",
      "title": "Cada Mañana",
      "type": "CRD",
      "url": "https://tabs.ultimate-guitar.com/tab/1634449",
      "file_path": null,
      "metadata": {}
    },
    "1634450": {
      "id": "1634450",
      "title": "Cállate",
      "type": "CRD",
      "url": "https://tabs.ultimate-guitar.com/tab/1634450",
      "file_path": null,
      "metadata": {}
    },
    "1634451": {
      "id": "1634451",
      "title": "Camino Al Cielo",
      "type": "CRD",
      "url": "https://tabs.ultimate-guitar.com/tab/1634451",
      "file_path": null,
      "metadata": {}
    },
    "4645487": {
      "id": "4645487",
      "title": "Camino De Canutillo",
      "type": "PRO",
      "url": "https://tabs.ultimate-guitar.com/tab/4645487",
      "file_path": null,
      "metadata": {}
    },
    "1634452": {
      "id": "1634452",
      "title": "Camino Inseguro",
      "type": "CRD",
      "url": "https://tabs.ultimate-guitar.com/tab/1634452",
      "file_path": null,
      "metadata": {}
    },
    "1634453": {
      "id": "1634453",
      "title": "Camino Perdido",
      "type": "CRD",
      "url": "https://tabs.ultimate-guitar.com/tab/1634453",
      "file_path": null,
      "metadata": {}
    },
    "1634454": {
      "id": "1634454",
      "title": "Caminos De Michoacán",
      "type": "CRD",
      "url": "https://tabs.ultimate-guitar.com/tab/1634454",
      "file_path": null,
      "metadata": {}
    },
    "1634455": {
      "id": "1634455",
      "title": "Caminos De Michoacán (ver 2)",
      "type": "CRD",
      "url": "https://tabs.ultimate-guitar.com/tab/1634455",
      "file_path": null,
      "metadata": {}
    },
    "1634456": {
      "id": "1634456",
      "title": "Cerca Del Mar",
      "type": "CRD",
      "url": "https://tabs.ultimate-guitar.com/tab/1634456",
      "file_path": null,
      "metadata": {}
    },
    "1634457": {
      "id": "1634457",
      "title": "Collar De Perlas",
      "type": "CRD",
      "url": "https://tabs.ultimate-guitar.com/tab/1634457",
      "file_path": null,
      "metadata": {}
    },
    "1634458": {
      "id": "1634458",
      "title": "Como México No Hay Dos",
      "type": "CRD",
      "url": "https://tabs.ultimate-guitar.com/tab/1634458",
      "file_path": null,
      "metadata": {}
    },
    "1634459": {
      "id": "1634459",
      "title": "Con Golpes De Pecho",
      "type": "CRD",
      "url": "https://tabs.ultimate-guitar.com/tab/1634459",
      "file_path": null,
      "metadata": {}
    },
    "1634460": {
      "id": "1634460",
      "title": "Con La Misma Tijera",
      "type": "CRD",
      "url": "https://tabs.ultimate-guitar.com/tab/1634460",
      "file_path": null,
      "metadata": {}
    },
    "1634461": {
      "id": "1634461",
      "title": "Con Una Copa De Vino",
      "type": "CRD",
      "url": "https://tabs.ultimate-guitar.com/tab/1634461",
      "file_path": null,
      "metadata": {}
    },
    "4647080": {
      "id": "4647080",
      "title": "Con Una Copa De Vino",
      "type": "PRO",
      "url": "https://tabs.ultimate-guitar.com/tab/4647080",
      "file_path": null,
      "metadata": {}
    },
    "1634462": {
      "id": "1634462",
      "title": "Conocí A Tu Esposo",
      "type": "CRD",
      "url": "https://tabs.ultimate-guitar.com/tab/1634462",
      "file_path": null,
      "metadata": {}
    },
    "1634463": {
      "id": "1634463",
      "title": "Cuando Manda El Corazón",
      "type": "CRD",
      "url": "https://tabs.ultimate-guitar.com/tab/1634463",
      "file_path": null,
      "metadata": {}
    },
    "1634464": {
      "id": "1634464",
      "title": "Cuando Manda El Corazón (ver 2)",
      "type": "CRD",
      "url": "https://tabs.ultimate-guitar.com/tab/1634464",
      "file_path": null,
      "metadata": {}
    },
    "1634465": {
      "id": "1634465",
      "title": "Cuando Yo Quería Ser Grande",
      "type": "CRD",
      "url": "https://tabs.ultimate-guitar.com/tab/1634465",
      "file_path": null,
      "metadata": {}
    },
    "1719970": {
      "id": "1719970",
      "title": "Cuando Yo Quería Ser Grande (ver 2)",
      "type": "CRD",
      "url": "https://tabs.ultimate-guitar.com/tab/1719970",
      "file_path": null,
      "metadata": {}
    },
    "1634466": {
      "id": "1634466",
      "title": "Cuanto Te Debo",
      "type": "CRD",
      "url": "https://tabs.ultimate-guitar.com/tab/1634466",
      "file_path": null,
      "metadata": {}
    },
    "1634467": {
      "id": "1634467",
      "title": "De 7 A 9",
      "type": "CRD",
      "url": "https://tabs.ultimate-guitar.com/tab/1634467",
      "file_path": null,
      "metadata": {}
    },
    "1634468": {
      "id": "1634468",
      "title": "De Que Manera Te Olvido",
      "type": "CRD",
      "url": "https://tabs.ultimate-guitar.com/tab/1634468",
      "file_path": null,
      "metadata": {}
    },
    "1634469": {
      "id": "1634469",
      "title": "De Que Manera Te Olvido (ver 2)",
      "type": "CRD",
      "url": "https://tabs.ultimate-guitar.com/tab/1634469",
      "file_path": null,
      "metadata": {}
    },
    "1755903": {
      "id": "1755903",
      "title": "De Que Manera Te Olvido (ver 3)",
      "type": "CRD",
      "url": "https://tabs.ultimate-guitar.com/tab/1755903",
      "file_path": null,
      "metadata": {}
    },
    "1855704": {
      "id": "1855704",
      "title": "De Que Manera Te Olvido (ver 4)",
      "type": "CRD",
      "url": "https://tabs.ultimate-guitar.com/tab/1855704",
      "file_path": null,
      "metadata": {}
    },
    "1634470": {
      "id": "1634470",
      "title": "De Que Me Sirve Ser Rey",
      "type": "CRD",
      "url": "https://tabs.ultimate-guitar.com/tab/1634470",
      "file_path": null,
      "metadata": {}
    },
    "1634471": {
      "id": "1634471",
      "title": "De Que Te Quiero Te Quiero",
      "type": "CRD",
      "url": "https://tabs.ultimate-guitar.com/tab/1634471",
      "file_path": null,
      "metadata": {}
    },
    "1634472": {
      "id": "1634472",
      "title": "De Un Rancho A Otro",
      "type": "CRD",
      "url": "https://tabs.ultimate-guitar.com/tab/1634472",
      "file_path": null,
      "metadata": {}
    },
    "1634473": {
      "id": "1634473",
      "title": "Déjame Que Me Vaya",
      "type": "CRD",
      "url": "https://tabs.ultimate-guitar.com/tab/1634473",
      "file_path": null,
      "metadata": {}
    },
    "4645271": {
      "id": "4645271",
      "title": "Déjame Que Me Vaya",
      "type": "PRO",
      "url": "https://tabs.ultimate-guitar.com/tab/4645271",
      "file_path": null,
      "metadata": {}
    },
    "1634474": {
      "id": "1634474",
      "title": "Demente",
      "type": "CRD",
      "url": "https://tabs.ultimate-guitar.com/tab/1634474",
      "file_path": null,
      "metadata": {}
    },
    "1634475": {
      "id": "1634475",
      "title": "Dolor",
      "type": "CRD",
      "url": "https://tabs.ultimate-guitar.com/tab/1634475",
      "file_path": null,
      "metadata": {}
    },
    "1634476": {
      "id": "1634476",
      "title": "Dos Almas",
      "type": "CRD",
      "url": "https://tabs.ultimate-guitar.com/tab/1634476",
      "file_path": null,
      "metadata": {}
    },
    "1634477": {
      "id": "1634477",
      "title": "Duelo A Caballo",
      "type": "CRD",
      "url": "https://tabs.ultimate-guitar.com/tab/1634477",
      "file_path": null,
      "metadata": {}
    },
    "1634478": {
      "id": "1634478",
      "title": "Dueño Del Mundo",
      "type": "CRD",
      "url": "https://tabs.ultimate-guitar.com/tab/1634478",
      "file_path": null,
      "metadata": {}
    },
    "1634479": {
      "id": "1634479",
      "title": "El Adiós A La Vida",
      "type": "CRD",
      "url": "https://tabs.ultimate-guitar.com/tab/1634479",
      "file_path": null,
      "metadata": {}
    },
    "701765": {
      "id": "701765",
      "title": "El Andariego  Intro",
      "type": "PRO",
      "url": "https://tabs.ultimate-guitar.com/tab/701765",
      "file_path": null,
      "metadata": {}
    },
    "1634480": {
      "id": "1634480",
      "title": "El Arracadas",
      "type": "CRD",
      "url": "https://tabs.ultimate-guitar.com/tab/1634480",
      "file_path": null,
      "metadata": {}
    },
    "1634481": {
      "id": "1634481",
      "title": "El Ayudante",
      "type": "CRD",
      "url": "https://tabs.ultimate-guitar.com/tab/1634481",
      "file_path": null,
      "metadata": {}
    },
    "1634482": {
      "id": "1634482",
      "title": "El Chofer",
      "type": "TAB",
      "url": "https://tabs.ultimate-guitar.com/tab/1634482",
      "file_path": null,
      "metadata": {}
    },
    "1634483": {
      "id": "1634483",
      "title": "El Cristero",
      "type": "CRD",
      "url": "https://tabs.ultimate-guitar.com/tab/1634483",
      "file_path": null,
      "metadata": {}
    },
    "1634485": {
      "id": "1634485",
      "title": "El Derrotado",
      "type": "CRD",
      "url": "https://tabs.ultimate-guitar.com/tab/1634485",
      "file_path": null,
      "metadata": {}
    },
    "1634486": {
      "id": "1634486",
      "title": "El Golpe Traidor",
      "type": "CRD",
      "url": "https://tabs.ultimate-guitar.com/tab/1634486",
      "file_path": null,
      "metadata": {}
    },
    "1634487": {
      "id": "1634487",
      "title": "El Hijo Del Pueblo",
      "type": "CRD",
      "url": "https://tabs.ultimate-guitar.com/tab/1634487",
      "file_path": null,
      "metadata": {}
    },
    "1634488": {
      "id": "1634488",
      "title": "El Hombre Que Más Te Amó",
      "type": "CRD",
      "url": "https://tabs.ultimate-guitar.com/tab/1634488",
      "file_path": null,
      "metadata": {}
    },
    "1634489": {
      "id": "1634489",
      "title": "El Jalisciense",
      "type": "CRD",
      "url": "https://tabs.ultimate-guitar.com/tab/1634489",
      "file_path": null,
      "metadata": {}
    },
    "1634490": {
      "id": "1634490",
      "title": "El Jazmín Y La Rosa",
      "type": "CRD",
      "url": "https://tabs.ultimate-guitar.com/tab/1634490",
      "file_path": null,
      "metadata": {}
    },
    "1634491": {
      "id": "1634491",
      "title": "El Martes Me Fusilan",
      "type": "CRD",
      "url": "https://tabs.ultimate-guitar.com/tab/1634491",
      "file_path": null,
      "metadata": {}
    },
    "1634492": {
      "id": "1634492",
      "title": "El Palenque",
      "type": "CRD",
      "url": "https://tabs.ultimate-guitar.com/tab/1634492",
      "file_path": null,
      "metadata": {}
    },
    "1634493": {
      "id": "1634493",
      "title": "El Polvorete",
      "type": "CRD",
      "url": "https://tabs.ultimate-guitar.com/tab/1634493",
      "file_path": null,
      "metadata": {}
    },
    "2741544": {
      "id": "2741544",
      "title": "El Rey (ver 2)",
      "type": "CRD",
      "url": "https://tabs.ultimate-guitar.com/tab/2741544",
      "file_path": null,
      "metadata": {}
    },
    "3149097": {
      "id": "3149097",
      "title": "El Rey (ver 3)",
      "type": "CRD",
      "url": "https://tabs.ultimate-guitar.com/tab/3149097",
      "file_path": null,
      "metadata": {}
    },
    "1325688": {
      "id": "1325688",
      "title": "El Rey",
      "type": "UKE",
      "url": "https://tabs.ultimate-guitar.com/tab/1325688",
      "file_path": null,
      "metadata": {}
    },
    "1634494": {
      "id": "1634494",
      "title": "El Señor De Las Canas",
      "type": "CRD",
      "url": "https://tabs.ultimate-guitar.com/tab/1634494",
      "file_path": null,
      "metadata": {}
    },
    "1634495": {
      "id": "1634495",
      "title": "El Señor De Las Canas (ver 2)",
      "type": "CRD",
      "url": "https://tabs.ultimate-guitar.com/tab/1634495",
      "file_path": null,
      "metadata": {}
    },
    "1634496": {
      "id": "1634496",
      "title": "El Tahur",
      "type": "CRD",
      "url": "https://tabs.ultimate-guitar.com/tab/1634496",
      "file_path": null,
      "metadata": {}
    },
    "1634497": {
      "id": "1634497",
      "title": "El Ultimo Adiós De Un Soldado",
      "type": "CRD",
      "url": "https://tabs.ultimate-guitar.com/tab/1634497",
      "file_path": null,
      "metadata": {}
    },
    "1634498": {
      "id": "1634498",
      "title": "El Último Beso",
      "type": "CRD",
      "url": "https://tabs.ultimate-guitar.com/tab/1634498",
      "file_path": null,
      "metadata": {}
    },
    "1634499": {
      "id": "1634499",
      "title": "El Último En La Fila",
      "type": "CRD",
      "url": "https://tabs.ultimate-guitar.com/tab/1634499",
      "file_path": null,
      "metadata": {}
    },
    "1634500": {
      "id": "1634500",
      "title": "Ella",
      "type": "CRD",
      "url": "https://tabs.ultimate-guitar.com/tab/1634500",
      "file_path": null,
      "metadata": {}
    },
    "4076044": {
      "id": "4076044",
      "title": "Ella (ver 2)",
      "type": "CRD",
      "url": "https://tabs.ultimate-guitar.com/tab/4076044",
      "file_path": null,
      "metadata": {}
    },
    "4645292": {
      "id": "4645292",
      "title": "En Carne Viva",
      "type": "PRO",
      "url": "https://tabs.ultimate-guitar.com/tab/4645292",
      "file_path": null,
      "metadata": {}
    },
    "4648067": {
      "id": "4648067",
      "title": "En Cuerpo Y Alma",
      "type": "PRO",
      "url": "https://tabs.ultimate-guitar.com/tab/4648067",
      "file_path": null,
      "metadata": {}
    },
    "1634501": {
      "id": "1634501",
      "title": "Ensayo",
      "type": "CRD",
      "url": "https://tabs.ultimate-guitar.com/tab/1634501",
      "file_path": null,
      "metadata": {}
    },
    "1634503": {
      "id": "1634503",
      "title": "Entre El Amor Y Yo",
      "type": "CRD",
      "url": "https://tabs.ultimate-guitar.com/tab/1634503",
      "file_path": null,
      "metadata": {}
    },
    "1634502": {
      "id": "1634502",
      "title": "Entre El Amor Y Yo",
      "type": "TAB",
      "url": "https://tabs.ultimate-guitar.com/tab/1634502",
      "file_path": null,
      "metadata": {}
    },
    "1634504": {
      "id": "1634504",
      "title": "Entre Suspiro Y Suspiro",
      "type": "CRD",
      "url": "https://tabs.ultimate-guitar.com/tab/1634504",
      "file_path": null,
      "metadata": {}
    },
    "1634505": {
      "id": "1634505",
      "title": "Es Hora De Partir",
      "type": "CRD",
      "url": "https://tabs.ultimate-guitar.com/tab/1634505",
      "file_path": null,
      "metadata": {}
    },
    "2436679": {
      "id": "2436679",
      "title": "Es Mi Niña Bonita",
      "type": "CRD",
      "url": "https://tabs.ultimate-guitar.com/tab/2436679",
      "file_path": null,
      "metadata": {}
    },
    "1634507": {
      "id": "1634507",
      "title": "Esa Noche Te Olvidé",
      "type": "CRD",
      "url": "https://tabs.ultimate-guitar.com/tab/1634507",
      "file_path": null,
      "metadata": {}
    },
    "1634508": {
      "id": "1634508",
      "title": "Escalón Por Escalón",
      "type": "CRD",
      "url": "https://tabs.ultimate-guitar.com/tab/1634508",
      "file_path": null,
      "metadata": {}
    },
    "1634509": {
      "id": "1634509",
      "title": "Escucha Las Golondrinas",
      "type": "CRD",
      "url": "https://tabs.ultimate-guitar.com/tab/1634509",
      "file_path": null,
      "metadata": {}
    },
    "1634510": {
      "id": "1634510",
      "title": "Estado Civil",
      "type": "CRD",
      "url": "https://tabs.ultimate-guitar.com/tab/1634510",
      "file_path": null,
      "metadata": {}
    },
    "1634511": {
      "id": "1634511",
      "title": "Estatua De Marfil",
      "type": "CRD",
      "url": "https://tabs.ultimate-guitar.com/tab/1634511",
      "file_path": null,
      "metadata": {}
    },
    "4010236": {
      "id": "4010236",
      "title": "Estos Celos",
      "type": "CRD",
      "url": "https://tabs.ultimate-guitar.com/tab/4010236",
      "file_path": null,
      "metadata": {}
    },
    "912224": {
      "id": "912224",
      "title": "Estos Celos",
      "type": "PRO",
      "url": "https://tabs.ultimate-guitar.com/tab/912224",
      "file_path": null,
      "metadata": {}
    },
    "914658": {
      "id": "914658",
      "title": "Estos Celos (ver 2)",
      "type": "PRO",
      "url": "https://tabs.ultimate-guitar.com/tab/914658",
      "file_path": null,
      "metadata": {}
    },
    "3648797": {
      "id": "3648797",
      "title": "Estos Celos",
      "type": "UKE",
      "url": "https://tabs.ultimate-guitar.com/tab/3648797",
      "file_path": null,
      "metadata": {}
    },
    "1634512": {
      "id": "1634512",
      "title": "Flor De Azalea",
      "type": "CRD",
      "url": "https://tabs.ultimate-guitar.com/tab/1634512",
      "file_path": null,
      "metadata": {}
    },
    "698713": {
      "id": "698713",
      "title": "Fuego En La Sangre",
      "type": "CRD",
      "url": "https://tabs.ultimate-guitar.com/tab/698713",
      "file_path": null,
      "metadata": {}
    },
    "1310954": {
      "id": "1310954",
      "title": "Fuego En La Sangre",
      "type": "UKE",
      "url": "https://tabs.ultimate-guitar.com/tab/1310954",
      "file_path": null,
      "metadata": {}
    },
    "1634513": {
      "id": "1634513",
      "title": "Gema",
      "type": "CRD",
      "url": "https://tabs.ultimate-guitar.com/tab/1634513",
      "file_path": null,
      "metadata": {}
    },
    "2296981": {
      "id": "2296981",
      "title": "Guadalajara",
      "type": "CRD",
      "url": "https://tabs.ultimate-guitar.com/tab/2296981",
      "file_path": null,
      "metadata": {}
    },
    "1634514": {
      "id": "1634514",
      "title": "Hablando Claro",
      "type": "CRD",
      "url": "https://tabs.ultimate-guitar.com/tab/1634514",
      "file_path": null,
      "metadata": {}
    },
    "1634515": {
      "id": "1634515",
      "title": "Hasta La Tumba",
      "type": "CRD",
      "url": "https://tabs.ultimate-guitar.com/tab/1634515",
      "file_path": null,
      "metadata": {}
    },
    "1634516": {
      "id": "1634516",
      "title": "Hasta La Tumba (ver 2)",
      "type": "CRD",
      "url": "https://tabs.ultimate-guitar.com/tab/1634516",
      "file_path": null,
      "metadata": {}
    },
    "1634518": {
      "id": "1634518",
      "title": "Hermoso Cariño",
      "type": "CRD",
      "url": "https://tabs.ultimate-guitar.com/tab/1634518",
      "file_path": null,
      "metadata": {}
    },
    "1634519": {
      "id": "1634519",
      "title": "Hermoso Cariño (ver 2)",
      "type": "CRD",
      "url": "https://tabs.ultimate-guitar.com/tab/1634519",
      "file_path": null,
      "metadata": {}
    },
    "4969036": {
      "id": "4969036",
      "title": "Hermoso Cariño  Intro",
      "type": "TAB",
      "url": "https://tabs.ultimate-guitar.com/tab/4969036",
      "file_path": null,
      "metadata": {}
    },
    "1634517": {
      "id": "1634517",
      "title": "Hermoso Cariño",
      "type": "TAB",
      "url": "https://tabs.ultimate-guitar.com/tab/1634517",
      "file_path": null,
      "metadata": {}
    },
    "1634520": {
      "id": "1634520",
      "title": "Hermoso Cariño (ver 2)",
      "type": "TAB",
      "url": "https://tabs.ultimate-guitar.com/tab/1634520",
      "file_path": null,
      "metadata": {}
    },
    "1634521": {
      "id": "1634521",
      "title": "Hermoso Cariño (ver 3)",
      "type": "TAB",
      "url": "https://tabs.ultimate-guitar.com/tab/1634521",
      "file_path": null,
      "metadata": {}
    },
    "1828374": {
      "id": "1828374",
      "title": "Hermoso Cariño (ver 4)",
      "type": "TAB",
      "url": "https://tabs.ultimate-guitar.com/tab/1828374",
      "file_path": null,
      "metadata": {}
    },
    "2179623": {
      "id": "2179623",
      "title": "Hermoso Cariño",
      "type": "PRO",
      "url": "https://tabs.ultimate-guitar.com/tab/2179623",
      "file_path": null,
      "metadata": {}
    },
    "1634522": {
      "id": "1634522",
      "title": "Hilos De Plata",
      "type": "CRD",
      "url": "https://tabs.ultimate-guitar.com/tab/1634522",
      "file_path": null,
      "metadata": {}
    },
    "1634523": {
      "id": "1634523",
      "title": "Hilos De Plata (ver 2)",
      "type": "CRD",
      "url": "https://tabs.ultimate-guitar.com/tab/1634523",
      "file_path": null,
      "metadata": {}
    },
    "1634524": {
      "id": "1634524",
      "title": "Hoy Platiqué Con Mi Gallo",
      "type": "CRD",
      "url": "https://tabs.ultimate-guitar.com/tab/1634524",
      "file_path": null,
      "metadata": {}
    },
    "1634525": {
      "id": "1634525",
      "title": "Ignacio Bernal",
      "type": "CRD",
      "url": "https://tabs.ultimate-guitar.com/tab/1634525",
      "file_path": null,
      "metadata": {}
    },
    "1634526": {
      "id": "1634526",
      "title": "Julia",
      "type": "CRD",
      "url": "https://tabs.ultimate-guitar.com/tab/1634526",
      "file_path": null,
      "metadata": {}
    },
    "1634527": {
      "id": "1634527",
      "title": "La Barca De Guaymas",
      "type": "CRD",
      "url": "https://tabs.ultimate-guitar.com/tab/1634527",
      "file_path": null,
      "metadata": {}
    },
    "1634528": {
      "id": "1634528",
      "title": "La Caminera",
      "type": "CRD",
      "url": "https://tabs.ultimate-guitar.com/tab/1634528",
      "file_path": null,
      "metadata": {}
    },
    "1634529": {
      "id": "1634529",
      "title": "La Cruz De Olvido",
      "type": "CRD",
      "url": "https://tabs.ultimate-guitar.com/tab/1634529",
      "file_path": null,
      "metadata": {}
    },
    "1634530": {
      "id": "1634530",
      "title": "La Cruz De Olvido (ver 2)",
      "type": "CRD",
      "url": "https://tabs.ultimate-guitar.com/tab/1634530",
      "file_path": null,
      "metadata": {}
    },
    "5473152": {
      "id": "5473152",
      "title": "La Derrota",
      "type": "CRD",
      "url": "https://tabs.ultimate-guitar.com/tab/5473152",
      "file_path": null,
      "metadata": {}
    },
    "1634532": {
      "id": "1634532",
      "title": "La Derrota",
      "type": "TAB",
      "url": "https://tabs.ultimate-guitar.com/tab/1634532",
      "file_path": null,
      "metadata": {}
    },
    "1634533": {
      "id": "1634533",
      "title": "La Diferencia",
      "type": "CRD",
      "url": "https://tabs.ultimate-guitar.com/tab/1634533",
      "file_path": null,
      "metadata": {}
    },
    "1634534": {
      "id": "1634534",
      "title": "La Diferencia",
      "type": "TAB",
      "url": "https://tabs.ultimate-guitar.com/tab/1634534",
      "file_path": null,
      "metadata": {}
    },
    "4645388": {
      "id": "4645388",
      "title": "La Diferencia",
      "type": "PRO",
      "url": "https://tabs.ultimate-guitar.com/tab/4645388",
      "file_path": null,
      "metadata": {}
    },
    "1634535": {
      "id": "1634535",
      "title": "La Fiesta",
      "type": "CRD",
      "url": "https://tabs.ultimate-guitar.com/tab/1634535",
      "file_path": null,
      "metadata": {}
    },
    "1634536": {
      "id": "1634536",
      "title": "La Ley De La Vida",
      "type": "CRD",
      "url": "https://tabs.ultimate-guitar.com/tab/1634536",
      "file_path": null,
      "metadata": {}
    },
    "123167": {
      "id": "123167",
      "title": "La Ley De Monte",
      "type": "CRD",
      "url": "https://tabs.ultimate-guitar.com/tab/123167",
      "file_path": null,
      "metadata": {}
    },
    "1272298": {
      "id": "1272298",
      "title": "La Ley De Monte",
      "type": "UKE",
      "url": "https://tabs.ultimate-guitar.com/tab/1272298",
      "file_path": null,
      "metadata": {}
    },
    "68414": {
      "id": "68414",
      "title": "La Ley Del Monte",
      "type": "CRD",
      "url": "https://tabs.ultimate-guitar.com/tab/68414",
      "file_path": null,
      "metadata": {}
    },
    "4979392": {
      "id": "4979392",
      "title": "La Ley Del Monte (ver 2)",
      "type": "CRD",
      "url": "https://tabs.ultimate-guitar.com/tab/4979392",
      "file_path": null,
      "metadata": {}
    },
    "1262261": {
      "id": "1262261",
      "title": "La Ley Del Monte",
      "type": "UKE",
      "url": "https://tabs.ultimate-guitar.com/tab/1262261",
      "file_path": null,
      "metadata": {}
    },
    "1634537": {
      "id": "1634537",
      "title": "La Llamada",
      "type": "CRD",
      "url": "https://tabs.ultimate-guitar.com/tab/1634537",
      "file_path": null,
      "metadata": {}
    },
    "853140": {
      "id": "853140",
      "title": "La Mentira",
      "type": "CRD",
      "url": "https://tabs.ultimate-guitar.com/tab/853140",
      "file_path": null,
      "metadata": {}
    },
    "1327780": {
      "id": "1327780",
      "title": "La Mentira",
      "type": "UKE",
      "url": "https://tabs.ultimate-guitar.com/tab/1327780",
      "file_path": null,
      "metadata": {}
    },
    "5241231": {
      "id": "5241231",
      "title": "La Misma",
      "type": "CRD",
      "url": "https://tabs.ultimate-guitar.com/tab/5241231",
      "file_path": null,
      "metadata": {}
    },
    "1634538": {
      "id": "1634538",
      "title": "La Misma",
      "type": "TAB",
      "url": "https://tabs.ultimate-guitar.com/tab/1634538",
      "file_path": null,
      "metadata": {}
    },
    "1634539": {
      "id": "1634539",
      "title": "La Muerte De Un Gallero",
      "type": "CRD",
      "url": "https://tabs.ultimate-guitar.com/tab/1634539",
      "file_path": null,
      "metadata": {}
    },
    "1634540": {
      "id": "1634540",
      "title": "La Peor De Mis Locuras",
      "type": "CRD",
      "url": "https://tabs.ultimate-guitar.com/tab/1634540",
      "file_path": null,
      "metadata": {}
    },
    "1634541": {
      "id": "1634541",
      "title": "La Primera Caricia",
      "type": "CRD",
      "url": "https://tabs.ultimate-guitar.com/tab/1634541",
      "file_path": null,
      "metadata": {}
    },
    "1634542": {
      "id": "1634542",
      "title": "La Primera Con Agua",
      "type": "CRD",
      "url": "https://tabs.ultimate-guitar.com/tab/1634542",
      "file_path": null,
      "metadata": {}
    },
    "1634543": {
      "id": "1634543",
      "title": "La Ruleta",
      "type": "CRD",
      "url": "https://tabs.ultimate-guitar.com/tab/1634543",
      "file_path": null,
      "metadata": {}
    },
    "1634544": {
      "id": "1634544",
      "title": "La Tienda",
      "type": "CRD",
      "url": "https://tabs.ultimate-guitar.com/tab/1634544",
      "file_path": null,
      "metadata": {}
    },
    "1634545": {
      "id": "1634545",
      "title": "La Tragedia Del Vaquero",
      "type": "CRD",
      "url": "https://tabs.ultimate-guitar.com/tab/1634545",
      "file_path": null,
      "metadata": {}
    },
    "4645349": {
      "id": "4645349",
      "title": "La Tragedia Del Vaquero",
      "type": "PRO",
      "url": "https://tabs.ultimate-guitar.com/tab/4645349",
      "file_path": null,
      "metadata": {}
    },
    "1634546": {
      "id": "1634546",
      "title": "Lamento De Las Campanas",
      "type": "CRD",
      "url": "https://tabs.ultimate-guitar.com/tab/1634546",
      "file_path": null,
      "metadata": {}
    },
    "1634547": {
      "id": "1634547",
      "title": "Las Botas De Charro",
      "type": "TAB",
      "url": "https://tabs.ultimate-guitar.com/tab/1634547",
      "file_path": null,
      "metadata": {}
    },
    "651179": {
      "id": "651179",
      "title": "Las Llaves De Mi Alma",
      "type": "CRD",
      "url": "https://tabs.ultimate-guitar.com/tab/651179",
      "file_path": null,
      "metadata": {}
    },
    "1307803": {
      "id": "1307803",
      "title": "Las Llaves De Mi Alma",
      "type": "UKE",
      "url": "https://tabs.ultimate-guitar.com/tab/1307803",
      "file_path": null,
      "metadata": {}
    },
    "3350771": {
      "id": "3350771",
      "title": "Las Mañanitas  Intro",
      "type": "TAB",
      "url": "https://tabs.ultimate-guitar.com/tab/3350771",
      "file_path": null,
      "metadata": {}
    },
    "2650758": {
      "id": "2650758",
      "title": "Las Mañanitas",
      "type": "UKE",
      "url": "https://tabs.ultimate-guitar.com/tab/2650758",
      "file_path": null,
      "metadata": {}
    },
    "1634549": {
      "id": "1634549",
      "title": "Lástima Que Seas Ajena",
      "type": "CRD",
      "url": "https://tabs.ultimate-guitar.com/tab/1634549",
      "file_path": null,
      "metadata": {}
    },
    "1634550": {
      "id": "1634550",
      "title": "Lo Que Me Toca",
      "type": "CRD",
      "url": "https://tabs.ultimate-guitar.com/tab/1634550",
      "file_path": null,
      "metadata": {}
    },
    "1634551": {
      "id": "1634551",
      "title": "Los Cazahuates",
      "type": "CRD",
      "url": "https://tabs.ultimate-guitar.com/tab/1634551",
      "file_path": null,
      "metadata": {}
    },
    "1634552": {
      "id": "1634552",
      "title": "Los Cazahuates (ver 2)",
      "type": "CRD",
      "url": "https://tabs.ultimate-guitar.com/tab/1634552",
      "file_path": null,
      "metadata": {}
    },
    "1634553": {
      "id": "1634553",
      "title": "Los Mandados",
      "type": "CRD",
      "url": "https://tabs.ultimate-guitar.com/tab/1634553",
      "file_path": null,
      "metadata": {}
    },
    "1634554": {
      "id": "1634554",
      "title": "Mares De Tristeza",
      "type": "CRD",
      "url": "https://tabs.ultimate-guitar.com/tab/1634554",
      "file_path": null,
      "metadata": {}
    },
    "1634555": {
      "id": "1634555",
      "title": "Marioneta",
      "type": "CRD",
      "url": "https://tabs.ultimate-guitar.com/tab/1634555",
      "file_path": null,
      "metadata": {}
    },
    "1634556": {
      "id": "1634556",
      "title": "Mata El Recuerdo",
      "type": "CRD",
      "url": "https://tabs.ultimate-guitar.com/tab/1634556",
      "file_path": null,
      "metadata": {}
    },
    "1634557": {
      "id": "1634557",
      "title": "Mátalas",
      "type": "CRD",
      "url": "https://tabs.ultimate-guitar.com/tab/1634557",
      "file_path": null,
      "metadata": {}
    },
    "1634558": {
      "id": "1634558",
      "title": "Me Caso El Sábado",
      "type": "CRD",
      "url": "https://tabs.ultimate-guitar.com/tab/1634558",
      "file_path": null,
      "metadata": {}
    },
    "1634559": {
      "id": "1634559",
      "title": "Me Está Esperando María",
      "type": "CRD",
      "url": "https://tabs.ultimate-guitar.com/tab/1634559",
      "file_path": null,
      "metadata": {}
    },
    "1634560": {
      "id": "1634560",
      "title": "Me Quedan Todas",
      "type": "CRD",
      "url": "https://tabs.ultimate-guitar.com/tab/1634560",
      "file_path": null,
      "metadata": {}
    },
    "1634561": {
      "id": "1634561",
      "title": "Me Tienes Mimado",
      "type": "CRD",
      "url": "https://tabs.ultimate-guitar.com/tab/1634561",
      "file_path": null,
      "metadata": {}
    },
    "1473654": {
      "id": "1473654",
      "title": "Me Voy A Quitar De En Medio",
      "type": "CRD",
      "url": "https://tabs.ultimate-guitar.com/tab/1473654",
      "file_path": null,
      "metadata": {}
    },
    "1485002": {
      "id": "1485002",
      "title": "Me Voy A Quitar De En Medio (ver 2)",
      "type": "CRD",
      "url": "https://tabs.ultimate-guitar.com/tab/1485002",
      "file_path": null,
      "metadata": {}
    },
    "1634562": {
      "id": "1634562",
      "title": "Me Voy A Quitar De Enmedio",
      "type": "CRD",
      "url": "https://tabs.ultimate-guitar.com/tab/1634562",
      "file_path": null,
      "metadata": {}
    },
    "1634563": {
      "id": "1634563",
      "title": "Me Voy A Quitar De Enmedio",
      "type": "TAB",
      "url": "https://tabs.ultimate-guitar.com/tab/1634563",
      "file_path": null,
      "metadata": {}
    },
    "1634564": {
      "id": "1634564",
      "title": "Me Voy A Quitar De Enmedio (ver 2)",
      "type": "TAB",
      "url": "https://tabs.ultimate-guitar.com/tab/1634564",
      "file_path": null,
      "metadata": {}
    },
    "1634565": {
      "id": "1634565",
      "title": "Mi Amigo El Tordillo",
      "type": "CRD",
      "url": "https://tabs.ultimate-guitar.com/tab/1634565",
      "file_path": null,
      "metadata": {}
    },
    "1634566": {
      "id": "1634566",
      "title": "Mi Niña Bonita",
      "type": "CRD",
      "url": "https://tabs.ultimate-guitar.com/tab/1634566",
      "file_path": null,
      "metadata": {}
    },
    "1634567": {
      "id": "1634567",
      "title": "Mi Padre",
      "type": "CRD",
      "url": "https://tabs.ultimate-guitar.com/tab/1634567",
      "file_path": null,
      "metadata": {}
    },
    "1634569": {
      "id": "1634569",
      "title": "Mi Vejez",
      "type": "CRD",
      "url": "https://tabs.ultimate-guitar.com/tab/1634569",
      "file_path": null,
      "metadata": {}
    },
    "1634570": {
      "id": "1634570",
      "title": "Mi Viejo",
      "type": "CRD",
      "url": "https://tabs.ultimate-guitar.com/tab/1634570",
      "file_path": null,
      "metadata": {}
    },
    "1634571": {
      "id": "1634571",
      "title": "Mi Viejo (ver 2)",
      "type": "CRD",
      "url": "https://tabs.ultimate-guitar.com/tab/1634571",
      "file_path": null,
      "metadata": {}
    },
    "1634572": {
      "id": "1634572",
      "title": "Miedo",
      "type": "CRD",
      "url": "https://tabs.ultimate-guitar.com/tab/1634572",
      "file_path": null,
      "metadata": {}
    },
    "1634573": {
      "id": "1634573",
      "title": "Míllón De Primaveras",
      "type": "CRD",
      "url": "https://tabs.ultimate-guitar.com/tab/1634573",
      "file_path": null,
      "metadata": {}
    },
    "1634574": {
      "id": "1634574",
      "title": "Miraron Llorar A Un Hombre",
      "type": "CRD",
      "url": "https://tabs.ultimate-guitar.com/tab/1634574",
      "file_path": null,
      "metadata": {}
    },
    "5123764": {
      "id": "5123764",
      "title": "Mis Manos",
      "type": "CRD",
      "url": "https://tabs.ultimate-guitar.com/tab/5123764",
      "file_path": null,
      "metadata": {}
    },
    "1634576": {
      "id": "1634576",
      "title": "Motivos",
      "type": "CRD",
      "url": "https://tabs.ultimate-guitar.com/tab/1634576",
      "file_path": null,
      "metadata": {}
    },
    "1634577": {
      "id": "1634577",
      "title": "Motivos (ver 2)",
      "type": "CRD",
      "url": "https://tabs.ultimate-guitar.com/tab/1634577",
      "file_path": null,
      "metadata": {}
    },
    "1634575": {
      "id": "1634575",
      "title": "Motivos",
      "type": "TAB",
      "url": "https://tabs.ultimate-guitar.com/tab/1634575",
      "file_path": null,
      "metadata": {}
    },
    "1634578": {
      "id": "1634578",
      "title": "Muchas Gracias",
      "type": "CRD",
      "url": "https://tabs.ultimate-guitar.com/tab/1634578",
      "file_path": null,
      "metadata": {}
    },
    "5197587": {
      "id": "5197587",
      "title": "Mujeres Divinas (ver 2)",
      "type": "CRD",
      "url": "https://tabs.ultimate-guitar.com/tab/5197587",
      "file_path": null,
      "metadata": {}
    },
    "3403022": {
      "id": "3403022",
      "title": "Mujeres Divinas  Intro",
      "type": "TAB",
      "url": "https://tabs.ultimate-guitar.com/tab/3403022",
      "file_path": null,
      "metadata": {}
    },
    "5538261": {
      "id": "5538261",
      "title": "Mujeres Divinas",
      "type": "PRO",
      "url": "https://tabs.ultimate-guitar.com/tab/5538261",
      "file_path": null,
      "metadata": {}
    },
    "1379639": {
      "id": "1379639",
      "title": "Mujeres Divinas",
      "type": "UKE",
      "url": "https://tabs.ultimate-guitar.com/tab/1379639",
      "file_path": null,
      "metadata": {}
    },
    "1634579": {
      "id": "1634579",
      "title": "Necesito De Tí",
      "type": "CRD",
      "url": "https://tabs.ultimate-guitar.com/tab/1634579",
      "file_path": null,
      "metadata": {}
    },
    "1634580": {
      "id": "1634580",
      "title": "Negra Consentida",
      "type": "CRD",
      "url": "https://tabs.ultimate-guitar.com/tab/1634580",
      "file_path": null,
      "metadata": {}
    },
    "1634581": {
      "id": "1634581",
      "title": "Negra Cruz",
      "type": "CRD",
      "url": "https://tabs.ultimate-guitar.com/tab/1634581",
      "file_path": null,
      "metadata": {}
    },
    "1634582": {
      "id": "1634582",
      "title": "Ni Con La Vida Te Pago",
      "type": "CRD",
      "url": "https://tabs.ultimate-guitar.com/tab/1634582",
      "file_path": null,
      "metadata": {}
    },
    "1634583": {
      "id": "1634583",
      "title": "Ni En Defensa Propia",
      "type": "CRD",
      "url": "https://tabs.ultimate-guitar.com/tab/1634583",
      "file_path": null,
      "metadata": {}
    },
    "1634584": {
      "id": "1634584",
      "title": "Niña Hechicera",
      "type": "CRD",
      "url": "https://tabs.ultimate-guitar.com/tab/1634584",
      "file_path": null,
      "metadata": {}
    },
    "1634585": {
      "id": "1634585",
      "title": "Niña Hechicera (ver 2)",
      "type": "CRD",
      "url": "https://tabs.ultimate-guitar.com/tab/1634585",
      "file_path": null,
      "metadata": {}
    },
    "1634586": {
      "id": "1634586",
      "title": "Niña Hechicera (ver 3)",
      "type": "CRD",
      "url": "https://tabs.ultimate-guitar.com/tab/1634586",
      "file_path": null,
      "metadata": {}
    },
    "1634587": {
      "id": "1634587",
      "title": "No Creo Que Tú",
      "type": "CRD",
      "url": "https://tabs.ultimate-guitar.com/tab/1634587",
      "file_path": null,
      "metadata": {}
    },
    "1634588": {
      "id": "1634588",
      "title": "No Debió Volver",
      "type": "CRD",
      "url": "https://tabs.ultimate-guitar.com/tab/1634588",
      "file_path": null,
      "metadata": {}
    },
    "5496369": {
      "id": "5496369",
      "title": "No Hagas Llorar A Esa Mujer",
      "type": "CRD",
      "url": "https://tabs.ultimate-guitar.com/tab/5496369",
      "file_path": null,
      "metadata": {}
    },
    "1634589": {
      "id": "1634589",
      "title": "No Me Hagas Menos",
      "type": "CRD",
      "url": "https://tabs.ultimate-guitar.com/tab/1634589",
      "file_path": null,
      "metadata": {}
    },
    "4646801": {
      "id": "4646801",
      "title": "No Me Hagas Menos",
      "type": "PRO",
      "url": "https://tabs.ultimate-guitar.com/tab/4646801",
      "file_path": null,
      "metadata": {}
    },
    "1634590": {
      "id": "1634590",
      "title": "No Me Sé Rajar",
      "type": "CRD",
      "url": "https://tabs.ultimate-guitar.com/tab/1634590",
      "file_path": null,
      "metadata": {}
    },
    "1634591": {
      "id": "1634591",
      "title": "No Supe Como",
      "type": "CRD",
      "url": "https://tabs.ultimate-guitar.com/tab/1634591",
      "file_path": null,
      "metadata": {}
    },
    "1634592": {
      "id": "1634592",
      "title": "No Te Culpes",
      "type": "CRD",
      "url": "https://tabs.ultimate-guitar.com/tab/1634592",
      "file_path": null,
      "metadata": {}
    },
    "1634593": {
      "id": "1634593",
      "title": "No Tiene Nombre",
      "type": "CRD",
      "url": "https://tabs.ultimate-guitar.com/tab/1634593",
      "file_path": null,
      "metadata": {}
    },
    "1634594": {
      "id": "1634594",
      "title": "Nomás Dejé De Quererte",
      "type": "CRD",
      "url": "https://tabs.ultimate-guitar.com/tab/1634594",
      "file_path": null,
      "metadata": {}
    },
    "1634595": {
      "id": "1634595",
      "title": "Nos Estorbó La Ropa",
      "type": "CRD",
      "url": "https://tabs.ultimate-guitar.com/tab/1634595",
      "file_path": null,
      "metadata": {}
    },
    "1634596": {
      "id": "1634596",
      "title": "Nosotros",
      "type": "CRD",
      "url": "https://tabs.ultimate-guitar.com/tab/1634596",
      "file_path": null,
      "metadata": {}
    },
    "1634597": {
      "id": "1634597",
      "title": "Nuestro Juramento",
      "type": "CRD",
      "url": "https://tabs.ultimate-guitar.com/tab/1634597",
      "file_path": null,
      "metadata": {}
    },
    "1634598": {
      "id": "1634598",
      "title": "Ojos De Almendra",
      "type": "CRD",
      "url": "https://tabs.ultimate-guitar.com/tab/1634598",
      "file_path": null,
      "metadata": {}
    },
    "1634599": {
      "id": "1634599",
      "title": "Palabra De Rey",
      "type": "CRD",
      "url": "https://tabs.ultimate-guitar.com/tab/1634599",
      "file_path": null,
      "metadata": {}
    },
    "1634600": {
      "id": "1634600",
      "title": "Palabra De Rey (ver 2)",
      "type": "CRD",
      "url": "https://tabs.ultimate-guitar.com/tab/1634600",
      "file_path": null,
      "metadata": {}
    },
    "1634601": {
      "id": "1634601",
      "title": "Paloma Errante",
      "type": "CRD",
      "url": "https://tabs.ultimate-guitar.com/tab/1634601",
      "file_path": null,
      "metadata": {}
    },
    "1634602": {
      "id": "1634602",
      "title": "Paloma Negra",
      "type": "CRD",
      "url": "https://tabs.ultimate-guitar.com/tab/1634602",
      "file_path": null,
      "metadata": {}
    },
    "1634603": {
      "id": "1634603",
      "title": "Para Que Me Recuerdes",
      "type": "CRD",
      "url": "https://tabs.ultimate-guitar.com/tab/1634603",
      "file_path": null,
      "metadata": {}
    },
    "1634604": {
      "id": "1634604",
      "title": "Para Que Seas Feliz",
      "type": "CRD",
      "url": "https://tabs.ultimate-guitar.com/tab/1634604",
      "file_path": null,
      "metadata": {}
    },
    "4176916": {
      "id": "4176916",
      "title": "Para Siempre",
      "type": "CRD",
      "url": "https://tabs.ultimate-guitar.com/tab/4176916",
      "file_path": null,
      "metadata": {}
    },
    "1634605": {
      "id": "1634605",
      "title": "Payaso",
      "type": "CRD",
      "url": "https://tabs.ultimate-guitar.com/tab/1634605",
      "file_path": null,
      "metadata": {}
    },
    "1634606": {
      "id": "1634606",
      "title": "Pecado",
      "type": "CRD",
      "url": "https://tabs.ultimate-guitar.com/tab/1634606",
      "file_path": null,
      "metadata": {}
    },
    "1634607": {
      "id": "1634607",
      "title": "Perdón",
      "type": "CRD",
      "url": "https://tabs.ultimate-guitar.com/tab/1634607",
      "file_path": null,
      "metadata": {}
    },
    "5601885": {
      "id": "5601885",
      "title": "Perdón",
      "type": "PRO",
      "url": "https://tabs.ultimate-guitar.com/tab/5601885",
      "file_path": null,
      "metadata": {}
    },
    "5257017": {
      "id": "5257017",
      "title": "Perdón Madrecita",
      "type": "CRD",
      "url": "https://tabs.ultimate-guitar.com/tab/5257017",
      "file_path": null,
      "metadata": {}
    },
    "1634608": {
      "id": "1634608",
      "title": "Pero Sin Querer",
      "type": "CRD",
      "url": "https://tabs.ultimate-guitar.com/tab/1634608",
      "file_path": null,
      "metadata": {}
    },
    "1634609": {
      "id": "1634609",
      "title": "Ponle Precio",
      "type": "CRD",
      "url": "https://tabs.ultimate-guitar.com/tab/1634609",
      "file_path": null,
      "metadata": {}
    },
    "1634610": {
      "id": "1634610",
      "title": "Por Eso Vuelve",
      "type": "CRD",
      "url": "https://tabs.ultimate-guitar.com/tab/1634610",
      "file_path": null,
      "metadata": {}
    },
    "1634611": {
      "id": "1634611",
      "title": "Por Si No Te Vuelvo A Ver",
      "type": "CRD",
      "url": "https://tabs.ultimate-guitar.com/tab/1634611",
      "file_path": null,
      "metadata": {}
    },
    "1634612": {
      "id": "1634612",
      "title": "Por Tí",
      "type": "CRD",
      "url": "https://tabs.ultimate-guitar.com/tab/1634612",
      "file_path": null,
      "metadata": {}
    },
    "2219315": {
      "id": "2219315",
      "title": "Por Tu Maldito Amor (ver 2)",
      "type": "CRD",
      "url": "https://tabs.ultimate-guitar.com/tab/2219315",
      "file_path": null,
      "metadata": {}
    },
    "4044700": {
      "id": "4044700",
      "title": "Por Tu Maldito Amor (ver 3)",
      "type": "CRD",
      "url": "https://tabs.ultimate-guitar.com/tab/4044700",
      "file_path": null,
      "metadata": {}
    },
    "4646873": {
      "id": "4646873",
      "title": "Por Tu Maldito Amor",
      "type": "PRO",
      "url": "https://tabs.ultimate-guitar.com/tab/4646873",
      "file_path": null,
      "metadata": {}
    },
    "1634613": {
      "id": "1634613",
      "title": "Por Un Amor",
      "type": "CRD",
      "url": "https://tabs.ultimate-guitar.com/tab/1634613",
      "file_path": null,
      "metadata": {}
    },
    "5403258": {
      "id": "5403258",
      "title": "Prenda Del Alma",
      "type": "CRD",
      "url": "https://tabs.ultimate-guitar.com/tab/5403258",
      "file_path": null,
      "metadata": {}
    },
    "1634614": {
      "id": "1634614",
      "title": "Puras Mentiras",
      "type": "CRD",
      "url": "https://tabs.ultimate-guitar.com/tab/1634614",
      "file_path": null,
      "metadata": {}
    },
    "1634615": {
      "id": "1634615",
      "title": "Puro Cachanilla",
      "type": "CRD",
      "url": "https://tabs.ultimate-guitar.com/tab/1634615",
      "file_path": null,
      "metadata": {}
    },
    "1634616": {
      "id": "1634616",
      "title": "Que Bonito Amor",
      "type": "CRD",
      "url": "https://tabs.ultimate-guitar.com/tab/1634616",
      "file_path": null,
      "metadata": {}
    },
    "1634617": {
      "id": "1634617",
      "title": "Que Bueno",
      "type": "CRD",
      "url": "https://tabs.ultimate-guitar.com/tab/1634617",
      "file_path": null,
      "metadata": {}
    },
    "1177864": {
      "id": "1177864",
      "title": "Que De Raro Tiene",
      "type": "CRD",
      "url": "https://tabs.ultimate-guitar.com/tab/1177864",
      "file_path": null,
      "metadata": {}
    },
    "1367439": {
      "id": "1367439",
      "title": "Que De Raro Tiene",
      "type": "UKE",
      "url": "https://tabs.ultimate-guitar.com/tab/1367439",
      "file_path": null,
      "metadata": {}
    },
    "1634618": {
      "id": "1634618",
      "title": "Que Dios Te Perdone",
      "type": "CRD",
      "url": "https://tabs.ultimate-guitar.com/tab/1634618",
      "file_path": null,
      "metadata": {}
    },
    "1634619": {
      "id": "1634619",
      "title": "Que No Te Extrañe",
      "type": "CRD",
      "url": "https://tabs.ultimate-guitar.com/tab/1634619",
      "file_path": null,
      "metadata": {}
    },
    "1634620": {
      "id": "1634620",
      "title": "Que Nos Sucedió",
      "type": "CRD",
      "url": "https://tabs.ultimate-guitar.com/tab/1634620",
      "file_path": null,
      "metadata": {}
    },
    "1634621": {
      "id": "1634621",
      "title": "Que Pregunta Muchacho",
      "type": "CRD",
      "url": "https://tabs.ultimate-guitar.com/tab/1634621",
      "file_path": null,
      "metadata": {}
    },
    "1634622": {
      "id": "1634622",
      "title": "Que Sepan Todos",
      "type": "CRD",
      "url": "https://tabs.ultimate-guitar.com/tab/1634622",
      "file_path": null,
      "metadata": {}
    },
    "1634623": {
      "id": "1634623",
      "title": "Que Te Vaya Bonito",
      "type": "CRD",
      "url": "https://tabs.ultimate-guitar.com/tab/1634623",
      "file_path": null,
      "metadata": {}
    },
    "1634624": {
      "id": "1634624",
      "title": "Que Te Vaya Bonito (ver 2)",
      "type": "CRD",
      "url": "https://tabs.ultimate-guitar.com/tab/1634624",
      "file_path": null,
      "metadata": {}
    },
    "2810165": {
      "id": "2810165",
      "title": "Que Te Vaya Bonito (ver 3)",
      "type": "CRD",
      "url": "https://tabs.ultimate-guitar.com/tab/2810165",
      "file_path": null,
      "metadata": {}
    },
    "1634625": {
      "id": "1634625",
      "title": "Que Vas A Hacer Sin Mí",
      "type": "CRD",
      "url": "https://tabs.ultimate-guitar.com/tab/1634625",
      "file_path": null,
      "metadata": {}
    },
    "1634626": {
      "id": "1634626",
      "title": "Que Vas A Hacer Sin Mí (ver 2)",
      "type": "CRD",
      "url": "https://tabs.ultimate-guitar.com/tab/1634626",
      "file_path": null,
      "metadata": {}
    },
    "1634627": {
      "id": "1634627",
      "title": "Quiero Dormir Cansado",
      "type": "CRD",
      "url": "https://tabs.ultimate-guitar.com/tab/1634627",
      "file_path": null,
      "metadata": {}
    },
    "1634628": {
      "id": "1634628",
      "title": "Quince Primaveras",
      "type": "CRD",
      "url": "https://tabs.ultimate-guitar.com/tab/1634628",
      "file_path": null,
      "metadata": {}
    },
    "1634629": {
      "id": "1634629",
      "title": "Quince Primaveras (ver 2)",
      "type": "CRD",
      "url": "https://tabs.ultimate-guitar.com/tab/1634629",
      "file_path": null,
      "metadata": {}
    },
    "1634630": {
      "id": "1634630",
      "title": "Regresa A Mí",
      "type": "CRD",
      "url": "https://tabs.ultimate-guitar.com/tab/1634630",
      "file_path": null,
      "metadata": {}
    },
    "1634631": {
      "id": "1634631",
      "title": "Sangre De Indio",
      "type": "CRD",
      "url": "https://tabs.ultimate-guitar.com/tab/1634631",
      "file_path": null,
      "metadata": {}
    },
    "1634632": {
      "id": "1634632",
      "title": "Se Vende Un Caballo",
      "type": "CRD",
      "url": "https://tabs.ultimate-guitar.com/tab/1634632",
      "file_path": null,
      "metadata": {}
    },
    "1634633": {
      "id": "1634633",
      "title": "Señora Bonita",
      "type": "CRD",
      "url": "https://tabs.ultimate-guitar.com/tab/1634633",
      "file_path": null,
      "metadata": {}
    },
    "1634634": {
      "id": "1634634",
      "title": "Señora De Tal",
      "type": "CRD",
      "url": "https://tabs.ultimate-guitar.com/tab/1634634",
      "file_path": null,
      "metadata": {}
    },
    "1634635": {
      "id": "1634635",
      "title": "Señora De Tal (ver 2)",
      "type": "CRD",
      "url": "https://tabs.ultimate-guitar.com/tab/1634635",
      "file_path": null,
      "metadata": {}
    },
    "1634636": {
      "id": "1634636",
      "title": "Si Acaso Vuelves",
      "type": "CRD",
      "url": "https://tabs.ultimate-guitar.com/tab/1634636",
      "file_path": null,
      "metadata": {}
    },
    "1634637": {
      "id": "1634637",
      "title": "Si Acaso Vuelves",
      "type": "TAB",
      "url": "https://tabs.ultimate-guitar.com/tab/1634637",
      "file_path": null,
      "metadata": {}
    },
    "1634638": {
      "id": "1634638",
      "title": "Si No Te Quisiera",
      "type": "CRD",
      "url": "https://tabs.ultimate-guitar.com/tab/1634638",
      "file_path": null,
      "metadata": {}
    },
    "1634639": {
      "id": "1634639",
      "title": "Si Te Vas No Hay Lio",
      "type": "CRD",
      "url": "https://tabs.ultimate-guitar.com/tab/1634639",
      "file_path": null,
      "metadata": {}
    },
    "1634640": {
      "id": "1634640",
      "title": "Sin Papeles",
      "type": "CRD",
      "url": "https://tabs.ultimate-guitar.com/tab/1634640",
      "file_path": null,
      "metadata": {}
    },
    "1634641": {
      "id": "1634641",
      "title": "Sin Que Lo Sepas Tú",
      "type": "CRD",
      "url": "https://tabs.ultimate-guitar.com/tab/1634641",
      "file_path": null,
      "metadata": {}
    },
    "1634642": {
      "id": "1634642",
      "title": "Sin Tí",
      "type": "CRD",
      "url": "https://tabs.ultimate-guitar.com/tab/1634642",
      "file_path": null,
      "metadata": {}
    },
    "5680778": {
      "id": "5680778",
      "title": "Solamente Una Vez",
      "type": "CRD",
      "url": "https://tabs.ultimate-guitar.com/tab/5680778",
      "file_path": null,
      "metadata": {}
    },
    "1634643": {
      "id": "1634643",
      "title": "Soñando En Garibaldi",
      "type": "CRD",
      "url": "https://tabs.ultimate-guitar.com/tab/1634643",
      "file_path": null,
      "metadata": {}
    },
    "1634644": {
      "id": "1634644",
      "title": "Soy De Abajo",
      "type": "CRD",
      "url": "https://tabs.ultimate-guitar.com/tab/1634644",
      "file_path": null,
      "metadata": {}
    },
    "1634645": {
      "id": "1634645",
      "title": "Sublime Mujer",
      "type": "CRD",
      "url": "https://tabs.ultimate-guitar.com/tab/1634645",
      "file_path": null,
      "metadata": {}
    },
    "1634646": {
      "id": "1634646",
      "title": "Sublime Mujer (ver 2)",
      "type": "CRD",
      "url": "https://tabs.ultimate-guitar.com/tab/1634646",
      "file_path": null,
      "metadata": {}
    },
    "1634647": {
      "id": "1634647",
      "title": "Te Me Vas Al Diablo",
      "type": "CRD",
      "url": "https://tabs.ultimate-guitar.com/tab/1634647",
      "file_path": null,
      "metadata": {}
    },
    "1634648": {
      "id": "1634648",
      "title": "Te Quedaste Adentro",
      "type": "CRD",
      "url": "https://tabs.ultimate-guitar.com/tab/1634648",
      "file_path": null,
      "metadata": {}
    },
    "1634649": {
      "id": "1634649",
      "title": "Te Quiero Ver",
      "type": "CRD",
      "url": "https://tabs.ultimate-guitar.com/tab/1634649",
      "file_path": null,
      "metadata": {}
    },
    "1634650": {
      "id": "1634650",
      "title": "Tengo Una Amante",
      "type": "CRD",
      "url": "https://tabs.ultimate-guitar.com/tab/1634650",
      "file_path": null,
      "metadata": {}
    },
    "1634651": {
      "id": "1634651",
      "title": "Tengo Una Amante (ver 2)",
      "type": "CRD",
      "url": "https://tabs.ultimate-guitar.com/tab/1634651",
      "file_path": null,
      "metadata": {}
    },
    "1634652": {
      "id": "1634652",
      "title": "Tenías Razón",
      "type": "CRD",
      "url": "https://tabs.ultimate-guitar.com/tab/1634652",
      "file_path": null,
      "metadata": {}
    },
    "1634653": {
      "id": "1634653",
      "title": "Tiempo Y Destiempo",
      "type": "CRD",
      "url": "https://tabs.ultimate-guitar.com/tab/1634653",
      "file_path": null,
      "metadata": {}
    },
    "1634654": {
      "id": "1634654",
      "title": "Tres Regalos",
      "type": "CRD",
      "url": "https://tabs.ultimate-guitar.com/tab/1634654",
      "file_path": null,
      "metadata": {}
    },
    "1634655": {
      "id": "1634655",
      "title": "Tu Camino Y El Mío",
      "type": "CRD",
      "url": "https://tabs.ultimate-guitar.com/tab/1634655",
      "file_path": null,
      "metadata": {}
    },
    "1634656": {
      "id": "1634656",
      "title": "Tu Ingratitud",
      "type": "CRD",
      "url": "https://tabs.ultimate-guitar.com/tab/1634656",
      "file_path": null,
      "metadata": {}
    },
    "4646363": {
      "id": "4646363",
      "title": "Tu Lo Quisiste",
      "type": "PRO",
      "url": "https://tabs.ultimate-guitar.com/tab/4646363",
      "file_path": null,
      "metadata": {}
    },
    "1634657": {
      "id": "1634657",
      "title": "Un Millón De Primaveras",
      "type": "CRD",
      "url": "https://tabs.ultimate-guitar.com/tab/1634657",
      "file_path": null,
      "metadata": {}
    },
    "4235401": {
      "id": "4235401",
      "title": "Un Millón De Primaveras (ver 2)",
      "type": "CRD",
      "url": "https://tabs.ultimate-guitar.com/tab/4235401",
      "file_path": null,
      "metadata": {}
    },
    "1634659": {
      "id": "1634659",
      "title": "Un Minuto De Amor",
      "type": "CRD",
      "url": "https://tabs.ultimate-guitar.com/tab/1634659",
      "file_path": null,
      "metadata": {}
    },
    "1634660": {
      "id": "1634660",
      "title": "Un Motivo",
      "type": "CRD",
      "url": "https://tabs.ultimate-guitar.com/tab/1634660",
      "file_path": null,
      "metadata": {}
    },
    "1634661": {
      "id": "1634661",
      "title": "Un Motivo (ver 2)",
      "type": "CRD",
      "url": "https://tabs.ultimate-guitar.com/tab/1634661",
      "file_path": null,
      "metadata": {}
    },
    "1634662": {
      "id": "1634662",
      "title": "Un Motivo (ver 3)",
      "type": "CRD",
      "url": "https://tabs.ultimate-guitar.com/tab/1634662",
      "file_path": null,
      "metadata": {}
    },
    "4647008": {
      "id": "4647008",
      "title": "Una Noche Como Esta",
      "type": "PRO",
      "url": "https://tabs.ultimate-guitar.com/tab/4647008",
      "file_path": null,
      "metadata": {}
    },
    "1634663": {
      "id": "1634663",
      "title": "Una Pura Y Dos Con Sal",
      "type": "CRD",
      "url": "https://tabs.ultimate-guitar.com/tab/1634663",
      "file_path": null,
      "metadata": {}
    },
    "1634664": {
      "id": "1634664",
      "title": "Urge",
      "type": "CRD",
      "url": "https://tabs.ultimate-guitar.com/tab/1634664",
      "file_path": null,
      "metadata": {}
    },
    "1634665": {
      "id": "1634665",
      "title": "Usted",
      "type": "CRD",
      "url": "https://tabs.ultimate-guitar.com/tab/1634665",
      "file_path": null,
      "metadata": {}
    },
    "1634666": {
      "id": "1634666",
      "title": "Vale Más Un Buen Amor",
      "type": "CRD",
      "url": "https://tabs.ultimate-guitar.com/tab/1634666",
      "file_path": null,
      "metadata": {}
    },
    "1634667": {
      "id": "1634667",
      "title": "Verdad Que Duele",
      "type": "CRD",
      "url": "https://tabs.ultimate-guitar.com/tab/1634667",
      "file_path": null,
      "metadata": {}
    },
    "1634668": {
      "id": "1634668",
      "title": "Verdad Que Duele (ver 2)",
      "type": "CRD",
      "url": "https://tabs.ultimate-guitar.com/tab/1634668",
      "file_path": null,
      "metadata": {}
    },
    "1634669": {
      "id": "1634669",
      "title": "Viejo",
      "type": "CRD",
      "url": "https://tabs.ultimate-guitar.com/tab/1634669",
      "file_path": null,
      "metadata": {}
    },
    "1634670": {
      "id": "1634670",
      "title": "Volcanes Dormidos",
      "type": "CRD",
      "url": "https://tabs.ultimate-guitar.com/tab/1634670",
      "file_path": null,
      "metadata": {}
    },
    "2942486": {
      "id": "2942486",
      "title": "Volver Volver (ver 2)",
      "type": "CRD",
      "url": "https://tabs.ultimate-guitar.com/tab/2942486",
      "file_path": null,
      "metadata": {}
    },
    "5721431": {
      "id": "5721431",
      "title": "Volver Volver  Intro",
      "type": "TAB",
      "url": "https://tabs.ultimate-guitar.com/tab/5721431",
      "file_path": null,
      "metadata": {}
    },
    "1364512": {
      "id": "1364512",
      "title": "Volver Volver",
      "type": "UKE",
      "url": "https://tabs.ultimate-guitar.com/tab/1364512",
      "file_path": null,
      "metadata": {}
    },
    "1634671": {
      "id": "1634671",
      "title": "Volvió Por Ella",
      "type": "CRD",
      "url": "https://tabs.ultimate-guitar.com/tab/1634671",
      "file_path": null,
      "metadata": {}
    },
    "1634672": {
      "id": "1634672",
      "title": "Voy A Dejarte",
      "type": "CRD",
      "url": "https://tabs.ultimate-guitar.com/tab/1634672",
      "file_path": null,
      "metadata": {}
    },
    "1634673": {
      "id": "1634673",
      "title": "Voy A Navegar",
      "type": "CRD",
      "url": "https://tabs.ultimate-guitar.com/tab/1634673",
      "file_path": null,
      "metadata": {}
    },
    "1634674": {
      "id": "1634674",
      "title": "Y Como Es El",
      "type": "CRD",
      "url": "https://tabs.ultimate-guitar.com/tab/1634674",
      "file_path": null,
      "metadata": {}
    },
    "1634675": {
      "id": "1634675",
      "title": "Y Me Acordé De Tí",
      "type": "CRD",
      "url": "https://tabs.ultimate-guitar.com/tab/1634675",
      "file_path": null,
      "metadata": {}
    },
    "1634676": {
      "id": "1634676",
      "title": "Y Me Vieron Llorar",
      "type": "CRD",
      "url": "https://tabs.ultimate-guitar.com/tab/1634676",
      "file_path": null,
      "metadata": {}
    },
    "5496366": {
      "id": "5496366",
      "title": "Y Qué Importa",
      "type": "CRD",
      "url": "https://tabs.ultimate-guitar.com/tab/5496366",
      "file_path": null,
      "metadata": {}
    },
    "1634677": {
      "id": "1634677",
      "title": "Y Tu Me Vas A Recordar",
      "type": "CRD",
      "url": "https://tabs.ultimate-guitar.com/tab/1634677",
      "file_path": null,
      "metadata": {}
    },
    "1634678": {
      "id": "1634678",
      "title": "Ya Decidí",
      "type": "CRD",
      "url": "https://tabs.ultimate-guitar.com/tab/1634678",
      "file_path": null,
      "metadata": {}
    },
    "1634679": {
      "id": "1634679",
      "title": "Ya Lo Sé Que Tú Te Vas",
      "type": "CRD",
      "url": "https://tabs.ultimate-guitar.com/tab/1634679",
      "file_path": null,
      "metadata": {}
    },
    "1634680": {
      "id": "1634680",
      "title": "Ya Pa Que Te Digo Más",
      "type": "CRD",
      "url": "https://tabs.ultimate-guitar.com/tab/1634680",
      "file_path": null,
      "metadata": {}
    },
    "1634681": {
      "id": "1634681",
      "title": "Yo No Me Arrepiento",
      "type": "CRD",
      "url": "https://tabs.ultimate-guitar.com/tab/1634681",
      "file_path": null,
      "metadata": {}
    },
    "1634682": {
      "id": "1634682",
      "title": "Yo Quiero Saber De Tí",
      "type": "CRD",
      "url": "https://tabs.ultimate-guitar.com/tab/1634682",
      "file_path": null,
      "metadata": {}
    },
    "1634683": {
      "id": "1634683",
      "title": "Yo Quiero Ser",
      "type": "CRD",
      "url": "https://tabs.ultimate-guitar.com/tab/1634683",
      "file_path": null,
      "metadata": {}
    },
    "1634684": {
      "id": "1634684",
      "title": "Yo Quiero Ser (ver 2)",
      "type": "CRD",
      "url": "https://tabs.ultimate-guitar.com/tab/1634684",
      "file_path": null,
      "metadata": {}
    },
    "1634685": {
      "id": "1634685",
      "title": "Yo Quiero Ser (ver 3)",
      "type": "CRD",
      "url": "https://tabs.ultimate-guitar.com/tab/1634685",
      "file_path": null,
      "metadata": {}
    },
    "1634686": {
      "id": "1634686",
      "title": "Yo Quiero Ser Tu Amante",
      "type": "CRD",
      "url": "https://tabs.ultimate-guitar.com/tab/1634686",
      "file_path": null,
      "metadata": {}
    },
    "1634687": {
      "id": "1634687",
      "title": "Yo Quiero Ser Tu Marido",
      "type": "CRD",
      "url": "https://tabs.ultimate-guitar.com/tab/1634687",
      "file_path": null,
      "metadata": {}
    },
    "1634688": {
      "id": "1634688",
      "title": "Yo Te Quise",
      "type": "CRD",
      "url": "https://tabs.ultimate-guitar.com/tab/1634688",
      "file_path": null,
      "metadata": {}
    }
  }
}