{
  "id": "105",
  "name": "Verdena",
  "url": "https://www.ultimate-guitar.com/artist/verdena_105",
  "tabs": {
    "546": {
      "id": "546",
      "title": "Valvonauta",
      "type": "BASS",
      "url": "https://tabs.ultimate-guitar.com/tab/verdena/valvonauta-bass-546",
      "file_path": null,
      "metadata": {}
    },
    "1814480": {
      "id": "1814480",
      "title": "Trovami Un Modo Semplice Per Uscirne",
      "type": "CRD",
      "url": "https://tabs.ultimate-guitar.com/tab/verdena/trovami-un-modo-semplice-per-uscirne-chords-1814480",
      "file_path": null,
      "metadata": {}
    },
    "1706178": {
      "id": "1706178",
      "title": "Nevischio",
      "type": "CRD",
      "url": "https://tabs.ultimate-guitar.com/tab/verdena/nevischio-chords-1706178",
      "file_path": null,
      "metadata": {}
    },
    "126998": {
      "id": "126998",
      "title": "Valvonauta",
      "type": "TAB",
      "url": "https://tabs.ultimate-guitar.com/tab/verdena/valvonauta-tabs-126998",
      "file_path": null,
      "metadata": {}
    },
    "1065563": {
      "id": "1065563",
      "title": "Valvonauta",
      "type": "CRD",
      "url": "https://tabs.ultimate-guitar.com/tab/verdena/valvonauta-chords-1065563",
      "file_path": null,
      "metadata": {}
    },
    "523173": {
      "id": "523173",
      "title": "Angie",
      "type": "TAB",
      "url": "https://tabs.ultimate-guitar.com/tab/verdena/angie-tabs-523173",
      "file_path": null,
      "metadata": {}
    },
    "990489": {
      "id": "990489",
      "title": "Luna",
      "type": "CRD",
      "url": "https://tabs.ultimate-guitar.com/tab/verdena/luna-chords-990489",
      "file_path": null,
      "metadata": {}
    },
    "1026898": {
      "id": "1026898",
      "title": "Razzi Arpia Inferno E Fiamme",
      "type": "TAB",
      "url": "https://tabs.ultimate-guitar.com/tab/verdena/razzi-arpia-inferno-e-fiamme-tabs-1026898",
      "file_path": null,
      "metadata": {}
    },
    "1012618": {
      "id": "1012618",
      "title": "Angie",
      "type": "CRD",
      "url": "https://tabs.ultimate-guitar.com/tab/verdena/angie-chords-1012618",
      "file_path": null,
      "metadata": {}
    },
    "496792": {
      "id": "496792",
      "title": "Muori Delay",
      "type": "TAB",
      "url": "https://tabs.ultimate-guitar.com/tab/verdena/muori-delay-tabs-496792",
      "file_path": null,
      "metadata": {}
    },
    "519765": {
      "id": "519765",
      "title": "03 Non Prendere Lacme Eugenio",
      "type": "TAB",
      "url": "https://tabs.ultimate-guitar.com/tab/verdena/03-non-prendere-lacme-eugenio-tabs-519765",
      "file_path": null,
      "metadata": {}
    },
    "1183989": {
      "id": "1183989",
      "title": "1000 Anni Con Elide",
      "type": "TAB",
      "url": "https://tabs.ultimate-guitar.com/tab/verdena/1000-anni-con-elide-tabs-1183989",
      "file_path": null,
      "metadata": {}
    },
    "3063813": {
      "id": "3063813",
      "title": "40 Secondi Di Niente",
      "type": "CRD",
      "url": "https://tabs.ultimate-guitar.com/tab/verdena/40-secondi-di-niente-chords-3063813",
      "file_path": null,
      "metadata": {}
    },
    "3488408": {
      "id": "3488408",
      "title": "40 Secondi Di Niente",
      "type": "TAB",
      "url": "https://tabs.ultimate-guitar.com/tab/verdena/40-secondi-di-niente-tabs-3488408",
      "file_path": null,
      "metadata": {}
    },
    "4609001": {
      "id": "4609001",
      "title": "Alieni Fra Di Noi",
      "type": "CRD",
      "url": "https://tabs.ultimate-guitar.com/tab/verdena/alieni-fra-di-noi-chords-4609001",
      "file_path": null,
      "metadata": {}
    },
    "5681813": {
      "id": "5681813",
      "title": "Angie",
      "type": "PRO",
      "url": "https://tabs.ultimate-guitar.com/tab/verdena/angie-guitar-pro-5681813",
      "file_path": null,
      "metadata": {}
    },
    "868945": {
      "id": "868945",
      "title": "Apice",
      "type": "TAB",
      "url": "https://tabs.ultimate-guitar.com/tab/verdena/apice-tabs-868945",
      "file_path": null,
      "metadata": {}
    },
    "1041558": {
      "id": "1041558",
      "title": "Attonito",
      "type": "TAB",
      "url": "https://tabs.ultimate-guitar.com/tab/verdena/attonito-tabs-1041558",
      "file_path": null,
      "metadata": {}
    },
    "1129921": {
      "id": "1129921",
      "title": "Badea Blues",
      "type": "CRD",
      "url": "https://tabs.ultimate-guitar.com/tab/verdena/badea-blues-chords-1129921",
      "file_path": null,
      "metadata": {}
    },
    "1370376": {
      "id": "1370376",
      "title": "Badea Blues",
      "type": "UKE",
      "url": "https://tabs.ultimate-guitar.com/tab/verdena/badea-blues-ukulele-1370376",
      "file_path": null,
      "metadata": {}
    },
    "868963": {
      "id": "868963",
      "title": "Balanite",
      "type": "TAB",
      "url": "https://tabs.ultimate-guitar.com/tab/verdena/balanite-tabs-868963",
      "file_path": null,
      "metadata": {}
    },
    "797998": {
      "id": "797998",
      "title": "Balanite",
      "type": "PRO",
      "url": "https://tabs.ultimate-guitar.com/tab/verdena/balanite-guitar-pro-797998",
      "file_path": null,
      "metadata": {}
    },
    "1147634": {
      "id": "1147634",
      "title": "Balanite (ver 2)",
      "type": "PRO",
      "url": "https://tabs.ultimate-guitar.com/tab/verdena/balanite-guitar-pro-1147634",
      "file_path": null,
      "metadata": {}
    },
    "150428": {
      "id": "150428",
      "title": "Balanite",
      "type": "BASS",
      "url": "https://tabs.ultimate-guitar.com/tab/verdena/balanite-bass-150428",
      "file_path": null,
      "metadata": {}
    },
    "185351": {
      "id": "185351",
      "title": "Bambina In Nero",
      "type": "CRD",
      "url": "https://tabs.ultimate-guitar.com/tab/verdena/bambina-in-nero-chords-185351",
      "file_path": null,
      "metadata": {}
    },
    "3490844": {
      "id": "3490844",
      "title": "Bambina In Nero (ver 2)",
      "type": "CRD",
      "url": "https://tabs.ultimate-guitar.com/tab/verdena/bambina-in-nero-chords-3490844",
      "file_path": null,
      "metadata": {}
    },
    "549": {
      "id": "549",
      "title": "Bambina In Nero",
      "type": "BASS",
      "url": "https://tabs.ultimate-guitar.com/tab/verdena/bambina-in-nero-bass-549",
      "file_path": null,
      "metadata": {}
    },
    "1276675": {
      "id": "1276675",
      "title": "Bambina In Nero",
      "type": "UKE",
      "url": "https://tabs.ultimate-guitar.com/tab/verdena/bambina-in-nero-ukulele-1276675",
      "file_path": null,
      "metadata": {}
    },
    "88130": {
      "id": "88130",
      "title": "Blue",
      "type": "BASS",
      "url": "https://tabs.ultimate-guitar.com/tab/verdena/blue-bass-88130",
      "file_path": null,
      "metadata": {}
    },
    "523503": {
      "id": "523503",
      "title": "Bonne Nouvelle",
      "type": "TAB",
      "url": "https://tabs.ultimate-guitar.com/tab/verdena/bonne-nouvelle-tabs-523503",
      "file_path": null,
      "metadata": {}
    },
    "1183983": {
      "id": "1183983",
      "title": "Buona Risposta",
      "type": "TAB",
      "url": "https://tabs.ultimate-guitar.com/tab/verdena/buona-risposta-tabs-1183983",
      "file_path": null,
      "metadata": {}
    },
    "1825359": {
      "id": "1825359",
      "title": "Caleido",
      "type": "TAB",
      "url": "https://tabs.ultimate-guitar.com/tab/verdena/caleido-tabs-1825359",
      "file_path": null,
      "metadata": {}
    },
    "1764011": {
      "id": "1764011",
      "title": "Cannibale",
      "type": "TAB",
      "url": "https://tabs.ultimate-guitar.com/tab/verdena/cannibale-tabs-1764011",
      "file_path": null,
      "metadata": {}
    },
    "562206": {
      "id": "562206",
      "title": "Canos",
      "type": "CRD",
      "url": "https://tabs.ultimate-guitar.com/tab/verdena/canos-chords-562206",
      "file_path": null,
      "metadata": {}
    },
    "1299710": {
      "id": "1299710",
      "title": "Canos",
      "type": "UKE",
      "url": "https://tabs.ultimate-guitar.com/tab/verdena/canos-ukulele-1299710",
      "file_path": null,
      "metadata": {}
    },
    "1092869": {
      "id": "1092869",
      "title": "Canzone Ostinata",
      "type": "TAB",
      "url": "https://tabs.ultimate-guitar.com/tab/verdena/canzone-ostinata-tabs-1092869",
      "file_path": null,
      "metadata": {}
    },
    "1183987": {
      "id": "1183987",
      "title": "Cara Prudenza",
      "type": "TAB",
      "url": "https://tabs.ultimate-guitar.com/tab/verdena/cara-prudenza-tabs-1183987",
      "file_path": null,
      "metadata": {}
    },
    "88131": {
      "id": "88131",
      "title": "Cara Prudenza",
      "type": "BASS",
      "url": "https://tabs.ultimate-guitar.com/tab/verdena/cara-prudenza-bass-88131",
      "file_path": null,
      "metadata": {}
    },
    "539": {
      "id": "539",
      "title": "Caramelpop",
      "type": "BASS",
      "url": "https://tabs.ultimate-guitar.com/tab/verdena/caramelpop-bass-539",
      "file_path": null,
      "metadata": {}
    },
    "1051550": {
      "id": "1051550",
      "title": "Castelli Per Aria",
      "type": "CRD",
      "url": "https://tabs.ultimate-guitar.com/tab/verdena/castelli-per-aria-chords-1051550",
      "file_path": null,
      "metadata": {}
    },
    "1092872": {
      "id": "1092872",
      "title": "Castelli Per Aria (ver 2)",
      "type": "CRD",
      "url": "https://tabs.ultimate-guitar.com/tab/verdena/castelli-per-aria-chords-1092872",
      "file_path": null,
      "metadata": {}
    },
    "1355047": {
      "id": "1355047",
      "title": "Castelli Per Aria",
      "type": "UKE",
      "url": "https://tabs.ultimate-guitar.com/tab/verdena/castelli-per-aria-ukulele-1355047",
      "file_path": null,
      "metadata": {}
    },
    "4635812": {
      "id": "4635812",
      "title": "Centrifuga",
      "type": "CRD",
      "url": "https://tabs.ultimate-guitar.com/tab/verdena/centrifuga-chords-4635812",
      "file_path": null,
      "metadata": {}
    },
    "1093225": {
      "id": "1093225",
      "title": "Centrifuga",
      "type": "TAB",
      "url": "https://tabs.ultimate-guitar.com/tab/verdena/centrifuga-tabs-1093225",
      "file_path": null,
      "metadata": {}
    },
    "4405103": {
      "id": "4405103",
      "title": "Certi Magazine",
      "type": "CRD",
      "url": "https://tabs.ultimate-guitar.com/tab/verdena/certi-magazine-chords-4405103",
      "file_path": null,
      "metadata": {}
    },
    "4355063": {
      "id": "4355063",
      "title": "Chaise Longue",
      "type": "CRD",
      "url": "https://tabs.ultimate-guitar.com/tab/verdena/chaise-longue-chords-4355063",
      "file_path": null,
      "metadata": {}
    },
    "4693688": {
      "id": "4693688",
      "title": "Cielo Super Acceso",
      "type": "CRD",
      "url": "https://tabs.ultimate-guitar.com/tab/verdena/cielo-super-acceso-chords-4693688",
      "file_path": null,
      "metadata": {}
    },
    "4605473": {
      "id": "4605473",
      "title": "Colle Immane",
      "type": "CRD",
      "url": "https://tabs.ultimate-guitar.com/tab/verdena/colle-immane-chords-4605473",
      "file_path": null,
      "metadata": {}
    },
    "1787691": {
      "id": "1787691",
      "title": "Colle Immane",
      "type": "TAB",
      "url": "https://tabs.ultimate-guitar.com/tab/verdena/colle-immane-tabs-1787691",
      "file_path": null,
      "metadata": {}
    },
    "1722423": {
      "id": "1722423",
      "title": "Contro La Ragione",
      "type": "CRD",
      "url": "https://tabs.ultimate-guitar.com/tab/verdena/contro-la-ragione-chords-1722423",
      "file_path": null,
      "metadata": {}
    },
    "559810": {
      "id": "559810",
      "title": "Creepy Smell",
      "type": "PRO",
      "url": "https://tabs.ultimate-guitar.com/tab/verdena/creepy-smell-guitar-pro-559810",
      "file_path": null,
      "metadata": {}
    },
    "5496573": {
      "id": "5496573",
      "title": "Crystal Ball",
      "type": "PRO",
      "url": "https://tabs.ultimate-guitar.com/tab/verdena/crystal-ball-guitar-pro-5496573",
      "file_path": null,
      "metadata": {}
    },
    "782694": {
      "id": "782694",
      "title": "Dentro Sharon",
      "type": "TAB",
      "url": "https://tabs.ultimate-guitar.com/tab/verdena/dentro-sharon-tabs-782694",
      "file_path": null,
      "metadata": {}
    },
    "234594": {
      "id": "234594",
      "title": "Dentro Sharon",
      "type": "PRO",
      "url": "https://tabs.ultimate-guitar.com/tab/verdena/dentro-sharon-guitar-pro-234594",
      "file_path": null,
      "metadata": {}
    },
    "540": {
      "id": "540",
      "title": "Dentro Sharon",
      "type": "BASS",
      "url": "https://tabs.ultimate-guitar.com/tab/verdena/dentro-sharon-bass-540",
      "file_path": null,
      "metadata": {}
    },
    "523504": {
      "id": "523504",
      "title": "Dentro Sharon (ver 2)",
      "type": "BASS",
      "url": "https://tabs.ultimate-guitar.com/tab/verdena/dentro-sharon-bass-523504",
      "file_path": null,
      "metadata": {}
    },
    "869131": {
      "id": "869131",
      "title": "Dentro Sharon",
      "type": "DRM",
      "url": "https://tabs.ultimate-guitar.com/tab/verdena/dentro-sharon-drums-869131",
      "file_path": null,
      "metadata": {}
    },
    "2500209": {
      "id": "2500209",
      "title": "Diluvio",
      "type": "CRD",
      "url": "https://tabs.ultimate-guitar.com/tab/verdena/diluvio-chords-2500209",
      "file_path": null,
      "metadata": {}
    },
    "523178": {
      "id": "523178",
      "title": "Don Calisto",
      "type": "TAB",
      "url": "https://tabs.ultimate-guitar.com/tab/verdena/don-calisto-tabs-523178",
      "file_path": null,
      "metadata": {}
    },
    "1994591": {
      "id": "1994591",
      "title": "Don Calisto",
      "type": "PRO",
      "url": "https://tabs.ultimate-guitar.com/tab/verdena/don-calisto-guitar-pro-1994591",
      "file_path": null,
      "metadata": {}
    },
    "2150463": {
      "id": "2150463",
      "title": "Don Calisto",
      "type": "UKE",
      "url": "https://tabs.ultimate-guitar.com/tab/verdena/don-calisto-ukulele-2150463",
      "file_path": null,
      "metadata": {}
    },
    "1764790": {
      "id": "1764790",
      "title": "Dymo",
      "type": "CRD",
      "url": "https://tabs.ultimate-guitar.com/tab/verdena/dymo-chords-1764790",
      "file_path": null,
      "metadata": {}
    },
    "782698": {
      "id": "782698",
      "title": "Elefante",
      "type": "TAB",
      "url": "https://tabs.ultimate-guitar.com/tab/verdena/elefante-tabs-782698",
      "file_path": null,
      "metadata": {}
    },
    "203984": {
      "id": "203984",
      "title": "Elefante",
      "type": "BASS",
      "url": "https://tabs.ultimate-guitar.com/tab/verdena/elefante-bass-203984",
      "file_path": null,
      "metadata": {}
    },
    "541": {
      "id": "541",
      "title": "Eyeliner",
      "type": "BASS",
      "url": "https://tabs.ultimate-guitar.com/tab/verdena/eyeliner-bass-541",
      "file_path": null,
      "metadata": {}
    },
    "410055": {
      "id": "410055",
      "title": "Far Fisa",
      "type": "BASS",
      "url": "https://tabs.ultimate-guitar.com/tab/verdena/far-fisa-bass-410055",
      "file_path": null,
      "metadata": {}
    },
    "4777328": {
      "id": "4777328",
      "title": "Fiato Adolescenziale",
      "type": "CRD",
      "url": "https://tabs.ultimate-guitar.com/tab/verdena/fiato-adolescenziale-chords-4777328",
      "file_path": null,
      "metadata": {}
    },
    "1093223": {
      "id": "1093223",
      "title": "Fiato Adolescenziale",
      "type": "TAB",
      "url": "https://tabs.ultimate-guitar.com/tab/verdena/fiato-adolescenziale-tabs-1093223",
      "file_path": null,
      "metadata": {}
    },
    "5175903": {
      "id": "5175903",
      "title": "Fiato Adolescenziale (ver 2)",
      "type": "TAB",
      "url": "https://tabs.ultimate-guitar.com/tab/verdena/fiato-adolescenziale-tabs-5175903",
      "file_path": null,
      "metadata": {}
    },
    "4409894": {
      "id": "4409894",
      "title": "Funeralus",
      "type": "CRD",
      "url": "https://tabs.ultimate-guitar.com/tab/verdena/funeralus-chords-4409894",
      "file_path": null,
      "metadata": {}
    },
    "523505": {
      "id": "523505",
      "title": "Fuxia",
      "type": "TAB",
      "url": "https://tabs.ultimate-guitar.com/tab/verdena/fuxia-tabs-523505",
      "file_path": null,
      "metadata": {}
    },
    "481636": {
      "id": "481636",
      "title": "Fuxia",
      "type": "PRO",
      "url": "https://tabs.ultimate-guitar.com/tab/verdena/fuxia-guitar-pro-481636",
      "file_path": null,
      "metadata": {}
    },
    "991974": {
      "id": "991974",
      "title": "Glamodrama",
      "type": "CRD",
      "url": "https://tabs.ultimate-guitar.com/tab/verdena/glamodrama-chords-991974",
      "file_path": null,
      "metadata": {}
    },
    "437435": {
      "id": "437435",
      "title": "Glamodrama",
      "type": "TAB",
      "url": "https://tabs.ultimate-guitar.com/tab/verdena/glamodrama-tabs-437435",
      "file_path": null,
      "metadata": {}
    },
    "321339": {
      "id": "321339",
      "title": "Glamodrama",
      "type": "BASS",
      "url": "https://tabs.ultimate-guitar.com/tab/verdena/glamodrama-bass-321339",
      "file_path": null,
      "metadata": {}
    },
    "1344077": {
      "id": "1344077",
      "title": "Glamodrama",
      "type": "UKE",
      "url": "https://tabs.ultimate-guitar.com/tab/verdena/glamodrama-ukulele-1344077",
      "file_path": null,
      "metadata": {}
    },
    "1092868": {
      "id": "1092868",
      "title": "Grattacielo",
      "type": "TAB",
      "url": "https://tabs.ultimate-guitar.com/tab/verdena/grattacielo-tabs-1092868",
      "file_path": null,
      "metadata": {}
    },
    "1718068": {
      "id": "1718068",
      "title": "Ho Una Fissa",
      "type": "TAB",
      "url": "https://tabs.ultimate-guitar.com/tab/verdena/ho-una-fissa-tabs-1718068",
      "file_path": null,
      "metadata": {}
    },
    "1721177": {
      "id": "1721177",
      "title": "Ho Una Fissa (ver 2)",
      "type": "TAB",
      "url": "https://tabs.ultimate-guitar.com/tab/verdena/ho-una-fissa-tabs-1721177",
      "file_path": null,
      "metadata": {}
    },
    "4958959": {
      "id": "4958959",
      "title": "Ho Una Fissa (ver 3)",
      "type": "TAB",
      "url": "https://tabs.ultimate-guitar.com/tab/verdena/ho-una-fissa-tabs-4958959",
      "file_path": null,
      "metadata": {}
    },
    "1790041": {
      "id": "1790041",
      "title": "Identikit",
      "type": "CRD",
      "url": "https://tabs.ultimate-guitar.com/tab/verdena/identikit-chords-1790041",
      "file_path": null,
      "metadata": {}
    },
    "523176": {
      "id": "523176",
      "title": "Il Caos Strisciante",
      "type": "TAB",
      "url": "https://tabs.ultimate-guitar.com/tab/verdena/il-caos-strisciante-tabs-523176",
      "file_path": null,
      "metadata": {}
    },
    "868111": {
      "id": "868111",
      "title": "Il Gulliver  Intro",
      "type": "TAB",
      "url": "https://tabs.ultimate-guitar.com/tab/verdena/il-gulliver-tabs-868111",
      "file_path": null,
      "metadata": {}
    },
    "1032906": {
      "id": "1032906",
      "title": "Il Gulliver (ver 2) Intro",
      "type": "TAB",
      "url": "https://tabs.ultimate-guitar.com/tab/verdena/il-gulliver-tabs-1032906",
      "file_path": null,
      "metadata": {}
    },
    "1692224": {
      "id": "1692224",
      "title": "Il Gulliver",
      "type": "PRO",
      "url": "https://tabs.ultimate-guitar.com/tab/verdena/il-gulliver-guitar-pro-1692224",
      "file_path": null,
      "metadata": {}
    },
    "5734193": {
      "id": "5734193",
      "title": "Il Gulliver (ver 2)",
      "type": "PRO",
      "url": "https://tabs.ultimate-guitar.com/tab/verdena/il-gulliver-guitar-pro-5734193",
      "file_path": null,
      "metadata": {}
    },
    "559809": {
      "id": "559809",
      "title": "Il Suicidio Del Samurai",
      "type": "PRO",
      "url": "https://tabs.ultimate-guitar.com/tab/verdena/il-suicidio-del-samurai-guitar-pro-559809",
      "file_path": null,
      "metadata": {}
    },
    "542": {
      "id": "542",
      "title": "Infinita Gioia Di Hb",
      "type": "BASS",
      "url": "https://tabs.ultimate-guitar.com/tab/verdena/infinita-gioia-di-hb-bass-542",
      "file_path": null,
      "metadata": {}
    },
    "1738374": {
      "id": "1738374",
      "title": "Inno Del Perdersi",
      "type": "TAB",
      "url": "https://tabs.ultimate-guitar.com/tab/verdena/inno-del-perdersi-tabs-1738374",
      "file_path": null,
      "metadata": {}
    },
    "523175": {
      "id": "523175",
      "title": "Isacco Nucleare",
      "type": "TAB",
      "url": "https://tabs.ultimate-guitar.com/tab/verdena/isacco-nucleare-tabs-523175",
      "file_path": null,
      "metadata": {}
    },
    "25655": {
      "id": "25655",
      "title": "L Infinita Gioia Di Nerny Bahus",
      "type": "TAB",
      "url": "https://tabs.ultimate-guitar.com/tab/verdena/l-infinita-gioia-di-nerny-bahus-tabs-25655",
      "file_path": null,
      "metadata": {}
    },
    "2716908": {
      "id": "2716908",
      "title": "La Tua Fretta",
      "type": "CRD",
      "url": "https://tabs.ultimate-guitar.com/tab/verdena/la-tua-fretta-chords-2716908",
      "file_path": null,
      "metadata": {}
    },
    "1129927": {
      "id": "1129927",
      "title": "Le Scarpe Volanti",
      "type": "CRD",
      "url": "https://tabs.ultimate-guitar.com/tab/verdena/le-scarpe-volanti-chords-1129927",
      "file_path": null,
      "metadata": {}
    },
    "3354146": {
      "id": "3354146",
      "title": "Le Scarpe Volanti  Intro",
      "type": "TAB",
      "url": "https://tabs.ultimate-guitar.com/tab/verdena/le-scarpe-volanti-tabs-3354146",
      "file_path": null,
      "metadata": {}
    },
    "1370378": {
      "id": "1370378",
      "title": "Le Scarpe Volanti",
      "type": "UKE",
      "url": "https://tabs.ultimate-guitar.com/tab/verdena/le-scarpe-volanti-ukulele-1370378",
      "file_path": null,
      "metadata": {}
    },
    "1086760": {
      "id": "1086760",
      "title": "Le Tue Ossa Nellaltitudine",
      "type": "CRD",
      "url": "https://tabs.ultimate-guitar.com/tab/verdena/le-tue-ossa-nellaltitudine-chords-1086760",
      "file_path": null,
      "metadata": {}
    },
    "1362032": {
      "id": "1362032",
      "title": "Le Tue Ossa Nellaltitudine",
      "type": "UKE",
      "url": "https://tabs.ultimate-guitar.com/tab/verdena/le-tue-ossa-nellaltitudine-ukulele-1362032",
      "file_path": null,
      "metadata": {}
    },
    "1092871": {
      "id": "1092871",
      "title": "Lei Disse",
      "type": "CRD",
      "url": "https://tabs.ultimate-guitar.com/tab/verdena/lei-disse-chords-1092871",
      "file_path": null,
      "metadata": {}
    },
    "1357581": {
      "id": "1357581",
      "title": "Lei Disse",
      "type": "UKE",
      "url": "https://tabs.ultimate-guitar.com/tab/verdena/lei-disse-ukulele-1357581",
      "file_path": null,
      "metadata": {}
    },
    "1087539": {
      "id": "1087539",
      "title": "Lei Disse Un Mondo Del Tutto Differente",
      "type": "CRD",
      "url": "https://tabs.ultimate-guitar.com/tab/verdena/lei-disse-un-mondo-del-tutto-differente-chords-1087539",
      "file_path": null,
      "metadata": {}
    },
    "1362207": {
      "id": "1362207",
      "title": "Lei Disse Un Mondo Del Tutto Differente",
      "type": "UKE",
      "url": "https://tabs.ultimate-guitar.com/tab/verdena/lei-disse-un-mondo-del-tutto-differente-ukulele-1362207",
      "file_path": null,
      "metadata": {}
    },
    "1092870": {
      "id": "1092870",
      "title": "Letto Di Mosche",
      "type": "CRD",
      "url": "https://tabs.ultimate-guitar.com/tab/verdena/letto-di-mosche-chords-1092870",
      "file_path": null,
      "metadata": {}
    },
    "1357580": {
      "id": "1357580",
      "title": "Letto Di Mosche",
      "type": "UKE",
      "url": "https://tabs.ultimate-guitar.com/tab/verdena/letto-di-mosche-ukulele-1357580",
      "file_path": null,
      "metadata": {}
    },
    "851197": {
      "id": "851197",
      "title": "Linfinita Gioia Di Henry Bahus",
      "type": "TAB",
      "url": "https://tabs.ultimate-guitar.com/tab/verdena/linfinita-gioia-di-henry-bahus-tabs-851197",
      "file_path": null,
      "metadata": {}
    },
    "992191": {
      "id": "992191",
      "title": "Logorrea",
      "type": "CRD",
      "url": "https://tabs.ultimate-guitar.com/tab/verdena/logorrea-chords-992191",
      "file_path": null,
      "metadata": {}
    },
    "782695": {
      "id": "782695",
      "title": "Logorrea",
      "type": "TAB",
      "url": "https://tabs.ultimate-guitar.com/tab/verdena/logorrea-tabs-782695",
      "file_path": null,
      "metadata": {}
    },
    "481635": {
      "id": "481635",
      "title": "Logorrea",
      "type": "PRO",
      "url": "https://tabs.ultimate-guitar.com/tab/verdena/logorrea-guitar-pro-481635",
      "file_path": null,
      "metadata": {}
    },
    "146650": {
      "id": "146650",
      "title": "Logorrea",
      "type": "BASS",
      "url": "https://tabs.ultimate-guitar.com/tab/verdena/logorrea-bass-146650",
      "file_path": null,
      "metadata": {}
    },
    "1344132": {
      "id": "1344132",
      "title": "Logorrea",
      "type": "UKE",
      "url": "https://tabs.ultimate-guitar.com/tab/verdena/logorrea-ukulele-1344132",
      "file_path": null,
      "metadata": {}
    },
    "2500326": {
      "id": "2500326",
      "title": "Loniterp",
      "type": "CRD",
      "url": "https://tabs.ultimate-guitar.com/tab/verdena/loniterp-chords-2500326",
      "file_path": null,
      "metadata": {}
    },
    "1032884": {
      "id": "1032884",
      "title": "Loniterp",
      "type": "TAB",
      "url": "https://tabs.ultimate-guitar.com/tab/verdena/loniterp-tabs-1032884",
      "file_path": null,
      "metadata": {}
    },
    "1096292": {
      "id": "1096292",
      "title": "Loniterp (ver 2)",
      "type": "TAB",
      "url": "https://tabs.ultimate-guitar.com/tab/verdena/loniterp-tabs-1096292",
      "file_path": null,
      "metadata": {}
    },
    "1452055": {
      "id": "1452055",
      "title": "Loniterp",
      "type": "BASS",
      "url": "https://tabs.ultimate-guitar.com/tab/verdena/loniterp-bass-1452055",
      "file_path": null,
      "metadata": {}
    },
    "1041557": {
      "id": "1041557",
      "title": "Lui Gareggia",
      "type": "TAB",
      "url": "https://tabs.ultimate-guitar.com/tab/verdena/lui-gareggia-tabs-1041557",
      "file_path": null,
      "metadata": {}
    },
    "1074824": {
      "id": "1074824",
      "title": "Lui Gareggia",
      "type": "PRO",
      "url": "https://tabs.ultimate-guitar.com/tab/verdena/lui-gareggia-guitar-pro-1074824",
      "file_path": null,
      "metadata": {}
    },
    "5602146": {
      "id": "5602146",
      "title": "Luna  Intro",
      "type": "TAB",
      "url": "https://tabs.ultimate-guitar.com/tab/verdena/luna-tabs-5602146",
      "file_path": null,
      "metadata": {}
    },
    "523500": {
      "id": "523500",
      "title": "Luna",
      "type": "TAB",
      "url": "https://tabs.ultimate-guitar.com/tab/verdena/luna-tabs-523500",
      "file_path": null,
      "metadata": {}
    },
    "234595": {
      "id": "234595",
      "title": "Luna",
      "type": "PRO",
      "url": "https://tabs.ultimate-guitar.com/tab/verdena/luna-guitar-pro-234595",
      "file_path": null,
      "metadata": {}
    },
    "807315": {
      "id": "807315",
      "title": "Luna (ver 2)",
      "type": "PRO",
      "url": "https://tabs.ultimate-guitar.com/tab/verdena/luna-guitar-pro-807315",
      "file_path": null,
      "metadata": {}
    },
    "1119237": {
      "id": "1119237",
      "title": "Luna (ver 3)",
      "type": "PRO",
      "url": "https://tabs.ultimate-guitar.com/tab/verdena/luna-guitar-pro-1119237",
      "file_path": null,
      "metadata": {}
    },
    "5238309": {
      "id": "5238309",
      "title": "Luna (ver 4)",
      "type": "PRO",
      "url": "https://tabs.ultimate-guitar.com/tab/verdena/luna-guitar-pro-5238309",
      "file_path": null,
      "metadata": {}
    },
    "182333": {
      "id": "182333",
      "title": "Luna",
      "type": "BASS",
      "url": "https://tabs.ultimate-guitar.com/tab/verdena/luna-bass-182333",
      "file_path": null,
      "metadata": {}
    },
    "1343755": {
      "id": "1343755",
      "title": "Luna",
      "type": "UKE",
      "url": "https://tabs.ultimate-guitar.com/tab/verdena/luna-ukulele-1343755",
      "file_path": null,
      "metadata": {}
    },
    "2500227": {
      "id": "2500227",
      "title": "Meduse E Tappeti",
      "type": "CRD",
      "url": "https://tabs.ultimate-guitar.com/tab/verdena/meduse-e-tappeti-chords-2500227",
      "file_path": null,
      "metadata": {}
    },
    "58130": {
      "id": "58130",
      "title": "Meduse E Tappeti",
      "type": "BASS",
      "url": "https://tabs.ultimate-guitar.com/tab/verdena/meduse-e-tappeti-bass-58130",
      "file_path": null,
      "metadata": {}
    },
    "1721187": {
      "id": "1721187",
      "title": "Mi Coltivo",
      "type": "TAB",
      "url": "https://tabs.ultimate-guitar.com/tab/verdena/mi-coltivo-tabs-1721187",
      "file_path": null,
      "metadata": {}
    },
    "5088874": {
      "id": "5088874",
      "title": "Miami Safari",
      "type": "PRO",
      "url": "https://tabs.ultimate-guitar.com/tab/verdena/miami-safari-guitar-pro-5088874",
      "file_path": null,
      "metadata": {}
    },
    "1037086": {
      "id": "1037086",
      "title": "Miglioramento",
      "type": "CRD",
      "url": "https://tabs.ultimate-guitar.com/tab/verdena/miglioramento-chords-1037086",
      "file_path": null,
      "metadata": {}
    },
    "1096293": {
      "id": "1096293",
      "title": "Miglioramento (ver 2)",
      "type": "CRD",
      "url": "https://tabs.ultimate-guitar.com/tab/verdena/miglioramento-chords-1096293",
      "file_path": null,
      "metadata": {}
    },
    "1352290": {
      "id": "1352290",
      "title": "Miglioramento",
      "type": "UKE",
      "url": "https://tabs.ultimate-guitar.com/tab/verdena/miglioramento-ukulele-1352290",
      "file_path": null,
      "metadata": {}
    },
    "990493": {
      "id": "990493",
      "title": "Mina",
      "type": "CRD",
      "url": "https://tabs.ultimate-guitar.com/tab/verdena/mina-chords-990493",
      "file_path": null,
      "metadata": {}
    },
    "523498": {
      "id": "523498",
      "title": "Mina",
      "type": "TAB",
      "url": "https://tabs.ultimate-guitar.com/tab/verdena/mina-tabs-523498",
      "file_path": null,
      "metadata": {}
    },
    "1343757": {
      "id": "1343757",
      "title": "Mina",
      "type": "UKE",
      "url": "https://tabs.ultimate-guitar.com/tab/verdena/mina-ukulele-1343757",
      "file_path": null,
      "metadata": {}
    },
    "559811": {
      "id": "559811",
      "title": "Mormorio Mucoso",
      "type": "PRO",
      "url": "https://tabs.ultimate-guitar.com/tab/verdena/mormorio-mucoso-guitar-pro-559811",
      "file_path": null,
      "metadata": {}
    },
    "4448879": {
      "id": "4448879",
      "title": "Muori Delay",
      "type": "CRD",
      "url": "https://tabs.ultimate-guitar.com/tab/verdena/muori-delay-chords-4448879",
      "file_path": null,
      "metadata": {}
    },
    "1759563": {
      "id": "1759563",
      "title": "Muori Delay (ver 2)",
      "type": "TAB",
      "url": "https://tabs.ultimate-guitar.com/tab/verdena/muori-delay-tabs-1759563",
      "file_path": null,
      "metadata": {}
    },
    "602979": {
      "id": "602979",
      "title": "Muori Delay  Intro",
      "type": "PRO",
      "url": "https://tabs.ultimate-guitar.com/tab/verdena/muori-delay-guitar-pro-602979",
      "file_path": null,
      "metadata": {}
    },
    "1687228": {
      "id": "1687228",
      "title": "Muori Delay",
      "type": "PRO",
      "url": "https://tabs.ultimate-guitar.com/tab/verdena/muori-delay-guitar-pro-1687228",
      "file_path": null,
      "metadata": {}
    },
    "1994599": {
      "id": "1994599",
      "title": "Muori Delay (ver 2)",
      "type": "PRO",
      "url": "https://tabs.ultimate-guitar.com/tab/verdena/muori-delay-guitar-pro-1994599",
      "file_path": null,
      "metadata": {}
    },
    "1409738": {
      "id": "1409738",
      "title": "Muori Delay",
      "type": "BASS",
      "url": "https://tabs.ultimate-guitar.com/tab/verdena/muori-delay-bass-1409738",
      "file_path": null,
      "metadata": {}
    },
    "4405958": {
      "id": "4405958",
      "title": "Nei Rami",
      "type": "CRD",
      "url": "https://tabs.ultimate-guitar.com/tab/verdena/nei-rami-chords-4405958",
      "file_path": null,
      "metadata": {}
    },
    "2304027": {
      "id": "2304027",
      "title": "Nel Mio Letto",
      "type": "CRD",
      "url": "https://tabs.ultimate-guitar.com/tab/verdena/nel-mio-letto-chords-2304027",
      "file_path": null,
      "metadata": {}
    },
    "58132": {
      "id": "58132",
      "title": "Nel Mio Letto",
      "type": "TAB",
      "url": "https://tabs.ultimate-guitar.com/tab/verdena/nel-mio-letto-tabs-58132",
      "file_path": null,
      "metadata": {}
    },
    "88133": {
      "id": "88133",
      "title": "Nel Mio Letto",
      "type": "BASS",
      "url": "https://tabs.ultimate-guitar.com/tab/verdena/nel-mio-letto-bass-88133",
      "file_path": null,
      "metadata": {}
    },
    "1801967": {
      "id": "1801967",
      "title": "Nera Visione",
      "type": "CRD",
      "url": "https://tabs.ultimate-guitar.com/tab/verdena/nera-visione-chords-1801967",
      "file_path": null,
      "metadata": {}
    },
    "523172": {
      "id": "523172",
      "title": "Non",
      "type": "CRD",
      "url": "https://tabs.ultimate-guitar.com/tab/verdena/non-chords-523172",
      "file_path": null,
      "metadata": {}
    },
    "1295369": {
      "id": "1295369",
      "title": "Non",
      "type": "UKE",
      "url": "https://tabs.ultimate-guitar.com/tab/verdena/non-ukulele-1295369",
      "file_path": null,
      "metadata": {}
    },
    "2836703": {
      "id": "2836703",
      "title": "Non È",
      "type": "CRD",
      "url": "https://tabs.ultimate-guitar.com/tab/2836703",
      "file_path": null,
      "metadata": {}
    },
    "605152": {
      "id": "605152",
      "title": "Non Prendere Lacme Eugenio",
      "type": "TAB",
      "url": "https://tabs.ultimate-guitar.com/tab/verdena/non-prendere-lacme-eugenio-tabs-605152",
      "file_path": null,
      "metadata": {}
    },
    "853951": {
      "id": "853951",
      "title": "Non Prendere Lacme Eugenio",
      "type": "PRO",
      "url": "https://tabs.ultimate-guitar.com/tab/verdena/non-prendere-lacme-eugenio-guitar-pro-853951",
      "file_path": null,
      "metadata": {}
    },
    "1146910": {
      "id": "1146910",
      "title": "Non Prendere Lacme Eugenio (ver 2)",
      "type": "PRO",
      "url": "https://tabs.ultimate-guitar.com/tab/verdena/non-prendere-lacme-eugenio-guitar-pro-1146910",
      "file_path": null,
      "metadata": {}
    },
    "5437395": {
      "id": "5437395",
      "title": "Non Prendere Lacme Eugenio (ver 3)",
      "type": "PRO",
      "url": "https://tabs.ultimate-guitar.com/tab/verdena/non-prendere-lacme-eugenio-guitar-pro-5437395",
      "file_path": null,
      "metadata": {}
    },
    "541601": {
      "id": "541601",
      "title": "Non Prendere Lacme Eugenio Guitar",
      "type": "PRO",
      "url": "https://tabs.ultimate-guitar.com/tab/verdena/non-prendere-lacme-eugenio-guitar-guitar-pro-541601",
      "file_path": null,
      "metadata": {}
    },
    "2815961": {
      "id": "2815961",
      "title": "Nova",
      "type": "CRD",
      "url": "https://tabs.ultimate-guitar.com/tab/verdena/nova-chords-2815961",
      "file_path": null,
      "metadata": {}
    },
    "58124": {
      "id": "58124",
      "title": "Nova",
      "type": "TAB",
      "url": "https://tabs.ultimate-guitar.com/tab/verdena/nova-tabs-58124",
      "file_path": null,
      "metadata": {}
    },
    "234596": {
      "id": "234596",
      "title": "Nova",
      "type": "PRO",
      "url": "https://tabs.ultimate-guitar.com/tab/verdena/nova-guitar-pro-234596",
      "file_path": null,
      "metadata": {}
    },
    "5277531": {
      "id": "5277531",
      "title": "Nova (ver 2)",
      "type": "PRO",
      "url": "https://tabs.ultimate-guitar.com/tab/verdena/nova-guitar-pro-5277531",
      "file_path": null,
      "metadata": {}
    },
    "1092890": {
      "id": "1092890",
      "title": "Nuova Luce",
      "type": "CRD",
      "url": "https://tabs.ultimate-guitar.com/tab/verdena/nuova-luce-chords-1092890",
      "file_path": null,
      "metadata": {}
    },
    "1357556": {
      "id": "1357556",
      "title": "Nuova Luce",
      "type": "UKE",
      "url": "https://tabs.ultimate-guitar.com/tab/verdena/nuova-luce-ukulele-1357556",
      "file_path": null,
      "metadata": {}
    },
    "1018341": {
      "id": "1018341",
      "title": "Onan",
      "type": "CRD",
      "url": "https://tabs.ultimate-guitar.com/tab/verdena/onan-chords-1018341",
      "file_path": null,
      "metadata": {}
    },
    "1183985": {
      "id": "1183985",
      "title": "Onan",
      "type": "TAB",
      "url": "https://tabs.ultimate-guitar.com/tab/verdena/onan-tabs-1183985",
      "file_path": null,
      "metadata": {}
    },
    "1349050": {
      "id": "1349050",
      "title": "Onan",
      "type": "UKE",
      "url": "https://tabs.ultimate-guitar.com/tab/verdena/onan-ukulele-1349050",
      "file_path": null,
      "metadata": {}
    },
    "1136369": {
      "id": "1136369",
      "title": "Ovunque",
      "type": "CRD",
      "url": "https://tabs.ultimate-guitar.com/tab/verdena/ovunque-chords-1136369",
      "file_path": null,
      "metadata": {}
    },
    "441145": {
      "id": "441145",
      "title": "Ovunque",
      "type": "PRO",
      "url": "https://tabs.ultimate-guitar.com/tab/verdena/ovunque-guitar-pro-441145",
      "file_path": null,
      "metadata": {}
    },
    "543": {
      "id": "543",
      "title": "Ovunque",
      "type": "BASS",
      "url": "https://tabs.ultimate-guitar.com/tab/verdena/ovunque-bass-543",
      "file_path": null,
      "metadata": {}
    },
    "1366589": {
      "id": "1366589",
      "title": "Ovunque",
      "type": "UKE",
      "url": "https://tabs.ultimate-guitar.com/tab/verdena/ovunque-ukulele-1366589",
      "file_path": null,
      "metadata": {}
    },
    "4366082": {
      "id": "4366082",
      "title": "Paul E Linda",
      "type": "CRD",
      "url": "https://tabs.ultimate-guitar.com/tab/verdena/paul-e-linda-chords-4366082",
      "file_path": null,
      "metadata": {}
    },
    "1092878": {
      "id": "1092878",
      "title": "Per Sbaglio",
      "type": "CRD",
      "url": "https://tabs.ultimate-guitar.com/tab/verdena/per-sbaglio-chords-1092878",
      "file_path": null,
      "metadata": {}
    },
    "1032876": {
      "id": "1032876",
      "title": "Per Sbaglio",
      "type": "TAB",
      "url": "https://tabs.ultimate-guitar.com/tab/verdena/per-sbaglio-tabs-1032876",
      "file_path": null,
      "metadata": {}
    },
    "1357577": {
      "id": "1357577",
      "title": "Per Sbaglio",
      "type": "UKE",
      "url": "https://tabs.ultimate-guitar.com/tab/verdena/per-sbaglio-ukulele-1357577",
      "file_path": null,
      "metadata": {}
    },
    "2505909": {
      "id": "2505909",
      "title": "Phantastica",
      "type": "CRD",
      "url": "https://tabs.ultimate-guitar.com/tab/verdena/phantastica-chords-2505909",
      "file_path": null,
      "metadata": {}
    },
    "136581": {
      "id": "136581",
      "title": "Phantastica",
      "type": "TAB",
      "url": "https://tabs.ultimate-guitar.com/tab/verdena/phantastica-tabs-136581",
      "file_path": null,
      "metadata": {}
    },
    "234597": {
      "id": "234597",
      "title": "Phantastica",
      "type": "PRO",
      "url": "https://tabs.ultimate-guitar.com/tab/verdena/phantastica-guitar-pro-234597",
      "file_path": null,
      "metadata": {}
    },
    "3125120": {
      "id": "3125120",
      "title": "Phantastica (ver 2)",
      "type": "PRO",
      "url": "https://tabs.ultimate-guitar.com/tab/verdena/phantastica-guitar-pro-3125120",
      "file_path": null,
      "metadata": {}
    },
    "523501": {
      "id": "523501",
      "title": "Piuma",
      "type": "CRD",
      "url": "https://tabs.ultimate-guitar.com/tab/verdena/piuma-chords-523501",
      "file_path": null,
      "metadata": {}
    },
    "765197": {
      "id": "765197",
      "title": "Piuma",
      "type": "PRO",
      "url": "https://tabs.ultimate-guitar.com/tab/verdena/piuma-guitar-pro-765197",
      "file_path": null,
      "metadata": {}
    },
    "1295390": {
      "id": "1295390",
      "title": "Piuma",
      "type": "UKE",
      "url": "https://tabs.ultimate-guitar.com/tab/verdena/piuma-ukulele-1295390",
      "file_path": null,
      "metadata": {}
    },
    "5100457": {
      "id": "5100457",
      "title": "Pixel",
      "type": "TAB",
      "url": "https://tabs.ultimate-guitar.com/tab/verdena/pixel-tabs-5100457",
      "file_path": null,
      "metadata": {}
    },
    "544": {
      "id": "544",
      "title": "Pixel",
      "type": "BASS",
      "url": "https://tabs.ultimate-guitar.com/tab/verdena/pixel-bass-544",
      "file_path": null,
      "metadata": {}
    },
    "914398": {
      "id": "914398",
      "title": "Prova",
      "type": "CRD",
      "url": "https://tabs.ultimate-guitar.com/tab/verdena/prova-chords-914398",
      "file_path": null,
      "metadata": {}
    },
    "1333039": {
      "id": "1333039",
      "title": "Prova",
      "type": "UKE",
      "url": "https://tabs.ultimate-guitar.com/tab/verdena/prova-ukulele-1333039",
      "file_path": null,
      "metadata": {}
    },
    "1717705": {
      "id": "1717705",
      "title": "Puzzle",
      "type": "CRD",
      "url": "https://tabs.ultimate-guitar.com/tab/verdena/puzzle-chords-1717705",
      "file_path": null,
      "metadata": {}
    },
    "2150461": {
      "id": "2150461",
      "title": "Puzzle",
      "type": "UKE",
      "url": "https://tabs.ultimate-guitar.com/tab/verdena/puzzle-ukulele-2150461",
      "file_path": null,
      "metadata": {}
    },
    "4577534": {
      "id": "4577534",
      "title": "Razzi Arpia Inferno E Fiamme",
      "type": "CRD",
      "url": "https://tabs.ultimate-guitar.com/tab/verdena/razzi-arpia-inferno-e-fiamme-chords-4577534",
      "file_path": null,
      "metadata": {}
    },
    "1027432": {
      "id": "1027432",
      "title": "Razzi Arpia Inferno E Fiamme (ver 2)",
      "type": "TAB",
      "url": "https://tabs.ultimate-guitar.com/tab/verdena/razzi-arpia-inferno-e-fiamme-tabs-1027432",
      "file_path": null,
      "metadata": {}
    },
    "1027308": {
      "id": "1027308",
      "title": "Razzi Arpia Inferno E Fiamme (ver 3)",
      "type": "TAB",
      "url": "https://tabs.ultimate-guitar.com/tab/verdena/razzi-arpia-inferno-e-fiamme-tabs-1027308",
      "file_path": null,
      "metadata": {}
    },
    "1033772": {
      "id": "1033772",
      "title": "Razzi Arpia Inferno E Fiamme (ver 4)",
      "type": "TAB",
      "url": "https://tabs.ultimate-guitar.com/tab/verdena/razzi-arpia-inferno-e-fiamme-tabs-1033772",
      "file_path": null,
      "metadata": {}
    },
    "1036334": {
      "id": "1036334",
      "title": "Razzi Arpia Inferno E Fiamme",
      "type": "PRO",
      "url": "https://tabs.ultimate-guitar.com/tab/verdena/razzi-arpia-inferno-e-fiamme-guitar-pro-1036334",
      "file_path": null,
      "metadata": {}
    },
    "4614167": {
      "id": "4614167",
      "title": "Rilievo",
      "type": "CRD",
      "url": "https://tabs.ultimate-guitar.com/tab/verdena/rilievo-chords-4614167",
      "file_path": null,
      "metadata": {}
    },
    "4999708": {
      "id": "4999708",
      "title": "Rilievo",
      "type": "TAB",
      "url": "https://tabs.ultimate-guitar.com/tab/verdena/rilievo-tabs-4999708",
      "file_path": null,
      "metadata": {}
    },
    "1129920": {
      "id": "1129920",
      "title": "Rossella Roll Over",
      "type": "CRD",
      "url": "https://tabs.ultimate-guitar.com/tab/verdena/rossella-roll-over-chords-1129920",
      "file_path": null,
      "metadata": {}
    },
    "1370375": {
      "id": "1370375",
      "title": "Rossella Roll Over",
      "type": "UKE",
      "url": "https://tabs.ultimate-guitar.com/tab/verdena/rossella-roll-over-ukulele-1370375",
      "file_path": null,
      "metadata": {}
    },
    "1032870": {
      "id": "1032870",
      "title": "Scegli Me",
      "type": "CRD",
      "url": "https://tabs.ultimate-guitar.com/tab/verdena/scegli-me-chords-1032870",
      "file_path": null,
      "metadata": {}
    },
    "1096295": {
      "id": "1096295",
      "title": "Scegli Me (ver 2)",
      "type": "CRD",
      "url": "https://tabs.ultimate-guitar.com/tab/verdena/scegli-me-chords-1096295",
      "file_path": null,
      "metadata": {}
    },
    "1348717": {
      "id": "1348717",
      "title": "Scegli Me",
      "type": "UKE",
      "url": "https://tabs.ultimate-guitar.com/tab/verdena/scegli-me-ukulele-1348717",
      "file_path": null,
      "metadata": {}
    },
    "1721097": {
      "id": "1721097",
      "title": "Sci Desertico",
      "type": "TAB",
      "url": "https://tabs.ultimate-guitar.com/tab/verdena/sci-desertico-tabs-1721097",
      "file_path": null,
      "metadata": {}
    },
    "4594796": {
      "id": "4594796",
      "title": "Sino A Notte D I",
      "type": "CRD",
      "url": "https://tabs.ultimate-guitar.com/tab/verdena/sino-a-notte-d-i-chords-4594796",
      "file_path": null,
      "metadata": {}
    },
    "1129518": {
      "id": "1129518",
      "title": "Solo Luned",
      "type": "CRD",
      "url": "https://tabs.ultimate-guitar.com/tab/verdena/solo-luned-chords-1129518",
      "file_path": null,
      "metadata": {}
    },
    "1370284": {
      "id": "1370284",
      "title": "Solo Luned",
      "type": "UKE",
      "url": "https://tabs.ultimate-guitar.com/tab/verdena/solo-luned-ukulele-1370284",
      "file_path": null,
      "metadata": {}
    },
    "1190361": {
      "id": "1190361",
      "title": "Solo Un Grande Sasso",
      "type": "TAB",
      "url": "https://tabs.ultimate-guitar.com/tab/verdena/solo-un-grande-sasso-tabs-1190361",
      "file_path": null,
      "metadata": {}
    },
    "88132": {
      "id": "88132",
      "title": "Solo Un Grande Sasso",
      "type": "BASS",
      "url": "https://tabs.ultimate-guitar.com/tab/verdena/solo-un-grande-sasso-bass-88132",
      "file_path": null,
      "metadata": {}
    },
    "88135": {
      "id": "88135",
      "title": "Solo Un Grande Sasso (ver 2)",
      "type": "BASS",
      "url": "https://tabs.ultimate-guitar.com/tab/verdena/solo-un-grande-sasso-bass-88135",
      "file_path": null,
      "metadata": {}
    },
    "1191150": {
      "id": "1191150",
      "title": "Sorriso In Spiaggia",
      "type": "CRD",
      "url": "https://tabs.ultimate-guitar.com/tab/verdena/sorriso-in-spiaggia-chords-1191150",
      "file_path": null,
      "metadata": {}
    },
    "1382391": {
      "id": "1382391",
      "title": "Sorriso In Spiaggia",
      "type": "UKE",
      "url": "https://tabs.ultimate-guitar.com/tab/verdena/sorriso-in-spiaggia-ukulele-1382391",
      "file_path": null,
      "metadata": {}
    },
    "3459389": {
      "id": "3459389",
      "title": "Sorriso In Spiaggia Parte Ii",
      "type": "CRD",
      "url": "https://tabs.ultimate-guitar.com/tab/verdena/sorriso-in-spiaggia-parte-ii-chords-3459389",
      "file_path": null,
      "metadata": {}
    },
    "994225": {
      "id": "994225",
      "title": "Sotto Prescrizione Del Dottor Huxley",
      "type": "CRD",
      "url": "https://tabs.ultimate-guitar.com/tab/verdena/sotto-prescrizione-del-dottor-huxley-chords-994225",
      "file_path": null,
      "metadata": {}
    },
    "1093228": {
      "id": "1093228",
      "title": "Sotto Prescrizione Del Dottor Huxley",
      "type": "TAB",
      "url": "https://tabs.ultimate-guitar.com/tab/verdena/sotto-prescrizione-del-dottor-huxley-tabs-1093228",
      "file_path": null,
      "metadata": {}
    },
    "1344606": {
      "id": "1344606",
      "title": "Sotto Prescrizione Del Dottor Huxley",
      "type": "UKE",
      "url": "https://tabs.ultimate-guitar.com/tab/verdena/sotto-prescrizione-del-dottor-huxley-ukulele-1344606",
      "file_path": null,
      "metadata": {}
    },
    "523166": {
      "id": "523166",
      "title": "Spaceman",
      "type": "TAB",
      "url": "https://tabs.ultimate-guitar.com/tab/verdena/spaceman-tabs-523166",
      "file_path": null,
      "metadata": {}
    },
    "2815910": {
      "id": "2815910",
      "title": "Starless",
      "type": "CRD",
      "url": "https://tabs.ultimate-guitar.com/tab/verdena/starless-chords-2815910",
      "file_path": null,
      "metadata": {}
    },
    "1142956": {
      "id": "1142956",
      "title": "Starless",
      "type": "PRO",
      "url": "https://tabs.ultimate-guitar.com/tab/verdena/starless-guitar-pro-1142956",
      "file_path": null,
      "metadata": {}
    },
    "88134": {
      "id": "88134",
      "title": "Starless",
      "type": "BASS",
      "url": "https://tabs.ultimate-guitar.com/tab/verdena/starless-bass-88134",
      "file_path": null,
      "metadata": {}
    },
    "523507": {
      "id": "523507",
      "title": "Stenuo",
      "type": "TAB",
      "url": "https://tabs.ultimate-guitar.com/tab/verdena/stenuo-tabs-523507",
      "file_path": null,
      "metadata": {}
    },
    "4365986": {
      "id": "4365986",
      "title": "Sui Ghiacciai",
      "type": "CRD",
      "url": "https://tabs.ultimate-guitar.com/tab/verdena/sui-ghiacciai-chords-4365986",
      "file_path": null,
      "metadata": {}
    },
    "4945024": {
      "id": "4945024",
      "title": "Sui Ghiacciai  Intro",
      "type": "TAB",
      "url": "https://tabs.ultimate-guitar.com/tab/verdena/sui-ghiacciai-tabs-4945024",
      "file_path": null,
      "metadata": {}
    },
    "4413425": {
      "id": "4413425",
      "title": "Troppe Scuse",
      "type": "CRD",
      "url": "https://tabs.ultimate-guitar.com/tab/verdena/troppe-scuse-chords-4413425",
      "file_path": null,
      "metadata": {}
    },
    "4159393": {
      "id": "4159393",
      "title": "Trovami Un Modo Semplice Per Uscirne",
      "type": "PRO",
      "url": "https://tabs.ultimate-guitar.com/tab/verdena/trovami-un-modo-semplice-per-uscirne-guitar-pro-4159393",
      "file_path": null,
      "metadata": {}
    },
    "5437428": {
      "id": "5437428",
      "title": "Trovami Un Modo Semplice Per Uscirne (ver 2)",
      "type": "PRO",
      "url": "https://tabs.ultimate-guitar.com/tab/verdena/trovami-un-modo-semplice-per-uscirne-guitar-pro-5437428",
      "file_path": null,
      "metadata": {}
    },
    "1303050": {
      "id": "1303050",
      "title": "Trovami Un Modo Semplice Per Uscirne",
      "type": "UKE",
      "url": "https://tabs.ultimate-guitar.com/tab/verdena/trovami-un-modo-semplice-per-uscirne-ukulele-1303050",
      "file_path": null,
      "metadata": {}
    },
    "1124827": {
      "id": "1124827",
      "title": "Tu E Me",
      "type": "CRD",
      "url": "https://tabs.ultimate-guitar.com/tab/verdena/tu-e-me-chords-1124827",
      "file_path": null,
      "metadata": {}
    },
    "1738382": {
      "id": "1738382",
      "title": "Tu E Me (ver 2)",
      "type": "CRD",
      "url": "https://tabs.ultimate-guitar.com/tab/verdena/tu-e-me-chords-1738382",
      "file_path": null,
      "metadata": {}
    },
    "1369372": {
      "id": "1369372",
      "title": "Tu E Me",
      "type": "UKE",
      "url": "https://tabs.ultimate-guitar.com/tab/verdena/tu-e-me-ukulele-1369372",
      "file_path": null,
      "metadata": {}
    },
    "465189": {
      "id": "465189",
      "title": "Ultranoia",
      "type": "PRO",
      "url": "https://tabs.ultimate-guitar.com/tab/verdena/ultranoia-guitar-pro-465189",
      "file_path": null,
      "metadata": {}
    },
    "545": {
      "id": "545",
      "title": "Ultranoia",
      "type": "BASS",
      "url": "https://tabs.ultimate-guitar.com/tab/verdena/ultranoia-bass-545",
      "file_path": null,
      "metadata": {}
    },
    "2669280": {
      "id": "2669280",
      "title": "Un Blu Sincero",
      "type": "CRD",
      "url": "https://tabs.ultimate-guitar.com/tab/verdena/un-blu-sincero-chords-2669280",
      "file_path": null,
      "metadata": {}
    },
    "2500287": {
      "id": "2500287",
      "title": "Un Po Esageri",
      "type": "CRD",
      "url": "https://tabs.ultimate-guitar.com/tab/verdena/un-po-esageri-chords-2500287",
      "file_path": null,
      "metadata": {}
    },
    "1702943": {
      "id": "1702943",
      "title": "Un Po Esageri",
      "type": "TAB",
      "url": "https://tabs.ultimate-guitar.com/tab/verdena/un-po-esageri-tabs-1702943",
      "file_path": null,
      "metadata": {}
    },
    "4948687": {
      "id": "4948687",
      "title": "Un Po Esageri (ver 2)",
      "type": "TAB",
      "url": "https://tabs.ultimate-guitar.com/tab/verdena/un-po-esageri-tabs-4948687",
      "file_path": null,
      "metadata": {}
    },
    "1852294": {
      "id": "1852294",
      "title": "Un Po Esageri",
      "type": "PRO",
      "url": "https://tabs.ultimate-guitar.com/tab/verdena/un-po-esageri-guitar-pro-1852294",
      "file_path": null,
      "metadata": {}
    },
    "2831626": {
      "id": "2831626",
      "title": "Valvonauta (ver 2)",
      "type": "CRD",
      "url": "https://tabs.ultimate-guitar.com/tab/verdena/valvonauta-chords-2831626",
      "file_path": null,
      "metadata": {}
    },
    "3082472": {
      "id": "3082472",
      "title": "Valvonauta  Intro",
      "type": "TAB",
      "url": "https://tabs.ultimate-guitar.com/tab/verdena/valvonauta-tabs-3082472",
      "file_path": null,
      "metadata": {}
    },
    "234598": {
      "id": "234598",
      "title": "Valvonauta",
      "type": "PRO",
      "url": "https://tabs.ultimate-guitar.com/tab/verdena/valvonauta-guitar-pro-234598",
      "file_path": null,
      "metadata": {}
    },
    "234599": {
      "id": "234599",
      "title": "Valvonauta (ver 2)",
      "type": "PRO",
      "url": "https://tabs.ultimate-guitar.com/tab/verdena/valvonauta-guitar-pro-234599",
      "file_path": null,
      "metadata": {}
    },
    "864913": {
      "id": "864913",
      "title": "Valvonauta",
      "type": "DRM",
      "url": "https://tabs.ultimate-guitar.com/tab/verdena/valvonauta-drums-864913",
      "file_path": null,
      "metadata": {}
    },
    "1358034": {
      "id": "1358034",
      "title": "Valvonauta",
      "type": "UKE",
      "url": "https://tabs.ultimate-guitar.com/tab/verdena/valvonauta-ukulele-1358034",
      "file_path": null,
      "metadata": {}
    },
    "2500233": {
      "id": "2500233",
      "title": "Vera",
      "type": "CRD",
      "url": "https://tabs.ultimate-guitar.com/tab/verdena/vera-chords-2500233",
      "file_path": null,
      "metadata": {}
    },
    "632004": {
      "id": "632004",
      "title": "Vera",
      "type": "PRO",
      "url": "https://tabs.ultimate-guitar.com/tab/verdena/vera-guitar-pro-632004",
      "file_path": null,
      "metadata": {}
    },
    "547": {
      "id": "547",
      "title": "Vera",
      "type": "BASS",
      "url": "https://tabs.ultimate-guitar.com/tab/verdena/vera-bass-547",
      "file_path": null,
      "metadata": {}
    },
    "1295391": {
      "id": "1295391",
      "title": "Vera",
      "type": "UKE",
      "url": "https://tabs.ultimate-guitar.com/tab/verdena/vera-ukulele-1295391",
      "file_path": null,
      "metadata": {}
    },
    "25654": {
      "id": "25654",
      "title": "Viba",
      "type": "TAB",
      "url": "https://tabs.ultimate-guitar.com/tab/verdena/viba-tabs-25654",
      "file_path": null,
      "metadata": {}
    },
    "234600": {
      "id": "234600",
      "title": "Viba",
      "type": "PRO",
      "url": "https://tabs.ultimate-guitar.com/tab/verdena/viba-guitar-pro-234600",
      "file_path": null,
      "metadata": {}
    },
    "548": {
      "id": "548",
      "title": "Viba",
      "type": "BASS",
      "url": "https://tabs.ultimate-guitar.com/tab/verdena/viba-bass-548",
      "file_path": null,
      "metadata": {}
    },
    "4286867": {
      "id": "4286867",
      "title": "Vivere Di Conseguenza",
      "type": "CRD",
      "url": "https://tabs.ultimate-guitar.com/tab/verdena/vivere-di-conseguenza-chords-4286867",
      "file_path": null,
      "metadata": {}
    },
    "1764487": {
      "id": "1764487",
      "title": "Waltz Del Bounty",
      "type": "CRD",
      "url": "https://tabs.ultimate-guitar.com/tab/verdena/waltz-del-bounty-chords-1764487",
      "file_path": null,
      "metadata": {}
    },
    "2662980": {
      "id": "2662980",
      "title": "Waltz Del Bounty (ver 2)",
      "type": "CRD",
      "url": "https://tabs.ultimate-guitar.com/tab/verdena/waltz-del-bounty-chords-2662980",
      "file_path": null,
      "metadata": {}
    },
    "4366028": {
      "id": "4366028",
      "title": "X Sempre Assente",
      "type": "CRD",
      "url": "https://tabs.ultimate-guitar.com/tab/verdena/x-sempre-assente-chords-4366028",
      "file_path": null,
      "metadata": {}
    },
    "538": {
      "id": "538",
      "title": "Zoe",
      "type": "BASS",
      "url": "https://tabs.ultimate-guitar.com/tab/verdena/zoe-bass-538",
      "file_path": null,
      "metadata": {}
    }
  }
}