{
  "id": "1083",
  "name": "Kid Rock",
  "url": "https://www.ultimate-guitar.com/artist/kid_rock_1083",
  "tabs": {
    "29895": {
      "id": "29895",
      "title": "Picture",
      "type": "CRD",
      "url": "https://tabs.ultimate-guitar.com/tab/kid-rock/picture-chords-29895",
      "file_path": null,
      "metadata": {}
    },
    "678910": {
      "id": "678910",
      "title": "All Summer Long",
      "type": "CRD",
      "url": "https://tabs.ultimate-guitar.com/tab/kid-rock/all-summer-long-chords-678910",
      "file_path": null,
      "metadata": {}
    },
    "10093": {
      "id": "10093",
      "title": "Only God Knows Why",
      "type": "CRD",
      "url": "https://tabs.ultimate-guitar.com/tab/kid-rock/only-god-knows-why-chords-10093",
      "file_path": null,
      "metadata": {}
    },
    "698569": {
      "id": "698569",
      "title": "All Summer Long",
      "type": "TAB",
      "url": "https://tabs.ultimate-guitar.com/tab/kid-rock/all-summer-long-tabs-698569",
      "file_path": null,
      "metadata": {}
    },
    "990768": {
      "id": "990768",
      "title": "Born Free",
      "type": "CRD",
      "url": "https://tabs.ultimate-guitar.com/tab/kid-rock/born-free-chords-990768",
      "file_path": null,
      "metadata": {}
    },
    "718780": {
      "id": "718780",
      "title": "All Summer Long",
      "type": "PRO",
      "url": "https://tabs.ultimate-guitar.com/tab/kid-rock/all-summer-long-guitar-pro-718780",
      "file_path": null,
      "metadata": {}
    },
    "593333": {
      "id": "593333",
      "title": "Blue Jeans And A Rosary",
      "type": "CRD",
      "url": "https://tabs.ultimate-guitar.com/tab/kid-rock/blue-jeans-and-a-rosary-chords-593333",
      "file_path": null,
      "metadata": {}
    },
    "22334": {
      "id": "22334",
      "title": "Midnight Train To Memphis",
      "type": "CRD",
      "url": "https://tabs.ultimate-guitar.com/tab/kid-rock/midnight-train-to-memphis-chords-22334",
      "file_path": null,
      "metadata": {}
    },
    "597914": {
      "id": "597914",
      "title": "Roll On",
      "type": "TAB",
      "url": "https://tabs.ultimate-guitar.com/tab/kid-rock/roll-on-tabs-597914",
      "file_path": null,
      "metadata": {}
    },
    "770102": {
      "id": "770102",
      "title": "Roll On",
      "type": "CRD",
      "url": "https://tabs.ultimate-guitar.com/tab/kid-rock/roll-on-chords-770102",
      "file_path": null,
      "metadata": {}
    },
    "4275259": {
      "id": "4275259",
      "title": "Rebel Soul  (album)",
      "type": "CRD",
      "url": "https://tabs.ultimate-guitar.com/tab/kid-rock/rebel-soul-chords-4275259",
      "file_path": null,
      "metadata": {}
    },
    "4275262": {
      "id": "4275262",
      "title": "Rock N Roll Jesus  (album)",
      "type": "CRD",
      "url": "https://tabs.ultimate-guitar.com/tab/kid-rock/rock-n-roll-jesus-chords-4275262",
      "file_path": null,
      "metadata": {}
    },
    "3841901": {
      "id": "3841901",
      "title": "Bad Feeling",
      "type": "CRD",
      "url": "https://tabs.ultimate-guitar.com/tab/gretchen-wilson/bad-feeling-chords-3841901",
      "file_path": null,
      "metadata": {}
    },
    "5045008": {
      "id": "5045008",
      "title": "Either Or",
      "type": "CRD",
      "url": "https://tabs.ultimate-guitar.com/tab/dolly-parton/either-or-chords-5045008",
      "file_path": null,
      "metadata": {}
    },
    "3851462": {
      "id": "3851462",
      "title": "Higher Education",
      "type": "CRD",
      "url": "https://tabs.ultimate-guitar.com/tab/michael-ray/higher-education-chords-3851462",
      "file_path": null,
      "metadata": {}
    },
    "939272": {
      "id": "939272",
      "title": "I Hold On",
      "type": "CRD",
      "url": "https://tabs.ultimate-guitar.com/tab/slash/i-hold-on-chords-939272",
      "file_path": null,
      "metadata": {}
    },
    "939226": {
      "id": "939226",
      "title": "I Hold On (ver 2)",
      "type": "CRD",
      "url": "https://tabs.ultimate-guitar.com/tab/slash/i-hold-on-chords-939226",
      "file_path": null,
      "metadata": {}
    },
    "1229982": {
      "id": "1229982",
      "title": "I Hold On (ver 3)",
      "type": "CRD",
      "url": "https://tabs.ultimate-guitar.com/tab/slash/i-hold-on-chords-1229982",
      "file_path": null,
      "metadata": {}
    },
    "940329": {
      "id": "940329",
      "title": "I Hold On",
      "type": "TAB",
      "url": "https://tabs.ultimate-guitar.com/tab/slash/i-hold-on-tabs-940329",
      "file_path": null,
      "metadata": {}
    },
    "949836": {
      "id": "949836",
      "title": "I Hold On (ver 2)",
      "type": "TAB",
      "url": "https://tabs.ultimate-guitar.com/tab/slash/i-hold-on-tabs-949836",
      "file_path": null,
      "metadata": {}
    },
    "984835": {
      "id": "984835",
      "title": "I Hold On",
      "type": "PRO",
      "url": "https://tabs.ultimate-guitar.com/tab/slash/i-hold-on-guitar-pro-984835",
      "file_path": null,
      "metadata": {}
    },
    "1228601": {
      "id": "1228601",
      "title": "I Hold On",
      "type": "BASS",
      "url": "https://tabs.ultimate-guitar.com/tab/slash/i-hold-on-bass-1228601",
      "file_path": null,
      "metadata": {}
    },
    "2129171": {
      "id": "2129171",
      "title": "Luckenbach Texas Back To The Basics Of Love",
      "type": "CRD",
      "url": "https://tabs.ultimate-guitar.com/tab/kenny-chesney/luckenbach-texas-back-to-the-basics-of-love-chords-2129171",
      "file_path": null,
      "metadata": {}
    },
    "590135": {
      "id": "590135",
      "title": "Rock Star",
      "type": "TAB",
      "url": "https://tabs.ultimate-guitar.com/tab/r-kelly/rock-star-tabs-590135",
      "file_path": null,
      "metadata": {}
    },
    "609741": {
      "id": "609741",
      "title": "Rock Star  Intro",
      "type": "TAB",
      "url": "https://tabs.ultimate-guitar.com/tab/r-kelly/rock-star-tabs-609741",
      "file_path": null,
      "metadata": {}
    },
    "590982": {
      "id": "590982",
      "title": "Rock Star (ver 2)",
      "type": "TAB",
      "url": "https://tabs.ultimate-guitar.com/tab/r-kelly/rock-star-tabs-590982",
      "file_path": null,
      "metadata": {}
    },
    "93743": {
      "id": "93743",
      "title": "Saturday Nights Alright",
      "type": "TAB",
      "url": "https://tabs.ultimate-guitar.com/tab/nickelback/saturday-nights-alright-tabs-93743",
      "file_path": null,
      "metadata": {}
    },
    "182946": {
      "id": "182946",
      "title": "Saturday Nights Alright  Intro",
      "type": "TAB",
      "url": "https://tabs.ultimate-guitar.com/tab/nickelback/saturday-nights-alright-tabs-182946",
      "file_path": null,
      "metadata": {}
    },
    "427810": {
      "id": "427810",
      "title": "Saturday Nights Alright  Intro",
      "type": "PRO",
      "url": "https://tabs.ultimate-guitar.com/tab/nickelback/saturday-nights-alright-guitar-pro-427810",
      "file_path": null,
      "metadata": {}
    },
    "635545": {
      "id": "635545",
      "title": "Saturday Nights Alright",
      "type": "PRO",
      "url": "https://tabs.ultimate-guitar.com/tab/nickelback/saturday-nights-alright-guitar-pro-635545",
      "file_path": null,
      "metadata": {}
    },
    "4650599": {
      "id": "4650599",
      "title": "Saturday Nights Alright (ver 2)",
      "type": "PRO",
      "url": "https://tabs.ultimate-guitar.com/tab/nickelback/saturday-nights-alright-guitar-pro-4650599",
      "file_path": null,
      "metadata": {}
    },
    "4008997": {
      "id": "4008997",
      "title": "Spank",
      "type": "CRD",
      "url": "https://tabs.ultimate-guitar.com/tab/kenny-wayne-shepherd/spank-chords-4008997",
      "file_path": null,
      "metadata": {}
    },
    "259673": {
      "id": "259673",
      "title": "Spank",
      "type": "TAB",
      "url": "https://tabs.ultimate-guitar.com/tab/kenny-wayne-shepherd/spank-tabs-259673",
      "file_path": null,
      "metadata": {}
    },
    "1871027": {
      "id": "1871027",
      "title": "Whiskey Bent And Hell Bound Duet",
      "type": "CRD",
      "url": "https://tabs.ultimate-guitar.com/tab/hank-williams-jr-/whiskey-bent-and-hell-bound-duet-chords-1871027",
      "file_path": null,
      "metadata": {}
    },
    "4275139": {
      "id": "4275139",
      "title": "3 Catt Boogie",
      "type": "CRD",
      "url": "https://tabs.ultimate-guitar.com/tab/kid-rock/3-catt-boogie-chords-4275139",
      "file_path": null,
      "metadata": {}
    },
    "72995": {
      "id": "72995",
      "title": "Abortion  Intro",
      "type": "TAB",
      "url": "https://tabs.ultimate-guitar.com/tab/kid-rock/abortion-tabs-72995",
      "file_path": null,
      "metadata": {}
    },
    "10109": {
      "id": "10109",
      "title": "Abortion",
      "type": "TAB",
      "url": "https://tabs.ultimate-guitar.com/tab/kid-rock/abortion-tabs-10109",
      "file_path": null,
      "metadata": {}
    },
    "1722197": {
      "id": "1722197",
      "title": "Aint Enough Whiskey",
      "type": "VID",
      "url": "https://tabs.ultimate-guitar.com/tab/kid-rock/aint-enough-whiskey-video-1722197",
      "file_path": null,
      "metadata": {}
    },
    "1073544": {
      "id": "1073544",
      "title": "All Summer Long (ver 2)",
      "type": "CRD",
      "url": "https://tabs.ultimate-guitar.com/tab/kid-rock/all-summer-long-chords-1073544",
      "file_path": null,
      "metadata": {}
    },
    "773847": {
      "id": "773847",
      "title": "All Summer Long  Solo",
      "type": "TAB",
      "url": "https://tabs.ultimate-guitar.com/tab/kid-rock/all-summer-long-tabs-773847",
      "file_path": null,
      "metadata": {}
    },
    "4932745": {
      "id": "4932745",
      "title": "All Summer Long (ver 2) Solo",
      "type": "TAB",
      "url": "https://tabs.ultimate-guitar.com/tab/kid-rock/all-summer-long-tabs-4932745",
      "file_path": null,
      "metadata": {}
    },
    "713422": {
      "id": "713422",
      "title": "All Summer Long (ver 2)",
      "type": "TAB",
      "url": "https://tabs.ultimate-guitar.com/tab/kid-rock/all-summer-long-tabs-713422",
      "file_path": null,
      "metadata": {}
    },
    "2393473": {
      "id": "2393473",
      "title": "All Summer Long (ver 2)",
      "type": "PRO",
      "url": "https://tabs.ultimate-guitar.com/tab/kid-rock/all-summer-long-guitar-pro-2393473",
      "file_path": null,
      "metadata": {}
    },
    "700301": {
      "id": "700301",
      "title": "All Summer Long",
      "type": "BASS",
      "url": "https://tabs.ultimate-guitar.com/tab/kid-rock/all-summer-long-bass-700301",
      "file_path": null,
      "metadata": {}
    },
    "866643": {
      "id": "866643",
      "title": "All Summer Long (ver 2)",
      "type": "BASS",
      "url": "https://tabs.ultimate-guitar.com/tab/kid-rock/all-summer-long-bass-866643",
      "file_path": null,
      "metadata": {}
    },
    "2137771": {
      "id": "2137771",
      "title": "All Summer Long",
      "type": "UKE",
      "url": "https://tabs.ultimate-guitar.com/tab/kid-rock/all-summer-long-ukulele-2137771",
      "file_path": null,
      "metadata": {}
    },
    "2181239": {
      "id": "2181239",
      "title": "All Summer Long (ver 2)",
      "type": "UKE",
      "url": "https://tabs.ultimate-guitar.com/tab/kid-rock/all-summer-long-ukulele-2181239",
      "file_path": null,
      "metadata": {}
    },
    "605089": {
      "id": "605089",
      "title": "Amen",
      "type": "CRD",
      "url": "https://tabs.ultimate-guitar.com/tab/kid-rock/amen-chords-605089",
      "file_path": null,
      "metadata": {}
    },
    "4123813": {
      "id": "4123813",
      "title": "Amen (ver 2)",
      "type": "CRD",
      "url": "https://tabs.ultimate-guitar.com/tab/kid-rock/amen-chords-4123813",
      "file_path": null,
      "metadata": {}
    },
    "131421": {
      "id": "131421",
      "title": "American Bad Ass  Intro",
      "type": "TAB",
      "url": "https://tabs.ultimate-guitar.com/tab/kid-rock/american-bad-ass-tabs-131421",
      "file_path": null,
      "metadata": {}
    },
    "10106": {
      "id": "10106",
      "title": "American Bad Ass",
      "type": "TAB",
      "url": "https://tabs.ultimate-guitar.com/tab/kid-rock/american-bad-ass-tabs-10106",
      "file_path": null,
      "metadata": {}
    },
    "35558": {
      "id": "35558",
      "title": "American Bad Ass (ver 2)",
      "type": "TAB",
      "url": "https://tabs.ultimate-guitar.com/tab/kid-rock/american-bad-ass-tabs-35558",
      "file_path": null,
      "metadata": {}
    },
    "90768": {
      "id": "90768",
      "title": "American Bad Ass (ver 3)",
      "type": "TAB",
      "url": "https://tabs.ultimate-guitar.com/tab/kid-rock/american-bad-ass-tabs-90768",
      "file_path": null,
      "metadata": {}
    },
    "5668119": {
      "id": "5668119",
      "title": "American Bad Ass",
      "type": "PRO",
      "url": "https://tabs.ultimate-guitar.com/tab/kid-rock/american-bad-ass-guitar-pro-5668119",
      "file_path": null,
      "metadata": {}
    },
    "2226965": {
      "id": "2226965",
      "title": "American Bad Ass",
      "type": "BASS",
      "url": "https://tabs.ultimate-guitar.com/tab/kid-rock/american-bad-ass-bass-2226965",
      "file_path": null,
      "metadata": {}
    },
    "869386": {
      "id": "869386",
      "title": "American Bad Ass",
      "type": "DRM",
      "url": "https://tabs.ultimate-guitar.com/tab/kid-rock/american-bad-ass-drums-869386",
      "file_path": null,
      "metadata": {}
    },
    "2389927": {
      "id": "2389927",
      "title": "American Rock N Roll",
      "type": "CRD",
      "url": "https://tabs.ultimate-guitar.com/tab/kid-rock/american-rock-n-roll-chords-2389927",
      "file_path": null,
      "metadata": {}
    },
    "72994": {
      "id": "72994",
      "title": "Another Mother Fucker Like Me",
      "type": "TAB",
      "url": "https://tabs.ultimate-guitar.com/tab/kid-rock/another-mother-fucker-like-me-tabs-72994",
      "file_path": null,
      "metadata": {}
    },
    "146837": {
      "id": "146837",
      "title": "Baby Come Home  Intro",
      "type": "TAB",
      "url": "https://tabs.ultimate-guitar.com/tab/kid-rock/baby-come-home-tabs-146837",
      "file_path": null,
      "metadata": {}
    },
    "282149": {
      "id": "282149",
      "title": "Baby Come Home",
      "type": "TAB",
      "url": "https://tabs.ultimate-guitar.com/tab/kid-rock/baby-come-home-tabs-282149",
      "file_path": null,
      "metadata": {}
    },
    "3669785": {
      "id": "3669785",
      "title": "Bawitdaba",
      "type": "CRD",
      "url": "https://tabs.ultimate-guitar.com/tab/kid-rock/bawitdaba-chords-3669785",
      "file_path": null,
      "metadata": {}
    },
    "108794": {
      "id": "108794",
      "title": "Bawitdaba  Solo",
      "type": "TAB",
      "url": "https://tabs.ultimate-guitar.com/tab/kid-rock/bawitdaba-tabs-108794",
      "file_path": null,
      "metadata": {}
    },
    "10099": {
      "id": "10099",
      "title": "Bawitdaba",
      "type": "TAB",
      "url": "https://tabs.ultimate-guitar.com/tab/kid-rock/bawitdaba-tabs-10099",
      "file_path": null,
      "metadata": {}
    },
    "10100": {
      "id": "10100",
      "title": "Bawitdaba (ver 2)",
      "type": "TAB",
      "url": "https://tabs.ultimate-guitar.com/tab/kid-rock/bawitdaba-tabs-10100",
      "file_path": null,
      "metadata": {}
    },
    "10117": {
      "id": "10117",
      "title": "Bawitdaba (ver 3)",
      "type": "TAB",
      "url": "https://tabs.ultimate-guitar.com/tab/kid-rock/bawitdaba-tabs-10117",
      "file_path": null,
      "metadata": {}
    },
    "42711": {
      "id": "42711",
      "title": "Bawitdaba (ver 4)",
      "type": "TAB",
      "url": "https://tabs.ultimate-guitar.com/tab/kid-rock/bawitdaba-tabs-42711",
      "file_path": null,
      "metadata": {}
    },
    "241846": {
      "id": "241846",
      "title": "Bawitdaba",
      "type": "PRO",
      "url": "https://tabs.ultimate-guitar.com/tab/kid-rock/bawitdaba-guitar-pro-241846",
      "file_path": null,
      "metadata": {}
    },
    "222951": {
      "id": "222951",
      "title": "Bawitdaba (ver 2)",
      "type": "PRO",
      "url": "https://tabs.ultimate-guitar.com/tab/kid-rock/bawitdaba-guitar-pro-222951",
      "file_path": null,
      "metadata": {}
    },
    "744948": {
      "id": "744948",
      "title": "Bawitdaba (ver 3)",
      "type": "PRO",
      "url": "https://tabs.ultimate-guitar.com/tab/kid-rock/bawitdaba-guitar-pro-744948",
      "file_path": null,
      "metadata": {}
    },
    "4029544": {
      "id": "4029544",
      "title": "Bawitdaba (ver 4)",
      "type": "PRO",
      "url": "https://tabs.ultimate-guitar.com/tab/kid-rock/bawitdaba-guitar-pro-4029544",
      "file_path": null,
      "metadata": {}
    },
    "10119": {
      "id": "10119",
      "title": "Bawitdaba",
      "type": "BASS",
      "url": "https://tabs.ultimate-guitar.com/tab/kid-rock/bawitdaba-bass-10119",
      "file_path": null,
      "metadata": {}
    },
    "1713513": {
      "id": "1713513",
      "title": "Best Of Me",
      "type": "CRD",
      "url": "https://tabs.ultimate-guitar.com/tab/kid-rock/best-of-me-chords-1713513",
      "file_path": null,
      "metadata": {}
    },
    "196443": {
      "id": "196443",
      "title": "Black Bob  Intro",
      "type": "TAB",
      "url": "https://tabs.ultimate-guitar.com/tab/kid-rock/black-bob-tabs-196443",
      "file_path": null,
      "metadata": {}
    },
    "1062420": {
      "id": "1062420",
      "title": "Blue Jeans And A Rosary (ver 2)",
      "type": "CRD",
      "url": "https://tabs.ultimate-guitar.com/tab/kid-rock/blue-jeans-and-a-rosary-chords-1062420",
      "file_path": null,
      "metadata": {}
    },
    "1170868": {
      "id": "1170868",
      "title": "Blue Jeans And A Rosary  Solo",
      "type": "TAB",
      "url": "https://tabs.ultimate-guitar.com/tab/kid-rock/blue-jeans-and-a-rosary-tabs-1170868",
      "file_path": null,
      "metadata": {}
    },
    "1298300": {
      "id": "1298300",
      "title": "Blue Jeans And A Rosary",
      "type": "UKE",
      "url": "https://tabs.ultimate-guitar.com/tab/kid-rock/blue-jeans-and-a-rosary-ukulele-1298300",
      "file_path": null,
      "metadata": {}
    },
    "2181241": {
      "id": "2181241",
      "title": "Blue Jeans And A Rosary (ver 2)",
      "type": "UKE",
      "url": "https://tabs.ultimate-guitar.com/tab/kid-rock/blue-jeans-and-a-rosary-ukulele-2181241",
      "file_path": null,
      "metadata": {}
    },
    "997011": {
      "id": "997011",
      "title": "Born Free (ver 2)",
      "type": "CRD",
      "url": "https://tabs.ultimate-guitar.com/tab/kid-rock/born-free-chords-997011",
      "file_path": null,
      "metadata": {}
    },
    "1007074": {
      "id": "1007074",
      "title": "Born Free (ver 3)",
      "type": "CRD",
      "url": "https://tabs.ultimate-guitar.com/tab/kid-rock/born-free-chords-1007074",
      "file_path": null,
      "metadata": {}
    },
    "1025255": {
      "id": "1025255",
      "title": "Born Free (ver 4)",
      "type": "CRD",
      "url": "https://tabs.ultimate-guitar.com/tab/kid-rock/born-free-chords-1025255",
      "file_path": null,
      "metadata": {}
    },
    "5292741": {
      "id": "5292741",
      "title": "Born Free  Intro",
      "type": "TAB",
      "url": "https://tabs.ultimate-guitar.com/tab/kid-rock/born-free-tabs-5292741",
      "file_path": null,
      "metadata": {}
    },
    "1512291": {
      "id": "1512291",
      "title": "Born Free",
      "type": "PRO",
      "url": "https://tabs.ultimate-guitar.com/tab/kid-rock/born-free-guitar-pro-1512291",
      "file_path": null,
      "metadata": {}
    },
    "1722201": {
      "id": "1722201",
      "title": "Born Free  Solo",
      "type": "VID",
      "url": "https://tabs.ultimate-guitar.com/tab/kid-rock/born-free-video-1722201",
      "file_path": null,
      "metadata": {}
    },
    "567668": {
      "id": "567668",
      "title": "Bullgod",
      "type": "TAB",
      "url": "https://tabs.ultimate-guitar.com/tab/kid-rock/bullgod-tabs-567668",
      "file_path": null,
      "metadata": {}
    },
    "567670": {
      "id": "567670",
      "title": "Bullgod",
      "type": "BASS",
      "url": "https://tabs.ultimate-guitar.com/tab/kid-rock/bullgod-bass-567670",
      "file_path": null,
      "metadata": {}
    },
    "107651": {
      "id": "107651",
      "title": "Cadillac Pussy",
      "type": "CRD",
      "url": "https://tabs.ultimate-guitar.com/tab/kid-rock/cadillac-pussy-chords-107651",
      "file_path": null,
      "metadata": {}
    },
    "1271356": {
      "id": "1271356",
      "title": "Cadillac Pussy",
      "type": "UKE",
      "url": "https://tabs.ultimate-guitar.com/tab/kid-rock/cadillac-pussy-ukulele-1271356",
      "file_path": null,
      "metadata": {}
    },
    "1694681": {
      "id": "1694681",
      "title": "Cant You See",
      "type": "CRD",
      "url": "https://tabs.ultimate-guitar.com/tab/kid-rock/cant-you-see-chords-1694681",
      "file_path": null,
      "metadata": {}
    },
    "3350693": {
      "id": "3350693",
      "title": "Care",
      "type": "CRD",
      "url": "https://tabs.ultimate-guitar.com/tab/kid-rock/care-chords-3350693",
      "file_path": null,
      "metadata": {}
    },
    "4275127": {
      "id": "4275127",
      "title": "Celebrate",
      "type": "CRD",
      "url": "https://tabs.ultimate-guitar.com/tab/kid-rock/celebrate-chords-4275127",
      "file_path": null,
      "metadata": {}
    },
    "1722205": {
      "id": "1722205",
      "title": "Celebrate",
      "type": "VID",
      "url": "https://tabs.ultimate-guitar.com/tab/kid-rock/celebrate-video-1722205",
      "file_path": null,
      "metadata": {}
    },
    "4275145": {
      "id": "4275145",
      "title": "Chickens In The Pen",
      "type": "CRD",
      "url": "https://tabs.ultimate-guitar.com/tab/kid-rock/chickens-in-the-pen-chords-4275145",
      "file_path": null,
      "metadata": {}
    },
    "1200380": {
      "id": "1200380",
      "title": "Cocaine And Gin",
      "type": "CRD",
      "url": "https://tabs.ultimate-guitar.com/tab/kid-rock/cocaine-and-gin-chords-1200380",
      "file_path": null,
      "metadata": {}
    },
    "1384453": {
      "id": "1384453",
      "title": "Cocaine And Gin",
      "type": "UKE",
      "url": "https://tabs.ultimate-guitar.com/tab/kid-rock/cocaine-and-gin-ukulele-1384453",
      "file_path": null,
      "metadata": {}
    },
    "72988": {
      "id": "72988",
      "title": "Cocky",
      "type": "TAB",
      "url": "https://tabs.ultimate-guitar.com/tab/kid-rock/cocky-tabs-72988",
      "file_path": null,
      "metadata": {}
    },
    "1071399": {
      "id": "1071399",
      "title": "Cold And Empty",
      "type": "CRD",
      "url": "https://tabs.ultimate-guitar.com/tab/kid-rock/cold-and-empty-chords-1071399",
      "file_path": null,
      "metadata": {}
    },
    "4430189": {
      "id": "4430189",
      "title": "Cold Beer",
      "type": "CRD",
      "url": "https://tabs.ultimate-guitar.com/tab/kid-rock/cold-beer-chords-4430189",
      "file_path": null,
      "metadata": {}
    },
    "1041138": {
      "id": "1041138",
      "title": "Collide",
      "type": "CRD",
      "url": "https://tabs.ultimate-guitar.com/tab/kid-rock/collide-chords-1041138",
      "file_path": null,
      "metadata": {}
    },
    "1738933": {
      "id": "1738933",
      "title": "Collide (ver 2)",
      "type": "CRD",
      "url": "https://tabs.ultimate-guitar.com/tab/kid-rock/collide-chords-1738933",
      "file_path": null,
      "metadata": {}
    },
    "1353108": {
      "id": "1353108",
      "title": "Collide",
      "type": "UKE",
      "url": "https://tabs.ultimate-guitar.com/tab/kid-rock/collide-ukulele-1353108",
      "file_path": null,
      "metadata": {}
    },
    "3223208": {
      "id": "3223208",
      "title": "Cowboy",
      "type": "CRD",
      "url": "https://tabs.ultimate-guitar.com/tab/kid-rock/cowboy-chords-3223208",
      "file_path": null,
      "metadata": {}
    },
    "10096": {
      "id": "10096",
      "title": "Cowboy",
      "type": "TAB",
      "url": "https://tabs.ultimate-guitar.com/tab/kid-rock/cowboy-tabs-10096",
      "file_path": null,
      "metadata": {}
    },
    "10108": {
      "id": "10108",
      "title": "Cowboy (ver 2)",
      "type": "TAB",
      "url": "https://tabs.ultimate-guitar.com/tab/kid-rock/cowboy-tabs-10108",
      "file_path": null,
      "metadata": {}
    },
    "36808": {
      "id": "36808",
      "title": "Cowboy (ver 3)",
      "type": "TAB",
      "url": "https://tabs.ultimate-guitar.com/tab/kid-rock/cowboy-tabs-36808",
      "file_path": null,
      "metadata": {}
    },
    "97634": {
      "id": "97634",
      "title": "Cowboy (ver 4)",
      "type": "TAB",
      "url": "https://tabs.ultimate-guitar.com/tab/kid-rock/cowboy-tabs-97634",
      "file_path": null,
      "metadata": {}
    },
    "222952": {
      "id": "222952",
      "title": "Cowboy",
      "type": "PRO",
      "url": "https://tabs.ultimate-guitar.com/tab/kid-rock/cowboy-guitar-pro-222952",
      "file_path": null,
      "metadata": {}
    },
    "10120": {
      "id": "10120",
      "title": "Cowboy",
      "type": "BASS",
      "url": "https://tabs.ultimate-guitar.com/tab/kid-rock/cowboy-bass-10120",
      "file_path": null,
      "metadata": {}
    },
    "4275115": {
      "id": "4275115",
      "title": "Cucci Galore",
      "type": "CRD",
      "url": "https://tabs.ultimate-guitar.com/tab/kid-rock/cucci-galore-chords-4275115",
      "file_path": null,
      "metadata": {}
    },
    "1723746": {
      "id": "1723746",
      "title": "Cucci Galore",
      "type": "VID",
      "url": "https://tabs.ultimate-guitar.com/tab/kid-rock/cucci-galore-video-1723746",
      "file_path": null,
      "metadata": {}
    },
    "131426": {
      "id": "131426",
      "title": "Dark And Grey  Intro",
      "type": "TAB",
      "url": "https://tabs.ultimate-guitar.com/tab/kid-rock/dark-and-grey-tabs-131426",
      "file_path": null,
      "metadata": {}
    },
    "72986": {
      "id": "72986",
      "title": "Dark And Grey",
      "type": "TAB",
      "url": "https://tabs.ultimate-guitar.com/tab/kid-rock/dark-and-grey-tabs-72986",
      "file_path": null,
      "metadata": {}
    },
    "568394": {
      "id": "568394",
      "title": "Dark And Grey",
      "type": "PRO",
      "url": "https://tabs.ultimate-guitar.com/tab/kid-rock/dark-and-grey-guitar-pro-568394",
      "file_path": null,
      "metadata": {}
    },
    "551732": {
      "id": "551732",
      "title": "Dark And Grey",
      "type": "PWR",
      "url": "https://tabs.ultimate-guitar.com/tab/kid-rock/dark-and-grey-power-551732",
      "file_path": null,
      "metadata": {}
    },
    "4275136": {
      "id": "4275136",
      "title": "Detroit Michigan",
      "type": "CRD",
      "url": "https://tabs.ultimate-guitar.com/tab/kid-rock/detroit-michigan-chords-4275136",
      "file_path": null,
      "metadata": {}
    },
    "3704840": {
      "id": "3704840",
      "title": "Devil Without A Cause",
      "type": "CRD",
      "url": "https://tabs.ultimate-guitar.com/tab/kid-rock/devil-without-a-cause-chords-3704840",
      "file_path": null,
      "metadata": {}
    },
    "10090": {
      "id": "10090",
      "title": "Devil Without A Cause",
      "type": "TAB",
      "url": "https://tabs.ultimate-guitar.com/tab/kid-rock/devil-without-a-cause-tabs-10090",
      "file_path": null,
      "metadata": {}
    },
    "72985": {
      "id": "72985",
      "title": "Devil Without A Cause (ver 2)",
      "type": "TAB",
      "url": "https://tabs.ultimate-guitar.com/tab/kid-rock/devil-without-a-cause-tabs-72985",
      "file_path": null,
      "metadata": {}
    },
    "33027": {
      "id": "33027",
      "title": "Devil Without A Cause",
      "type": "BASS",
      "url": "https://tabs.ultimate-guitar.com/tab/kid-rock/devil-without-a-cause-bass-33027",
      "file_path": null,
      "metadata": {}
    },
    "96172": {
      "id": "96172",
      "title": "Do It For You",
      "type": "CRD",
      "url": "https://tabs.ultimate-guitar.com/tab/kid-rock/do-it-for-you-chords-96172",
      "file_path": null,
      "metadata": {}
    },
    "844762": {
      "id": "844762",
      "title": "Do It For You (ver 2)",
      "type": "CRD",
      "url": "https://tabs.ultimate-guitar.com/tab/kid-rock/do-it-for-you-chords-844762",
      "file_path": null,
      "metadata": {}
    },
    "1270426": {
      "id": "1270426",
      "title": "Do It For You",
      "type": "UKE",
      "url": "https://tabs.ultimate-guitar.com/tab/kid-rock/do-it-for-you-ukulele-1270426",
      "file_path": null,
      "metadata": {}
    },
    "737884": {
      "id": "737884",
      "title": "Dont Tell Me U Love Me",
      "type": "CRD",
      "url": "https://tabs.ultimate-guitar.com/tab/kid-rock/dont-tell-me-u-love-me-chords-737884",
      "file_path": null,
      "metadata": {}
    },
    "1314634": {
      "id": "1314634",
      "title": "Dont Tell Me U Love Me",
      "type": "UKE",
      "url": "https://tabs.ultimate-guitar.com/tab/kid-rock/dont-tell-me-u-love-me-ukulele-1314634",
      "file_path": null,
      "metadata": {}
    },
    "1713495": {
      "id": "1713495",
      "title": "Drinking Beer With Dad",
      "type": "CRD",
      "url": "https://tabs.ultimate-guitar.com/tab/kid-rock/drinking-beer-with-dad-chords-1713495",
      "file_path": null,
      "metadata": {}
    },
    "72980": {
      "id": "72980",
      "title": "Early Morning Stoned Pimp",
      "type": "CRD",
      "url": "https://tabs.ultimate-guitar.com/tab/kid-rock/early-morning-stoned-pimp-chords-72980",
      "file_path": null,
      "metadata": {}
    },
    "1263965": {
      "id": "1263965",
      "title": "Early Morning Stoned Pimp",
      "type": "UKE",
      "url": "https://tabs.ultimate-guitar.com/tab/kid-rock/early-morning-stoned-pimp-ukulele-1263965",
      "file_path": null,
      "metadata": {}
    },
    "5371890": {
      "id": "5371890",
      "title": "Everything To Me",
      "type": "CRD",
      "url": "https://tabs.ultimate-guitar.com/tab/kid-rock/everything-to-me-chords-5371890",
      "file_path": null,
      "metadata": {}
    },
    "893859": {
      "id": "893859",
      "title": "Fat Bottomed Girls",
      "type": "CRD",
      "url": "https://tabs.ultimate-guitar.com/tab/kid-rock/fat-bottomed-girls-chords-893859",
      "file_path": null,
      "metadata": {}
    },
    "117414": {
      "id": "117414",
      "title": "Feel Like Makin Love",
      "type": "TAB",
      "url": "https://tabs.ultimate-guitar.com/tab/kid-rock/feel-like-makin-love-tabs-117414",
      "file_path": null,
      "metadata": {}
    },
    "4126642": {
      "id": "4126642",
      "title": "Fifty",
      "type": "CRD",
      "url": "https://tabs.ultimate-guitar.com/tab/kid-rock/fifty-chords-4126642",
      "file_path": null,
      "metadata": {}
    },
    "1701497": {
      "id": "1701497",
      "title": "First Kiss",
      "type": "CRD",
      "url": "https://tabs.ultimate-guitar.com/tab/kid-rock/first-kiss-chords-1701497",
      "file_path": null,
      "metadata": {}
    },
    "1700883": {
      "id": "1700883",
      "title": "First Kiss (ver 2)",
      "type": "CRD",
      "url": "https://tabs.ultimate-guitar.com/tab/kid-rock/first-kiss-chords-1700883",
      "file_path": null,
      "metadata": {}
    },
    "1722916": {
      "id": "1722916",
      "title": "First Kiss",
      "type": "PRO",
      "url": "https://tabs.ultimate-guitar.com/tab/kid-rock/first-kiss-guitar-pro-1722916",
      "file_path": null,
      "metadata": {}
    },
    "1746884": {
      "id": "1746884",
      "title": "First Kiss",
      "type": "BASS",
      "url": "https://tabs.ultimate-guitar.com/tab/kid-rock/first-kiss-bass-1746884",
      "file_path": null,
      "metadata": {}
    },
    "1722198": {
      "id": "1722198",
      "title": "First Kiss",
      "type": "VID",
      "url": "https://tabs.ultimate-guitar.com/tab/kid-rock/first-kiss-video-1722198",
      "file_path": null,
      "metadata": {}
    },
    "1718450": {
      "id": "1718450",
      "title": "First Kiss",
      "type": "UKE",
      "url": "https://tabs.ultimate-guitar.com/tab/kid-rock/first-kiss-ukulele-1718450",
      "file_path": null,
      "metadata": {}
    },
    "72983": {
      "id": "72983",
      "title": "Fist Of Rage",
      "type": "TAB",
      "url": "https://tabs.ultimate-guitar.com/tab/kid-rock/fist-of-rage-tabs-72983",
      "file_path": null,
      "metadata": {}
    },
    "1062835": {
      "id": "1062835",
      "title": "Flyin High",
      "type": "CRD",
      "url": "https://tabs.ultimate-guitar.com/tab/kid-rock/flyin-high-chords-1062835",
      "file_path": null,
      "metadata": {}
    },
    "5771735": {
      "id": "5771735",
      "title": "Flyin High  Solo",
      "type": "TAB",
      "url": "https://tabs.ultimate-guitar.com/tab/kid-rock/flyin-high-tabs-5771735",
      "file_path": null,
      "metadata": {}
    },
    "1357465": {
      "id": "1357465",
      "title": "Flyin High",
      "type": "UKE",
      "url": "https://tabs.ultimate-guitar.com/tab/kid-rock/flyin-high-ukulele-1357465",
      "file_path": null,
      "metadata": {}
    },
    "1714275": {
      "id": "1714275",
      "title": "Foad",
      "type": "CRD",
      "url": "https://tabs.ultimate-guitar.com/tab/kid-rock/foad-chords-1714275",
      "file_path": null,
      "metadata": {}
    },
    "1049637": {
      "id": "1049637",
      "title": "For The First Time In A Long Time",
      "type": "CRD",
      "url": "https://tabs.ultimate-guitar.com/tab/kid-rock/for-the-first-time-in-a-long-time-chords-1049637",
      "file_path": null,
      "metadata": {}
    },
    "1354533": {
      "id": "1354533",
      "title": "For The First Time In A Long Time",
      "type": "UKE",
      "url": "https://tabs.ultimate-guitar.com/tab/kid-rock/for-the-first-time-in-a-long-time-ukulele-1354533",
      "file_path": null,
      "metadata": {}
    },
    "21064": {
      "id": "21064",
      "title": "Forever",
      "type": "TAB",
      "url": "https://tabs.ultimate-guitar.com/tab/kid-rock/forever-tabs-21064",
      "file_path": null,
      "metadata": {}
    },
    "23581": {
      "id": "23581",
      "title": "Forever (ver 2)",
      "type": "TAB",
      "url": "https://tabs.ultimate-guitar.com/tab/kid-rock/forever-tabs-23581",
      "file_path": null,
      "metadata": {}
    },
    "304702": {
      "id": "304702",
      "title": "Forever",
      "type": "PRO",
      "url": "https://tabs.ultimate-guitar.com/tab/kid-rock/forever-guitar-pro-304702",
      "file_path": null,
      "metadata": {}
    },
    "1823477": {
      "id": "1823477",
      "title": "Forty",
      "type": "CRD",
      "url": "https://tabs.ultimate-guitar.com/tab/kid-rock/forty-chords-1823477",
      "file_path": null,
      "metadata": {}
    },
    "72981": {
      "id": "72981",
      "title": "Fuck Off",
      "type": "TAB",
      "url": "https://tabs.ultimate-guitar.com/tab/kid-rock/fuck-off-tabs-72981",
      "file_path": null,
      "metadata": {}
    },
    "72991": {
      "id": "72991",
      "title": "Fuck That",
      "type": "TAB",
      "url": "https://tabs.ultimate-guitar.com/tab/kid-rock/fuck-that-tabs-72991",
      "file_path": null,
      "metadata": {}
    },
    "10101": {
      "id": "10101",
      "title": "Fuck U Blind  Intro",
      "type": "TAB",
      "url": "https://tabs.ultimate-guitar.com/tab/kid-rock/fuck-u-blind-tabs-10101",
      "file_path": null,
      "metadata": {}
    },
    "72987": {
      "id": "72987",
      "title": "Fuck U Blind (ver 2) Intro",
      "type": "TAB",
      "url": "https://tabs.ultimate-guitar.com/tab/kid-rock/fuck-u-blind-tabs-72987",
      "file_path": null,
      "metadata": {}
    },
    "525166": {
      "id": "525166",
      "title": "Fuck U Blind",
      "type": "PWR",
      "url": "https://tabs.ultimate-guitar.com/tab/kid-rock/fuck-u-blind-power-525166",
      "file_path": null,
      "metadata": {}
    },
    "1045422": {
      "id": "1045422",
      "title": "God Bless Saturday",
      "type": "CRD",
      "url": "https://tabs.ultimate-guitar.com/tab/kid-rock/god-bless-saturday-chords-1045422",
      "file_path": null,
      "metadata": {}
    },
    "1053451": {
      "id": "1053451",
      "title": "God Bless Saturday (ver 2)",
      "type": "CRD",
      "url": "https://tabs.ultimate-guitar.com/tab/kid-rock/god-bless-saturday-chords-1053451",
      "file_path": null,
      "metadata": {}
    },
    "3703727": {
      "id": "3703727",
      "title": "God Bless Saturday",
      "type": "PRO",
      "url": "https://tabs.ultimate-guitar.com/tab/kid-rock/god-bless-saturday-guitar-pro-3703727",
      "file_path": null,
      "metadata": {}
    },
    "1355562": {
      "id": "1355562",
      "title": "God Bless Saturday",
      "type": "UKE",
      "url": "https://tabs.ultimate-guitar.com/tab/kid-rock/god-bless-saturday-ukulele-1355562",
      "file_path": null,
      "metadata": {}
    },
    "4275121": {
      "id": "4275121",
      "title": "God Save Rock And Roll",
      "type": "CRD",
      "url": "https://tabs.ultimate-guitar.com/tab/kid-rock/god-save-rock-and-roll-chords-4275121",
      "file_path": null,
      "metadata": {}
    },
    "3311651": {
      "id": "3311651",
      "title": "Good Time Lookin For Me",
      "type": "BASS",
      "url": "https://tabs.ultimate-guitar.com/tab/kid-rock/good-time-lookin-for-me-bass-3311651",
      "file_path": null,
      "metadata": {}
    },
    "2387875": {
      "id": "2387875",
      "title": "Good Times Cheap Wine",
      "type": "CRD",
      "url": "https://tabs.ultimate-guitar.com/tab/kid-rock/good-times-cheap-wine-chords-2387875",
      "file_path": null,
      "metadata": {}
    },
    "593435": {
      "id": "593435",
      "title": "Half Your Age",
      "type": "CRD",
      "url": "https://tabs.ultimate-guitar.com/tab/kid-rock/half-your-age-chords-593435",
      "file_path": null,
      "metadata": {}
    },
    "4163536": {
      "id": "4163536",
      "title": "Half Your Age (ver 2)",
      "type": "CRD",
      "url": "https://tabs.ultimate-guitar.com/tab/kid-rock/half-your-age-chords-4163536",
      "file_path": null,
      "metadata": {}
    },
    "1871004": {
      "id": "1871004",
      "title": "Hamburger Steaks Holiday Inn",
      "type": "CRD",
      "url": "https://tabs.ultimate-guitar.com/tab/kid-rock/hamburger-steaks-holiday-inn-chords-1871004",
      "file_path": null,
      "metadata": {}
    },
    "1199851": {
      "id": "1199851",
      "title": "Happy New Year",
      "type": "CRD",
      "url": "https://tabs.ultimate-guitar.com/tab/kid-rock/happy-new-year-chords-1199851",
      "file_path": null,
      "metadata": {}
    },
    "4275130": {
      "id": "4275130",
      "title": "Happy New Year (ver 2)",
      "type": "CRD",
      "url": "https://tabs.ultimate-guitar.com/tab/kid-rock/happy-new-year-chords-4275130",
      "file_path": null,
      "metadata": {}
    },
    "1384328": {
      "id": "1384328",
      "title": "Happy New Year",
      "type": "UKE",
      "url": "https://tabs.ultimate-guitar.com/tab/kid-rock/happy-new-year-ukulele-1384328",
      "file_path": null,
      "metadata": {}
    },
    "107023": {
      "id": "107023",
      "title": "I Am",
      "type": "CRD",
      "url": "https://tabs.ultimate-guitar.com/tab/kid-rock/i-am-chords-107023",
      "file_path": null,
      "metadata": {}
    },
    "142589": {
      "id": "142589",
      "title": "I Am (ver 2)",
      "type": "CRD",
      "url": "https://tabs.ultimate-guitar.com/tab/kid-rock/i-am-chords-142589",
      "file_path": null,
      "metadata": {}
    },
    "259545": {
      "id": "259545",
      "title": "I Am (ver 3)",
      "type": "CRD",
      "url": "https://tabs.ultimate-guitar.com/tab/kid-rock/i-am-chords-259545",
      "file_path": null,
      "metadata": {}
    },
    "1270410": {
      "id": "1270410",
      "title": "I Am",
      "type": "UKE",
      "url": "https://tabs.ultimate-guitar.com/tab/kid-rock/i-am-ukulele-1270410",
      "file_path": null,
      "metadata": {}
    },
    "72978": {
      "id": "72978",
      "title": "I Am The Bull God",
      "type": "TAB",
      "url": "https://tabs.ultimate-guitar.com/tab/kid-rock/i-am-the-bull-god-tabs-72978",
      "file_path": null,
      "metadata": {}
    },
    "72996": {
      "id": "72996",
      "title": "I Am The Bullgod",
      "type": "CRD",
      "url": "https://tabs.ultimate-guitar.com/tab/kid-rock/i-am-the-bullgod-chords-72996",
      "file_path": null,
      "metadata": {}
    },
    "10095": {
      "id": "10095",
      "title": "I Am The Bullgod",
      "type": "TAB",
      "url": "https://tabs.ultimate-guitar.com/tab/kid-rock/i-am-the-bullgod-tabs-10095",
      "file_path": null,
      "metadata": {}
    },
    "557675": {
      "id": "557675",
      "title": "I Am The Bullgod (ver 2)",
      "type": "TAB",
      "url": "https://tabs.ultimate-guitar.com/tab/kid-rock/i-am-the-bullgod-tabs-557675",
      "file_path": null,
      "metadata": {}
    },
    "1263966": {
      "id": "1263966",
      "title": "I Am The Bullgod",
      "type": "UKE",
      "url": "https://tabs.ultimate-guitar.com/tab/kid-rock/i-am-the-bullgod-ukulele-1263966",
      "file_path": null,
      "metadata": {}
    },
    "10102": {
      "id": "10102",
      "title": "I Got One For Ya",
      "type": "TAB",
      "url": "https://tabs.ultimate-guitar.com/tab/kid-rock/i-got-one-for-ya-tabs-10102",
      "file_path": null,
      "metadata": {}
    },
    "10122": {
      "id": "10122",
      "title": "I Got One For Ya",
      "type": "BASS",
      "url": "https://tabs.ultimate-guitar.com/tab/kid-rock/i-got-one-for-ya-bass-10122",
      "file_path": null,
      "metadata": {}
    },
    "99311": {
      "id": "99311",
      "title": "Im A Dog  Intro",
      "type": "TAB",
      "url": "https://tabs.ultimate-guitar.com/tab/kid-rock/im-a-dog-tabs-99311",
      "file_path": null,
      "metadata": {}
    },
    "1149980": {
      "id": "1149980",
      "title": "In Times Like These",
      "type": "CRD",
      "url": "https://tabs.ultimate-guitar.com/tab/kid-rock/in-times-like-these-chords-1149980",
      "file_path": null,
      "metadata": {}
    },
    "1239455": {
      "id": "1239455",
      "title": "In Times Like These (ver 2)",
      "type": "CRD",
      "url": "https://tabs.ultimate-guitar.com/tab/kid-rock/in-times-like-these-chords-1239455",
      "file_path": null,
      "metadata": {}
    },
    "1368303": {
      "id": "1368303",
      "title": "In Times Like These",
      "type": "UKE",
      "url": "https://tabs.ultimate-guitar.com/tab/kid-rock/in-times-like-these-ukulele-1368303",
      "file_path": null,
      "metadata": {}
    },
    "3689027": {
      "id": "3689027",
      "title": "Jackson Mississippi",
      "type": "CRD",
      "url": "https://tabs.ultimate-guitar.com/tab/kid-rock/jackson-mississippi-chords-3689027",
      "file_path": null,
      "metadata": {}
    },
    "96394": {
      "id": "96394",
      "title": "Jackson Mississippi",
      "type": "TAB",
      "url": "https://tabs.ultimate-guitar.com/tab/kid-rock/jackson-mississippi-tabs-96394",
      "file_path": null,
      "metadata": {}
    },
    "1712509": {
      "id": "1712509",
      "title": "Jesus And Bocephus",
      "type": "CRD",
      "url": "https://tabs.ultimate-guitar.com/tab/kid-rock/jesus-and-bocephus-chords-1712509",
      "file_path": null,
      "metadata": {}
    },
    "1713499": {
      "id": "1713499",
      "title": "Johnny Cash",
      "type": "CRD",
      "url": "https://tabs.ultimate-guitar.com/tab/kid-rock/johnny-cash-chords-1713499",
      "file_path": null,
      "metadata": {}
    },
    "1722196": {
      "id": "1722196",
      "title": "Johnny Cash",
      "type": "VID",
      "url": "https://tabs.ultimate-guitar.com/tab/kid-rock/johnny-cash-video-1722196",
      "file_path": null,
      "metadata": {}
    },
    "1229969": {
      "id": "1229969",
      "title": "Lets Ride",
      "type": "CRD",
      "url": "https://tabs.ultimate-guitar.com/tab/kid-rock/lets-ride-chords-1229969",
      "file_path": null,
      "metadata": {}
    },
    "1231512": {
      "id": "1231512",
      "title": "Lets Ride  Solo",
      "type": "PRO",
      "url": "https://tabs.ultimate-guitar.com/tab/kid-rock/lets-ride-guitar-pro-1231512",
      "file_path": null,
      "metadata": {}
    },
    "1389342": {
      "id": "1389342",
      "title": "Lets Ride",
      "type": "UKE",
      "url": "https://tabs.ultimate-guitar.com/tab/kid-rock/lets-ride-ukulele-1389342",
      "file_path": null,
      "metadata": {}
    },
    "30213": {
      "id": "30213",
      "title": "Lonely Road Of Faith",
      "type": "CRD",
      "url": "https://tabs.ultimate-guitar.com/tab/kid-rock/lonely-road-of-faith-chords-30213",
      "file_path": null,
      "metadata": {}
    },
    "2859824": {
      "id": "2859824",
      "title": "Lonely Road Of Faith (ver 2)",
      "type": "CRD",
      "url": "https://tabs.ultimate-guitar.com/tab/kid-rock/lonely-road-of-faith-chords-2859824",
      "file_path": null,
      "metadata": {}
    },
    "116790": {
      "id": "116790",
      "title": "Lonely Road Of Faith  Intro",
      "type": "TAB",
      "url": "https://tabs.ultimate-guitar.com/tab/kid-rock/lonely-road-of-faith-tabs-116790",
      "file_path": null,
      "metadata": {}
    },
    "72989": {
      "id": "72989",
      "title": "Lonely Road Of Faith",
      "type": "TAB",
      "url": "https://tabs.ultimate-guitar.com/tab/kid-rock/lonely-road-of-faith-tabs-72989",
      "file_path": null,
      "metadata": {}
    },
    "1255631": {
      "id": "1255631",
      "title": "Lonely Road Of Faith",
      "type": "UKE",
      "url": "https://tabs.ultimate-guitar.com/tab/kid-rock/lonely-road-of-faith-ukulele-1255631",
      "file_path": null,
      "metadata": {}
    },
    "3953328": {
      "id": "3953328",
      "title": "Lowlife Living The Highlife",
      "type": "CRD",
      "url": "https://tabs.ultimate-guitar.com/tab/kid-rock/lowlife-living-the-highlife-chords-3953328",
      "file_path": null,
      "metadata": {}
    },
    "632752": {
      "id": "632752",
      "title": "Lowlife Living The Highlife  Intro",
      "type": "TAB",
      "url": "https://tabs.ultimate-guitar.com/tab/kid-rock/lowlife-living-the-highlife-tabs-632752",
      "file_path": null,
      "metadata": {}
    },
    "1756422": {
      "id": "1756422",
      "title": "Midnight Ferry",
      "type": "CRD",
      "url": "https://tabs.ultimate-guitar.com/tab/kid-rock/midnight-ferry-chords-1756422",
      "file_path": null,
      "metadata": {}
    },
    "1866439": {
      "id": "1866439",
      "title": "Midnight Ferry  Intro",
      "type": "TAB",
      "url": "https://tabs.ultimate-guitar.com/tab/kid-rock/midnight-ferry-tabs-1866439",
      "file_path": null,
      "metadata": {}
    },
    "411758": {
      "id": "411758",
      "title": "Midnight Train To Memphis  Intro",
      "type": "TAB",
      "url": "https://tabs.ultimate-guitar.com/tab/kid-rock/midnight-train-to-memphis-tabs-411758",
      "file_path": null,
      "metadata": {}
    },
    "1255632": {
      "id": "1255632",
      "title": "Midnight Train To Memphis",
      "type": "UKE",
      "url": "https://tabs.ultimate-guitar.com/tab/kid-rock/midnight-train-to-memphis-ukulele-1255632",
      "file_path": null,
      "metadata": {}
    },
    "558892": {
      "id": "558892",
      "title": "Mortherfucker Quite Like Me",
      "type": "BASS",
      "url": "https://tabs.ultimate-guitar.com/tab/kid-rock/mortherfucker-quite-like-me-bass-558892",
      "file_path": null,
      "metadata": {}
    },
    "4275118": {
      "id": "4275118",
      "title": "Mr Rock N Roll",
      "type": "CRD",
      "url": "https://tabs.ultimate-guitar.com/tab/kid-rock/mr-rock-n-roll-chords-4275118",
      "file_path": null,
      "metadata": {}
    },
    "4296623": {
      "id": "4296623",
      "title": "My Kind Of Country",
      "type": "CRD",
      "url": "https://tabs.ultimate-guitar.com/tab/kid-rock/my-kind-of-country-chords-4296623",
      "file_path": null,
      "metadata": {}
    },
    "72992": {
      "id": "72992",
      "title": "My Oedipus Complex",
      "type": "TAB",
      "url": "https://tabs.ultimate-guitar.com/tab/kid-rock/my-oedipus-complex-tabs-72992",
      "file_path": null,
      "metadata": {}
    },
    "4237273": {
      "id": "4237273",
      "title": "Never Quit",
      "type": "CRD",
      "url": "https://tabs.ultimate-guitar.com/tab/kid-rock/never-quit-chords-4237273",
      "file_path": null,
      "metadata": {}
    },
    "2448515": {
      "id": "2448515",
      "title": "New Orleans",
      "type": "CRD",
      "url": "https://tabs.ultimate-guitar.com/tab/kid-rock/new-orleans-chords-2448515",
      "file_path": null,
      "metadata": {}
    },
    "4154068": {
      "id": "4154068",
      "title": "New Orleans (ver 2)",
      "type": "CRD",
      "url": "https://tabs.ultimate-guitar.com/tab/kid-rock/new-orleans-chords-4154068",
      "file_path": null,
      "metadata": {}
    },
    "1723857": {
      "id": "1723857",
      "title": "One More Song",
      "type": "VID",
      "url": "https://tabs.ultimate-guitar.com/tab/kid-rock/one-more-song-video-1723857",
      "file_path": null,
      "metadata": {}
    },
    "696513": {
      "id": "696513",
      "title": "One More Time Live",
      "type": "CRD",
      "url": "https://tabs.ultimate-guitar.com/tab/kid-rock/one-more-time-live-chords-696513",
      "file_path": null,
      "metadata": {}
    },
    "1310649": {
      "id": "1310649",
      "title": "One More Time Live",
      "type": "UKE",
      "url": "https://tabs.ultimate-guitar.com/tab/kid-rock/one-more-time-live-ukulele-1310649",
      "file_path": null,
      "metadata": {}
    },
    "2121855": {
      "id": "2121855",
      "title": "Only God Knows Why",
      "type": "CRD",
      "url": "https://tabs.ultimate-guitar.com/tab/kid-rock/only-god-knows-why-chords-2121855",
      "file_path": null,
      "metadata": {}
    },
    "1068470": {
      "id": "1068470",
      "title": "Only God Knows Why  Solo",
      "type": "TAB",
      "url": "https://tabs.ultimate-guitar.com/tab/kid-rock/only-god-knows-why-tabs-1068470",
      "file_path": null,
      "metadata": {}
    },
    "10107": {
      "id": "10107",
      "title": "Only God Knows Why",
      "type": "TAB",
      "url": "https://tabs.ultimate-guitar.com/tab/kid-rock/only-god-knows-why-tabs-10107",
      "file_path": null,
      "metadata": {}
    },
    "10116": {
      "id": "10116",
      "title": "Only God Knows Why (ver 2)",
      "type": "TAB",
      "url": "https://tabs.ultimate-guitar.com/tab/kid-rock/only-god-knows-why-tabs-10116",
      "file_path": null,
      "metadata": {}
    },
    "640143": {
      "id": "640143",
      "title": "Only God Knows Why",
      "type": "PRO",
      "url": "https://tabs.ultimate-guitar.com/tab/kid-rock/only-god-knows-why-guitar-pro-640143",
      "file_path": null,
      "metadata": {}
    },
    "304703": {
      "id": "304703",
      "title": "Only God Knows Why",
      "type": "PWR",
      "url": "https://tabs.ultimate-guitar.com/tab/kid-rock/only-god-knows-why-power-304703",
      "file_path": null,
      "metadata": {}
    },
    "10121": {
      "id": "10121",
      "title": "Only God Knows Why",
      "type": "BASS",
      "url": "https://tabs.ultimate-guitar.com/tab/kid-rock/only-god-knows-why-bass-10121",
      "file_path": null,
      "metadata": {}
    },
    "1060712": {
      "id": "1060712",
      "title": "Only God Knows Why (ver 2)",
      "type": "BASS",
      "url": "https://tabs.ultimate-guitar.com/tab/kid-rock/only-god-knows-why-bass-1060712",
      "file_path": null,
      "metadata": {}
    },
    "1255633": {
      "id": "1255633",
      "title": "Only God Knows Why",
      "type": "UKE",
      "url": "https://tabs.ultimate-guitar.com/tab/kid-rock/only-god-knows-why-ukulele-1255633",
      "file_path": null,
      "metadata": {}
    },
    "2181245": {
      "id": "2181245",
      "title": "Only God Knows Why (ver 2)",
      "type": "UKE",
      "url": "https://tabs.ultimate-guitar.com/tab/kid-rock/only-god-knows-why-ukulele-2181245",
      "file_path": null,
      "metadata": {}
    },
    "667976": {
      "id": "667976",
      "title": "Picture (ver 2)",
      "type": "CRD",
      "url": "https://tabs.ultimate-guitar.com/tab/kid-rock/picture-chords-667976",
      "file_path": null,
      "metadata": {}
    },
    "1088011": {
      "id": "1088011",
      "title": "Picture (ver 3)",
      "type": "CRD",
      "url": "https://tabs.ultimate-guitar.com/tab/kid-rock/picture-chords-1088011",
      "file_path": null,
      "metadata": {}
    },
    "44930": {
      "id": "44930",
      "title": "Picture  Solo",
      "type": "TAB",
      "url": "https://tabs.ultimate-guitar.com/tab/kid-rock/picture-tabs-44930",
      "file_path": null,
      "metadata": {}
    },
    "48418": {
      "id": "48418",
      "title": "Picture (ver 2) Solo",
      "type": "TAB",
      "url": "https://tabs.ultimate-guitar.com/tab/kid-rock/picture-tabs-48418",
      "file_path": null,
      "metadata": {}
    },
    "97793": {
      "id": "97793",
      "title": "Picture (ver 3) Solo",
      "type": "TAB",
      "url": "https://tabs.ultimate-guitar.com/tab/kid-rock/picture-tabs-97793",
      "file_path": null,
      "metadata": {}
    },
    "30280": {
      "id": "30280",
      "title": "Picture",
      "type": "TAB",
      "url": "https://tabs.ultimate-guitar.com/tab/kid-rock/picture-tabs-30280",
      "file_path": null,
      "metadata": {}
    },
    "49688": {
      "id": "49688",
      "title": "Picture (ver 2)",
      "type": "TAB",
      "url": "https://tabs.ultimate-guitar.com/tab/kid-rock/picture-tabs-49688",
      "file_path": null,
      "metadata": {}
    },
    "91673": {
      "id": "91673",
      "title": "Picture (ver 3)",
      "type": "TAB",
      "url": "https://tabs.ultimate-guitar.com/tab/kid-rock/picture-tabs-91673",
      "file_path": null,
      "metadata": {}
    },
    "222953": {
      "id": "222953",
      "title": "Picture",
      "type": "PRO",
      "url": "https://tabs.ultimate-guitar.com/tab/kid-rock/picture-guitar-pro-222953",
      "file_path": null,
      "metadata": {}
    },
    "495466": {
      "id": "495466",
      "title": "Picture (ver 2)",
      "type": "PRO",
      "url": "https://tabs.ultimate-guitar.com/tab/kid-rock/picture-guitar-pro-495466",
      "file_path": null,
      "metadata": {}
    },
    "311082": {
      "id": "311082",
      "title": "Picture",
      "type": "PWR",
      "url": "https://tabs.ultimate-guitar.com/tab/kid-rock/picture-power-311082",
      "file_path": null,
      "metadata": {}
    },
    "304704": {
      "id": "304704",
      "title": "Picture (ver 2)",
      "type": "PWR",
      "url": "https://tabs.ultimate-guitar.com/tab/kid-rock/picture-power-304704",
      "file_path": null,
      "metadata": {}
    },
    "2373613": {
      "id": "2373613",
      "title": "Picture",
      "type": "BASS",
      "url": "https://tabs.ultimate-guitar.com/tab/kid-rock/picture-bass-2373613",
      "file_path": null,
      "metadata": {}
    },
    "2137769": {
      "id": "2137769",
      "title": "Picture",
      "type": "UKE",
      "url": "https://tabs.ultimate-guitar.com/tab/kid-rock/picture-ukulele-2137769",
      "file_path": null,
      "metadata": {}
    },
    "2089511": {
      "id": "2089511",
      "title": "Po-Dunk",
      "type": "CRD",
      "url": "https://tabs.ultimate-guitar.com/tab/kid-rock/po-dunk-chords-2089511",
      "file_path": null,
      "metadata": {}
    },
    "3137525": {
      "id": "3137525",
      "title": "Po-Dunk  Intro",
      "type": "TAB",
      "url": "https://tabs.ultimate-guitar.com/tab/kid-rock/po-dunk-tabs-3137525",
      "file_path": null,
      "metadata": {}
    },
    "10104": {
      "id": "10104",
      "title": "Prodigal Son",
      "type": "CRD",
      "url": "https://tabs.ultimate-guitar.com/tab/kid-rock/prodigal-son-chords-10104",
      "file_path": null,
      "metadata": {}
    },
    "72979": {
      "id": "72979",
      "title": "Prodigal Son",
      "type": "TAB",
      "url": "https://tabs.ultimate-guitar.com/tab/kid-rock/prodigal-son-tabs-72979",
      "file_path": null,
      "metadata": {}
    },
    "72984": {
      "id": "72984",
      "title": "Prodigal Son (ver 2)",
      "type": "TAB",
      "url": "https://tabs.ultimate-guitar.com/tab/kid-rock/prodigal-son-tabs-72984",
      "file_path": null,
      "metadata": {}
    },
    "72993": {
      "id": "72993",
      "title": "Prodigal Son (ver 3)",
      "type": "TAB",
      "url": "https://tabs.ultimate-guitar.com/tab/kid-rock/prodigal-son-tabs-72993",
      "file_path": null,
      "metadata": {}
    },
    "131422": {
      "id": "131422",
      "title": "Prodigal Son (ver 4)",
      "type": "TAB",
      "url": "https://tabs.ultimate-guitar.com/tab/kid-rock/prodigal-son-tabs-131422",
      "file_path": null,
      "metadata": {}
    },
    "10123": {
      "id": "10123",
      "title": "Prodigal Son",
      "type": "BASS",
      "url": "https://tabs.ultimate-guitar.com/tab/kid-rock/prodigal-son-bass-10123",
      "file_path": null,
      "metadata": {}
    },
    "1255634": {
      "id": "1255634",
      "title": "Prodigal Son",
      "type": "UKE",
      "url": "https://tabs.ultimate-guitar.com/tab/kid-rock/prodigal-son-ukulele-1255634",
      "file_path": null,
      "metadata": {}
    },
    "1111335": {
      "id": "1111335",
      "title": "Purple Sky",
      "type": "CRD",
      "url": "https://tabs.ultimate-guitar.com/tab/kid-rock/purple-sky-chords-1111335",
      "file_path": null,
      "metadata": {}
    },
    "1229971": {
      "id": "1229971",
      "title": "Purple Sky (ver 2)",
      "type": "CRD",
      "url": "https://tabs.ultimate-guitar.com/tab/kid-rock/purple-sky-chords-1229971",
      "file_path": null,
      "metadata": {}
    },
    "1366829": {
      "id": "1366829",
      "title": "Purple Sky",
      "type": "UKE",
      "url": "https://tabs.ultimate-guitar.com/tab/kid-rock/purple-sky-ukulele-1366829",
      "file_path": null,
      "metadata": {}
    },
    "2227729": {
      "id": "2227729",
      "title": "Raining Whiskey",
      "type": "CRD",
      "url": "https://tabs.ultimate-guitar.com/tab/kid-rock/raining-whiskey-chords-2227729",
      "file_path": null,
      "metadata": {}
    },
    "4275133": {
      "id": "4275133",
      "title": "Rebel Soul",
      "type": "CRD",
      "url": "https://tabs.ultimate-guitar.com/tab/kid-rock/rebel-soul-chords-4275133",
      "file_path": null,
      "metadata": {}
    },
    "1722199": {
      "id": "1722199",
      "title": "Rebel Soul",
      "type": "VID",
      "url": "https://tabs.ultimate-guitar.com/tab/kid-rock/rebel-soul-video-1722199",
      "file_path": null,
      "metadata": {}
    },
    "1715605": {
      "id": "1715605",
      "title": "Redneck Paradise",
      "type": "CRD",
      "url": "https://tabs.ultimate-guitar.com/tab/kid-rock/redneck-paradise-chords-1715605",
      "file_path": null,
      "metadata": {}
    },
    "1512286": {
      "id": "1512286",
      "title": "Rock Bottom Blues",
      "type": "CRD",
      "url": "https://tabs.ultimate-guitar.com/tab/kid-rock/rock-bottom-blues-chords-1512286",
      "file_path": null,
      "metadata": {}
    },
    "4123696": {
      "id": "4123696",
      "title": "Rock N Roll Jesus",
      "type": "CRD",
      "url": "https://tabs.ultimate-guitar.com/tab/kid-rock/rock-n-roll-jesus-chords-4123696",
      "file_path": null,
      "metadata": {}
    },
    "642159": {
      "id": "642159",
      "title": "Rock N Roll Jesus",
      "type": "TAB",
      "url": "https://tabs.ultimate-guitar.com/tab/kid-rock/rock-n-roll-jesus-tabs-642159",
      "file_path": null,
      "metadata": {}
    },
    "1271353": {
      "id": "1271353",
      "title": "Rock N Roll Pain Train",
      "type": "UKE",
      "url": "https://tabs.ultimate-guitar.com/tab/kid-rock/rock-n-roll-pain-train-ukulele-1271353",
      "file_path": null,
      "metadata": {}
    },
    "4691087": {
      "id": "4691087",
      "title": "Rock On",
      "type": "CRD",
      "url": "https://tabs.ultimate-guitar.com/tab/kid-rock/rock-on-chords-4691087",
      "file_path": null,
      "metadata": {}
    },
    "4046326": {
      "id": "4046326",
      "title": "Rockin",
      "type": "CRD",
      "url": "https://tabs.ultimate-guitar.com/tab/kid-rock/rockin-chords-4046326",
      "file_path": null,
      "metadata": {}
    },
    "796912": {
      "id": "796912",
      "title": "Roll On (ver 2)",
      "type": "CRD",
      "url": "https://tabs.ultimate-guitar.com/tab/kid-rock/roll-on-chords-796912",
      "file_path": null,
      "metadata": {}
    },
    "812676": {
      "id": "812676",
      "title": "Roll On",
      "type": "BASS",
      "url": "https://tabs.ultimate-guitar.com/tab/kid-rock/roll-on-bass-812676",
      "file_path": null,
      "metadata": {}
    },
    "1302003": {
      "id": "1302003",
      "title": "Roll On",
      "type": "UKE",
      "url": "https://tabs.ultimate-guitar.com/tab/kid-rock/roll-on-ukulele-1302003",
      "file_path": null,
      "metadata": {}
    },
    "10091": {
      "id": "10091",
      "title": "Roving Gangster",
      "type": "TAB",
      "url": "https://tabs.ultimate-guitar.com/tab/kid-rock/roving-gangster-tabs-10091",
      "file_path": null,
      "metadata": {}
    },
    "28150": {
      "id": "28150",
      "title": "Roving Ganster",
      "type": "BASS",
      "url": "https://tabs.ultimate-guitar.com/tab/kid-rock/roving-ganster-bass-28150",
      "file_path": null,
      "metadata": {}
    },
    "107650": {
      "id": "107650",
      "title": "Run Off To La",
      "type": "CRD",
      "url": "https://tabs.ultimate-guitar.com/tab/kid-rock/run-off-to-la-chords-107650",
      "file_path": null,
      "metadata": {}
    },
    "4033549": {
      "id": "4033549",
      "title": "Say Goodbye",
      "type": "CRD",
      "url": "https://tabs.ultimate-guitar.com/tab/kid-rock/say-goodbye-chords-4033549",
      "file_path": null,
      "metadata": {}
    },
    "4613363": {
      "id": "4613363",
      "title": "See You Again",
      "type": "CRD",
      "url": "https://tabs.ultimate-guitar.com/tab/kid-rock/see-you-again-chords-4613363",
      "file_path": null,
      "metadata": {}
    },
    "1873203": {
      "id": "1873203",
      "title": "Shotgun Willie",
      "type": "CRD",
      "url": "https://tabs.ultimate-guitar.com/tab/kid-rock/shotgun-willie-chords-1873203",
      "file_path": null,
      "metadata": {}
    },
    "1138608": {
      "id": "1138608",
      "title": "Slow My Roll",
      "type": "CRD",
      "url": "https://tabs.ultimate-guitar.com/tab/kid-rock/slow-my-roll-chords-1138608",
      "file_path": null,
      "metadata": {}
    },
    "1008564": {
      "id": "1008564",
      "title": "Slow My Roll  Intro",
      "type": "TAB",
      "url": "https://tabs.ultimate-guitar.com/tab/kid-rock/slow-my-roll-tabs-1008564",
      "file_path": null,
      "metadata": {}
    },
    "1371866": {
      "id": "1371866",
      "title": "Slow My Roll",
      "type": "UKE",
      "url": "https://tabs.ultimate-guitar.com/tab/kid-rock/slow-my-roll-ukulele-1371866",
      "file_path": null,
      "metadata": {}
    },
    "864778": {
      "id": "864778",
      "title": "Smokin Drinkin",
      "type": "DRM",
      "url": "https://tabs.ultimate-guitar.com/tab/kid-rock/smokin-drinkin-drums-864778",
      "file_path": null,
      "metadata": {}
    },
    "4124932": {
      "id": "4124932",
      "title": "So Hott",
      "type": "CRD",
      "url": "https://tabs.ultimate-guitar.com/tab/kid-rock/so-hott-chords-4124932",
      "file_path": null,
      "metadata": {}
    },
    "575796": {
      "id": "575796",
      "title": "So Hott",
      "type": "TAB",
      "url": "https://tabs.ultimate-guitar.com/tab/kid-rock/so-hott-tabs-575796",
      "file_path": null,
      "metadata": {}
    },
    "591320": {
      "id": "591320",
      "title": "So Hott (ver 2)",
      "type": "TAB",
      "url": "https://tabs.ultimate-guitar.com/tab/kid-rock/so-hott-tabs-591320",
      "file_path": null,
      "metadata": {}
    },
    "749045": {
      "id": "749045",
      "title": "So Hott (ver 3)",
      "type": "TAB",
      "url": "https://tabs.ultimate-guitar.com/tab/kid-rock/so-hott-tabs-749045",
      "file_path": null,
      "metadata": {}
    },
    "671155": {
      "id": "671155",
      "title": "So Hott",
      "type": "PRO",
      "url": "https://tabs.ultimate-guitar.com/tab/kid-rock/so-hott-guitar-pro-671155",
      "file_path": null,
      "metadata": {}
    },
    "714448": {
      "id": "714448",
      "title": "So Hott",
      "type": "PWR",
      "url": "https://tabs.ultimate-guitar.com/tab/kid-rock/so-hott-power-714448",
      "file_path": null,
      "metadata": {}
    },
    "749044": {
      "id": "749044",
      "title": "So Hott",
      "type": "BASS",
      "url": "https://tabs.ultimate-guitar.com/tab/kid-rock/so-hott-bass-749044",
      "file_path": null,
      "metadata": {}
    },
    "835165": {
      "id": "835165",
      "title": "So Hott (ver 2)",
      "type": "BASS",
      "url": "https://tabs.ultimate-guitar.com/tab/kid-rock/so-hott-bass-835165",
      "file_path": null,
      "metadata": {}
    },
    "324704": {
      "id": "324704",
      "title": "Somebodys Gotta Feel This",
      "type": "TAB",
      "url": "https://tabs.ultimate-guitar.com/tab/kid-rock/somebodys-gotta-feel-this-tabs-324704",
      "file_path": null,
      "metadata": {}
    },
    "107649": {
      "id": "107649",
      "title": "Son Of Detroit",
      "type": "CRD",
      "url": "https://tabs.ultimate-guitar.com/tab/kid-rock/son-of-detroit-chords-107649",
      "file_path": null,
      "metadata": {}
    },
    "1271354": {
      "id": "1271354",
      "title": "Son Of Detroit",
      "type": "UKE",
      "url": "https://tabs.ultimate-guitar.com/tab/kid-rock/son-of-detroit-ukulele-1271354",
      "file_path": null,
      "metadata": {}
    },
    "4148911": {
      "id": "4148911",
      "title": "Still Somethin",
      "type": "CRD",
      "url": "https://tabs.ultimate-guitar.com/tab/kid-rock/still-somethin-chords-4148911",
      "file_path": null,
      "metadata": {}
    },
    "4126219": {
      "id": "4126219",
      "title": "Sugar",
      "type": "CRD",
      "url": "https://tabs.ultimate-guitar.com/tab/kid-rock/sugar-chords-4126219",
      "file_path": null,
      "metadata": {}
    },
    "2389063": {
      "id": "2389063",
      "title": "Sugar Pie Honey Bunch",
      "type": "CRD",
      "url": "https://tabs.ultimate-guitar.com/tab/kid-rock/sugar-pie-honey-bunch-chords-2389063",
      "file_path": null,
      "metadata": {}
    },
    "2983856": {
      "id": "2983856",
      "title": "Sugar Pie Honey Bunch (ver 2)",
      "type": "CRD",
      "url": "https://tabs.ultimate-guitar.com/tab/kid-rock/sugar-pie-honey-bunch-chords-2983856",
      "file_path": null,
      "metadata": {}
    },
    "2150079": {
      "id": "2150079",
      "title": "Tennessee Mountain Top",
      "type": "CRD",
      "url": "https://tabs.ultimate-guitar.com/tab/kid-rock/tennessee-mountain-top-chords-2150079",
      "file_path": null,
      "metadata": {}
    },
    "4147798": {
      "id": "4147798",
      "title": "The Last Dance",
      "type": "CRD",
      "url": "https://tabs.ultimate-guitar.com/tab/kid-rock/the-last-dance-chords-4147798",
      "file_path": null,
      "metadata": {}
    },
    "1707355": {
      "id": "1707355",
      "title": "The Mirror",
      "type": "CRD",
      "url": "https://tabs.ultimate-guitar.com/tab/kid-rock/the-mirror-chords-1707355",
      "file_path": null,
      "metadata": {}
    },
    "4610390": {
      "id": "4610390",
      "title": "The Nashville I Know",
      "type": "CRD",
      "url": "https://tabs.ultimate-guitar.com/tab/kid-rock/the-nashville-i-know-chords-4610390",
      "file_path": null,
      "metadata": {}
    },
    "1682677": {
      "id": "1682677",
      "title": "Times Like These",
      "type": "CRD",
      "url": "https://tabs.ultimate-guitar.com/tab/kid-rock/times-like-these-chords-1682677",
      "file_path": null,
      "metadata": {}
    },
    "1005277": {
      "id": "1005277",
      "title": "Times Like These",
      "type": "CRD",
      "url": "https://tabs.ultimate-guitar.com/tab/kid-rock/times-like-these-chords-1005277",
      "file_path": null,
      "metadata": {}
    },
    "1005929": {
      "id": "1005929",
      "title": "Times Like These (ver 2)",
      "type": "CRD",
      "url": "https://tabs.ultimate-guitar.com/tab/kid-rock/times-like-these-chords-1005929",
      "file_path": null,
      "metadata": {}
    },
    "1006010": {
      "id": "1006010",
      "title": "Times Like These (ver 3)",
      "type": "CRD",
      "url": "https://tabs.ultimate-guitar.com/tab/kid-rock/times-like-these-chords-1006010",
      "file_path": null,
      "metadata": {}
    },
    "1006044": {
      "id": "1006044",
      "title": "Times Like These",
      "type": "TAB",
      "url": "https://tabs.ultimate-guitar.com/tab/kid-rock/times-like-these-tabs-1006044",
      "file_path": null,
      "metadata": {}
    },
    "1346900": {
      "id": "1346900",
      "title": "Times Like These",
      "type": "UKE",
      "url": "https://tabs.ultimate-guitar.com/tab/kid-rock/times-like-these-ukulele-1346900",
      "file_path": null,
      "metadata": {}
    },
    "771842": {
      "id": "771842",
      "title": "Warrior",
      "type": "BASS",
      "url": "https://tabs.ultimate-guitar.com/tab/kid-rock/warrior-bass-771842",
      "file_path": null,
      "metadata": {}
    },
    "4376621": {
      "id": "4376621",
      "title": "Wasting Time",
      "type": "CRD",
      "url": "https://tabs.ultimate-guitar.com/tab/kid-rock/wasting-time-chords-4376621",
      "file_path": null,
      "metadata": {}
    },
    "26707": {
      "id": "26707",
      "title": "Wasting Time  Intro",
      "type": "TAB",
      "url": "https://tabs.ultimate-guitar.com/tab/kid-rock/wasting-time-tabs-26707",
      "file_path": null,
      "metadata": {}
    },
    "72982": {
      "id": "72982",
      "title": "Wasting Time",
      "type": "TAB",
      "url": "https://tabs.ultimate-guitar.com/tab/kid-rock/wasting-time-tabs-72982",
      "file_path": null,
      "metadata": {}
    },
    "72990": {
      "id": "72990",
      "title": "Wasting Time (ver 2)",
      "type": "TAB",
      "url": "https://tabs.ultimate-guitar.com/tab/kid-rock/wasting-time-tabs-72990",
      "file_path": null,
      "metadata": {}
    },
    "4048441": {
      "id": "4048441",
      "title": "We The People",
      "type": "CRD",
      "url": "https://tabs.ultimate-guitar.com/tab/kid-rock/we-the-people-chords-4048441",
      "file_path": null,
      "metadata": {}
    },
    "2006909": {
      "id": "2006909",
      "title": "What I Learned Out On The Road",
      "type": "CRD",
      "url": "https://tabs.ultimate-guitar.com/tab/kid-rock/what-i-learned-out-on-the-road-chords-2006909",
      "file_path": null,
      "metadata": {}
    },
    "1008785": {
      "id": "1008785",
      "title": "When It Rains",
      "type": "CRD",
      "url": "https://tabs.ultimate-guitar.com/tab/kid-rock/when-it-rains-chords-1008785",
      "file_path": null,
      "metadata": {}
    },
    "1019934": {
      "id": "1019934",
      "title": "When It Rains (ver 2)",
      "type": "CRD",
      "url": "https://tabs.ultimate-guitar.com/tab/kid-rock/when-it-rains-chords-1019934",
      "file_path": null,
      "metadata": {}
    },
    "1053449": {
      "id": "1053449",
      "title": "When It Rains (ver 3)",
      "type": "CRD",
      "url": "https://tabs.ultimate-guitar.com/tab/kid-rock/when-it-rains-chords-1053449",
      "file_path": null,
      "metadata": {}
    },
    "1195032": {
      "id": "1195032",
      "title": "When It Rains (ver 4)",
      "type": "CRD",
      "url": "https://tabs.ultimate-guitar.com/tab/kid-rock/when-it-rains-chords-1195032",
      "file_path": null,
      "metadata": {}
    },
    "1008160": {
      "id": "1008160",
      "title": "When It Rains",
      "type": "TAB",
      "url": "https://tabs.ultimate-guitar.com/tab/kid-rock/when-it-rains-tabs-1008160",
      "file_path": null,
      "metadata": {}
    },
    "1345086": {
      "id": "1345086",
      "title": "When It Rains",
      "type": "UKE",
      "url": "https://tabs.ultimate-guitar.com/tab/kid-rock/when-it-rains-ukulele-1345086",
      "file_path": null,
      "metadata": {}
    },
    "655766": {
      "id": "655766",
      "title": "When You Love Someone",
      "type": "CRD",
      "url": "https://tabs.ultimate-guitar.com/tab/kid-rock/when-you-love-someone-chords-655766",
      "file_path": null,
      "metadata": {}
    },
    "841010": {
      "id": "841010",
      "title": "When You Love Someone (ver 2)",
      "type": "CRD",
      "url": "https://tabs.ultimate-guitar.com/tab/kid-rock/when-you-love-someone-chords-841010",
      "file_path": null,
      "metadata": {}
    },
    "4153861": {
      "id": "4153861",
      "title": "When You Love Someone (ver 3)",
      "type": "CRD",
      "url": "https://tabs.ultimate-guitar.com/tab/kid-rock/when-you-love-someone-chords-4153861",
      "file_path": null,
      "metadata": {}
    },
    "96387": {
      "id": "96387",
      "title": "Where U At Rock",
      "type": "TAB",
      "url": "https://tabs.ultimate-guitar.com/tab/kid-rock/where-u-at-rock-tabs-96387",
      "file_path": null,
      "metadata": {}
    }
  }
}