{
  "id": "10982",
  "name": "Georges Moustaki",
  "url": "https://www.ultimate-guitar.com/artist/georges_moustaki_10982",
  "tabs": {
    "1171040": {
      "id": "1171040",
      "title": "Ma Liberté",
      "type": "CRD",
      "url": "https://tabs.ultimate-guitar.com/tab/1171040",
      "file_path": null,
      "metadata": {}
    },
    "1485307": {
      "id": "1485307",
      "title": "Le Métèque",
      "type": "CRD",
      "url": "https://tabs.ultimate-guitar.com/tab/1485307",
      "file_path": null,
      "metadata": {}
    },
    "1135639": {
      "id": "1135639",
      "title": "Le Temps De Vivre",
      "type": "CRD",
      "url": "https://tabs.ultimate-guitar.com/tab/georges-moustaki/le-temps-de-vivre-chords-1135639",
      "file_path": null,
      "metadata": {}
    },
    "1207363": {
      "id": "1207363",
      "title": "Ma Solitude",
      "type": "CRD",
      "url": "https://tabs.ultimate-guitar.com/tab/georges-moustaki/ma-solitude-chords-1207363",
      "file_path": null,
      "metadata": {}
    },
    "1503758": {
      "id": "1503758",
      "title": "Sans La Nommer",
      "type": "CRD",
      "url": "https://tabs.ultimate-guitar.com/tab/georges-moustaki/sans-la-nommer-chords-1503758",
      "file_path": null,
      "metadata": {}
    },
    "2403025": {
      "id": "2403025",
      "title": "Les Eaux De Mars",
      "type": "CRD",
      "url": "https://tabs.ultimate-guitar.com/tab/georges-moustaki/les-eaux-de-mars-chords-2403025",
      "file_path": null,
      "metadata": {}
    },
    "1822195": {
      "id": "1822195",
      "title": "Il Est Trop Tard",
      "type": "CRD",
      "url": "https://tabs.ultimate-guitar.com/tab/georges-moustaki/il-est-trop-tard-chords-1822195",
      "file_path": null,
      "metadata": {}
    },
    "1096727": {
      "id": "1096727",
      "title": "Natalia",
      "type": "TAB",
      "url": "https://tabs.ultimate-guitar.com/tab/georges-moustaki/natalia-tabs-1096727",
      "file_path": null,
      "metadata": {}
    },
    "1135635": {
      "id": "1135635",
      "title": "Il Y Avait Un Jardin",
      "type": "CRD",
      "url": "https://tabs.ultimate-guitar.com/tab/georges-moustaki/il-y-avait-un-jardin-chords-1135635",
      "file_path": null,
      "metadata": {}
    },
    "226243": {
      "id": "226243",
      "title": "Natalia",
      "type": "PRO",
      "url": "https://tabs.ultimate-guitar.com/tab/georges-moustaki/natalia-guitar-pro-226243",
      "file_path": null,
      "metadata": {}
    },
    "5865599": {
      "id": "5865599",
      "title": "Natalia",
      "type": "CRD",
      "url": "https://tabs.ultimate-guitar.com/tab/georges-moustaki/natalia-chords-5865599",
      "file_path": null,
      "metadata": {}
    },
    "1743608": {
      "id": "1743608",
      "title": "La Dame Brune",
      "type": "CRD",
      "url": "https://tabs.ultimate-guitar.com/tab/barbara/la-dame-brune-chords-1743608",
      "file_path": null,
      "metadata": {}
    },
    "1673980": {
      "id": "1673980",
      "title": "Ma Solitude",
      "type": "CRD",
      "url": "https://tabs.ultimate-guitar.com/tab/pink-martini/ma-solitude-chords-1673980",
      "file_path": null,
      "metadata": {}
    },
    "226240": {
      "id": "226240",
      "title": "Avec Ma Solitude",
      "type": "PRO",
      "url": "https://tabs.ultimate-guitar.com/tab/georges-moustaki/avec-ma-solitude-guitar-pro-226240",
      "file_path": null,
      "metadata": {}
    },
    "3415625": {
      "id": "3415625",
      "title": "Bahia",
      "type": "CRD",
      "url": "https://tabs.ultimate-guitar.com/tab/georges-moustaki/bahia-chords-3415625",
      "file_path": null,
      "metadata": {}
    },
    "3244571": {
      "id": "3244571",
      "title": "Chanson Pour Elle",
      "type": "CRD",
      "url": "https://tabs.ultimate-guitar.com/tab/georges-moustaki/chanson-pour-elle-chords-3244571",
      "file_path": null,
      "metadata": {}
    },
    "4444628": {
      "id": "4444628",
      "title": "Danse",
      "type": "CRD",
      "url": "https://tabs.ultimate-guitar.com/tab/georges-moustaki/danse-chords-4444628",
      "file_path": null,
      "metadata": {}
    },
    "3393227": {
      "id": "3393227",
      "title": "Dire Quil Faudra Mourir Un Jour",
      "type": "CRD",
      "url": "https://tabs.ultimate-guitar.com/tab/georges-moustaki/dire-quil-faudra-mourir-un-jour-chords-3393227",
      "file_path": null,
      "metadata": {}
    },
    "1726607": {
      "id": "1726607",
      "title": "Donne Du Rhum À Ton Homme",
      "type": "CRD",
      "url": "https://tabs.ultimate-guitar.com/tab/1726607",
      "file_path": null,
      "metadata": {}
    },
    "3388724": {
      "id": "3388724",
      "title": "Donne Du Rhum À Ton Homme (ver 2)",
      "type": "CRD",
      "url": "https://tabs.ultimate-guitar.com/tab/3388724",
      "file_path": null,
      "metadata": {}
    },
    "3378776": {
      "id": "3378776",
      "title": "Eden Blues",
      "type": "CRD",
      "url": "https://tabs.ultimate-guitar.com/tab/georges-moustaki/eden-blues-chords-3378776",
      "file_path": null,
      "metadata": {}
    },
    "2268017": {
      "id": "2268017",
      "title": "Ein Lied Für Sie",
      "type": "UKE",
      "url": "https://tabs.ultimate-guitar.com/tab/2268017",
      "file_path": null,
      "metadata": {}
    },
    "3331730": {
      "id": "3331730",
      "title": "En Méditerranée",
      "type": "CRD",
      "url": "https://tabs.ultimate-guitar.com/tab/3331730",
      "file_path": null,
      "metadata": {}
    },
    "4656161": {
      "id": "4656161",
      "title": "Et Pourtant Dans Le Monde",
      "type": "CRD",
      "url": "https://tabs.ultimate-guitar.com/tab/georges-moustaki/et-pourtant-dans-le-monde-chords-4656161",
      "file_path": null,
      "metadata": {}
    },
    "1135634": {
      "id": "1135634",
      "title": "Gaspard",
      "type": "CRD",
      "url": "https://tabs.ultimate-guitar.com/tab/georges-moustaki/gaspard-chords-1135634",
      "file_path": null,
      "metadata": {}
    },
    "226241": {
      "id": "226241",
      "title": "Gaspard",
      "type": "PRO",
      "url": "https://tabs.ultimate-guitar.com/tab/georges-moustaki/gaspard-guitar-pro-226241",
      "file_path": null,
      "metadata": {}
    },
    "1369081": {
      "id": "1369081",
      "title": "Gaspard",
      "type": "UKE",
      "url": "https://tabs.ultimate-guitar.com/tab/georges-moustaki/gaspard-ukulele-1369081",
      "file_path": null,
      "metadata": {}
    },
    "2930990": {
      "id": "2930990",
      "title": "Grand-Père",
      "type": "CRD",
      "url": "https://tabs.ultimate-guitar.com/tab/2930990",
      "file_path": null,
      "metadata": {}
    },
    "3372089": {
      "id": "3372089",
      "title": "Hiroshima",
      "type": "CRD",
      "url": "https://tabs.ultimate-guitar.com/tab/georges-moustaki/hiroshima-chords-3372089",
      "file_path": null,
      "metadata": {}
    },
    "2268071": {
      "id": "2268071",
      "title": "Ich Bin Ein Fremder",
      "type": "UKE",
      "url": "https://tabs.ultimate-guitar.com/tab/georges-moustaki/ich-bin-ein-fremder-ukulele-2268071",
      "file_path": null,
      "metadata": {}
    },
    "1368777": {
      "id": "1368777",
      "title": "Il Y Avait Un Jardin",
      "type": "UKE",
      "url": "https://tabs.ultimate-guitar.com/tab/georges-moustaki/il-y-avait-un-jardin-ukulele-1368777",
      "file_path": null,
      "metadata": {}
    },
    "3101351": {
      "id": "3101351",
      "title": "Jai Vu Des Rois Serviles",
      "type": "CRD",
      "url": "https://tabs.ultimate-guitar.com/tab/georges-moustaki/jai-vu-des-rois-serviles-chords-3101351",
      "file_path": null,
      "metadata": {}
    },
    "2271765": {
      "id": "2271765",
      "title": "Joseph",
      "type": "UKE",
      "url": "https://tabs.ultimate-guitar.com/tab/georges-moustaki/joseph-ukulele-2271765",
      "file_path": null,
      "metadata": {}
    },
    "2266635": {
      "id": "2266635",
      "title": "Kaum Bemerkt Und Unerkannt",
      "type": "UKE",
      "url": "https://tabs.ultimate-guitar.com/tab/georges-moustaki/kaum-bemerkt-und-unerkannt-ukulele-2266635",
      "file_path": null,
      "metadata": {}
    },
    "3374516": {
      "id": "3374516",
      "title": "La Carte Du Tendre",
      "type": "CRD",
      "url": "https://tabs.ultimate-guitar.com/tab/georges-moustaki/la-carte-du-tendre-chords-3374516",
      "file_path": null,
      "metadata": {}
    },
    "4429931": {
      "id": "4429931",
      "title": "La Carte Du Tendre (ver 2)",
      "type": "CRD",
      "url": "https://tabs.ultimate-guitar.com/tab/georges-moustaki/la-carte-du-tendre-chords-4429931",
      "file_path": null,
      "metadata": {}
    },
    "19849": {
      "id": "19849",
      "title": "La Ligne Droite",
      "type": "CRD",
      "url": "https://tabs.ultimate-guitar.com/tab/georges-moustaki/la-ligne-droite-chords-19849",
      "file_path": null,
      "metadata": {}
    },
    "1256766": {
      "id": "1256766",
      "title": "La Ligne Droite",
      "type": "UKE",
      "url": "https://tabs.ultimate-guitar.com/tab/georges-moustaki/la-ligne-droite-ukulele-1256766",
      "file_path": null,
      "metadata": {}
    },
    "3417239": {
      "id": "3417239",
      "title": "La Mer Ma Donné",
      "type": "CRD",
      "url": "https://tabs.ultimate-guitar.com/tab/3417239",
      "file_path": null,
      "metadata": {}
    },
    "5572518": {
      "id": "5572518",
      "title": "La Philosophie",
      "type": "CRD",
      "url": "https://tabs.ultimate-guitar.com/tab/georges-moustaki/la-philosophie-chords-5572518",
      "file_path": null,
      "metadata": {}
    },
    "3397742": {
      "id": "3397742",
      "title": "La Pierre",
      "type": "CRD",
      "url": "https://tabs.ultimate-guitar.com/tab/georges-moustaki/la-pierre-chords-3397742",
      "file_path": null,
      "metadata": {}
    },
    "4079194": {
      "id": "4079194",
      "title": "Le Droit À La Paresse",
      "type": "CRD",
      "url": "https://tabs.ultimate-guitar.com/tab/4079194",
      "file_path": null,
      "metadata": {}
    },
    "1820600": {
      "id": "1820600",
      "title": "Le Facteur",
      "type": "PRO",
      "url": "https://tabs.ultimate-guitar.com/tab/georges-moustaki/le-facteur-guitar-pro-1820600",
      "file_path": null,
      "metadata": {}
    },
    "1767021": {
      "id": "1767021",
      "title": "Le Métèque (ver 2)",
      "type": "CRD",
      "url": "https://tabs.ultimate-guitar.com/tab/1767021",
      "file_path": null,
      "metadata": {}
    },
    "3250121": {
      "id": "3250121",
      "title": "Le Métèque (ver 3)",
      "type": "CRD",
      "url": "https://tabs.ultimate-guitar.com/tab/3250121",
      "file_path": null,
      "metadata": {}
    },
    "5449173": {
      "id": "5449173",
      "title": "Le Métèque",
      "type": "TAB",
      "url": "https://tabs.ultimate-guitar.com/tab/5449173",
      "file_path": null,
      "metadata": {}
    },
    "4202284": {
      "id": "4202284",
      "title": "Le Temps De Nos Guitares",
      "type": "CRD",
      "url": "https://tabs.ultimate-guitar.com/tab/georges-moustaki/le-temps-de-nos-guitares-chords-4202284",
      "file_path": null,
      "metadata": {}
    },
    "1844019": {
      "id": "1844019",
      "title": "Le Temps De Vivre (ver 2)",
      "type": "CRD",
      "url": "https://tabs.ultimate-guitar.com/tab/georges-moustaki/le-temps-de-vivre-chords-1844019",
      "file_path": null,
      "metadata": {}
    },
    "1368776": {
      "id": "1368776",
      "title": "Le Temps De Vivre",
      "type": "UKE",
      "url": "https://tabs.ultimate-guitar.com/tab/georges-moustaki/le-temps-de-vivre-ukulele-1368776",
      "file_path": null,
      "metadata": {}
    },
    "4076230": {
      "id": "4076230",
      "title": "Les Amis De Georges",
      "type": "CRD",
      "url": "https://tabs.ultimate-guitar.com/tab/georges-moustaki/les-amis-de-georges-chords-4076230",
      "file_path": null,
      "metadata": {}
    },
    "2972897": {
      "id": "2972897",
      "title": "Les Amour Finissent Un Jour",
      "type": "CRD",
      "url": "https://tabs.ultimate-guitar.com/tab/georges-moustaki/les-amour-finissent-un-jour-chords-2972897",
      "file_path": null,
      "metadata": {}
    },
    "5179485": {
      "id": "5179485",
      "title": "Les Eaux De Mars",
      "type": "UKE",
      "url": "https://tabs.ultimate-guitar.com/tab/georges-moustaki/les-eaux-de-mars-ukulele-5179485",
      "file_path": null,
      "metadata": {}
    },
    "1699222": {
      "id": "1699222",
      "title": "Les Mères Juives",
      "type": "CRD",
      "url": "https://tabs.ultimate-guitar.com/tab/1699222",
      "file_path": null,
      "metadata": {}
    },
    "3387071": {
      "id": "3387071",
      "title": "Lhomme Au Coeur Blessé",
      "type": "CRD",
      "url": "https://tabs.ultimate-guitar.com/tab/3387071",
      "file_path": null,
      "metadata": {}
    },
    "3124316": {
      "id": "3124316",
      "title": "Lo Straniero",
      "type": "CRD",
      "url": "https://tabs.ultimate-guitar.com/tab/georges-moustaki/lo-straniero-chords-3124316",
      "file_path": null,
      "metadata": {}
    },
    "1762399": {
      "id": "1762399",
      "title": "Ma Liberté",
      "type": "PRO",
      "url": "https://tabs.ultimate-guitar.com/tab/1762399",
      "file_path": null,
      "metadata": {}
    },
    "1378297": {
      "id": "1378297",
      "title": "Ma Liberté",
      "type": "UKE",
      "url": "https://tabs.ultimate-guitar.com/tab/1378297",
      "file_path": null,
      "metadata": {}
    },
    "1385933": {
      "id": "1385933",
      "title": "Ma Solitude",
      "type": "UKE",
      "url": "https://tabs.ultimate-guitar.com/tab/georges-moustaki/ma-solitude-ukulele-1385933",
      "file_path": null,
      "metadata": {}
    },
    "3560534": {
      "id": "3560534",
      "title": "Ma Solitude (ver 2)",
      "type": "UKE",
      "url": "https://tabs.ultimate-guitar.com/tab/georges-moustaki/ma-solitude-ukulele-3560534",
      "file_path": null,
      "metadata": {}
    },
    "3415682": {
      "id": "3415682",
      "title": "Marche De Sacco Et Vanzetti",
      "type": "CRD",
      "url": "https://tabs.ultimate-guitar.com/tab/georges-moustaki/marche-de-sacco-et-vanzetti-chords-3415682",
      "file_path": null,
      "metadata": {}
    },
    "226242": {
      "id": "226242",
      "title": "Margot",
      "type": "PRO",
      "url": "https://tabs.ultimate-guitar.com/tab/georges-moustaki/margot-guitar-pro-226242",
      "file_path": null,
      "metadata": {}
    },
    "2524221": {
      "id": "2524221",
      "title": "Mon Vieux Joseph",
      "type": "CRD",
      "url": "https://tabs.ultimate-guitar.com/tab/georges-moustaki/mon-vieux-joseph-chords-2524221",
      "file_path": null,
      "metadata": {}
    },
    "2266597": {
      "id": "2266597",
      "title": "Mon Vieux Joseph",
      "type": "UKE",
      "url": "https://tabs.ultimate-guitar.com/tab/georges-moustaki/mon-vieux-joseph-ukulele-2266597",
      "file_path": null,
      "metadata": {}
    },
    "5602791": {
      "id": "5602791",
      "title": "Muy Trade Es Ya",
      "type": "CRD",
      "url": "https://tabs.ultimate-guitar.com/tab/georges-moustaki/muy-trade-es-ya-chords-5602791",
      "file_path": null,
      "metadata": {}
    },
    "3400358": {
      "id": "3400358",
      "title": "Mzelle Gibson",
      "type": "CRD",
      "url": "https://tabs.ultimate-guitar.com/tab/georges-moustaki/mzelle-gibson-chords-3400358",
      "file_path": null,
      "metadata": {}
    },
    "5153722": {
      "id": "5153722",
      "title": "Nadjejda",
      "type": "CRD",
      "url": "https://tabs.ultimate-guitar.com/tab/georges-moustaki/nadjejda-chords-5153722",
      "file_path": null,
      "metadata": {}
    },
    "1571224": {
      "id": "1571224",
      "title": "Natalia (ver 2)",
      "type": "TAB",
      "url": "https://tabs.ultimate-guitar.com/tab/georges-moustaki/natalia-tabs-1571224",
      "file_path": null,
      "metadata": {}
    },
    "226244": {
      "id": "226244",
      "title": "Natalia (ver 2)",
      "type": "PRO",
      "url": "https://tabs.ultimate-guitar.com/tab/georges-moustaki/natalia-guitar-pro-226244",
      "file_path": null,
      "metadata": {}
    },
    "226245": {
      "id": "226245",
      "title": "Natalia (ver 3)",
      "type": "PRO",
      "url": "https://tabs.ultimate-guitar.com/tab/georges-moustaki/natalia-guitar-pro-226245",
      "file_path": null,
      "metadata": {}
    },
    "2725302": {
      "id": "2725302",
      "title": "Nous Sommes Deux",
      "type": "CRD",
      "url": "https://tabs.ultimate-guitar.com/tab/georges-moustaki/nous-sommes-deux-chords-2725302",
      "file_path": null,
      "metadata": {}
    },
    "4207717": {
      "id": "4207717",
      "title": "Portugal Fado Tropical",
      "type": "CRD",
      "url": "https://tabs.ultimate-guitar.com/tab/georges-moustaki/portugal-fado-tropical-chords-4207717",
      "file_path": null,
      "metadata": {}
    },
    "3407768": {
      "id": "3407768",
      "title": "Requiem Pour Nimporte Qui",
      "type": "CRD",
      "url": "https://tabs.ultimate-guitar.com/tab/georges-moustaki/requiem-pour-nimporte-qui-chords-3407768",
      "file_path": null,
      "metadata": {}
    },
    "226246": {
      "id": "226246",
      "title": "Rue Des Fossés Saint-Jacques",
      "type": "PRO",
      "url": "https://tabs.ultimate-guitar.com/tab/226246",
      "file_path": null,
      "metadata": {}
    },
    "2174111": {
      "id": "2174111",
      "title": "Sans La Nommer",
      "type": "UKE",
      "url": "https://tabs.ultimate-guitar.com/tab/georges-moustaki/sans-la-nommer-ukulele-2174111",
      "file_path": null,
      "metadata": {}
    },
    "1505497": {
      "id": "1505497",
      "title": "Sarah",
      "type": "CRD",
      "url": "https://tabs.ultimate-guitar.com/tab/georges-moustaki/sarah-chords-1505497",
      "file_path": null,
      "metadata": {}
    },
    "3329432": {
      "id": "3329432",
      "title": "Tu Na Pas Lair Dun Enfant",
      "type": "CRD",
      "url": "https://tabs.ultimate-guitar.com/tab/georges-moustaki/tu-na-pas-lair-dun-enfant-chords-3329432",
      "file_path": null,
      "metadata": {}
    },
    "5572497": {
      "id": "5572497",
      "title": "Une Petite Chanson",
      "type": "CRD",
      "url": "https://tabs.ultimate-guitar.com/tab/georges-moustaki/une-petite-chanson-chords-5572497",
      "file_path": null,
      "metadata": {}
    },
    "2174113": {
      "id": "2174113",
      "title": "Voyage",
      "type": "UKE",
      "url": "https://tabs.ultimate-guitar.com/tab/georges-moustaki/voyage-ukulele-2174113",
      "file_path": null,
      "metadata": {}
    }
  }
}