{
  "id": "10084",
  "name": "Bill Conti",
  "url": "https://www.ultimate-guitar.com/artist/bill_conti_10084",
  "tabs": {
    "5034733": {
      "id": "5034733",
      "title": "Rocky - Gonna Fly Now",
      "type": "CRD",
      "url": "https://tabs.ultimate-guitar.com/tab/misc-soundtrack/rocky-gonna-fly-now-chords-5034733",
      "file_path": null,
      "metadata": {}
    },
    "5027176": {
      "id": "5027176",
      "title": "Rocky - Gonna Fly Now  Intro",
      "type": "TAB",
      "url": "https://tabs.ultimate-guitar.com/tab/misc-soundtrack/rocky-gonna-fly-now-tabs-5027176",
      "file_path": null,
      "metadata": {}
    },
    "353142": {
      "id": "353142",
      "title": "Rocky - Gonna Fly Now",
      "type": "TAB",
      "url": "https://tabs.ultimate-guitar.com/tab/misc-soundtrack/rocky-gonna-fly-now-tabs-353142",
      "file_path": null,
      "metadata": {}
    },
    "3099740": {
      "id": "3099740",
      "title": "Rocky - Gonna Fly Now  Intro",
      "type": "PRO",
      "url": "https://tabs.ultimate-guitar.com/tab/misc-soundtrack/rocky-gonna-fly-now-guitar-pro-3099740",
      "file_path": null,
      "metadata": {}
    },
    "297574": {
      "id": "297574",
      "title": "Rocky Gonna Fly Now",
      "type": "PRO",
      "url": "https://tabs.ultimate-guitar.com/tab/bill-conti/rocky-gonna-fly-now-guitar-pro-297574",
      "file_path": null,
      "metadata": {}
    },
    "1894440": {
      "id": "1894440",
      "title": "All Roads Lead To You",
      "type": "CRD",
      "url": "https://tabs.ultimate-guitar.com/tab/bill-conti/all-roads-lead-to-you-chords-1894440",
      "file_path": null,
      "metadata": {}
    },
    "1129325": {
      "id": "1129325",
      "title": "Going The Distance",
      "type": "TAB",
      "url": "https://tabs.ultimate-guitar.com/tab/bill-conti/going-the-distance-tabs-1129325",
      "file_path": null,
      "metadata": {}
    },
    "556053": {
      "id": "556053",
      "title": "Going The Distance",
      "type": "PRO",
      "url": "https://tabs.ultimate-guitar.com/tab/bill-conti/going-the-distance-guitar-pro-556053",
      "file_path": null,
      "metadata": {}
    },
    "493533": {
      "id": "493533",
      "title": "Gonna Fly Now  Intro",
      "type": "TAB",
      "url": "https://tabs.ultimate-guitar.com/tab/bill-conti/gonna-fly-now-tabs-493533",
      "file_path": null,
      "metadata": {}
    },
    "899328": {
      "id": "899328",
      "title": "Gonna Fly Now (ver 2) Intro",
      "type": "TAB",
      "url": "https://tabs.ultimate-guitar.com/tab/bill-conti/gonna-fly-now-tabs-899328",
      "file_path": null,
      "metadata": {}
    },
    "4112977": {
      "id": "4112977",
      "title": "Gonna Fly Now (ver 3) Intro",
      "type": "TAB",
      "url": "https://tabs.ultimate-guitar.com/tab/bill-conti/gonna-fly-now-tabs-4112977",
      "file_path": null,
      "metadata": {}
    },
    "805892": {
      "id": "805892",
      "title": "Gonna Fly Now",
      "type": "TAB",
      "url": "https://tabs.ultimate-guitar.com/tab/bill-conti/gonna-fly-now-tabs-805892",
      "file_path": null,
      "metadata": {}
    },
    "1055788": {
      "id": "1055788",
      "title": "Gonna Fly Now (ver 2)",
      "type": "TAB",
      "url": "https://tabs.ultimate-guitar.com/tab/bill-conti/gonna-fly-now-tabs-1055788",
      "file_path": null,
      "metadata": {}
    },
    "1172782": {
      "id": "1172782",
      "title": "Gonna Fly Now (ver 3)",
      "type": "TAB",
      "url": "https://tabs.ultimate-guitar.com/tab/bill-conti/gonna-fly-now-tabs-1172782",
      "file_path": null,
      "metadata": {}
    },
    "1792972": {
      "id": "1792972",
      "title": "Gonna Fly Now (ver 4)",
      "type": "TAB",
      "url": "https://tabs.ultimate-guitar.com/tab/bill-conti/gonna-fly-now-tabs-1792972",
      "file_path": null,
      "metadata": {}
    },
    "3127145": {
      "id": "3127145",
      "title": "Gonna Fly Now",
      "type": "PRO",
      "url": "https://tabs.ultimate-guitar.com/tab/bill-conti/gonna-fly-now-guitar-pro-3127145",
      "file_path": null,
      "metadata": {}
    },
    "731086": {
      "id": "731086",
      "title": "Gonna Fly Now  Solo",
      "type": "PWR",
      "url": "https://tabs.ultimate-guitar.com/tab/bill-conti/gonna-fly-now-power-731086",
      "file_path": null,
      "metadata": {}
    },
    "4949911": {
      "id": "4949911",
      "title": "You Take My Heart Away",
      "type": "CRD",
      "url": "https://tabs.ultimate-guitar.com/tab/bill-conti/you-take-my-heart-away-chords-4949911",
      "file_path": null,
      "metadata": {}
    }
  }
}