{
  "id": "109141",
  "name": "Orlík",
  "url": "https://www.ultimate-guitar.com/artist/109141",
  "tabs": {
    "4878884": {
      "id": "4878884",
      "title": "Bílá Liga",
      "type": "CRD",
      "url": "https://tabs.ultimate-guitar.com/tab/4878884",
      "file_path": null,
      "metadata": {}
    },
    "4188811": {
      "id": "4188811",
      "title": "Bílej Jezdec",
      "type": "CRD",
      "url": "https://tabs.ultimate-guitar.com/tab/4188811",
      "file_path": null,
      "metadata": {}
    },
    "2161985": {
      "id": "2161985",
      "title": "My Proti Nám",
      "type": "CRD",
      "url": "https://tabs.ultimate-guitar.com/tab/2161985",
      "file_path": null,
      "metadata": {}
    }
  }
}