{
  "id": "102543",
  "name": "Prateek Kuhad",
  "url": "https://www.ultimate-guitar.com/artist/prateek_kuhad_102543",
  "tabs": {
    "2954522": {
      "id": "2954522",
      "title": "Kasoor",
      "type": "CRD",
      "url": "https://tabs.ultimate-guitar.com/tab/prateek-kuhad/kasoor-chords-2954522",
      "file_path": null,
      "metadata": {}
    },
    "4211650": {
      "id": "4211650",
      "title": "Co2",
      "type": "CRD",
      "url": "https://tabs.ultimate-guitar.com/tab/prateek-kuhad/co2-chords-4211650",
      "file_path": null,
      "metadata": {}
    },
    "2445191": {
      "id": "2445191",
      "title": "Coldmess",
      "type": "CRD",
      "url": "https://tabs.ultimate-guitar.com/tab/prateek-kuhad/coldmess-chords-2445191",
      "file_path": null,
      "metadata": {}
    },
    "2172357": {
      "id": "2172357",
      "title": "Tum Jab Paas",
      "type": "CRD",
      "url": "https://tabs.ultimate-guitar.com/tab/prateek-kuhad/tum-jab-paas-chords-2172357",
      "file_path": null,
      "metadata": {}
    },
    "2577891": {
      "id": "2577891",
      "title": "Dil Beparvah",
      "type": "CRD",
      "url": "https://tabs.ultimate-guitar.com/tab/prateek-kuhad/dil-beparvah-chords-2577891",
      "file_path": null,
      "metadata": {}
    },
    "3310001": {
      "id": "3310001",
      "title": "Cold Mess",
      "type": "CRD",
      "url": "https://tabs.ultimate-guitar.com/tab/prateek-kuhad/cold-mess-chords-3310001",
      "file_path": null,
      "metadata": {}
    },
    "2454984": {
      "id": "2454984",
      "title": "Tune Kaha",
      "type": "CRD",
      "url": "https://tabs.ultimate-guitar.com/tab/prateek-kuhad/tune-kaha-chords-2454984",
      "file_path": null,
      "metadata": {}
    },
    "2630865": {
      "id": "2630865",
      "title": "100 Words",
      "type": "CRD",
      "url": "https://tabs.ultimate-guitar.com/tab/prateek-kuhad/100-words-chords-2630865",
      "file_path": null,
      "metadata": {}
    },
    "2397967": {
      "id": "2397967",
      "title": "Yeh Pal",
      "type": "CRD",
      "url": "https://tabs.ultimate-guitar.com/tab/prateek-kuhad/yeh-pal-chords-2397967",
      "file_path": null,
      "metadata": {}
    },
    "4989601": {
      "id": "4989601",
      "title": "Mulaqat",
      "type": "CRD",
      "url": "https://tabs.ultimate-guitar.com/tab/prateek-kuhad/mulaqat-chords-4989601",
      "file_path": null,
      "metadata": {}
    },
    "1867084": {
      "id": "1867084",
      "title": "Baar Baar Dekho - Kho Gaye Hum Kahan",
      "type": "CRD",
      "url": "https://tabs.ultimate-guitar.com/tab/misc-soundtrack/baar-baar-dekho-kho-gaye-hum-kahan-chords-1867084",
      "file_path": null,
      "metadata": {}
    },
    "2641842": {
      "id": "2641842",
      "title": "Baar Baar Dekho - Kho Gaye Hum Kahan (ver 2)",
      "type": "CRD",
      "url": "https://tabs.ultimate-guitar.com/tab/misc-soundtrack/baar-baar-dekho-kho-gaye-hum-kahan-chords-2641842",
      "file_path": null,
      "metadata": {}
    },
    "2657373": {
      "id": "2657373",
      "title": "Baar Baar Dekho - Kho Gaye Hum Kahan (ver 3)",
      "type": "CRD",
      "url": "https://tabs.ultimate-guitar.com/tab/misc-soundtrack/baar-baar-dekho-kho-gaye-hum-kahan-chords-2657373",
      "file_path": null,
      "metadata": {}
    },
    "3053620": {
      "id": "3053620",
      "title": "Baar Baar Dekho - Kho Gaye Hum Kahan (ver 4)",
      "type": "CRD",
      "url": "https://tabs.ultimate-guitar.com/tab/misc-soundtrack/baar-baar-dekho-kho-gaye-hum-kahan-chords-3053620",
      "file_path": null,
      "metadata": {}
    },
    "3246026": {
      "id": "3246026",
      "title": "Baar Baar Dekho - Kho Gaye Hum Kahan (ver 5)",
      "type": "CRD",
      "url": "https://tabs.ultimate-guitar.com/tab/misc-soundtrack/baar-baar-dekho-kho-gaye-hum-kahan-chords-3246026",
      "file_path": null,
      "metadata": {}
    },
    "4381742": {
      "id": "4381742",
      "title": "Baar Baar Dekho - Kho Gaye Hum Kahan (ver 6)",
      "type": "CRD",
      "url": "https://tabs.ultimate-guitar.com/tab/misc-soundtrack/baar-baar-dekho-kho-gaye-hum-kahan-chords-4381742",
      "file_path": null,
      "metadata": {}
    },
    "3072782": {
      "id": "3072782",
      "title": "Baar Baar Dekho - Kho Gaye Hum Kahan",
      "type": "TAB",
      "url": "https://tabs.ultimate-guitar.com/tab/misc-soundtrack/baar-baar-dekho-kho-gaye-hum-kahan-tabs-3072782",
      "file_path": null,
      "metadata": {}
    },
    "2008937": {
      "id": "2008937",
      "title": "Baar Baar Dekho - Kho Gaye Hum Kahan",
      "type": "PRO",
      "url": "https://tabs.ultimate-guitar.com/tab/misc-soundtrack/baar-baar-dekho-kho-gaye-hum-kahan-guitar-pro-2008937",
      "file_path": null,
      "metadata": {}
    },
    "2713524": {
      "id": "2713524",
      "title": "Baar Baar Dekho - Kho Gaye Hum Kahan",
      "type": "UKE",
      "url": "https://tabs.ultimate-guitar.com/tab/misc-soundtrack/baar-baar-dekho-kho-gaye-hum-kahan-ukulele-2713524",
      "file_path": null,
      "metadata": {}
    },
    "2547144": {
      "id": "2547144",
      "title": "Karwaan - Kadam",
      "type": "CRD",
      "url": "https://tabs.ultimate-guitar.com/tab/misc-soundtrack/karwaan-kadam-chords-2547144",
      "file_path": null,
      "metadata": {}
    },
    "2496864": {
      "id": "2496864",
      "title": "Karwaan - Saansein",
      "type": "CRD",
      "url": "https://tabs.ultimate-guitar.com/tab/misc-soundtrack/karwaan-saansein-chords-2496864",
      "file_path": null,
      "metadata": {}
    },
    "2976416": {
      "id": "2976416",
      "title": "Karwaan - Saansein (ver 2)",
      "type": "CRD",
      "url": "https://tabs.ultimate-guitar.com/tab/misc-soundtrack/karwaan-saansein-chords-2976416",
      "file_path": null,
      "metadata": {}
    },
    "3705245": {
      "id": "3705245",
      "title": "Karwaan - Saansein (ver 3)",
      "type": "CRD",
      "url": "https://tabs.ultimate-guitar.com/tab/misc-soundtrack/karwaan-saansein-chords-3705245",
      "file_path": null,
      "metadata": {}
    },
    "3419612": {
      "id": "3419612",
      "title": "Mismatched - Kahaan Ho Tum",
      "type": "CRD",
      "url": "https://tabs.ultimate-guitar.com/tab/misc-television/mismatched-kahaan-ho-tum-chords-3419612",
      "file_path": null,
      "metadata": {}
    },
    "2792125": {
      "id": "2792125",
      "title": "100 Words",
      "type": "TAB",
      "url": "https://tabs.ultimate-guitar.com/tab/prateek-kuhad/100-words-tabs-2792125",
      "file_path": null,
      "metadata": {}
    },
    "3238967": {
      "id": "3238967",
      "title": "Ab Hoga Kya",
      "type": "CRD",
      "url": "https://tabs.ultimate-guitar.com/tab/prateek-kuhad/ab-hoga-kya-chords-3238967",
      "file_path": null,
      "metadata": {}
    },
    "4244284": {
      "id": "4244284",
      "title": "All I Need",
      "type": "CRD",
      "url": "https://tabs.ultimate-guitar.com/tab/prateek-kuhad/all-i-need-chords-4244284",
      "file_path": null,
      "metadata": {}
    },
    "3058222": {
      "id": "3058222",
      "title": "Be At Ease",
      "type": "PRO",
      "url": "https://tabs.ultimate-guitar.com/tab/prateek-kuhad/be-at-ease-guitar-pro-3058222",
      "file_path": null,
      "metadata": {}
    },
    "4252714": {
      "id": "4252714",
      "title": "Bloom",
      "type": "CRD",
      "url": "https://tabs.ultimate-guitar.com/tab/prateek-kuhad/bloom-chords-4252714",
      "file_path": null,
      "metadata": {}
    },
    "3212384": {
      "id": "3212384",
      "title": "Chahe Ya Na Chahe",
      "type": "CRD",
      "url": "https://tabs.ultimate-guitar.com/tab/prateek-kuhad/chahe-ya-na-chahe-chords-3212384",
      "file_path": null,
      "metadata": {}
    },
    "4669454": {
      "id": "4669454",
      "title": "Co2 (ver 2)",
      "type": "CRD",
      "url": "https://tabs.ultimate-guitar.com/tab/prateek-kuhad/co2-chords-4669454",
      "file_path": null,
      "metadata": {}
    },
    "4885412": {
      "id": "4885412",
      "title": "Co2",
      "type": "UKE",
      "url": "https://tabs.ultimate-guitar.com/tab/prateek-kuhad/co2-ukulele-4885412",
      "file_path": null,
      "metadata": {}
    },
    "2561097": {
      "id": "2561097",
      "title": "Cold Shoulders",
      "type": "CRD",
      "url": "https://tabs.ultimate-guitar.com/tab/prateek-kuhad/cold-shoulders-chords-2561097",
      "file_path": null,
      "metadata": {}
    },
    "2743347": {
      "id": "2743347",
      "title": "Coldmess",
      "type": "CRD",
      "url": "https://tabs.ultimate-guitar.com/tab/prateek-kuhad/coldmess-chords-2743347",
      "file_path": null,
      "metadata": {}
    },
    "2848280": {
      "id": "2848280",
      "title": "Dil Beparvah",
      "type": "TAB",
      "url": "https://tabs.ultimate-guitar.com/tab/prateek-kuhad/dil-beparvah-tabs-2848280",
      "file_path": null,
      "metadata": {}
    },
    "3694841": {
      "id": "3694841",
      "title": "Dil Beparvah",
      "type": "UKE",
      "url": "https://tabs.ultimate-guitar.com/tab/prateek-kuhad/dil-beparvah-ukulele-3694841",
      "file_path": null,
      "metadata": {}
    },
    "3762683": {
      "id": "3762683",
      "title": "Dil Beparvah (ver 2)",
      "type": "UKE",
      "url": "https://tabs.ultimate-guitar.com/tab/prateek-kuhad/dil-beparvah-ukulele-3762683",
      "file_path": null,
      "metadata": {}
    },
    "2770348": {
      "id": "2770348",
      "title": "Drown",
      "type": "CRD",
      "url": "https://tabs.ultimate-guitar.com/tab/prateek-kuhad/drown-chords-2770348",
      "file_path": null,
      "metadata": {}
    },
    "3051049": {
      "id": "3051049",
      "title": "Drown (ver 2)",
      "type": "CRD",
      "url": "https://tabs.ultimate-guitar.com/tab/prateek-kuhad/drown-chords-3051049",
      "file_path": null,
      "metadata": {}
    },
    "2482845": {
      "id": "2482845",
      "title": "Fighter",
      "type": "CRD",
      "url": "https://tabs.ultimate-guitar.com/tab/prateek-kuhad/fighter-chords-2482845",
      "file_path": null,
      "metadata": {}
    },
    "3740243": {
      "id": "3740243",
      "title": "Fighter",
      "type": "TAB",
      "url": "https://tabs.ultimate-guitar.com/tab/prateek-kuhad/fighter-tabs-3740243",
      "file_path": null,
      "metadata": {}
    },
    "2554965": {
      "id": "2554965",
      "title": "Flames",
      "type": "CRD",
      "url": "https://tabs.ultimate-guitar.com/tab/prateek-kuhad/flames-chords-2554965",
      "file_path": null,
      "metadata": {}
    },
    "3062835": {
      "id": "3062835",
      "title": "For Your Time",
      "type": "CRD",
      "url": "https://tabs.ultimate-guitar.com/tab/prateek-kuhad/for-your-time-chords-3062835",
      "file_path": null,
      "metadata": {}
    },
    "3372782": {
      "id": "3372782",
      "title": "For Your Time",
      "type": "CRD",
      "url": "https://tabs.ultimate-guitar.com/tab/prateek-kuhad/for-your-time-chords-3372782",
      "file_path": null,
      "metadata": {}
    },
    "4680821": {
      "id": "4680821",
      "title": "Full Time Lover",
      "type": "CRD",
      "url": "https://tabs.ultimate-guitar.com/tab/prateek-kuhad/full-time-lover-chords-4680821",
      "file_path": null,
      "metadata": {}
    },
    "3176072": {
      "id": "3176072",
      "title": "Go",
      "type": "CRD",
      "url": "https://tabs.ultimate-guitar.com/tab/prateek-kuhad/go-chords-3176072",
      "file_path": null,
      "metadata": {}
    },
    "4746836": {
      "id": "4746836",
      "title": "Hopelessly",
      "type": "CRD",
      "url": "https://tabs.ultimate-guitar.com/tab/prateek-kuhad/hopelessly-chords-4746836",
      "file_path": null,
      "metadata": {}
    },
    "5089981": {
      "id": "5089981",
      "title": "Hum Dono",
      "type": "CRD",
      "url": "https://tabs.ultimate-guitar.com/tab/prateek-kuhad/hum-dono-chords-5089981",
      "file_path": null,
      "metadata": {}
    },
    "4097320": {
      "id": "4097320",
      "title": "Into The Night",
      "type": "CRD",
      "url": "https://tabs.ultimate-guitar.com/tab/prateek-kuhad/into-the-night-chords-4097320",
      "file_path": null,
      "metadata": {}
    },
    "5073982": {
      "id": "5073982",
      "title": "Janeman",
      "type": "CRD",
      "url": "https://tabs.ultimate-guitar.com/tab/prateek-kuhad/janeman-chords-5073982",
      "file_path": null,
      "metadata": {}
    },
    "5315199": {
      "id": "5315199",
      "title": "Just Like A Movie",
      "type": "CRD",
      "url": "https://tabs.ultimate-guitar.com/tab/prateek-kuhad/just-like-a-movie-chords-5315199",
      "file_path": null,
      "metadata": {}
    },
    "4353425": {
      "id": "4353425",
      "title": "Kasoor (ver 2)",
      "type": "CRD",
      "url": "https://tabs.ultimate-guitar.com/tab/prateek-kuhad/kasoor-chords-4353425",
      "file_path": null,
      "metadata": {}
    },
    "4125205": {
      "id": "4125205",
      "title": "Kasoor  Intro",
      "type": "TAB",
      "url": "https://tabs.ultimate-guitar.com/tab/prateek-kuhad/kasoor-tabs-4125205",
      "file_path": null,
      "metadata": {}
    },
    "4130425": {
      "id": "4130425",
      "title": "Kasoor (ver 2) Intro",
      "type": "TAB",
      "url": "https://tabs.ultimate-guitar.com/tab/prateek-kuhad/kasoor-tabs-4130425",
      "file_path": null,
      "metadata": {}
    },
    "3372185": {
      "id": "3372185",
      "title": "Kasoor",
      "type": "UKE",
      "url": "https://tabs.ultimate-guitar.com/tab/prateek-kuhad/kasoor-ukulele-3372185",
      "file_path": null,
      "metadata": {}
    },
    "3394610": {
      "id": "3394610",
      "title": "Kasoor (ver 2)",
      "type": "UKE",
      "url": "https://tabs.ultimate-guitar.com/tab/prateek-kuhad/kasoor-ukulele-3394610",
      "file_path": null,
      "metadata": {}
    },
    "3141038": {
      "id": "3141038",
      "title": "Kho Gaye Hum Kahan",
      "type": "CRD",
      "url": "https://tabs.ultimate-guitar.com/tab/prateek-kuhad/kho-gaye-hum-kahan-chords-3141038",
      "file_path": null,
      "metadata": {}
    },
    "3970417": {
      "id": "3970417",
      "title": "Khone Do",
      "type": "CRD",
      "url": "https://tabs.ultimate-guitar.com/tab/prateek-kuhad/khone-do-chords-3970417",
      "file_path": null,
      "metadata": {}
    },
    "5166187": {
      "id": "5166187",
      "title": "Kuch Din",
      "type": "CRD",
      "url": "https://tabs.ultimate-guitar.com/tab/prateek-kuhad/kuch-din-chords-5166187",
      "file_path": null,
      "metadata": {}
    },
    "5117821": {
      "id": "5117821",
      "title": "Mulaqat (ver 2)",
      "type": "CRD",
      "url": "https://tabs.ultimate-guitar.com/tab/prateek-kuhad/mulaqat-chords-5117821",
      "file_path": null,
      "metadata": {}
    },
    "5013307": {
      "id": "5013307",
      "title": "O Piya",
      "type": "CRD",
      "url": "https://tabs.ultimate-guitar.com/tab/prateek-kuhad/o-piya-chords-5013307",
      "file_path": null,
      "metadata": {}
    },
    "2101009": {
      "id": "2101009",
      "title": "Oh Love",
      "type": "CRD",
      "url": "https://tabs.ultimate-guitar.com/tab/prateek-kuhad/oh-love-chords-2101009",
      "file_path": null,
      "metadata": {}
    },
    "3213650": {
      "id": "3213650",
      "title": "Pause",
      "type": "CRD",
      "url": "https://tabs.ultimate-guitar.com/tab/prateek-kuhad/pause-chords-3213650",
      "file_path": null,
      "metadata": {}
    },
    "3432218": {
      "id": "3432218",
      "title": "Raat Raazi",
      "type": "CRD",
      "url": "https://tabs.ultimate-guitar.com/tab/prateek-kuhad/raat-raazi-chords-3432218",
      "file_path": null,
      "metadata": {}
    },
    "3495431": {
      "id": "3495431",
      "title": "Shehron K Raaz",
      "type": "CRD",
      "url": "https://tabs.ultimate-guitar.com/tab/prateek-kuhad/shehron-k-raaz-chords-3495431",
      "file_path": null,
      "metadata": {}
    },
    "5159608": {
      "id": "5159608",
      "title": "Shehron Ke Raaz",
      "type": "CRD",
      "url": "https://tabs.ultimate-guitar.com/tab/prateek-kuhad/shehron-ke-raaz-chords-5159608",
      "file_path": null,
      "metadata": {}
    },
    "4307063": {
      "id": "4307063",
      "title": "Shehron Ke Raaz  Intro",
      "type": "TAB",
      "url": "https://tabs.ultimate-guitar.com/tab/prateek-kuhad/shehron-ke-raaz-tabs-4307063",
      "file_path": null,
      "metadata": {}
    },
    "4307123": {
      "id": "4307123",
      "title": "Shehron Ke Raaz",
      "type": "TAB",
      "url": "https://tabs.ultimate-guitar.com/tab/prateek-kuhad/shehron-ke-raaz-tabs-4307123",
      "file_path": null,
      "metadata": {}
    },
    "3747518": {
      "id": "3747518",
      "title": "Tere Hi Hum",
      "type": "CRD",
      "url": "https://tabs.ultimate-guitar.com/tab/prateek-kuhad/tere-hi-hum-chords-3747518",
      "file_path": null,
      "metadata": {}
    },
    "4092034": {
      "id": "4092034",
      "title": "Tere Hi Hum (ver 2)",
      "type": "CRD",
      "url": "https://tabs.ultimate-guitar.com/tab/prateek-kuhad/tere-hi-hum-chords-4092034",
      "file_path": null,
      "metadata": {}
    },
    "5179278": {
      "id": "5179278",
      "title": "Tere Hi Hum (ver 3)",
      "type": "CRD",
      "url": "https://tabs.ultimate-guitar.com/tab/prateek-kuhad/tere-hi-hum-chords-5179278",
      "file_path": null,
      "metadata": {}
    },
    "3008144": {
      "id": "3008144",
      "title": "Tum Jab Paas (ver 2)",
      "type": "CRD",
      "url": "https://tabs.ultimate-guitar.com/tab/prateek-kuhad/tum-jab-paas-chords-3008144",
      "file_path": null,
      "metadata": {}
    },
    "3659852": {
      "id": "3659852",
      "title": "Tune Kaha (ver 2)",
      "type": "CRD",
      "url": "https://tabs.ultimate-guitar.com/tab/prateek-kuhad/tune-kaha-chords-3659852",
      "file_path": null,
      "metadata": {}
    },
    "3251951": {
      "id": "3251951",
      "title": "Voh",
      "type": "CRD",
      "url": "https://tabs.ultimate-guitar.com/tab/prateek-kuhad/voh-chords-3251951",
      "file_path": null,
      "metadata": {}
    },
    "4355810": {
      "id": "4355810",
      "title": "With You For You",
      "type": "CRD",
      "url": "https://tabs.ultimate-guitar.com/tab/prateek-kuhad/with-you-for-you-chords-4355810",
      "file_path": null,
      "metadata": {}
    },
    "2502507": {
      "id": "2502507",
      "title": "With Youfor You",
      "type": "CRD",
      "url": "https://tabs.ultimate-guitar.com/tab/prateek-kuhad/with-youfor-you-chords-2502507",
      "file_path": null,
      "metadata": {}
    },
    "2454130": {
      "id": "2454130",
      "title": "Yeh Pal (ver 2)",
      "type": "CRD",
      "url": "https://tabs.ultimate-guitar.com/tab/prateek-kuhad/yeh-pal-chords-2454130",
      "file_path": null,
      "metadata": {}
    },
    "2525769": {
      "id": "2525769",
      "title": "Yeh Pal (ver 3)",
      "type": "CRD",
      "url": "https://tabs.ultimate-guitar.com/tab/prateek-kuhad/yeh-pal-chords-2525769",
      "file_path": null,
      "metadata": {}
    },
    "3233237": {
      "id": "3233237",
      "title": "Yeh Pal (ver 4)",
      "type": "CRD",
      "url": "https://tabs.ultimate-guitar.com/tab/prateek-kuhad/yeh-pal-chords-3233237",
      "file_path": null,
      "metadata": {}
    },
    "2399353": {
      "id": "2399353",
      "title": "You Are Mine",
      "type": "CRD",
      "url": "https://tabs.ultimate-guitar.com/tab/prateek-kuhad/you-are-mine-chords-2399353",
      "file_path": null,
      "metadata": {}
    }
  }
}