{
  "id": "10061",
  "name": "Joe Cocker",
  "url": "https://www.ultimate-guitar.com/artist/joe_cocker_10061",
  "tabs": {
    "1056439": {
      "id": "1056439",
      "title": "You Are So Beautiful",
      "type": "CRD",
      "url": "https://tabs.ultimate-guitar.com/tab/joe-cocker/you-are-so-beautiful-chords-1056439",
      "file_path": null,
      "metadata": {}
    },
    "531059": {
      "id": "531059",
      "title": "Unchain My Heart",
      "type": "CRD",
      "url": "https://tabs.ultimate-guitar.com/tab/joe-cocker/unchain-my-heart-chords-531059",
      "file_path": null,
      "metadata": {}
    },
    "420226": {
      "id": "420226",
      "title": "You Can Leave Your Hat On",
      "type": "TAB",
      "url": "https://tabs.ultimate-guitar.com/tab/joe-cocker/you-can-leave-your-hat-on-tabs-420226",
      "file_path": null,
      "metadata": {}
    },
    "1057729": {
      "id": "1057729",
      "title": "Feeling Alright",
      "type": "CRD",
      "url": "https://tabs.ultimate-guitar.com/tab/joe-cocker/feeling-alright-chords-1057729",
      "file_path": null,
      "metadata": {}
    },
    "1827397": {
      "id": "1827397",
      "title": "You Can Leave Your Hat On",
      "type": "CRD",
      "url": "https://tabs.ultimate-guitar.com/tab/joe-cocker/you-can-leave-your-hat-on-chords-1827397",
      "file_path": null,
      "metadata": {}
    },
    "1087663": {
      "id": "1087663",
      "title": "Noubliez Jamais",
      "type": "CRD",
      "url": "https://tabs.ultimate-guitar.com/tab/joe-cocker/noubliez-jamais-chords-1087663",
      "file_path": null,
      "metadata": {}
    },
    "64904": {
      "id": "64904",
      "title": "You Are So Beautiful",
      "type": "TAB",
      "url": "https://tabs.ultimate-guitar.com/tab/joe-cocker/you-are-so-beautiful-tabs-64904",
      "file_path": null,
      "metadata": {}
    },
    "1141170": {
      "id": "1141170",
      "title": "Summer In The City",
      "type": "CRD",
      "url": "https://tabs.ultimate-guitar.com/tab/joe-cocker/summer-in-the-city-chords-1141170",
      "file_path": null,
      "metadata": {}
    },
    "713608": {
      "id": "713608",
      "title": "Dont Let Me Be Misunderstood",
      "type": "CRD",
      "url": "https://tabs.ultimate-guitar.com/tab/joe-cocker/dont-let-me-be-misunderstood-chords-713608",
      "file_path": null,
      "metadata": {}
    },
    "558090": {
      "id": "558090",
      "title": "Delta Lady",
      "type": "CRD",
      "url": "https://tabs.ultimate-guitar.com/tab/joe-cocker/delta-lady-chords-558090",
      "file_path": null,
      "metadata": {}
    },
    "3009080": {
      "id": "3009080",
      "title": "Little Wing",
      "type": "CRD",
      "url": "https://tabs.ultimate-guitar.com/tab/santana/little-wing-chords-3009080",
      "file_path": null,
      "metadata": {}
    },
    "1506892": {
      "id": "1506892",
      "title": "A Whiter Shade Of Pale",
      "type": "CRD",
      "url": "https://tabs.ultimate-guitar.com/tab/joe-cocker/a-whiter-shade-of-pale-chords-1506892",
      "file_path": null,
      "metadata": {}
    },
    "3453383": {
      "id": "3453383",
      "title": "Across From Midnight",
      "type": "CRD",
      "url": "https://tabs.ultimate-guitar.com/tab/joe-cocker/across-from-midnight-chords-3453383",
      "file_path": null,
      "metadata": {}
    },
    "5710949": {
      "id": "5710949",
      "title": "All Our Tomorrows",
      "type": "CRD",
      "url": "https://tabs.ultimate-guitar.com/tab/joe-cocker/all-our-tomorrows-chords-5710949",
      "file_path": null,
      "metadata": {}
    },
    "1519181": {
      "id": "1519181",
      "title": "Bird On The Wire",
      "type": "CRD",
      "url": "https://tabs.ultimate-guitar.com/tab/joe-cocker/bird-on-the-wire-chords-1519181",
      "file_path": null,
      "metadata": {}
    },
    "3370172": {
      "id": "3370172",
      "title": "Boogie Baby",
      "type": "CRD",
      "url": "https://tabs.ultimate-guitar.com/tab/joe-cocker/boogie-baby-chords-3370172",
      "file_path": null,
      "metadata": {}
    },
    "1949115": {
      "id": "1949115",
      "title": "Bye Bye Blackbird",
      "type": "CRD",
      "url": "https://tabs.ultimate-guitar.com/tab/joe-cocker/bye-bye-blackbird-chords-1949115",
      "file_path": null,
      "metadata": {}
    },
    "3056905": {
      "id": "3056905",
      "title": "Bye Bye Blackbird",
      "type": "PRO",
      "url": "https://tabs.ultimate-guitar.com/tab/joe-cocker/bye-bye-blackbird-guitar-pro-3056905",
      "file_path": null,
      "metadata": {}
    },
    "3207350": {
      "id": "3207350",
      "title": "Cant Find My Way Home",
      "type": "CRD",
      "url": "https://tabs.ultimate-guitar.com/tab/joe-cocker/cant-find-my-way-home-chords-3207350",
      "file_path": null,
      "metadata": {}
    },
    "259802": {
      "id": "259802",
      "title": "Change In Louise",
      "type": "CRD",
      "url": "https://tabs.ultimate-guitar.com/tab/joe-cocker/change-in-louise-chords-259802",
      "file_path": null,
      "metadata": {}
    },
    "1280374": {
      "id": "1280374",
      "title": "Change In Louise",
      "type": "UKE",
      "url": "https://tabs.ultimate-guitar.com/tab/joe-cocker/change-in-louise-ukulele-1280374",
      "file_path": null,
      "metadata": {}
    },
    "1124865": {
      "id": "1124865",
      "title": "Civilized Man",
      "type": "CRD",
      "url": "https://tabs.ultimate-guitar.com/tab/joe-cocker/civilized-man-chords-1124865",
      "file_path": null,
      "metadata": {}
    },
    "1369385": {
      "id": "1369385",
      "title": "Civilized Man",
      "type": "UKE",
      "url": "https://tabs.ultimate-guitar.com/tab/joe-cocker/civilized-man-ukulele-1369385",
      "file_path": null,
      "metadata": {}
    },
    "3203807": {
      "id": "3203807",
      "title": "Come Together",
      "type": "CRD",
      "url": "https://tabs.ultimate-guitar.com/tab/joe-cocker/come-together-chords-3203807",
      "file_path": null,
      "metadata": {}
    },
    "2395397": {
      "id": "2395397",
      "title": "Could You Be Loved",
      "type": "CRD",
      "url": "https://tabs.ultimate-guitar.com/tab/joe-cocker/could-you-be-loved-chords-2395397",
      "file_path": null,
      "metadata": {}
    },
    "4655657": {
      "id": "4655657",
      "title": "Cry Me A River",
      "type": "CRD",
      "url": "https://tabs.ultimate-guitar.com/tab/joe-cocker/cry-me-a-river-chords-4655657",
      "file_path": null,
      "metadata": {}
    },
    "3914210": {
      "id": "3914210",
      "title": "Cry Me A River",
      "type": "PRO",
      "url": "https://tabs.ultimate-guitar.com/tab/joe-cocker/cry-me-a-river-guitar-pro-3914210",
      "file_path": null,
      "metadata": {}
    },
    "788701": {
      "id": "788701",
      "title": "Darling Be Home Soon",
      "type": "CRD",
      "url": "https://tabs.ultimate-guitar.com/tab/joe-cocker/darling-be-home-soon-chords-788701",
      "file_path": null,
      "metadata": {}
    },
    "1320512": {
      "id": "1320512",
      "title": "Darling Be Home Soon",
      "type": "UKE",
      "url": "https://tabs.ultimate-guitar.com/tab/joe-cocker/darling-be-home-soon-ukulele-1320512",
      "file_path": null,
      "metadata": {}
    },
    "1713660": {
      "id": "1713660",
      "title": "Delta Lady",
      "type": "TAB",
      "url": "https://tabs.ultimate-guitar.com/tab/joe-cocker/delta-lady-tabs-1713660",
      "file_path": null,
      "metadata": {}
    },
    "1713664": {
      "id": "1713664",
      "title": "Delta Lady (ver 2)",
      "type": "TAB",
      "url": "https://tabs.ultimate-guitar.com/tab/joe-cocker/delta-lady-tabs-1713664",
      "file_path": null,
      "metadata": {}
    },
    "1415881": {
      "id": "1415881",
      "title": "Delta Lady",
      "type": "PWR",
      "url": "https://tabs.ultimate-guitar.com/tab/joe-cocker/delta-lady-power-1415881",
      "file_path": null,
      "metadata": {}
    },
    "1713657": {
      "id": "1713657",
      "title": "Delta Lady",
      "type": "BASS",
      "url": "https://tabs.ultimate-guitar.com/tab/joe-cocker/delta-lady-bass-1713657",
      "file_path": null,
      "metadata": {}
    },
    "1299126": {
      "id": "1299126",
      "title": "Delta Lady",
      "type": "UKE",
      "url": "https://tabs.ultimate-guitar.com/tab/joe-cocker/delta-lady-ukulele-1299126",
      "file_path": null,
      "metadata": {}
    },
    "1853567": {
      "id": "1853567",
      "title": "Different Roads",
      "type": "CRD",
      "url": "https://tabs.ultimate-guitar.com/tab/joe-cocker/different-roads-chords-1853567",
      "file_path": null,
      "metadata": {}
    },
    "2361353": {
      "id": "2361353",
      "title": "Do I Still Figure In Your Life",
      "type": "CRD",
      "url": "https://tabs.ultimate-guitar.com/tab/joe-cocker/do-i-still-figure-in-your-life-chords-2361353",
      "file_path": null,
      "metadata": {}
    },
    "1310210": {
      "id": "1310210",
      "title": "Dont Let Me Be Misunderstood",
      "type": "UKE",
      "url": "https://tabs.ultimate-guitar.com/tab/joe-cocker/dont-let-me-be-misunderstood-ukulele-1310210",
      "file_path": null,
      "metadata": {}
    },
    "2556729": {
      "id": "2556729",
      "title": "Dont You Love Me Anymore",
      "type": "CRD",
      "url": "https://tabs.ultimate-guitar.com/tab/joe-cocker/dont-you-love-me-anymore-chords-2556729",
      "file_path": null,
      "metadata": {}
    },
    "1860279": {
      "id": "1860279",
      "title": "Everybody Hurts",
      "type": "CRD",
      "url": "https://tabs.ultimate-guitar.com/tab/joe-cocker/everybody-hurts-chords-1860279",
      "file_path": null,
      "metadata": {}
    },
    "4173910": {
      "id": "4173910",
      "title": "Eye On The Prize",
      "type": "CRD",
      "url": "https://tabs.ultimate-guitar.com/tab/joe-cocker/eye-on-the-prize-chords-4173910",
      "file_path": null,
      "metadata": {}
    },
    "2608239": {
      "id": "2608239",
      "title": "Feeling Alright (ver 2)",
      "type": "CRD",
      "url": "https://tabs.ultimate-guitar.com/tab/joe-cocker/feeling-alright-chords-2608239",
      "file_path": null,
      "metadata": {}
    },
    "1167079": {
      "id": "1167079",
      "title": "Feeling Alright",
      "type": "PRO",
      "url": "https://tabs.ultimate-guitar.com/tab/joe-cocker/feeling-alright-guitar-pro-1167079",
      "file_path": null,
      "metadata": {}
    },
    "2696049": {
      "id": "2696049",
      "title": "Feeling Alright",
      "type": "BASS",
      "url": "https://tabs.ultimate-guitar.com/tab/joe-cocker/feeling-alright-bass-2696049",
      "file_path": null,
      "metadata": {}
    },
    "3144170": {
      "id": "3144170",
      "title": "Fire It Up",
      "type": "CRD",
      "url": "https://tabs.ultimate-guitar.com/tab/joe-cocker/fire-it-up-chords-3144170",
      "file_path": null,
      "metadata": {}
    },
    "716229": {
      "id": "716229",
      "title": "First We Take Manhattan",
      "type": "CRD",
      "url": "https://tabs.ultimate-guitar.com/tab/joe-cocker/first-we-take-manhattan-chords-716229",
      "file_path": null,
      "metadata": {}
    },
    "1311111": {
      "id": "1311111",
      "title": "First We Take Manhattan",
      "type": "UKE",
      "url": "https://tabs.ultimate-guitar.com/tab/joe-cocker/first-we-take-manhattan-ukulele-1311111",
      "file_path": null,
      "metadata": {}
    },
    "3312128": {
      "id": "3312128",
      "title": "Girl From The North Country",
      "type": "CRD",
      "url": "https://tabs.ultimate-guitar.com/tab/joe-cocker/girl-from-the-north-country-chords-3312128",
      "file_path": null,
      "metadata": {}
    },
    "91548": {
      "id": "91548",
      "title": "Guilty",
      "type": "CRD",
      "url": "https://tabs.ultimate-guitar.com/tab/joe-cocker/guilty-chords-91548",
      "file_path": null,
      "metadata": {}
    },
    "1270054": {
      "id": "1270054",
      "title": "Guilty",
      "type": "UKE",
      "url": "https://tabs.ultimate-guitar.com/tab/joe-cocker/guilty-ukulele-1270054",
      "file_path": null,
      "metadata": {}
    },
    "121545": {
      "id": "121545",
      "title": "Have A Little Faith In Me  Solo",
      "type": "TAB",
      "url": "https://tabs.ultimate-guitar.com/tab/joe-cocker/have-a-little-faith-in-me-tabs-121545",
      "file_path": null,
      "metadata": {}
    },
    "212492": {
      "id": "212492",
      "title": "Have A Little Faith In Me (ver 2) Solo",
      "type": "TAB",
      "url": "https://tabs.ultimate-guitar.com/tab/joe-cocker/have-a-little-faith-in-me-tabs-212492",
      "file_path": null,
      "metadata": {}
    },
    "5449557": {
      "id": "5449557",
      "title": "Have A Little Faith In Me",
      "type": "PRO",
      "url": "https://tabs.ultimate-guitar.com/tab/joe-cocker/have-a-little-faith-in-me-guitar-pro-5449557",
      "file_path": null,
      "metadata": {}
    },
    "1414840": {
      "id": "1414840",
      "title": "Heart Full Of Rain",
      "type": "CRD",
      "url": "https://tabs.ultimate-guitar.com/tab/joe-cocker/heart-full-of-rain-chords-1414840",
      "file_path": null,
      "metadata": {}
    },
    "1757313": {
      "id": "1757313",
      "title": "High Time We Went",
      "type": "CRD",
      "url": "https://tabs.ultimate-guitar.com/tab/joe-cocker/high-time-we-went-chords-1757313",
      "file_path": null,
      "metadata": {}
    },
    "155821": {
      "id": "155821",
      "title": "Hitchcock Railway",
      "type": "CRD",
      "url": "https://tabs.ultimate-guitar.com/tab/joe-cocker/hitchcock-railway-chords-155821",
      "file_path": null,
      "metadata": {}
    },
    "1274667": {
      "id": "1274667",
      "title": "Hitchcock Railway",
      "type": "UKE",
      "url": "https://tabs.ultimate-guitar.com/tab/joe-cocker/hitchcock-railway-ukulele-1274667",
      "file_path": null,
      "metadata": {}
    },
    "1097820": {
      "id": "1097820",
      "title": "Human Touch",
      "type": "CRD",
      "url": "https://tabs.ultimate-guitar.com/tab/joe-cocker/human-touch-chords-1097820",
      "file_path": null,
      "metadata": {}
    },
    "1981763": {
      "id": "1981763",
      "title": "Hymn For My Soul",
      "type": "CRD",
      "url": "https://tabs.ultimate-guitar.com/tab/joe-cocker/hymn-for-my-soul-chords-1981763",
      "file_path": null,
      "metadata": {}
    },
    "1860246": {
      "id": "1860246",
      "title": "I Come In Peace",
      "type": "CRD",
      "url": "https://tabs.ultimate-guitar.com/tab/joe-cocker/i-come-in-peace-chords-1860246",
      "file_path": null,
      "metadata": {}
    },
    "4897669": {
      "id": "4897669",
      "title": "I Hope",
      "type": "CRD",
      "url": "https://tabs.ultimate-guitar.com/tab/joe-cocker/i-hope-chords-4897669",
      "file_path": null,
      "metadata": {}
    },
    "1519903": {
      "id": "1519903",
      "title": "I Put A Spell On You",
      "type": "CRD",
      "url": "https://tabs.ultimate-guitar.com/tab/joe-cocker/i-put-a-spell-on-you-chords-1519903",
      "file_path": null,
      "metadata": {}
    },
    "3334322": {
      "id": "3334322",
      "title": "I Shall Be Released",
      "type": "CRD",
      "url": "https://tabs.ultimate-guitar.com/tab/joe-cocker/i-shall-be-released-chords-3334322",
      "file_path": null,
      "metadata": {}
    },
    "4731890": {
      "id": "4731890",
      "title": "I Who Have Nothing",
      "type": "CRD",
      "url": "https://tabs.ultimate-guitar.com/tab/joe-cocker/i-who-have-nothing-chords-4731890",
      "file_path": null,
      "metadata": {}
    },
    "1024867": {
      "id": "1024867",
      "title": "Im So Glad Im Standing Here",
      "type": "CRD",
      "url": "https://tabs.ultimate-guitar.com/tab/joe-cocker/im-so-glad-im-standing-here-chords-1024867",
      "file_path": null,
      "metadata": {}
    },
    "1349798": {
      "id": "1349798",
      "title": "Im So Glad Im Standing Here",
      "type": "UKE",
      "url": "https://tabs.ultimate-guitar.com/tab/joe-cocker/im-so-glad-im-standing-here-ukulele-1349798",
      "file_path": null,
      "metadata": {}
    },
    "5485923": {
      "id": "5485923",
      "title": "Inner City Blues",
      "type": "PRO",
      "url": "https://tabs.ultimate-guitar.com/tab/joe-cocker/inner-city-blues-guitar-pro-5485923",
      "file_path": null,
      "metadata": {}
    },
    "3206576": {
      "id": "3206576",
      "title": "Into The Mystic",
      "type": "CRD",
      "url": "https://tabs.ultimate-guitar.com/tab/joe-cocker/into-the-mystic-chords-3206576",
      "file_path": null,
      "metadata": {}
    },
    "1965563": {
      "id": "1965563",
      "title": "Its Only Love",
      "type": "CRD",
      "url": "https://tabs.ultimate-guitar.com/tab/joe-cocker/its-only-love-chords-1965563",
      "file_path": null,
      "metadata": {}
    },
    "4296809": {
      "id": "4296809",
      "title": "Just Like A Woman",
      "type": "CRD",
      "url": "https://tabs.ultimate-guitar.com/tab/joe-cocker/just-like-a-woman-chords-4296809",
      "file_path": null,
      "metadata": {}
    },
    "3266288": {
      "id": "3266288",
      "title": "Lawdy Miss Clawdy",
      "type": "CRD",
      "url": "https://tabs.ultimate-guitar.com/tab/joe-cocker/lawdy-miss-clawdy-chords-3266288",
      "file_path": null,
      "metadata": {}
    },
    "64903": {
      "id": "64903",
      "title": "Leave Your Hat On",
      "type": "TAB",
      "url": "https://tabs.ultimate-guitar.com/tab/joe-cocker/leave-your-hat-on-tabs-64903",
      "file_path": null,
      "metadata": {}
    },
    "1463622": {
      "id": "1463622",
      "title": "Let The Healing Begin",
      "type": "CRD",
      "url": "https://tabs.ultimate-guitar.com/tab/joe-cocker/let-the-healing-begin-chords-1463622",
      "file_path": null,
      "metadata": {}
    },
    "826181": {
      "id": "826181",
      "title": "Lets Go Get Stoned",
      "type": "CRD",
      "url": "https://tabs.ultimate-guitar.com/tab/joe-cocker/lets-go-get-stoned-chords-826181",
      "file_path": null,
      "metadata": {}
    },
    "1323161": {
      "id": "1323161",
      "title": "Lets Go Get Stoned",
      "type": "UKE",
      "url": "https://tabs.ultimate-guitar.com/tab/joe-cocker/lets-go-get-stoned-ukulele-1323161",
      "file_path": null,
      "metadata": {}
    },
    "5236137": {
      "id": "5236137",
      "title": "Letting Go",
      "type": "CRD",
      "url": "https://tabs.ultimate-guitar.com/tab/joe-cocker/letting-go-chords-5236137",
      "file_path": null,
      "metadata": {}
    },
    "3636794": {
      "id": "3636794",
      "title": "Look What Youve Done",
      "type": "CRD",
      "url": "https://tabs.ultimate-guitar.com/tab/joe-cocker/look-what-youve-done-chords-3636794",
      "file_path": null,
      "metadata": {}
    },
    "2562798": {
      "id": "2562798",
      "title": "Love Lives On",
      "type": "CRD",
      "url": "https://tabs.ultimate-guitar.com/tab/joe-cocker/love-lives-on-chords-2562798",
      "file_path": null,
      "metadata": {}
    },
    "788703": {
      "id": "788703",
      "title": "Marjorine",
      "type": "CRD",
      "url": "https://tabs.ultimate-guitar.com/tab/joe-cocker/marjorine-chords-788703",
      "file_path": null,
      "metadata": {}
    },
    "1320513": {
      "id": "1320513",
      "title": "Marjorine",
      "type": "UKE",
      "url": "https://tabs.ultimate-guitar.com/tab/joe-cocker/marjorine-ukulele-1320513",
      "file_path": null,
      "metadata": {}
    },
    "1715629": {
      "id": "1715629",
      "title": "My Fathers Son",
      "type": "CRD",
      "url": "https://tabs.ultimate-guitar.com/tab/joe-cocker/my-fathers-son-chords-1715629",
      "file_path": null,
      "metadata": {}
    },
    "1870186": {
      "id": "1870186",
      "title": "My Fathers Son (ver 2)",
      "type": "CRD",
      "url": "https://tabs.ultimate-guitar.com/tab/joe-cocker/my-fathers-son-chords-1870186",
      "file_path": null,
      "metadata": {}
    },
    "3076289": {
      "id": "3076289",
      "title": "My Fathers Son  Intro",
      "type": "TAB",
      "url": "https://tabs.ultimate-guitar.com/tab/joe-cocker/my-fathers-son-tabs-3076289",
      "file_path": null,
      "metadata": {}
    },
    "1205345": {
      "id": "1205345",
      "title": "Never Tear Us Apart",
      "type": "CRD",
      "url": "https://tabs.ultimate-guitar.com/tab/joe-cocker/never-tear-us-apart-chords-1205345",
      "file_path": null,
      "metadata": {}
    },
    "1933589": {
      "id": "1933589",
      "title": "Never Tear Us Apart  Solo",
      "type": "TAB",
      "url": "https://tabs.ultimate-guitar.com/tab/joe-cocker/never-tear-us-apart-tabs-1933589",
      "file_path": null,
      "metadata": {}
    },
    "1385526": {
      "id": "1385526",
      "title": "Never Tear Us Apart",
      "type": "UKE",
      "url": "https://tabs.ultimate-guitar.com/tab/joe-cocker/never-tear-us-apart-ukulele-1385526",
      "file_path": null,
      "metadata": {}
    },
    "64900": {
      "id": "64900",
      "title": "Night Calls",
      "type": "CRD",
      "url": "https://tabs.ultimate-guitar.com/tab/joe-cocker/night-calls-chords-64900",
      "file_path": null,
      "metadata": {}
    },
    "1187367": {
      "id": "1187367",
      "title": "Night Calls (ver 2)",
      "type": "CRD",
      "url": "https://tabs.ultimate-guitar.com/tab/joe-cocker/night-calls-chords-1187367",
      "file_path": null,
      "metadata": {}
    },
    "1261043": {
      "id": "1261043",
      "title": "Night Calls",
      "type": "UKE",
      "url": "https://tabs.ultimate-guitar.com/tab/joe-cocker/night-calls-ukulele-1261043",
      "file_path": null,
      "metadata": {}
    },
    "3493130": {
      "id": "3493130",
      "title": "No Ordinary World",
      "type": "CRD",
      "url": "https://tabs.ultimate-guitar.com/tab/joe-cocker/no-ordinary-world-chords-3493130",
      "file_path": null,
      "metadata": {}
    },
    "1491658": {
      "id": "1491658",
      "title": "Noubliez Jamais (ver 2)",
      "type": "CRD",
      "url": "https://tabs.ultimate-guitar.com/tab/joe-cocker/noubliez-jamais-chords-1491658",
      "file_path": null,
      "metadata": {}
    },
    "1966957": {
      "id": "1966957",
      "title": "Noubliez Jamais (ver 3)",
      "type": "CRD",
      "url": "https://tabs.ultimate-guitar.com/tab/joe-cocker/noubliez-jamais-chords-1966957",
      "file_path": null,
      "metadata": {}
    },
    "869939": {
      "id": "869939",
      "title": "Noubliez Jamais",
      "type": "PRO",
      "url": "https://tabs.ultimate-guitar.com/tab/joe-cocker/noubliez-jamais-guitar-pro-869939",
      "file_path": null,
      "metadata": {}
    },
    "1362256": {
      "id": "1362256",
      "title": "Noubliez Jamais",
      "type": "UKE",
      "url": "https://tabs.ultimate-guitar.com/tab/joe-cocker/noubliez-jamais-ukulele-1362256",
      "file_path": null,
      "metadata": {}
    },
    "1977921": {
      "id": "1977921",
      "title": "Now That The Magic Has Gone",
      "type": "CRD",
      "url": "https://tabs.ultimate-guitar.com/tab/joe-cocker/now-that-the-magic-has-gone-chords-1977921",
      "file_path": null,
      "metadata": {}
    },
    "216761": {
      "id": "216761",
      "title": "Now That The Magic Has Gone",
      "type": "PRO",
      "url": "https://tabs.ultimate-guitar.com/tab/joe-cocker/now-that-the-magic-has-gone-guitar-pro-216761",
      "file_path": null,
      "metadata": {}
    },
    "5449566": {
      "id": "5449566",
      "title": "Out Of The Blue",
      "type": "PRO",
      "url": "https://tabs.ultimate-guitar.com/tab/joe-cocker/out-of-the-blue-guitar-pro-5449566",
      "file_path": null,
      "metadata": {}
    },
    "788704": {
      "id": "788704",
      "title": "Pardon Me Sir",
      "type": "CRD",
      "url": "https://tabs.ultimate-guitar.com/tab/joe-cocker/pardon-me-sir-chords-788704",
      "file_path": null,
      "metadata": {}
    },
    "1818032": {
      "id": "1818032",
      "title": "Pardon Me Sir",
      "type": "PWR",
      "url": "https://tabs.ultimate-guitar.com/tab/joe-cocker/pardon-me-sir-power-1818032",
      "file_path": null,
      "metadata": {}
    },
    "1818033": {
      "id": "1818033",
      "title": "Pardon Me Sir",
      "type": "BASS",
      "url": "https://tabs.ultimate-guitar.com/tab/joe-cocker/pardon-me-sir-bass-1818033",
      "file_path": null,
      "metadata": {}
    },
    "1320514": {
      "id": "1320514",
      "title": "Pardon Me Sir",
      "type": "UKE",
      "url": "https://tabs.ultimate-guitar.com/tab/joe-cocker/pardon-me-sir-ukulele-1320514",
      "file_path": null,
      "metadata": {}
    },
    "64901": {
      "id": "64901",
      "title": "Please No More",
      "type": "CRD",
      "url": "https://tabs.ultimate-guitar.com/tab/joe-cocker/please-no-more-chords-64901",
      "file_path": null,
      "metadata": {}
    },
    "1261044": {
      "id": "1261044",
      "title": "Please No More",
      "type": "UKE",
      "url": "https://tabs.ultimate-guitar.com/tab/joe-cocker/please-no-more-ukulele-1261044",
      "file_path": null,
      "metadata": {}
    },
    "5045188": {
      "id": "5045188",
      "title": "Put Out The Light",
      "type": "CRD",
      "url": "https://tabs.ultimate-guitar.com/tab/joe-cocker/put-out-the-light-chords-5045188",
      "file_path": null,
      "metadata": {}
    },
    "3090356": {
      "id": "3090356",
      "title": "Respect Yourself",
      "type": "CRD",
      "url": "https://tabs.ultimate-guitar.com/tab/joe-cocker/respect-yourself-chords-3090356",
      "file_path": null,
      "metadata": {}
    },
    "788705": {
      "id": "788705",
      "title": "She Came In Through The Bathroom Window",
      "type": "CRD",
      "url": "https://tabs.ultimate-guitar.com/tab/joe-cocker/she-came-in-through-the-bathroom-window-chords-788705",
      "file_path": null,
      "metadata": {}
    },
    "1442755": {
      "id": "1442755",
      "title": "She Came In Through The Bathroom Window (ver 2)",
      "type": "CRD",
      "url": "https://tabs.ultimate-guitar.com/tab/joe-cocker/she-came-in-through-the-bathroom-window-chords-1442755",
      "file_path": null,
      "metadata": {}
    },
    "2249029": {
      "id": "2249029",
      "title": "She Came In Through The Bathroom Window  Solo",
      "type": "TAB",
      "url": "https://tabs.ultimate-guitar.com/tab/joe-cocker/she-came-in-through-the-bathroom-window-tabs-2249029",
      "file_path": null,
      "metadata": {}
    },
    "1320515": {
      "id": "1320515",
      "title": "She Came In Through The Bathroom Window",
      "type": "UKE",
      "url": "https://tabs.ultimate-guitar.com/tab/joe-cocker/she-came-in-through-the-bathroom-window-ukulele-1320515",
      "file_path": null,
      "metadata": {}
    },
    "2053231": {
      "id": "2053231",
      "title": "Shelter Me",
      "type": "CRD",
      "url": "https://tabs.ultimate-guitar.com/tab/joe-cocker/shelter-me-chords-2053231",
      "file_path": null,
      "metadata": {}
    },
    "5121940": {
      "id": "5121940",
      "title": "So",
      "type": "CRD",
      "url": "https://tabs.ultimate-guitar.com/tab/joe-cocker/so-chords-5121940",
      "file_path": null,
      "metadata": {}
    },
    "788706": {
      "id": "788706",
      "title": "Something",
      "type": "CRD",
      "url": "https://tabs.ultimate-guitar.com/tab/joe-cocker/something-chords-788706",
      "file_path": null,
      "metadata": {}
    },
    "1320516": {
      "id": "1320516",
      "title": "Something",
      "type": "UKE",
      "url": "https://tabs.ultimate-guitar.com/tab/joe-cocker/something-ukulele-1320516",
      "file_path": null,
      "metadata": {}
    },
    "1018427": {
      "id": "1018427",
      "title": "Sorry Seems To Be The Hardest Word",
      "type": "CRD",
      "url": "https://tabs.ultimate-guitar.com/tab/joe-cocker/sorry-seems-to-be-the-hardest-word-chords-1018427",
      "file_path": null,
      "metadata": {}
    },
    "1349066": {
      "id": "1349066",
      "title": "Sorry Seems To Be The Hardest Word",
      "type": "UKE",
      "url": "https://tabs.ultimate-guitar.com/tab/joe-cocker/sorry-seems-to-be-the-hardest-word-ukulele-1349066",
      "file_path": null,
      "metadata": {}
    },
    "3072149": {
      "id": "3072149",
      "title": "Soul Time",
      "type": "CRD",
      "url": "https://tabs.ultimate-guitar.com/tab/joe-cocker/soul-time-chords-3072149",
      "file_path": null,
      "metadata": {}
    },
    "3265346": {
      "id": "3265346",
      "title": "Space Captain",
      "type": "CRD",
      "url": "https://tabs.ultimate-guitar.com/tab/joe-cocker/space-captain-chords-3265346",
      "file_path": null,
      "metadata": {}
    },
    "1034320": {
      "id": "1034320",
      "title": "Summer In The City  Solo",
      "type": "TAB",
      "url": "https://tabs.ultimate-guitar.com/tab/joe-cocker/summer-in-the-city-tabs-1034320",
      "file_path": null,
      "metadata": {}
    },
    "1460089": {
      "id": "1460089",
      "title": "Summer In The City  Solo",
      "type": "PRO",
      "url": "https://tabs.ultimate-guitar.com/tab/joe-cocker/summer-in-the-city-guitar-pro-1460089",
      "file_path": null,
      "metadata": {}
    },
    "425783": {
      "id": "425783",
      "title": "Summer In The City",
      "type": "BASS",
      "url": "https://tabs.ultimate-guitar.com/tab/joe-cocker/summer-in-the-city-bass-425783",
      "file_path": null,
      "metadata": {}
    },
    "3305846": {
      "id": "3305846",
      "title": "Summer In The City (ver 2)",
      "type": "BASS",
      "url": "https://tabs.ultimate-guitar.com/tab/joe-cocker/summer-in-the-city-bass-3305846",
      "file_path": null,
      "metadata": {}
    },
    "1985427": {
      "id": "1985427",
      "title": "Sweet Little Woman",
      "type": "CRD",
      "url": "https://tabs.ultimate-guitar.com/tab/joe-cocker/sweet-little-woman-chords-1985427",
      "file_path": null,
      "metadata": {}
    },
    "4912663": {
      "id": "4912663",
      "title": "Thats All I Need To Know",
      "type": "CRD",
      "url": "https://tabs.ultimate-guitar.com/tab/joe-cocker/thats-all-i-need-to-know-chords-4912663",
      "file_path": null,
      "metadata": {}
    },
    "3266297": {
      "id": "3266297",
      "title": "Thats Your Business",
      "type": "CRD",
      "url": "https://tabs.ultimate-guitar.com/tab/joe-cocker/thats-your-business-chords-3266297",
      "file_path": null,
      "metadata": {}
    },
    "3235424": {
      "id": "3235424",
      "title": "The Jealous Kind",
      "type": "CRD",
      "url": "https://tabs.ultimate-guitar.com/tab/joe-cocker/the-jealous-kind-chords-3235424",
      "file_path": null,
      "metadata": {}
    },
    "456130": {
      "id": "456130",
      "title": "The Letter",
      "type": "CRD",
      "url": "https://tabs.ultimate-guitar.com/tab/joe-cocker/the-letter-chords-456130",
      "file_path": null,
      "metadata": {}
    },
    "788707": {
      "id": "788707",
      "title": "The Letter (ver 2)",
      "type": "CRD",
      "url": "https://tabs.ultimate-guitar.com/tab/joe-cocker/the-letter-chords-788707",
      "file_path": null,
      "metadata": {}
    },
    "1729484": {
      "id": "1729484",
      "title": "The Letter (ver 3)",
      "type": "CRD",
      "url": "https://tabs.ultimate-guitar.com/tab/joe-cocker/the-letter-chords-1729484",
      "file_path": null,
      "metadata": {}
    },
    "2786104": {
      "id": "2786104",
      "title": "The Letter (ver 4)",
      "type": "CRD",
      "url": "https://tabs.ultimate-guitar.com/tab/joe-cocker/the-letter-chords-2786104",
      "file_path": null,
      "metadata": {}
    },
    "1004077": {
      "id": "1004077",
      "title": "The Letter",
      "type": "PRO",
      "url": "https://tabs.ultimate-guitar.com/tab/joe-cocker/the-letter-guitar-pro-1004077",
      "file_path": null,
      "metadata": {}
    },
    "3387680": {
      "id": "3387680",
      "title": "The Letter",
      "type": "BASS",
      "url": "https://tabs.ultimate-guitar.com/tab/joe-cocker/the-letter-bass-3387680",
      "file_path": null,
      "metadata": {}
    },
    "1320517": {
      "id": "1320517",
      "title": "The Letter",
      "type": "UKE",
      "url": "https://tabs.ultimate-guitar.com/tab/joe-cocker/the-letter-ukulele-1320517",
      "file_path": null,
      "metadata": {}
    },
    "3308441": {
      "id": "3308441",
      "title": "The Letting Go",
      "type": "CRD",
      "url": "https://tabs.ultimate-guitar.com/tab/joe-cocker/the-letting-go-chords-3308441",
      "file_path": null,
      "metadata": {}
    },
    "2998841": {
      "id": "2998841",
      "title": "Theres A Storm Coming",
      "type": "CRD",
      "url": "https://tabs.ultimate-guitar.com/tab/joe-cocker/theres-a-storm-coming-chords-2998841",
      "file_path": null,
      "metadata": {}
    },
    "3186983": {
      "id": "3186983",
      "title": "This Is Your Life",
      "type": "CRD",
      "url": "https://tabs.ultimate-guitar.com/tab/joe-cocker/this-is-your-life-chords-3186983",
      "file_path": null,
      "metadata": {}
    },
    "866967": {
      "id": "866967",
      "title": "Tonight",
      "type": "CRD",
      "url": "https://tabs.ultimate-guitar.com/tab/joe-cocker/tonight-chords-866967",
      "file_path": null,
      "metadata": {}
    },
    "1098970": {
      "id": "1098970",
      "title": "Tonight",
      "type": "TAB",
      "url": "https://tabs.ultimate-guitar.com/tab/joe-cocker/tonight-tabs-1098970",
      "file_path": null,
      "metadata": {}
    },
    "799016": {
      "id": "799016",
      "title": "Tonight",
      "type": "PRO",
      "url": "https://tabs.ultimate-guitar.com/tab/joe-cocker/tonight-guitar-pro-799016",
      "file_path": null,
      "metadata": {}
    },
    "1106591": {
      "id": "1106591",
      "title": "Tonight (ver 2)",
      "type": "PRO",
      "url": "https://tabs.ultimate-guitar.com/tab/joe-cocker/tonight-guitar-pro-1106591",
      "file_path": null,
      "metadata": {}
    },
    "1329385": {
      "id": "1329385",
      "title": "Tonight",
      "type": "UKE",
      "url": "https://tabs.ultimate-guitar.com/tab/joe-cocker/tonight-ukulele-1329385",
      "file_path": null,
      "metadata": {}
    },
    "4314458": {
      "id": "4314458",
      "title": "Too Cool",
      "type": "CRD",
      "url": "https://tabs.ultimate-guitar.com/tab/joe-cocker/too-cool-chords-4314458",
      "file_path": null,
      "metadata": {}
    },
    "1946493": {
      "id": "1946493",
      "title": "Trust In Me",
      "type": "CRD",
      "url": "https://tabs.ultimate-guitar.com/tab/joe-cocker/trust-in-me-chords-1946493",
      "file_path": null,
      "metadata": {}
    },
    "1076610": {
      "id": "1076610",
      "title": "Unchain My Heart",
      "type": "PRO",
      "url": "https://tabs.ultimate-guitar.com/tab/joe-cocker/unchain-my-heart-guitar-pro-1076610",
      "file_path": null,
      "metadata": {}
    },
    "1862350": {
      "id": "1862350",
      "title": "Unchain My Heart",
      "type": "BASS",
      "url": "https://tabs.ultimate-guitar.com/tab/joe-cocker/unchain-my-heart-bass-1862350",
      "file_path": null,
      "metadata": {}
    },
    "1295877": {
      "id": "1295877",
      "title": "Unchain My Heart",
      "type": "UKE",
      "url": "https://tabs.ultimate-guitar.com/tab/joe-cocker/unchain-my-heart-ukulele-1295877",
      "file_path": null,
      "metadata": {}
    },
    "1013917": {
      "id": "1013917",
      "title": "Unforgiven",
      "type": "CRD",
      "url": "https://tabs.ultimate-guitar.com/tab/joe-cocker/unforgiven-chords-1013917",
      "file_path": null,
      "metadata": {}
    },
    "1413246": {
      "id": "1413246",
      "title": "Unforgiven (ver 2)",
      "type": "CRD",
      "url": "https://tabs.ultimate-guitar.com/tab/joe-cocker/unforgiven-chords-1413246",
      "file_path": null,
      "metadata": {}
    },
    "1348004": {
      "id": "1348004",
      "title": "Unforgiven",
      "type": "UKE",
      "url": "https://tabs.ultimate-guitar.com/tab/joe-cocker/unforgiven-ukulele-1348004",
      "file_path": null,
      "metadata": {}
    },
    "792942": {
      "id": "792942",
      "title": "Up Where We Belong",
      "type": "CRD",
      "url": "https://tabs.ultimate-guitar.com/tab/joe-cocker/up-where-we-belong-chords-792942",
      "file_path": null,
      "metadata": {}
    },
    "1429082": {
      "id": "1429082",
      "title": "Up Where We Belong (ver 2)",
      "type": "CRD",
      "url": "https://tabs.ultimate-guitar.com/tab/joe-cocker/up-where-we-belong-chords-1429082",
      "file_path": null,
      "metadata": {}
    },
    "1838796": {
      "id": "1838796",
      "title": "Up Where We Belong",
      "type": "PRO",
      "url": "https://tabs.ultimate-guitar.com/tab/joe-cocker/up-where-we-belong-guitar-pro-1838796",
      "file_path": null,
      "metadata": {}
    },
    "3352730": {
      "id": "3352730",
      "title": "Walk Through The World With Me",
      "type": "CRD",
      "url": "https://tabs.ultimate-guitar.com/tab/joe-cocker/walk-through-the-world-with-me-chords-3352730",
      "file_path": null,
      "metadata": {}
    },
    "1150580": {
      "id": "1150580",
      "title": "Wayward Soul",
      "type": "CRD",
      "url": "https://tabs.ultimate-guitar.com/tab/joe-cocker/wayward-soul-chords-1150580",
      "file_path": null,
      "metadata": {}
    },
    "5790587": {
      "id": "5790587",
      "title": "What Are You Doing With A Fool Like Me",
      "type": "CRD",
      "url": "https://tabs.ultimate-guitar.com/tab/joe-cocker/what-are-you-doing-with-a-fool-like-me-chords-5790587",
      "file_path": null,
      "metadata": {}
    },
    "2758323": {
      "id": "2758323",
      "title": "What Becomes Of The Brokenhearted",
      "type": "CRD",
      "url": "https://tabs.ultimate-guitar.com/tab/joe-cocker/what-becomes-of-the-brokenhearted-chords-2758323",
      "file_path": null,
      "metadata": {}
    },
    "1862181": {
      "id": "1862181",
      "title": "When A Woman Cries",
      "type": "CRD",
      "url": "https://tabs.ultimate-guitar.com/tab/joe-cocker/when-a-woman-cries-chords-1862181",
      "file_path": null,
      "metadata": {}
    },
    "1860035": {
      "id": "1860035",
      "title": "When The Night Comes",
      "type": "CRD",
      "url": "https://tabs.ultimate-guitar.com/tab/joe-cocker/when-the-night-comes-chords-1860035",
      "file_path": null,
      "metadata": {}
    },
    "4173382": {
      "id": "4173382",
      "title": "When The Night Comes",
      "type": "CRD",
      "url": "https://tabs.ultimate-guitar.com/tab/joe-cocker/when-the-night-comes-chords-4173382",
      "file_path": null,
      "metadata": {}
    },
    "270500": {
      "id": "270500",
      "title": "With A Little Help From My Friends",
      "type": "CRD",
      "url": "https://tabs.ultimate-guitar.com/tab/joe-cocker/with-a-little-help-from-my-friends-chords-270500",
      "file_path": null,
      "metadata": {}
    },
    "743585": {
      "id": "743585",
      "title": "With A Little Help From My Friends (ver 2)",
      "type": "CRD",
      "url": "https://tabs.ultimate-guitar.com/tab/joe-cocker/with-a-little-help-from-my-friends-chords-743585",
      "file_path": null,
      "metadata": {}
    },
    "1917703": {
      "id": "1917703",
      "title": "With A Little Help From My Friends (ver 3)",
      "type": "CRD",
      "url": "https://tabs.ultimate-guitar.com/tab/joe-cocker/with-a-little-help-from-my-friends-chords-1917703",
      "file_path": null,
      "metadata": {}
    },
    "1982671": {
      "id": "1982671",
      "title": "With A Little Help From My Friends (ver 4)",
      "type": "CRD",
      "url": "https://tabs.ultimate-guitar.com/tab/joe-cocker/with-a-little-help-from-my-friends-chords-1982671",
      "file_path": null,
      "metadata": {}
    },
    "2074173": {
      "id": "2074173",
      "title": "With A Little Help From My Friends (ver 5)",
      "type": "CRD",
      "url": "https://tabs.ultimate-guitar.com/tab/joe-cocker/with-a-little-help-from-my-friends-chords-2074173",
      "file_path": null,
      "metadata": {}
    },
    "3780761": {
      "id": "3780761",
      "title": "With A Little Help From My Friends  Intro",
      "type": "TAB",
      "url": "https://tabs.ultimate-guitar.com/tab/joe-cocker/with-a-little-help-from-my-friends-tabs-3780761",
      "file_path": null,
      "metadata": {}
    },
    "64905": {
      "id": "64905",
      "title": "With A Little Help From My Friends",
      "type": "TAB",
      "url": "https://tabs.ultimate-guitar.com/tab/joe-cocker/with-a-little-help-from-my-friends-tabs-64905",
      "file_path": null,
      "metadata": {}
    },
    "146852": {
      "id": "146852",
      "title": "With A Little Help From My Friends (ver 2)",
      "type": "TAB",
      "url": "https://tabs.ultimate-guitar.com/tab/joe-cocker/with-a-little-help-from-my-friends-tabs-146852",
      "file_path": null,
      "metadata": {}
    },
    "3102974": {
      "id": "3102974",
      "title": "With A Little Help From My Friends",
      "type": "TAB",
      "url": "https://tabs.ultimate-guitar.com/tab/joe-cocker/with-a-little-help-from-my-friends-tabs-3102974",
      "file_path": null,
      "metadata": {}
    },
    "1693605": {
      "id": "1693605",
      "title": "With A Little Help From My Friends",
      "type": "PWR",
      "url": "https://tabs.ultimate-guitar.com/tab/joe-cocker/with-a-little-help-from-my-friends-power-1693605",
      "file_path": null,
      "metadata": {}
    },
    "451128": {
      "id": "451128",
      "title": "With A Little Help From My Friends",
      "type": "BASS",
      "url": "https://tabs.ultimate-guitar.com/tab/joe-cocker/with-a-little-help-from-my-friends-bass-451128",
      "file_path": null,
      "metadata": {}
    },
    "1693604": {
      "id": "1693604",
      "title": "With A Little Help From My Friends (ver 2)",
      "type": "BASS",
      "url": "https://tabs.ultimate-guitar.com/tab/joe-cocker/with-a-little-help-from-my-friends-bass-1693604",
      "file_path": null,
      "metadata": {}
    },
    "2883533": {
      "id": "2883533",
      "title": "With A Little Help From My Friends (ver 3)",
      "type": "BASS",
      "url": "https://tabs.ultimate-guitar.com/tab/joe-cocker/with-a-little-help-from-my-friends-bass-2883533",
      "file_path": null,
      "metadata": {}
    },
    "1279053": {
      "id": "1279053",
      "title": "With A Little Help From My Friends",
      "type": "UKE",
      "url": "https://tabs.ultimate-guitar.com/tab/joe-cocker/with-a-little-help-from-my-friends-ukulele-1279053",
      "file_path": null,
      "metadata": {}
    },
    "1315358": {
      "id": "1315358",
      "title": "With A Little Help From My Friends (ver 2)",
      "type": "UKE",
      "url": "https://tabs.ultimate-guitar.com/tab/joe-cocker/with-a-little-help-from-my-friends-ukulele-1315358",
      "file_path": null,
      "metadata": {}
    },
    "1006964": {
      "id": "1006964",
      "title": "Woman To Woman  Intro",
      "type": "PRO",
      "url": "https://tabs.ultimate-guitar.com/tab/joe-cocker/woman-to-woman-guitar-pro-1006964",
      "file_path": null,
      "metadata": {}
    },
    "1818302": {
      "id": "1818302",
      "title": "Woman To Woman",
      "type": "BASS",
      "url": "https://tabs.ultimate-guitar.com/tab/joe-cocker/woman-to-woman-bass-1818302",
      "file_path": null,
      "metadata": {}
    },
    "1680916": {
      "id": "1680916",
      "title": "You And I",
      "type": "TAB",
      "url": "https://tabs.ultimate-guitar.com/tab/joe-cocker/you-and-i-tabs-1680916",
      "file_path": null,
      "metadata": {}
    },
    "1680924": {
      "id": "1680924",
      "title": "You And I",
      "type": "PRO",
      "url": "https://tabs.ultimate-guitar.com/tab/joe-cocker/you-and-i-guitar-pro-1680924",
      "file_path": null,
      "metadata": {}
    },
    "1115374": {
      "id": "1115374",
      "title": "You Are So Beautiful (ver 2)",
      "type": "CRD",
      "url": "https://tabs.ultimate-guitar.com/tab/joe-cocker/you-are-so-beautiful-chords-1115374",
      "file_path": null,
      "metadata": {}
    },
    "1231388": {
      "id": "1231388",
      "title": "You Are So Beautiful (ver 3)",
      "type": "CRD",
      "url": "https://tabs.ultimate-guitar.com/tab/joe-cocker/you-are-so-beautiful-chords-1231388",
      "file_path": null,
      "metadata": {}
    },
    "1247796": {
      "id": "1247796",
      "title": "You Are So Beautiful (ver 4)",
      "type": "CRD",
      "url": "https://tabs.ultimate-guitar.com/tab/joe-cocker/you-are-so-beautiful-chords-1247796",
      "file_path": null,
      "metadata": {}
    },
    "1493276": {
      "id": "1493276",
      "title": "You Are So Beautiful (ver 5)",
      "type": "CRD",
      "url": "https://tabs.ultimate-guitar.com/tab/joe-cocker/you-are-so-beautiful-chords-1493276",
      "file_path": null,
      "metadata": {}
    },
    "1801826": {
      "id": "1801826",
      "title": "You Are So Beautiful (ver 6)",
      "type": "CRD",
      "url": "https://tabs.ultimate-guitar.com/tab/joe-cocker/you-are-so-beautiful-chords-1801826",
      "file_path": null,
      "metadata": {}
    },
    "1093902": {
      "id": "1093902",
      "title": "You Are So Beautiful (ver 2)",
      "type": "TAB",
      "url": "https://tabs.ultimate-guitar.com/tab/joe-cocker/you-are-so-beautiful-tabs-1093902",
      "file_path": null,
      "metadata": {}
    },
    "3554765": {
      "id": "3554765",
      "title": "You Are So Beautiful (ver 3)",
      "type": "TAB",
      "url": "https://tabs.ultimate-guitar.com/tab/joe-cocker/you-are-so-beautiful-tabs-3554765",
      "file_path": null,
      "metadata": {}
    },
    "4702982": {
      "id": "4702982",
      "title": "You Are So Beautiful (ver 4)",
      "type": "TAB",
      "url": "https://tabs.ultimate-guitar.com/tab/joe-cocker/you-are-so-beautiful-tabs-4702982",
      "file_path": null,
      "metadata": {}
    },
    "216762": {
      "id": "216762",
      "title": "You Are So Beautiful",
      "type": "PRO",
      "url": "https://tabs.ultimate-guitar.com/tab/joe-cocker/you-are-so-beautiful-guitar-pro-216762",
      "file_path": null,
      "metadata": {}
    },
    "4959619": {
      "id": "4959619",
      "title": "You Are So Beautiful (ver 2)",
      "type": "PRO",
      "url": "https://tabs.ultimate-guitar.com/tab/joe-cocker/you-are-so-beautiful-guitar-pro-4959619",
      "file_path": null,
      "metadata": {}
    },
    "2020656": {
      "id": "2020656",
      "title": "You Are So Beautiful",
      "type": "PRO",
      "url": "https://tabs.ultimate-guitar.com/tab/joe-cocker/you-are-so-beautiful-guitar-pro-2020656",
      "file_path": null,
      "metadata": {}
    },
    "303540": {
      "id": "303540",
      "title": "You Are So Beautiful",
      "type": "PWR",
      "url": "https://tabs.ultimate-guitar.com/tab/joe-cocker/you-are-so-beautiful-power-303540",
      "file_path": null,
      "metadata": {}
    },
    "1316482": {
      "id": "1316482",
      "title": "You Are So Beautiful",
      "type": "UKE",
      "url": "https://tabs.ultimate-guitar.com/tab/joe-cocker/you-are-so-beautiful-ukulele-1316482",
      "file_path": null,
      "metadata": {}
    },
    "4654589": {
      "id": "4654589",
      "title": "You Can Leave Your Hat On (ver 2)",
      "type": "CRD",
      "url": "https://tabs.ultimate-guitar.com/tab/joe-cocker/you-can-leave-your-hat-on-chords-4654589",
      "file_path": null,
      "metadata": {}
    },
    "697007": {
      "id": "697007",
      "title": "You Can Leave Your Hat On",
      "type": "PRO",
      "url": "https://tabs.ultimate-guitar.com/tab/joe-cocker/you-can-leave-your-hat-on-guitar-pro-697007",
      "file_path": null,
      "metadata": {}
    },
    "1810657": {
      "id": "1810657",
      "title": "You Can Leave Your Hat On",
      "type": "PWR",
      "url": "https://tabs.ultimate-guitar.com/tab/joe-cocker/you-can-leave-your-hat-on-power-1810657",
      "file_path": null,
      "metadata": {}
    },
    "1810658": {
      "id": "1810658",
      "title": "You Can Leave Your Hat On",
      "type": "BASS",
      "url": "https://tabs.ultimate-guitar.com/tab/joe-cocker/you-can-leave-your-hat-on-bass-1810658",
      "file_path": null,
      "metadata": {}
    },
    "1726923": {
      "id": "1726923",
      "title": "You Dont Know What Youre Doing To Me",
      "type": "CRD",
      "url": "https://tabs.ultimate-guitar.com/tab/joe-cocker/you-dont-know-what-youre-doing-to-me-chords-1726923",
      "file_path": null,
      "metadata": {}
    },
    "1677387": {
      "id": "1677387",
      "title": "You Dont Need A Million Dollars",
      "type": "CRD",
      "url": "https://tabs.ultimate-guitar.com/tab/joe-cocker/you-dont-need-a-million-dollars-chords-1677387",
      "file_path": null,
      "metadata": {}
    },
    "5596107": {
      "id": "5596107",
      "title": "You Dont Need A Million Dollars",
      "type": "CRD",
      "url": "https://tabs.ultimate-guitar.com/tab/joe-cocker/you-dont-need-a-million-dollars-chords-5596107",
      "file_path": null,
      "metadata": {}
    },
    "1769896": {
      "id": "1769896",
      "title": "You Love Me Back",
      "type": "CRD",
      "url": "https://tabs.ultimate-guitar.com/tab/joe-cocker/you-love-me-back-chords-1769896",
      "file_path": null,
      "metadata": {}
    },
    "2712018": {
      "id": "2712018",
      "title": "Younger",
      "type": "CRD",
      "url": "https://tabs.ultimate-guitar.com/tab/joe-cocker/younger-chords-2712018",
      "file_path": null,
      "metadata": {}
    }
  }
}