{
  "id": "107057",
  "name": "Irish Mythen",
  "url": "https://www.ultimate-guitar.com/artist/irish_mythen_107057",
  "tabs": {
    "5526012": {
      "id": "5526012",
      "title": "Hope And Fortune",
      "type": "CRD",
      "url": "https://tabs.ultimate-guitar.com/tab/svavar-knutur/hope-and-fortune-chords-5526012",
      "file_path": null,
      "metadata": {}
    },
    "3921191": {
      "id": "3921191",
      "title": "55 Years",
      "type": "CRD",
      "url": "https://tabs.ultimate-guitar.com/tab/irish-mythen/55-years-chords-3921191",
      "file_path": null,
      "metadata": {}
    },
    "3013802": {
      "id": "3013802",
      "title": "Gypsy Dancer",
      "type": "CRD",
      "url": "https://tabs.ultimate-guitar.com/tab/irish-mythen/gypsy-dancer-chords-3013802",
      "file_path": null,
      "metadata": {}
    },
    "2127217": {
      "id": "2127217",
      "title": "She Finds Me",
      "type": "CRD",
      "url": "https://tabs.ultimate-guitar.com/tab/irish-mythen/she-finds-me-chords-2127217",
      "file_path": null,
      "metadata": {}
    }
  }
}