{
  "id": "1001570",
  "name": "Buddy Castle",
  "url": "https://www.ultimate-guitar.com/artist/buddy_castle_1001570",
  "tabs": {
    "3742835": {
      "id": "3742835",
      "title": "The Cuppycake Song",
      "type": "CRD",
      "url": "https://tabs.ultimate-guitar.com/tab/buddy-castle/the-cuppycake-song-chords-3742835",
      "file_path": null,
      "metadata": {}
    },
    "3980845": {
      "id": "3980845",
      "title": "The Cuppycake Song Honey Bunch",
      "type": "CRD",
      "url": "https://tabs.ultimate-guitar.com/tab/buddy-castle/the-cuppycake-song-honey-bunch-chords-3980845",
      "file_path": null,
      "metadata": {}
    }
  }
}