{
  "id": "11103",
  "name": "Sam Phillips",
  "url": "https://www.ultimate-guitar.com/artist/sam_phillips_11103",
  "tabs": {
    "365722": {
      "id": "365722",
      "title": "If I Could Write",
      "type": "CRD",
      "url": "https://tabs.ultimate-guitar.com/tab/sam-phillips/if-i-could-write-chords-365722",
      "file_path": null,
      "metadata": {}
    },
    "695506": {
      "id": "695506",
      "title": "How To Dream",
      "type": "CRD",
      "url": "https://tabs.ultimate-guitar.com/tab/sam-phillips/how-to-dream-chords-695506",
      "file_path": null,
      "metadata": {}
    },
    "1313680": {
      "id": "1313680",
      "title": "Reflecting Light",
      "type": "UKE",
      "url": "https://tabs.ultimate-guitar.com/tab/sam-phillips/reflecting-light-ukulele-1313680",
      "file_path": null,
      "metadata": {}
    },
    "80523": {
      "id": "80523",
      "title": "I Need Love",
      "type": "CRD",
      "url": "https://tabs.ultimate-guitar.com/tab/sam-phillips/i-need-love-chords-80523",
      "file_path": null,
      "metadata": {}
    },
    "806695": {
      "id": "806695",
      "title": "Sister Rosetta Goes Before Us",
      "type": "CRD",
      "url": "https://tabs.ultimate-guitar.com/tab/sam-phillips/sister-rosetta-goes-before-us-chords-806695",
      "file_path": null,
      "metadata": {}
    },
    "671638": {
      "id": "671638",
      "title": "Love Is Everywhere I Go",
      "type": "CRD",
      "url": "https://tabs.ultimate-guitar.com/tab/sam-phillips/love-is-everywhere-i-go-chords-671638",
      "file_path": null,
      "metadata": {}
    },
    "388476": {
      "id": "388476",
      "title": "Taking Pictures",
      "type": "CRD",
      "url": "https://tabs.ultimate-guitar.com/tab/sam-phillips/taking-pictures-chords-388476",
      "file_path": null,
      "metadata": {}
    },
    "1004902": {
      "id": "1004902",
      "title": "Five Colors",
      "type": "CRD",
      "url": "https://tabs.ultimate-guitar.com/tab/sam-phillips/five-colors-chords-1004902",
      "file_path": null,
      "metadata": {}
    },
    "80520": {
      "id": "80520",
      "title": "Baby I Cant Please You",
      "type": "CRD",
      "url": "https://tabs.ultimate-guitar.com/tab/sam-phillips/baby-i-cant-please-you-chords-80520",
      "file_path": null,
      "metadata": {}
    },
    "1285744": {
      "id": "1285744",
      "title": "If I Could Write",
      "type": "UKE",
      "url": "https://tabs.ultimate-guitar.com/tab/sam-phillips/if-i-could-write-ukulele-1285744",
      "file_path": null,
      "metadata": {}
    },
    "4730834": {
      "id": "4730834",
      "title": "Gilmore Girls - Transition Song  Intro",
      "type": "TAB",
      "url": "https://tabs.ultimate-guitar.com/tab/misc-television/gilmore-girls-transition-song-tabs-4730834",
      "file_path": null,
      "metadata": {}
    },
    "1266763": {
      "id": "1266763",
      "title": "Baby I Cant Please You",
      "type": "UKE",
      "url": "https://tabs.ultimate-guitar.com/tab/sam-phillips/baby-i-cant-please-you-ukulele-1266763",
      "file_path": null,
      "metadata": {}
    },
    "80521": {
      "id": "80521",
      "title": "Circle Of Fire",
      "type": "CRD",
      "url": "https://tabs.ultimate-guitar.com/tab/sam-phillips/circle-of-fire-chords-80521",
      "file_path": null,
      "metadata": {}
    },
    "1266764": {
      "id": "1266764",
      "title": "Circle Of Fire",
      "type": "UKE",
      "url": "https://tabs.ultimate-guitar.com/tab/sam-phillips/circle-of-fire-ukulele-1266764",
      "file_path": null,
      "metadata": {}
    },
    "777623": {
      "id": "777623",
      "title": "Dont Do Anything",
      "type": "CRD",
      "url": "https://tabs.ultimate-guitar.com/tab/sam-phillips/dont-do-anything-chords-777623",
      "file_path": null,
      "metadata": {}
    },
    "1319000": {
      "id": "1319000",
      "title": "Dont Do Anything",
      "type": "UKE",
      "url": "https://tabs.ultimate-guitar.com/tab/sam-phillips/dont-do-anything-ukulele-1319000",
      "file_path": null,
      "metadata": {}
    },
    "80522": {
      "id": "80522",
      "title": "Faster Pussycat To The Library",
      "type": "CRD",
      "url": "https://tabs.ultimate-guitar.com/tab/sam-phillips/faster-pussycat-to-the-library-chords-80522",
      "file_path": null,
      "metadata": {}
    },
    "1266765": {
      "id": "1266765",
      "title": "Faster Pussycat To The Library",
      "type": "UKE",
      "url": "https://tabs.ultimate-guitar.com/tab/sam-phillips/faster-pussycat-to-the-library-ukulele-1266765",
      "file_path": null,
      "metadata": {}
    },
    "1346803": {
      "id": "1346803",
      "title": "Five Colors",
      "type": "UKE",
      "url": "https://tabs.ultimate-guitar.com/tab/sam-phillips/five-colors-ukulele-1346803",
      "file_path": null,
      "metadata": {}
    },
    "3062712": {
      "id": "3062712",
      "title": "Flame",
      "type": "CRD",
      "url": "https://tabs.ultimate-guitar.com/tab/sam-phillips/flame-chords-3062712",
      "file_path": null,
      "metadata": {}
    },
    "1856238": {
      "id": "1856238",
      "title": "Flowers Up",
      "type": "CRD",
      "url": "https://tabs.ultimate-guitar.com/tab/sam-phillips/flowers-up-chords-1856238",
      "file_path": null,
      "metadata": {}
    },
    "2398331": {
      "id": "2398331",
      "title": "Holding Onto The Earth",
      "type": "UKE",
      "url": "https://tabs.ultimate-guitar.com/tab/sam-phillips/holding-onto-the-earth-ukulele-2398331",
      "file_path": null,
      "metadata": {}
    },
    "3552983": {
      "id": "3552983",
      "title": "Hole In My Pocket",
      "type": "CRD",
      "url": "https://tabs.ultimate-guitar.com/tab/sam-phillips/hole-in-my-pocket-chords-3552983",
      "file_path": null,
      "metadata": {}
    },
    "720031": {
      "id": "720031",
      "title": "How To Dream (ver 2)",
      "type": "CRD",
      "url": "https://tabs.ultimate-guitar.com/tab/sam-phillips/how-to-dream-chords-720031",
      "file_path": null,
      "metadata": {}
    },
    "1057347": {
      "id": "1057347",
      "title": "How To Dream (ver 3)",
      "type": "CRD",
      "url": "https://tabs.ultimate-guitar.com/tab/sam-phillips/how-to-dream-chords-1057347",
      "file_path": null,
      "metadata": {}
    },
    "3569324": {
      "id": "3569324",
      "title": "How To Dream (ver 4)",
      "type": "CRD",
      "url": "https://tabs.ultimate-guitar.com/tab/sam-phillips/how-to-dream-chords-3569324",
      "file_path": null,
      "metadata": {}
    },
    "1313072": {
      "id": "1313072",
      "title": "How To Dream",
      "type": "UKE",
      "url": "https://tabs.ultimate-guitar.com/tab/sam-phillips/how-to-dream-ukulele-1313072",
      "file_path": null,
      "metadata": {}
    },
    "1741225": {
      "id": "1741225",
      "title": "How To Dream (ver 2)",
      "type": "UKE",
      "url": "https://tabs.ultimate-guitar.com/tab/sam-phillips/how-to-dream-ukulele-1741225",
      "file_path": null,
      "metadata": {}
    },
    "777311": {
      "id": "777311",
      "title": "How To Quit",
      "type": "CRD",
      "url": "https://tabs.ultimate-guitar.com/tab/sam-phillips/how-to-quit-chords-777311",
      "file_path": null,
      "metadata": {}
    },
    "1315790": {
      "id": "1315790",
      "title": "How To Quit",
      "type": "UKE",
      "url": "https://tabs.ultimate-guitar.com/tab/sam-phillips/how-to-quit-ukulele-1315790",
      "file_path": null,
      "metadata": {}
    },
    "4777526": {
      "id": "4777526",
      "title": "I Dont Want To Fall In Love",
      "type": "CRD",
      "url": "https://tabs.ultimate-guitar.com/tab/sam-phillips/i-dont-want-to-fall-in-love-chords-4777526",
      "file_path": null,
      "metadata": {}
    },
    "1266766": {
      "id": "1266766",
      "title": "I Need Love",
      "type": "UKE",
      "url": "https://tabs.ultimate-guitar.com/tab/sam-phillips/i-need-love-ukulele-1266766",
      "file_path": null,
      "metadata": {}
    },
    "3075107": {
      "id": "3075107",
      "title": "It Doesnt Feel Like Christmas",
      "type": "CRD",
      "url": "https://tabs.ultimate-guitar.com/tab/sam-phillips/it-doesnt-feel-like-christmas-chords-3075107",
      "file_path": null,
      "metadata": {}
    },
    "3061057": {
      "id": "3061057",
      "title": "Lever Pulled Down",
      "type": "CRD",
      "url": "https://tabs.ultimate-guitar.com/tab/sam-phillips/lever-pulled-down-chords-3061057",
      "file_path": null,
      "metadata": {}
    },
    "774585": {
      "id": "774585",
      "title": "Little Plastic Life",
      "type": "CRD",
      "url": "https://tabs.ultimate-guitar.com/tab/sam-phillips/little-plastic-life-chords-774585",
      "file_path": null,
      "metadata": {}
    },
    "1318832": {
      "id": "1318832",
      "title": "Little Plastic Life",
      "type": "UKE",
      "url": "https://tabs.ultimate-guitar.com/tab/sam-phillips/little-plastic-life-ukulele-1318832",
      "file_path": null,
      "metadata": {}
    },
    "1405654": {
      "id": "1405654",
      "title": "Little White Feet",
      "type": "CRD",
      "url": "https://tabs.ultimate-guitar.com/tab/sam-phillips/little-white-feet-chords-1405654",
      "file_path": null,
      "metadata": {}
    },
    "204195": {
      "id": "204195",
      "title": "Love And Kisses",
      "type": "CRD",
      "url": "https://tabs.ultimate-guitar.com/tab/sam-phillips/love-and-kisses-chords-204195",
      "file_path": null,
      "metadata": {}
    },
    "1278014": {
      "id": "1278014",
      "title": "Love And Kisses",
      "type": "UKE",
      "url": "https://tabs.ultimate-guitar.com/tab/sam-phillips/love-and-kisses-ukulele-1278014",
      "file_path": null,
      "metadata": {}
    },
    "5463675": {
      "id": "5463675",
      "title": "Love Changes Everything",
      "type": "CRD",
      "url": "https://tabs.ultimate-guitar.com/tab/sam-phillips/love-changes-everything-chords-5463675",
      "file_path": null,
      "metadata": {}
    },
    "941886": {
      "id": "941886",
      "title": "Love Is Everywhere I Go (ver 2)",
      "type": "CRD",
      "url": "https://tabs.ultimate-guitar.com/tab/sam-phillips/love-is-everywhere-i-go-chords-941886",
      "file_path": null,
      "metadata": {}
    },
    "1791996": {
      "id": "1791996",
      "title": "Love Is Everywhere I Go (ver 3)",
      "type": "CRD",
      "url": "https://tabs.ultimate-guitar.com/tab/sam-phillips/love-is-everywhere-i-go-chords-1791996",
      "file_path": null,
      "metadata": {}
    },
    "1307151": {
      "id": "1307151",
      "title": "Love Is Everywhere I Go",
      "type": "UKE",
      "url": "https://tabs.ultimate-guitar.com/tab/sam-phillips/love-is-everywhere-i-go-ukulele-1307151",
      "file_path": null,
      "metadata": {}
    },
    "80524": {
      "id": "80524",
      "title": "Lying",
      "type": "CRD",
      "url": "https://tabs.ultimate-guitar.com/tab/sam-phillips/lying-chords-80524",
      "file_path": null,
      "metadata": {}
    },
    "1266767": {
      "id": "1266767",
      "title": "Lying",
      "type": "UKE",
      "url": "https://tabs.ultimate-guitar.com/tab/sam-phillips/lying-ukulele-1266767",
      "file_path": null,
      "metadata": {}
    },
    "2851139": {
      "id": "2851139",
      "title": "Magic For Everybody",
      "type": "CRD",
      "url": "https://tabs.ultimate-guitar.com/tab/sam-phillips/magic-for-everybody-chords-2851139",
      "file_path": null,
      "metadata": {}
    },
    "805850": {
      "id": "805850",
      "title": "One Day Late",
      "type": "CRD",
      "url": "https://tabs.ultimate-guitar.com/tab/sam-phillips/one-day-late-chords-805850",
      "file_path": null,
      "metadata": {}
    },
    "1318903": {
      "id": "1318903",
      "title": "One Day Late",
      "type": "UKE",
      "url": "https://tabs.ultimate-guitar.com/tab/sam-phillips/one-day-late-ukulele-1318903",
      "file_path": null,
      "metadata": {}
    },
    "3062682": {
      "id": "3062682",
      "title": "Pretty Time Bomb",
      "type": "CRD",
      "url": "https://tabs.ultimate-guitar.com/tab/sam-phillips/pretty-time-bomb-chords-3062682",
      "file_path": null,
      "metadata": {}
    },
    "3936845": {
      "id": "3936845",
      "title": "Raised On Promises",
      "type": "CRD",
      "url": "https://tabs.ultimate-guitar.com/tab/sam-phillips/raised-on-promises-chords-3936845",
      "file_path": null,
      "metadata": {}
    },
    "319885": {
      "id": "319885",
      "title": "Reflecting Light",
      "type": "CRD",
      "url": "https://tabs.ultimate-guitar.com/tab/sam-phillips/reflecting-light-chords-319885",
      "file_path": null,
      "metadata": {}
    },
    "724208": {
      "id": "724208",
      "title": "Reflecting Light (ver 2)",
      "type": "CRD",
      "url": "https://tabs.ultimate-guitar.com/tab/sam-phillips/reflecting-light-chords-724208",
      "file_path": null,
      "metadata": {}
    },
    "1907006": {
      "id": "1907006",
      "title": "Reflecting Light (ver 3)",
      "type": "CRD",
      "url": "https://tabs.ultimate-guitar.com/tab/sam-phillips/reflecting-light-chords-1907006",
      "file_path": null,
      "metadata": {}
    },
    "1908116": {
      "id": "1908116",
      "title": "Reflecting Light (ver 4)",
      "type": "CRD",
      "url": "https://tabs.ultimate-guitar.com/tab/sam-phillips/reflecting-light-chords-1908116",
      "file_path": null,
      "metadata": {}
    },
    "5131942": {
      "id": "5131942",
      "title": "Reflecting Light (ver 5)",
      "type": "CRD",
      "url": "https://tabs.ultimate-guitar.com/tab/sam-phillips/reflecting-light-chords-5131942",
      "file_path": null,
      "metadata": {}
    },
    "1931663": {
      "id": "1931663",
      "title": "Reflecting Light",
      "type": "CRD",
      "url": "https://tabs.ultimate-guitar.com/tab/sam-phillips/reflecting-light-chords-1931663",
      "file_path": null,
      "metadata": {}
    },
    "2646525": {
      "id": "2646525",
      "title": "Reflecting Light (ver 2)",
      "type": "CRD",
      "url": "https://tabs.ultimate-guitar.com/tab/sam-phillips/reflecting-light-chords-2646525",
      "file_path": null,
      "metadata": {}
    },
    "2337333": {
      "id": "2337333",
      "title": "Reflecting Light  Intro",
      "type": "TAB",
      "url": "https://tabs.ultimate-guitar.com/tab/sam-phillips/reflecting-light-tabs-2337333",
      "file_path": null,
      "metadata": {}
    },
    "80525": {
      "id": "80525",
      "title": "Signposts",
      "type": "CRD",
      "url": "https://tabs.ultimate-guitar.com/tab/sam-phillips/signposts-chords-80525",
      "file_path": null,
      "metadata": {}
    },
    "1266768": {
      "id": "1266768",
      "title": "Signposts",
      "type": "UKE",
      "url": "https://tabs.ultimate-guitar.com/tab/sam-phillips/signposts-ukulele-1266768",
      "file_path": null,
      "metadata": {}
    },
    "2955590": {
      "id": "2955590",
      "title": "Sister Rosetta Goes Before Us",
      "type": "TAB",
      "url": "https://tabs.ultimate-guitar.com/tab/sam-phillips/sister-rosetta-goes-before-us-tabs-2955590",
      "file_path": null,
      "metadata": {}
    },
    "1322329": {
      "id": "1322329",
      "title": "Sister Rosetta Goes Before Us",
      "type": "UKE",
      "url": "https://tabs.ultimate-guitar.com/tab/sam-phillips/sister-rosetta-goes-before-us-ukulele-1322329",
      "file_path": null,
      "metadata": {}
    },
    "1032280": {
      "id": "1032280",
      "title": "So Glad Youre Here",
      "type": "CRD",
      "url": "https://tabs.ultimate-guitar.com/tab/sam-phillips/so-glad-youre-here-chords-1032280",
      "file_path": null,
      "metadata": {}
    },
    "1351566": {
      "id": "1351566",
      "title": "So Glad Youre Here",
      "type": "UKE",
      "url": "https://tabs.ultimate-guitar.com/tab/sam-phillips/so-glad-youre-here-ukulele-1351566",
      "file_path": null,
      "metadata": {}
    },
    "2499945": {
      "id": "2499945",
      "title": "Strawberry Road",
      "type": "CRD",
      "url": "https://tabs.ultimate-guitar.com/tab/sam-phillips/strawberry-road-chords-2499945",
      "file_path": null,
      "metadata": {}
    },
    "1287952": {
      "id": "1287952",
      "title": "Taking Pictures",
      "type": "UKE",
      "url": "https://tabs.ultimate-guitar.com/tab/sam-phillips/taking-pictures-ukulele-1287952",
      "file_path": null,
      "metadata": {}
    },
    "326954": {
      "id": "326954",
      "title": "Tell Her What She Wants To Know",
      "type": "CRD",
      "url": "https://tabs.ultimate-guitar.com/tab/sam-phillips/tell-her-what-she-wants-to-know-chords-326954",
      "file_path": null,
      "metadata": {}
    },
    "793203": {
      "id": "793203",
      "title": "Tell Her What She Wants To Know (ver 2)",
      "type": "CRD",
      "url": "https://tabs.ultimate-guitar.com/tab/sam-phillips/tell-her-what-she-wants-to-know-chords-793203",
      "file_path": null,
      "metadata": {}
    },
    "1319018": {
      "id": "1319018",
      "title": "Tell Her What She Wants To Know",
      "type": "UKE",
      "url": "https://tabs.ultimate-guitar.com/tab/sam-phillips/tell-her-what-she-wants-to-know-ukulele-1319018",
      "file_path": null,
      "metadata": {}
    },
    "2457050": {
      "id": "2457050",
      "title": "What You Dont Want To Hear",
      "type": "UKE",
      "url": "https://tabs.ultimate-guitar.com/tab/sam-phillips/what-you-dont-want-to-hear-ukulele-2457050",
      "file_path": null,
      "metadata": {}
    },
    "1697857": {
      "id": "1697857",
      "title": "Wheel Of The Broken Voice",
      "type": "CRD",
      "url": "https://tabs.ultimate-guitar.com/tab/sam-phillips/wheel-of-the-broken-voice-chords-1697857",
      "file_path": null,
      "metadata": {}
    },
    "2726973": {
      "id": "2726973",
      "title": "When I Fall",
      "type": "CRD",
      "url": "https://tabs.ultimate-guitar.com/tab/sam-phillips/when-i-fall-chords-2726973",
      "file_path": null,
      "metadata": {}
    },
    "1032278": {
      "id": "1032278",
      "title": "When Im A Camera",
      "type": "CRD",
      "url": "https://tabs.ultimate-guitar.com/tab/sam-phillips/when-im-a-camera-chords-1032278",
      "file_path": null,
      "metadata": {}
    },
    "1351564": {
      "id": "1351564",
      "title": "When Im A Camera",
      "type": "UKE",
      "url": "https://tabs.ultimate-guitar.com/tab/sam-phillips/when-im-a-camera-ukulele-1351564",
      "file_path": null,
      "metadata": {}
    },
    "1926031": {
      "id": "1926031",
      "title": "When Im Alone",
      "type": "CRD",
      "url": "https://tabs.ultimate-guitar.com/tab/sam-phillips/when-im-alone-chords-1926031",
      "file_path": null,
      "metadata": {}
    },
    "1294967": {
      "id": "1294967",
      "title": "Where Is Love Now",
      "type": "UKE",
      "url": "https://tabs.ultimate-guitar.com/tab/sam-phillips/where-is-love-now-ukulele-1294967",
      "file_path": null,
      "metadata": {}
    },
    "4045903": {
      "id": "4045903",
      "title": "Where The Colors Dont Go",
      "type": "CRD",
      "url": "https://tabs.ultimate-guitar.com/tab/sam-phillips/where-the-colors-dont-go-chords-4045903",
      "file_path": null,
      "metadata": {}
    },
    "80526": {
      "id": "80526",
      "title": "Your Hands",
      "type": "CRD",
      "url": "https://tabs.ultimate-guitar.com/tab/sam-phillips/your-hands-chords-80526",
      "file_path": null,
      "metadata": {}
    },
    "1266769": {
      "id": "1266769",
      "title": "Your Hands",
      "type": "UKE",
      "url": "https://tabs.ultimate-guitar.com/tab/sam-phillips/your-hands-ukulele-1266769",
      "file_path": null,
      "metadata": {}
    },
    "80527": {
      "id": "80527",
      "title": "Zero Zero Zero",
      "type": "CRD",
      "url": "https://tabs.ultimate-guitar.com/tab/sam-phillips/zero-zero-zero-chords-80527",
      "file_path": null,
      "metadata": {}
    },
    "2666649": {
      "id": "2666649",
      "title": "Zero Zero Zero",
      "type": "CRD",
      "url": "https://tabs.ultimate-guitar.com/tab/sam-phillips/zero-zero-zero-chords-2666649",
      "file_path": null,
      "metadata": {}
    },
    "1266770": {
      "id": "1266770",
      "title": "Zero Zero Zero",
      "type": "UKE",
      "url": "https://tabs.ultimate-guitar.com/tab/sam-phillips/zero-zero-zero-ukulele-1266770",
      "file_path": null,
      "metadata": {}
    }
  }
}