{
  "id": "1005077",
  "name": "Iria Schärer",
  "url": "https://www.ultimate-guitar.com/artist/1005077",
  "tabs": {
    "4322135": {
      "id": "4322135",
      "title": "Der Erste Friede",
      "type": "CRD",
      "url": "https://tabs.ultimate-guitar.com/tab/4322135",
      "file_path": null,
      "metadata": {}
    },
    "3759500": {
      "id": "3759500",
      "title": "Gelassen",
      "type": "UKE",
      "url": "https://tabs.ultimate-guitar.com/tab/3759500",
      "file_path": null,
      "metadata": {}
    },
    "5601663": {
      "id": "5601663",
      "title": "Mysterium",
      "type": "CRD",
      "url": "https://tabs.ultimate-guitar.com/tab/5601663",
      "file_path": null,
      "metadata": {}
    },
    "4188904": {
      "id": "4188904",
      "title": "Tief In Mir",
      "type": "CRD",
      "url": "https://tabs.ultimate-guitar.com/tab/4188904",
      "file_path": null,
      "metadata": {}
    }
  }
}