{
  "id": "11018",
  "name": "Harry Nilsson",
  "url": "https://www.ultimate-guitar.com/artist/harry_nilsson_11018",
  "tabs": {
    "926322": {
      "id": "926322",
      "title": "Without You",
      "type": "CRD",
      "url": "https://tabs.ultimate-guitar.com/tab/harry-nilsson/without-you-chords-926322",
      "file_path": null,
      "metadata": {}
    },
    "635082": {
      "id": "635082",
      "title": "Gotta Get Up",
      "type": "CRD",
      "url": "https://tabs.ultimate-guitar.com/tab/harry-nilsson/gotta-get-up-chords-635082",
      "file_path": null,
      "metadata": {}
    },
    "635103": {
      "id": "635103",
      "title": "One",
      "type": "CRD",
      "url": "https://tabs.ultimate-guitar.com/tab/harry-nilsson/one-chords-635103",
      "file_path": null,
      "metadata": {}
    },
    "635090": {
      "id": "635090",
      "title": "I Guess The Lord Must Be In New York City",
      "type": "CRD",
      "url": "https://tabs.ultimate-guitar.com/tab/harry-nilsson/i-guess-the-lord-must-be-in-new-york-city-chords-635090",
      "file_path": null,
      "metadata": {}
    },
    "1201538": {
      "id": "1201538",
      "title": "Me And My Arrow",
      "type": "CRD",
      "url": "https://tabs.ultimate-guitar.com/tab/harry-nilsson/me-and-my-arrow-chords-1201538",
      "file_path": null,
      "metadata": {}
    },
    "794224": {
      "id": "794224",
      "title": "Jump Into The Fire",
      "type": "BASS",
      "url": "https://tabs.ultimate-guitar.com/tab/harry-nilsson/jump-into-the-fire-bass-794224",
      "file_path": null,
      "metadata": {}
    },
    "635105": {
      "id": "635105",
      "title": "The Puppy Song",
      "type": "CRD",
      "url": "https://tabs.ultimate-guitar.com/tab/harry-nilsson/the-puppy-song-chords-635105",
      "file_path": null,
      "metadata": {}
    },
    "635081": {
      "id": "635081",
      "title": "Without Her",
      "type": "CRD",
      "url": "https://tabs.ultimate-guitar.com/tab/harry-nilsson/without-her-chords-635081",
      "file_path": null,
      "metadata": {}
    },
    "635102": {
      "id": "635102",
      "title": "Are You Sleeping",
      "type": "CRD",
      "url": "https://tabs.ultimate-guitar.com/tab/harry-nilsson/are-you-sleeping-chords-635102",
      "file_path": null,
      "metadata": {}
    },
    "635089": {
      "id": "635089",
      "title": "Dont Forget Me",
      "type": "CRD",
      "url": "https://tabs.ultimate-guitar.com/tab/harry-nilsson/dont-forget-me-chords-635089",
      "file_path": null,
      "metadata": {}
    },
    "4281169": {
      "id": "4281169",
      "title": "Best Friend",
      "type": "TAB",
      "url": "https://tabs.ultimate-guitar.com/tab/brandon-cruz/best-friend-tabs-4281169",
      "file_path": null,
      "metadata": {}
    },
    "637180": {
      "id": "637180",
      "title": "1941",
      "type": "CRD",
      "url": "https://tabs.ultimate-guitar.com/tab/harry-nilsson/1941-chords-637180",
      "file_path": null,
      "metadata": {}
    },
    "1862529": {
      "id": "1862529",
      "title": "1941 (ver 2)",
      "type": "CRD",
      "url": "https://tabs.ultimate-guitar.com/tab/harry-nilsson/1941-chords-1862529",
      "file_path": null,
      "metadata": {}
    },
    "4803650": {
      "id": "4803650",
      "title": "1941",
      "type": "BASS",
      "url": "https://tabs.ultimate-guitar.com/tab/harry-nilsson/1941-bass-4803650",
      "file_path": null,
      "metadata": {}
    },
    "643319": {
      "id": "643319",
      "title": "A Love Like Yours",
      "type": "CRD",
      "url": "https://tabs.ultimate-guitar.com/tab/harry-nilsson/a-love-like-yours-chords-643319",
      "file_path": null,
      "metadata": {}
    },
    "635094": {
      "id": "635094",
      "title": "All I Think About Is You",
      "type": "CRD",
      "url": "https://tabs.ultimate-guitar.com/tab/harry-nilsson/all-i-think-about-is-you-chords-635094",
      "file_path": null,
      "metadata": {}
    },
    "1413020": {
      "id": "1413020",
      "title": "All I Think About Is You (ver 2)",
      "type": "CRD",
      "url": "https://tabs.ultimate-guitar.com/tab/harry-nilsson/all-i-think-about-is-you-chords-1413020",
      "file_path": null,
      "metadata": {}
    },
    "643334": {
      "id": "643334",
      "title": "All My Life",
      "type": "CRD",
      "url": "https://tabs.ultimate-guitar.com/tab/harry-nilsson/all-my-life-chords-643334",
      "file_path": null,
      "metadata": {}
    },
    "3000869": {
      "id": "3000869",
      "title": "Always",
      "type": "CRD",
      "url": "https://tabs.ultimate-guitar.com/tab/harry-nilsson/always-chords-3000869",
      "file_path": null,
      "metadata": {}
    },
    "3333068": {
      "id": "3333068",
      "title": "As Time Goes By",
      "type": "CRD",
      "url": "https://tabs.ultimate-guitar.com/tab/harry-nilsson/as-time-goes-by-chords-3333068",
      "file_path": null,
      "metadata": {}
    },
    "643345": {
      "id": "643345",
      "title": "At My Front Door",
      "type": "CRD",
      "url": "https://tabs.ultimate-guitar.com/tab/harry-nilsson/at-my-front-door-chords-643345",
      "file_path": null,
      "metadata": {}
    },
    "637181": {
      "id": "637181",
      "title": "Bath",
      "type": "CRD",
      "url": "https://tabs.ultimate-guitar.com/tab/harry-nilsson/bath-chords-637181",
      "file_path": null,
      "metadata": {}
    },
    "2958311": {
      "id": "2958311",
      "title": "Bath (ver 2)",
      "type": "CRD",
      "url": "https://tabs.ultimate-guitar.com/tab/harry-nilsson/bath-chords-2958311",
      "file_path": null,
      "metadata": {}
    },
    "4782554": {
      "id": "4782554",
      "title": "Bath (ver 3)",
      "type": "CRD",
      "url": "https://tabs.ultimate-guitar.com/tab/harry-nilsson/bath-chords-4782554",
      "file_path": null,
      "metadata": {}
    },
    "635130": {
      "id": "635130",
      "title": "Best Move",
      "type": "CRD",
      "url": "https://tabs.ultimate-guitar.com/tab/harry-nilsson/best-move-chords-635130",
      "file_path": null,
      "metadata": {}
    },
    "635098": {
      "id": "635098",
      "title": "Blanket For A Sail",
      "type": "CRD",
      "url": "https://tabs.ultimate-guitar.com/tab/harry-nilsson/blanket-for-a-sail-chords-635098",
      "file_path": null,
      "metadata": {}
    },
    "3256736": {
      "id": "3256736",
      "title": "Caroline",
      "type": "CRD",
      "url": "https://tabs.ultimate-guitar.com/tab/harry-nilsson/caroline-chords-3256736",
      "file_path": null,
      "metadata": {}
    },
    "4637723": {
      "id": "4637723",
      "title": "Caroline (ver 2)",
      "type": "CRD",
      "url": "https://tabs.ultimate-guitar.com/tab/harry-nilsson/caroline-chords-4637723",
      "file_path": null,
      "metadata": {}
    },
    "635132": {
      "id": "635132",
      "title": "Cheek To Cheek",
      "type": "CRD",
      "url": "https://tabs.ultimate-guitar.com/tab/harry-nilsson/cheek-to-cheek-chords-635132",
      "file_path": null,
      "metadata": {}
    },
    "635116": {
      "id": "635116",
      "title": "City Life",
      "type": "CRD",
      "url": "https://tabs.ultimate-guitar.com/tab/harry-nilsson/city-life-chords-635116",
      "file_path": null,
      "metadata": {}
    },
    "1305670": {
      "id": "1305670",
      "title": "City Life",
      "type": "UKE",
      "url": "https://tabs.ultimate-guitar.com/tab/harry-nilsson/city-life-ukulele-1305670",
      "file_path": null,
      "metadata": {}
    },
    "1512226": {
      "id": "1512226",
      "title": "Coconut",
      "type": "CRD",
      "url": "https://tabs.ultimate-guitar.com/tab/harry-nilsson/coconut-chords-1512226",
      "file_path": null,
      "metadata": {}
    },
    "1688978": {
      "id": "1688978",
      "title": "Coconut (ver 2)",
      "type": "CRD",
      "url": "https://tabs.ultimate-guitar.com/tab/harry-nilsson/coconut-chords-1688978",
      "file_path": null,
      "metadata": {}
    },
    "1717861": {
      "id": "1717861",
      "title": "Coconut (ver 3)",
      "type": "CRD",
      "url": "https://tabs.ultimate-guitar.com/tab/harry-nilsson/coconut-chords-1717861",
      "file_path": null,
      "metadata": {}
    },
    "119926": {
      "id": "119926",
      "title": "Coconut  Intro",
      "type": "TAB",
      "url": "https://tabs.ultimate-guitar.com/tab/harry-nilsson/coconut-tabs-119926",
      "file_path": null,
      "metadata": {}
    },
    "567669": {
      "id": "567669",
      "title": "Coconut (ver 2) Intro",
      "type": "TAB",
      "url": "https://tabs.ultimate-guitar.com/tab/harry-nilsson/coconut-tabs-567669",
      "file_path": null,
      "metadata": {}
    },
    "1489777": {
      "id": "1489777",
      "title": "Coconut",
      "type": "TAB",
      "url": "https://tabs.ultimate-guitar.com/tab/harry-nilsson/coconut-tabs-1489777",
      "file_path": null,
      "metadata": {}
    },
    "1035611": {
      "id": "1035611",
      "title": "Coconut  Intro",
      "type": "PRO",
      "url": "https://tabs.ultimate-guitar.com/tab/harry-nilsson/coconut-guitar-pro-1035611",
      "file_path": null,
      "metadata": {}
    },
    "4379789": {
      "id": "4379789",
      "title": "Countin",
      "type": "CRD",
      "url": "https://tabs.ultimate-guitar.com/tab/harry-nilsson/countin-chords-4379789",
      "file_path": null,
      "metadata": {}
    },
    "1002096": {
      "id": "1002096",
      "title": "Cuddly Toy",
      "type": "CRD",
      "url": "https://tabs.ultimate-guitar.com/tab/harry-nilsson/cuddly-toy--chords-1002096",
      "file_path": null,
      "metadata": {}
    },
    "635124": {
      "id": "635124",
      "title": "Daddys Song",
      "type": "CRD",
      "url": "https://tabs.ultimate-guitar.com/tab/harry-nilsson/daddys-song-chords-635124",
      "file_path": null,
      "metadata": {}
    },
    "635118": {
      "id": "635118",
      "title": "Daybreak",
      "type": "CRD",
      "url": "https://tabs.ultimate-guitar.com/tab/harry-nilsson/daybreak-chords-635118",
      "file_path": null,
      "metadata": {}
    },
    "635126": {
      "id": "635126",
      "title": "Dont Leave Me",
      "type": "CRD",
      "url": "https://tabs.ultimate-guitar.com/tab/harry-nilsson/dont-leave-me-chords-635126",
      "file_path": null,
      "metadata": {}
    },
    "3035202": {
      "id": "3035202",
      "title": "Dont Leave Me (ver 2)",
      "type": "CRD",
      "url": "https://tabs.ultimate-guitar.com/tab/harry-nilsson/dont-leave-me-chords-3035202",
      "file_path": null,
      "metadata": {}
    },
    "1305678": {
      "id": "1305678",
      "title": "Dont Leave Me",
      "type": "UKE",
      "url": "https://tabs.ultimate-guitar.com/tab/harry-nilsson/dont-leave-me-ukulele-1305678",
      "file_path": null,
      "metadata": {}
    },
    "635085": {
      "id": "635085",
      "title": "Down",
      "type": "CRD",
      "url": "https://tabs.ultimate-guitar.com/tab/harry-nilsson/down-chords-635085",
      "file_path": null,
      "metadata": {}
    },
    "643331": {
      "id": "643331",
      "title": "Dream Love",
      "type": "CRD",
      "url": "https://tabs.ultimate-guitar.com/tab/harry-nilsson/dream-love-chords-643331",
      "file_path": null,
      "metadata": {}
    },
    "1299756": {
      "id": "1299756",
      "title": "Dream Love",
      "type": "UKE",
      "url": "https://tabs.ultimate-guitar.com/tab/harry-nilsson/dream-love-ukulele-1299756",
      "file_path": null,
      "metadata": {}
    },
    "635083": {
      "id": "635083",
      "title": "Driving Along",
      "type": "CRD",
      "url": "https://tabs.ultimate-guitar.com/tab/harry-nilsson/driving-along-chords-635083",
      "file_path": null,
      "metadata": {}
    },
    "643343": {
      "id": "643343",
      "title": "Early In The Morning",
      "type": "CRD",
      "url": "https://tabs.ultimate-guitar.com/tab/harry-nilsson/early-in-the-morning-chords-643343",
      "file_path": null,
      "metadata": {}
    },
    "78023": {
      "id": "78023",
      "title": "Everybodys Talkin",
      "type": "CRD",
      "url": "https://tabs.ultimate-guitar.com/tab/harry-nilsson/everybodys-talkin-chords-78023",
      "file_path": null,
      "metadata": {}
    },
    "609640": {
      "id": "609640",
      "title": "Everybodys Talkin (ver 2)",
      "type": "CRD",
      "url": "https://tabs.ultimate-guitar.com/tab/harry-nilsson/everybodys-talkin-chords-609640",
      "file_path": null,
      "metadata": {}
    },
    "768106": {
      "id": "768106",
      "title": "Everybodys Talkin (ver 3)",
      "type": "CRD",
      "url": "https://tabs.ultimate-guitar.com/tab/harry-nilsson/everybodys-talkin-chords-768106",
      "file_path": null,
      "metadata": {}
    },
    "986336": {
      "id": "986336",
      "title": "Everybodys Talkin (ver 4)",
      "type": "CRD",
      "url": "https://tabs.ultimate-guitar.com/tab/harry-nilsson/everybodys-talkin-chords-986336",
      "file_path": null,
      "metadata": {}
    },
    "1044779": {
      "id": "1044779",
      "title": "Everybodys Talkin (ver 5)",
      "type": "CRD",
      "url": "https://tabs.ultimate-guitar.com/tab/harry-nilsson/everybodys-talkin-chords-1044779",
      "file_path": null,
      "metadata": {}
    },
    "1230776": {
      "id": "1230776",
      "title": "Everybodys Talkin (ver 6)",
      "type": "CRD",
      "url": "https://tabs.ultimate-guitar.com/tab/harry-nilsson/everybodys-talkin-chords-1230776",
      "file_path": null,
      "metadata": {}
    },
    "1433539": {
      "id": "1433539",
      "title": "Everybodys Talkin (ver 7)",
      "type": "CRD",
      "url": "https://tabs.ultimate-guitar.com/tab/harry-nilsson/everybodys-talkin-chords-1433539",
      "file_path": null,
      "metadata": {}
    },
    "1815627": {
      "id": "1815627",
      "title": "Everybodys Talkin (ver 8)",
      "type": "CRD",
      "url": "https://tabs.ultimate-guitar.com/tab/harry-nilsson/everybodys-talkin-chords-1815627",
      "file_path": null,
      "metadata": {}
    },
    "1864035": {
      "id": "1864035",
      "title": "Everybodys Talkin (ver 9)",
      "type": "CRD",
      "url": "https://tabs.ultimate-guitar.com/tab/harry-nilsson/everybodys-talkin-chords-1864035",
      "file_path": null,
      "metadata": {}
    },
    "2426049": {
      "id": "2426049",
      "title": "Everybodys Talkin (ver 10)",
      "type": "CRD",
      "url": "https://tabs.ultimate-guitar.com/tab/harry-nilsson/everybodys-talkin-chords-2426049",
      "file_path": null,
      "metadata": {}
    },
    "2601057": {
      "id": "2601057",
      "title": "Everybodys Talkin (ver 11)",
      "type": "CRD",
      "url": "https://tabs.ultimate-guitar.com/tab/harry-nilsson/everybodys-talkin-chords-2601057",
      "file_path": null,
      "metadata": {}
    },
    "2842787": {
      "id": "2842787",
      "title": "Everybodys Talkin (ver 12)",
      "type": "CRD",
      "url": "https://tabs.ultimate-guitar.com/tab/harry-nilsson/everybodys-talkin-chords-2842787",
      "file_path": null,
      "metadata": {}
    },
    "2982584": {
      "id": "2982584",
      "title": "Everybodys Talkin (ver 13)",
      "type": "CRD",
      "url": "https://tabs.ultimate-guitar.com/tab/harry-nilsson/everybodys-talkin-chords-2982584",
      "file_path": null,
      "metadata": {}
    },
    "78021": {
      "id": "78021",
      "title": "Everybodys Talkin",
      "type": "TAB",
      "url": "https://tabs.ultimate-guitar.com/tab/harry-nilsson/everybodys-talkin-tabs-78021",
      "file_path": null,
      "metadata": {}
    },
    "78022": {
      "id": "78022",
      "title": "Everybodys Talkin (ver 2)",
      "type": "TAB",
      "url": "https://tabs.ultimate-guitar.com/tab/harry-nilsson/everybodys-talkin-tabs-78022",
      "file_path": null,
      "metadata": {}
    },
    "1064716": {
      "id": "1064716",
      "title": "Everybodys Talkin (ver 3)",
      "type": "TAB",
      "url": "https://tabs.ultimate-guitar.com/tab/harry-nilsson/everybodys-talkin-tabs-1064716",
      "file_path": null,
      "metadata": {}
    },
    "1820146": {
      "id": "1820146",
      "title": "Everybodys Talkin",
      "type": "PRO",
      "url": "https://tabs.ultimate-guitar.com/tab/harry-nilsson/everybodys-talkin-guitar-pro-1820146",
      "file_path": null,
      "metadata": {}
    },
    "1977355": {
      "id": "1977355",
      "title": "Everybodys Talkin (ver 2)",
      "type": "PRO",
      "url": "https://tabs.ultimate-guitar.com/tab/harry-nilsson/everybodys-talkin-guitar-pro-1977355",
      "file_path": null,
      "metadata": {}
    },
    "307884": {
      "id": "307884",
      "title": "Everybodys Talkin",
      "type": "PWR",
      "url": "https://tabs.ultimate-guitar.com/tab/harry-nilsson/everybodys-talkin-power-307884",
      "file_path": null,
      "metadata": {}
    },
    "1461794": {
      "id": "1461794",
      "title": "Everybodys Talkin (ver 2)",
      "type": "PWR",
      "url": "https://tabs.ultimate-guitar.com/tab/harry-nilsson/everybodys-talkin-power-1461794",
      "file_path": null,
      "metadata": {}
    },
    "1850383": {
      "id": "1850383",
      "title": "Everybodys Talkin",
      "type": "BASS",
      "url": "https://tabs.ultimate-guitar.com/tab/harry-nilsson/everybodys-talkin-bass-1850383",
      "file_path": null,
      "metadata": {}
    },
    "4080175": {
      "id": "4080175",
      "title": "Everybodys Talkin (ver 2)",
      "type": "BASS",
      "url": "https://tabs.ultimate-guitar.com/tab/harry-nilsson/everybodys-talkin-bass-4080175",
      "file_path": null,
      "metadata": {}
    },
    "1303134": {
      "id": "1303134",
      "title": "Everybodys Talkin",
      "type": "UKE",
      "url": "https://tabs.ultimate-guitar.com/tab/harry-nilsson/everybodys-talkin-ukulele-1303134",
      "file_path": null,
      "metadata": {}
    },
    "1318069": {
      "id": "1318069",
      "title": "Everybodys Talkin (ver 2)",
      "type": "UKE",
      "url": "https://tabs.ultimate-guitar.com/tab/harry-nilsson/everybodys-talkin-ukulele-1318069",
      "file_path": null,
      "metadata": {}
    },
    "1350312": {
      "id": "1350312",
      "title": "Everybodys Talkin (ver 3)",
      "type": "UKE",
      "url": "https://tabs.ultimate-guitar.com/tab/harry-nilsson/everybodys-talkin-ukulele-1350312",
      "file_path": null,
      "metadata": {}
    },
    "1399567": {
      "id": "1399567",
      "title": "Everybodys Talkin (ver 4)",
      "type": "UKE",
      "url": "https://tabs.ultimate-guitar.com/tab/harry-nilsson/everybodys-talkin-ukulele-1399567",
      "file_path": null,
      "metadata": {}
    },
    "2379835": {
      "id": "2379835",
      "title": "Everybodys Talkin (ver 5)",
      "type": "UKE",
      "url": "https://tabs.ultimate-guitar.com/tab/harry-nilsson/everybodys-talkin-ukulele-2379835",
      "file_path": null,
      "metadata": {}
    },
    "3983332": {
      "id": "3983332",
      "title": "Everythings Got Em",
      "type": "CRD",
      "url": "https://tabs.ultimate-guitar.com/tab/harry-nilsson/everythings-got-em-chords-3983332",
      "file_path": null,
      "metadata": {}
    },
    "2999825": {
      "id": "2999825",
      "title": "For Me And My Gal",
      "type": "CRD",
      "url": "https://tabs.ultimate-guitar.com/tab/harry-nilsson/for-me-and-my-gal-chords-2999825",
      "file_path": null,
      "metadata": {}
    },
    "635113": {
      "id": "635113",
      "title": "Freckles",
      "type": "CRD",
      "url": "https://tabs.ultimate-guitar.com/tab/harry-nilsson/freckles-chords-635113",
      "file_path": null,
      "metadata": {}
    },
    "1305667": {
      "id": "1305667",
      "title": "Freckles",
      "type": "UKE",
      "url": "https://tabs.ultimate-guitar.com/tab/harry-nilsson/freckles-ukulele-1305667",
      "file_path": null,
      "metadata": {}
    },
    "635108": {
      "id": "635108",
      "title": "Garbage Can Ballet",
      "type": "CRD",
      "url": "https://tabs.ultimate-guitar.com/tab/harry-nilsson/garbage-can-ballet-chords-635108",
      "file_path": null,
      "metadata": {}
    },
    "643348": {
      "id": "643348",
      "title": "Goin Down",
      "type": "CRD",
      "url": "https://tabs.ultimate-guitar.com/tab/harry-nilsson/goin-down-chords-643348",
      "file_path": null,
      "metadata": {}
    },
    "635099": {
      "id": "635099",
      "title": "Good For God",
      "type": "CRD",
      "url": "https://tabs.ultimate-guitar.com/tab/harry-nilsson/good-for-god-chords-635099",
      "file_path": null,
      "metadata": {}
    },
    "635121": {
      "id": "635121",
      "title": "Good Old Desk",
      "type": "CRD",
      "url": "https://tabs.ultimate-guitar.com/tab/harry-nilsson/good-old-desk-chords-635121",
      "file_path": null,
      "metadata": {}
    },
    "643323": {
      "id": "643323",
      "title": "Good Times",
      "type": "CRD",
      "url": "https://tabs.ultimate-guitar.com/tab/harry-nilsson/good-times-chords-643323",
      "file_path": null,
      "metadata": {}
    },
    "3534530": {
      "id": "3534530",
      "title": "Gotta Get Up",
      "type": "BASS",
      "url": "https://tabs.ultimate-guitar.com/tab/harry-nilsson/gotta-get-up-bass-3534530",
      "file_path": null,
      "metadata": {}
    },
    "1305636": {
      "id": "1305636",
      "title": "Gotta Get Up",
      "type": "UKE",
      "url": "https://tabs.ultimate-guitar.com/tab/harry-nilsson/gotta-get-up-ukulele-1305636",
      "file_path": null,
      "metadata": {}
    },
    "643325": {
      "id": "643325",
      "title": "Growin Up",
      "type": "CRD",
      "url": "https://tabs.ultimate-guitar.com/tab/harry-nilsson/growin-up-chords-643325",
      "file_path": null,
      "metadata": {}
    },
    "635134": {
      "id": "635134",
      "title": "He Needs Me",
      "type": "CRD",
      "url": "https://tabs.ultimate-guitar.com/tab/harry-nilsson/he-needs-me-chords-635134",
      "file_path": null,
      "metadata": {}
    },
    "1305685": {
      "id": "1305685",
      "title": "He Needs Me",
      "type": "UKE",
      "url": "https://tabs.ultimate-guitar.com/tab/harry-nilsson/he-needs-me-ukulele-1305685",
      "file_path": null,
      "metadata": {}
    },
    "5085298": {
      "id": "5085298",
      "title": "How About You",
      "type": "CRD",
      "url": "https://tabs.ultimate-guitar.com/tab/harry-nilsson/how-about-you-chords-5085298",
      "file_path": null,
      "metadata": {}
    },
    "1168435": {
      "id": "1168435",
      "title": "How Can I Be Sure Of You",
      "type": "CRD",
      "url": "https://tabs.ultimate-guitar.com/tab/harry-nilsson/how-can-i-be-sure-of-you-chords-1168435",
      "file_path": null,
      "metadata": {}
    },
    "635133": {
      "id": "635133",
      "title": "I Dont Need You",
      "type": "CRD",
      "url": "https://tabs.ultimate-guitar.com/tab/harry-nilsson/i-dont-need-you-chords-635133",
      "file_path": null,
      "metadata": {}
    },
    "1023337": {
      "id": "1023337",
      "title": "I Guess The Lord Must Be In New York City (ver 2)",
      "type": "CRD",
      "url": "https://tabs.ultimate-guitar.com/tab/harry-nilsson/i-guess-the-lord-must-be-in-new-york-city-chords-1023337",
      "file_path": null,
      "metadata": {}
    },
    "1305644": {
      "id": "1305644",
      "title": "I Guess The Lord Must Be In New York City",
      "type": "UKE",
      "url": "https://tabs.ultimate-guitar.com/tab/harry-nilsson/i-guess-the-lord-must-be-in-new-york-city-ukulele-1305644",
      "file_path": null,
      "metadata": {}
    },
    "635095": {
      "id": "635095",
      "title": "I Never Thought Id Get This Lonely",
      "type": "CRD",
      "url": "https://tabs.ultimate-guitar.com/tab/harry-nilsson/i-never-thought-id-get-this-lonely-chords-635095",
      "file_path": null,
      "metadata": {}
    },
    "1305649": {
      "id": "1305649",
      "title": "I Never Thought Id Get This Lonely",
      "type": "UKE",
      "url": "https://tabs.ultimate-guitar.com/tab/harry-nilsson/i-never-thought-id-get-this-lonely-ukulele-1305649",
      "file_path": null,
      "metadata": {}
    },
    "635122": {
      "id": "635122",
      "title": "I Said Goodbye To Me",
      "type": "CRD",
      "url": "https://tabs.ultimate-guitar.com/tab/harry-nilsson/i-said-goodbye-to-me-chords-635122",
      "file_path": null,
      "metadata": {}
    },
    "2800703": {
      "id": "2800703",
      "title": "I Said Goodbye To Me (ver 2)",
      "type": "CRD",
      "url": "https://tabs.ultimate-guitar.com/tab/harry-nilsson/i-said-goodbye-to-me-chords-2800703",
      "file_path": null,
      "metadata": {}
    },
    "1305675": {
      "id": "1305675",
      "title": "I Said Goodbye To Me",
      "type": "UKE",
      "url": "https://tabs.ultimate-guitar.com/tab/harry-nilsson/i-said-goodbye-to-me-ukulele-1305675",
      "file_path": null,
      "metadata": {}
    },
    "635092": {
      "id": "635092",
      "title": "I Will Take You There",
      "type": "CRD",
      "url": "https://tabs.ultimate-guitar.com/tab/harry-nilsson/i-will-take-you-there-chords-635092",
      "file_path": null,
      "metadata": {}
    },
    "1305646": {
      "id": "1305646",
      "title": "I Will Take You There",
      "type": "UKE",
      "url": "https://tabs.ultimate-guitar.com/tab/harry-nilsson/i-will-take-you-there-ukulele-1305646",
      "file_path": null,
      "metadata": {}
    },
    "3062634": {
      "id": "3062634",
      "title": "I Wonder Whos Kissing Her Now",
      "type": "CRD",
      "url": "https://tabs.ultimate-guitar.com/tab/harry-nilsson/i-wonder-whos-kissing-her-now-chords-3062634",
      "file_path": null,
      "metadata": {}
    },
    "635137": {
      "id": "635137",
      "title": "Id Rather Be Dead",
      "type": "CRD",
      "url": "https://tabs.ultimate-guitar.com/tab/harry-nilsson/id-rather-be-dead-chords-635137",
      "file_path": null,
      "metadata": {}
    },
    "1305688": {
      "id": "1305688",
      "title": "Id Rather Be Dead",
      "type": "UKE",
      "url": "https://tabs.ultimate-guitar.com/tab/harry-nilsson/id-rather-be-dead-ukulele-1305688",
      "file_path": null,
      "metadata": {}
    },
    "2651538": {
      "id": "2651538",
      "title": "If Only I Could Touch Your Hand",
      "type": "CRD",
      "url": "https://tabs.ultimate-guitar.com/tab/harry-nilsson/if-only-i-could-touch-your-hand-chords-2651538",
      "file_path": null,
      "metadata": {}
    },
    "1204259": {
      "id": "1204259",
      "title": "Ill Be Home",
      "type": "CRD",
      "url": "https://tabs.ultimate-guitar.com/tab/harry-nilsson/ill-be-home-chords-1204259",
      "file_path": null,
      "metadata": {}
    },
    "1385346": {
      "id": "1385346",
      "title": "Ill Be Home",
      "type": "UKE",
      "url": "https://tabs.ultimate-guitar.com/tab/harry-nilsson/ill-be-home-ukulele-1385346",
      "file_path": null,
      "metadata": {}
    },
    "643344": {
      "id": "643344",
      "title": "Ill Never Leave You",
      "type": "CRD",
      "url": "https://tabs.ultimate-guitar.com/tab/harry-nilsson/ill-never-leave-you-chords-643344",
      "file_path": null,
      "metadata": {}
    },
    "1299720": {
      "id": "1299720",
      "title": "Ill Never Leave You",
      "type": "UKE",
      "url": "https://tabs.ultimate-guitar.com/tab/harry-nilsson/ill-never-leave-you-ukulele-1299720",
      "file_path": null,
      "metadata": {}
    },
    "2999909": {
      "id": "2999909",
      "title": "It Had To Be You",
      "type": "CRD",
      "url": "https://tabs.ultimate-guitar.com/tab/harry-nilsson/it-had-to-be-you-chords-2999909",
      "file_path": null,
      "metadata": {}
    },
    "635112": {
      "id": "635112",
      "title": "Its Been So Long",
      "type": "CRD",
      "url": "https://tabs.ultimate-guitar.com/tab/harry-nilsson/its-been-so-long-chords-635112",
      "file_path": null,
      "metadata": {}
    },
    "2232485": {
      "id": "2232485",
      "title": "Jean",
      "type": "CRD",
      "url": "https://tabs.ultimate-guitar.com/tab/harry-nilsson/jean-chords-2232485",
      "file_path": null,
      "metadata": {}
    },
    "4617962": {
      "id": "4617962",
      "title": "Jesus Christ Youre Tall",
      "type": "CRD",
      "url": "https://tabs.ultimate-guitar.com/tab/harry-nilsson/jesus-christ-youre-tall-chords-4617962",
      "file_path": null,
      "metadata": {}
    },
    "643328": {
      "id": "643328",
      "title": "Joy",
      "type": "CRD",
      "url": "https://tabs.ultimate-guitar.com/tab/harry-nilsson/joy-chords-643328",
      "file_path": null,
      "metadata": {}
    },
    "2441165": {
      "id": "2441165",
      "title": "Jump Into The Fire",
      "type": "CRD",
      "url": "https://tabs.ultimate-guitar.com/tab/harry-nilsson/jump-into-the-fire-chords-2441165",
      "file_path": null,
      "metadata": {}
    },
    "2455788": {
      "id": "2455788",
      "title": "Jump Into The Fire (ver 2)",
      "type": "BASS",
      "url": "https://tabs.ultimate-guitar.com/tab/harry-nilsson/jump-into-the-fire-bass-2455788",
      "file_path": null,
      "metadata": {}
    },
    "643350": {
      "id": "643350",
      "title": "Laughin Man",
      "type": "CRD",
      "url": "https://tabs.ultimate-guitar.com/tab/harry-nilsson/laughin-man-chords-643350",
      "file_path": null,
      "metadata": {}
    },
    "2999663": {
      "id": "2999663",
      "title": "Lazy Moon",
      "type": "CRD",
      "url": "https://tabs.ultimate-guitar.com/tab/harry-nilsson/lazy-moon-chords-2999663",
      "file_path": null,
      "metadata": {}
    },
    "635097": {
      "id": "635097",
      "title": "Lean On Me",
      "type": "CRD",
      "url": "https://tabs.ultimate-guitar.com/tab/harry-nilsson/lean-on-me-chords-635097",
      "file_path": null,
      "metadata": {}
    },
    "626176": {
      "id": "626176",
      "title": "Let The Good Times Roll",
      "type": "CRD",
      "url": "https://tabs.ultimate-guitar.com/tab/harry-nilsson/let-the-good-times-roll-chords-626176",
      "file_path": null,
      "metadata": {}
    },
    "1214711": {
      "id": "1214711",
      "title": "Let The Good Times Roll (ver 2)",
      "type": "CRD",
      "url": "https://tabs.ultimate-guitar.com/tab/harry-nilsson/let-the-good-times-roll-chords-1214711",
      "file_path": null,
      "metadata": {}
    },
    "1302300": {
      "id": "1302300",
      "title": "Let The Good Times Roll",
      "type": "UKE",
      "url": "https://tabs.ultimate-guitar.com/tab/harry-nilsson/let-the-good-times-roll-ukulele-1302300",
      "file_path": null,
      "metadata": {}
    },
    "1387325": {
      "id": "1387325",
      "title": "Let The Good Times Roll (ver 2)",
      "type": "UKE",
      "url": "https://tabs.ultimate-guitar.com/tab/harry-nilsson/let-the-good-times-roll-ukulele-1387325",
      "file_path": null,
      "metadata": {}
    },
    "635107": {
      "id": "635107",
      "title": "Life Line",
      "type": "CRD",
      "url": "https://tabs.ultimate-guitar.com/tab/harry-nilsson/life-line-chords-635107",
      "file_path": null,
      "metadata": {}
    },
    "1161127": {
      "id": "1161127",
      "title": "Little Cowboy",
      "type": "CRD",
      "url": "https://tabs.ultimate-guitar.com/tab/harry-nilsson/little-cowboy-chords-1161127",
      "file_path": null,
      "metadata": {}
    },
    "1376263": {
      "id": "1376263",
      "title": "Little Cowboy",
      "type": "UKE",
      "url": "https://tabs.ultimate-guitar.com/tab/harry-nilsson/little-cowboy-ukulele-1376263",
      "file_path": null,
      "metadata": {}
    },
    "635128": {
      "id": "635128",
      "title": "Living Without You",
      "type": "CRD",
      "url": "https://tabs.ultimate-guitar.com/tab/harry-nilsson/living-without-you-chords-635128",
      "file_path": null,
      "metadata": {}
    },
    "643333": {
      "id": "643333",
      "title": "Loop De Loop",
      "type": "CRD",
      "url": "https://tabs.ultimate-guitar.com/tab/harry-nilsson/loop-de-loop-chords-643333",
      "file_path": null,
      "metadata": {}
    },
    "643326": {
      "id": "643326",
      "title": "Love Is The Answer",
      "type": "CRD",
      "url": "https://tabs.ultimate-guitar.com/tab/harry-nilsson/love-is-the-answer-chords-643326",
      "file_path": null,
      "metadata": {}
    },
    "2517249": {
      "id": "2517249",
      "title": "Lullaby In Ragtime",
      "type": "UKE",
      "url": "https://tabs.ultimate-guitar.com/tab/harry-nilsson/lullaby-in-ragtime-ukulele-2517249",
      "file_path": null,
      "metadata": {}
    },
    "3000914": {
      "id": "3000914",
      "title": "Makin Whoopee",
      "type": "CRD",
      "url": "https://tabs.ultimate-guitar.com/tab/harry-nilsson/makin-whoopee-chords-3000914",
      "file_path": null,
      "metadata": {}
    },
    "1782837": {
      "id": "1782837",
      "title": "Many Rivers To Cross",
      "type": "CRD",
      "url": "https://tabs.ultimate-guitar.com/tab/harry-nilsson/many-rivers-to-cross-chords-1782837",
      "file_path": null,
      "metadata": {}
    },
    "2863970": {
      "id": "2863970",
      "title": "Marchin Down Broadway",
      "type": "CRD",
      "url": "https://tabs.ultimate-guitar.com/tab/harry-nilsson/marchin-down-broadway-chords-2863970",
      "file_path": null,
      "metadata": {}
    },
    "635117": {
      "id": "635117",
      "title": "Maybe",
      "type": "CRD",
      "url": "https://tabs.ultimate-guitar.com/tab/harry-nilsson/maybe-chords-635117",
      "file_path": null,
      "metadata": {}
    },
    "1305671": {
      "id": "1305671",
      "title": "Maybe",
      "type": "UKE",
      "url": "https://tabs.ultimate-guitar.com/tab/harry-nilsson/maybe-ukulele-1305671",
      "file_path": null,
      "metadata": {}
    },
    "1850936": {
      "id": "1850936",
      "title": "Me And My Arrow (ver 2)",
      "type": "CRD",
      "url": "https://tabs.ultimate-guitar.com/tab/harry-nilsson/me-and-my-arrow-chords-1850936",
      "file_path": null,
      "metadata": {}
    },
    "1384613": {
      "id": "1384613",
      "title": "Me And My Arrow",
      "type": "UKE",
      "url": "https://tabs.ultimate-guitar.com/tab/harry-nilsson/me-and-my-arrow-ukulele-1384613",
      "file_path": null,
      "metadata": {}
    },
    "643327": {
      "id": "643327",
      "title": "Me Myself And I",
      "type": "CRD",
      "url": "https://tabs.ultimate-guitar.com/tab/harry-nilsson/me-myself-and-i-chords-643327",
      "file_path": null,
      "metadata": {}
    },
    "635125": {
      "id": "635125",
      "title": "Miss Butters Lament",
      "type": "CRD",
      "url": "https://tabs.ultimate-guitar.com/tab/harry-nilsson/miss-butters-lament-chords-635125",
      "file_path": null,
      "metadata": {}
    },
    "3841826": {
      "id": "3841826",
      "title": "Miss Butters Lament",
      "type": "BASS",
      "url": "https://tabs.ultimate-guitar.com/tab/harry-nilsson/miss-butters-lament-bass-3841826",
      "file_path": null,
      "metadata": {}
    },
    "643354": {
      "id": "643354",
      "title": "Moonshine Bandit",
      "type": "CRD",
      "url": "https://tabs.ultimate-guitar.com/tab/harry-nilsson/moonshine-bandit-chords-643354",
      "file_path": null,
      "metadata": {}
    },
    "635115": {
      "id": "635115",
      "title": "Mournin Glory Story",
      "type": "CRD",
      "url": "https://tabs.ultimate-guitar.com/tab/harry-nilsson/mournin-glory-story-chords-635115",
      "file_path": null,
      "metadata": {}
    },
    "2526333": {
      "id": "2526333",
      "title": "Mournin Glory Story (ver 2)",
      "type": "CRD",
      "url": "https://tabs.ultimate-guitar.com/tab/harry-nilsson/mournin-glory-story-chords-2526333",
      "file_path": null,
      "metadata": {}
    },
    "3525704": {
      "id": "3525704",
      "title": "Mournin Glory Story (ver 3)",
      "type": "CRD",
      "url": "https://tabs.ultimate-guitar.com/tab/harry-nilsson/mournin-glory-story-chords-3525704",
      "file_path": null,
      "metadata": {}
    },
    "5133820": {
      "id": "5133820",
      "title": "Mournin Glory Story (ver 4)",
      "type": "CRD",
      "url": "https://tabs.ultimate-guitar.com/tab/harry-nilsson/mournin-glory-story-chords-5133820",
      "file_path": null,
      "metadata": {}
    },
    "5690024": {
      "id": "5690024",
      "title": "Mournin Glory Story",
      "type": "BASS",
      "url": "https://tabs.ultimate-guitar.com/tab/harry-nilsson/mournin-glory-story-bass-5690024",
      "file_path": null,
      "metadata": {}
    },
    "1200279": {
      "id": "1200279",
      "title": "Mr Richlands Favorite Song",
      "type": "CRD",
      "url": "https://tabs.ultimate-guitar.com/tab/harry-nilsson/mr-richlands-favorite-song-chords-1200279",
      "file_path": null,
      "metadata": {}
    },
    "1384422": {
      "id": "1384422",
      "title": "Mr Richlands Favorite Song",
      "type": "UKE",
      "url": "https://tabs.ultimate-guitar.com/tab/harry-nilsson/mr-richlands-favorite-song-ukulele-1384422",
      "file_path": null,
      "metadata": {}
    },
    "635119": {
      "id": "635119",
      "title": "Mr Tinker",
      "type": "CRD",
      "url": "https://tabs.ultimate-guitar.com/tab/harry-nilsson/mr-tinker-chords-635119",
      "file_path": null,
      "metadata": {}
    },
    "1850506": {
      "id": "1850506",
      "title": "Mr Tinker",
      "type": "BASS",
      "url": "https://tabs.ultimate-guitar.com/tab/harry-nilsson/mr-tinker-bass-1850506",
      "file_path": null,
      "metadata": {}
    },
    "635088": {
      "id": "635088",
      "title": "Mucho Mungo",
      "type": "CRD",
      "url": "https://tabs.ultimate-guitar.com/tab/harry-nilsson/mucho-mungo-chords-635088",
      "file_path": null,
      "metadata": {}
    },
    "1746865": {
      "id": "1746865",
      "title": "My Best Friend",
      "type": "CRD",
      "url": "https://tabs.ultimate-guitar.com/tab/harry-nilsson/my-best-friend-chords-1746865",
      "file_path": null,
      "metadata": {}
    },
    "643339": {
      "id": "643339",
      "title": "My Girl",
      "type": "CRD",
      "url": "https://tabs.ultimate-guitar.com/tab/harry-nilsson/my-girl-chords-643339",
      "file_path": null,
      "metadata": {}
    },
    "3331490": {
      "id": "3331490",
      "title": "Nevertheless Im In Love With You",
      "type": "CRD",
      "url": "https://tabs.ultimate-guitar.com/tab/harry-nilsson/nevertheless-im-in-love-with-you-chords-3331490",
      "file_path": null,
      "metadata": {}
    },
    "850273": {
      "id": "850273",
      "title": "Nobody Cares About The Railroads Anymore",
      "type": "CRD",
      "url": "https://tabs.ultimate-guitar.com/tab/harry-nilsson/nobody-cares-about-the-railroads-anymore-chords-850273",
      "file_path": null,
      "metadata": {}
    },
    "643349": {
      "id": "643349",
      "title": "Old Bones",
      "type": "CRD",
      "url": "https://tabs.ultimate-guitar.com/tab/harry-nilsson/old-bones-chords-643349",
      "file_path": null,
      "metadata": {}
    },
    "4756205": {
      "id": "4756205",
      "title": "Old Forgotten Soldier",
      "type": "CRD",
      "url": "https://tabs.ultimate-guitar.com/tab/harry-nilsson/old-forgotten-soldier-chords-4756205",
      "file_path": null,
      "metadata": {}
    },
    "1023340": {
      "id": "1023340",
      "title": "One (ver 2)",
      "type": "CRD",
      "url": "https://tabs.ultimate-guitar.com/tab/harry-nilsson/one-chords-1023340",
      "file_path": null,
      "metadata": {}
    },
    "1217868": {
      "id": "1217868",
      "title": "One (ver 3)",
      "type": "CRD",
      "url": "https://tabs.ultimate-guitar.com/tab/harry-nilsson/one-chords-1217868",
      "file_path": null,
      "metadata": {}
    },
    "5709713": {
      "id": "5709713",
      "title": "One (ver 4)",
      "type": "CRD",
      "url": "https://tabs.ultimate-guitar.com/tab/harry-nilsson/one-chords-5709713",
      "file_path": null,
      "metadata": {}
    },
    "2759985": {
      "id": "2759985",
      "title": "One",
      "type": "PRO",
      "url": "https://tabs.ultimate-guitar.com/tab/harry-nilsson/one-guitar-pro-2759985",
      "file_path": null,
      "metadata": {}
    },
    "2209939": {
      "id": "2209939",
      "title": "One",
      "type": "BASS",
      "url": "https://tabs.ultimate-guitar.com/tab/harry-nilsson/one-bass-2209939",
      "file_path": null,
      "metadata": {}
    },
    "635114": {
      "id": "635114",
      "title": "Open Your Window",
      "type": "CRD",
      "url": "https://tabs.ultimate-guitar.com/tab/harry-nilsson/open-your-window-chords-635114",
      "file_path": null,
      "metadata": {}
    },
    "2863964": {
      "id": "2863964",
      "title": "Open Your Window (ver 2)",
      "type": "CRD",
      "url": "https://tabs.ultimate-guitar.com/tab/harry-nilsson/open-your-window-chords-2863964",
      "file_path": null,
      "metadata": {}
    },
    "635100": {
      "id": "635100",
      "title": "Perfect Day",
      "type": "CRD",
      "url": "https://tabs.ultimate-guitar.com/tab/harry-nilsson/perfect-day-chords-635100",
      "file_path": null,
      "metadata": {}
    },
    "1305654": {
      "id": "1305654",
      "title": "Perfect Day",
      "type": "UKE",
      "url": "https://tabs.ultimate-guitar.com/tab/harry-nilsson/perfect-day-ukulele-1305654",
      "file_path": null,
      "metadata": {}
    },
    "1987179": {
      "id": "1987179",
      "title": "Please Mr Music Man",
      "type": "CRD",
      "url": "https://tabs.ultimate-guitar.com/tab/harry-nilsson/please-mr-music-man-chords-1987179",
      "file_path": null,
      "metadata": {}
    },
    "643335": {
      "id": "643335",
      "title": "Poli High",
      "type": "CRD",
      "url": "https://tabs.ultimate-guitar.com/tab/harry-nilsson/poli-high-chords-643335",
      "file_path": null,
      "metadata": {}
    },
    "643342": {
      "id": "643342",
      "title": "Pov Waltz",
      "type": "CRD",
      "url": "https://tabs.ultimate-guitar.com/tab/harry-nilsson/pov-waltz-chords-643342",
      "file_path": null,
      "metadata": {}
    },
    "643341": {
      "id": "643341",
      "title": "Pretty Soon Therell Be Nothing Left For Everybody",
      "type": "CRD",
      "url": "https://tabs.ultimate-guitar.com/tab/harry-nilsson/pretty-soon-therell-be-nothing-left-for-everybody-chords-643341",
      "file_path": null,
      "metadata": {}
    },
    "1299731": {
      "id": "1299731",
      "title": "Pretty Soon Therell Be Nothing Left For Everybody",
      "type": "UKE",
      "url": "https://tabs.ultimate-guitar.com/tab/harry-nilsson/pretty-soon-therell-be-nothing-left-for-everybody-ukulele-1299731",
      "file_path": null,
      "metadata": {}
    },
    "4321622": {
      "id": "4321622",
      "title": "Rainmaker",
      "type": "CRD",
      "url": "https://tabs.ultimate-guitar.com/tab/harry-nilsson/rainmaker-chords-4321622",
      "file_path": null,
      "metadata": {}
    },
    "635086": {
      "id": "635086",
      "title": "Remember Christmas",
      "type": "CRD",
      "url": "https://tabs.ultimate-guitar.com/tab/harry-nilsson/remember-christmas-chords-635086",
      "file_path": null,
      "metadata": {}
    },
    "4685018": {
      "id": "4685018",
      "title": "Remember Christmas (ver 2)",
      "type": "CRD",
      "url": "https://tabs.ultimate-guitar.com/tab/harry-nilsson/remember-christmas-chords-4685018",
      "file_path": null,
      "metadata": {}
    },
    "3457211": {
      "id": "3457211",
      "title": "Remember Christmas",
      "type": "PRO",
      "url": "https://tabs.ultimate-guitar.com/tab/harry-nilsson/remember-christmas-guitar-pro-3457211",
      "file_path": null,
      "metadata": {}
    },
    "1305640": {
      "id": "1305640",
      "title": "Remember Christmas",
      "type": "UKE",
      "url": "https://tabs.ultimate-guitar.com/tab/harry-nilsson/remember-christmas-ukulele-1305640",
      "file_path": null,
      "metadata": {}
    },
    "4126897": {
      "id": "4126897",
      "title": "River Deep Mountain High",
      "type": "CRD",
      "url": "https://tabs.ultimate-guitar.com/tab/harry-nilsson/river-deep-mountain-high-chords-4126897",
      "file_path": null,
      "metadata": {}
    },
    "635136": {
      "id": "635136",
      "title": "Sailing",
      "type": "CRD",
      "url": "https://tabs.ultimate-guitar.com/tab/harry-nilsson/sailing-chords-635136",
      "file_path": null,
      "metadata": {}
    },
    "5032783": {
      "id": "5032783",
      "title": "Save The Last Dance For Me",
      "type": "CRD",
      "url": "https://tabs.ultimate-guitar.com/tab/harry-nilsson/save-the-last-dance-for-me-chords-5032783",
      "file_path": null,
      "metadata": {}
    },
    "635111": {
      "id": "635111",
      "title": "She Sang Hymns Out Of Tune",
      "type": "CRD",
      "url": "https://tabs.ultimate-guitar.com/tab/harry-nilsson/she-sang-hymns-out-of-tune-chords-635111",
      "file_path": null,
      "metadata": {}
    },
    "4703519": {
      "id": "4703519",
      "title": "She Sang Hymns Out Of Tune",
      "type": "BASS",
      "url": "https://tabs.ultimate-guitar.com/tab/harry-nilsson/she-sang-hymns-out-of-tune-bass-4703519",
      "file_path": null,
      "metadata": {}
    },
    "4258882": {
      "id": "4258882",
      "title": "She Sits Down On Me",
      "type": "CRD",
      "url": "https://tabs.ultimate-guitar.com/tab/harry-nilsson/she-sits-down-on-me-chords-4258882",
      "file_path": null,
      "metadata": {}
    },
    "643320": {
      "id": "643320",
      "title": "Shes Yours",
      "type": "CRD",
      "url": "https://tabs.ultimate-guitar.com/tab/harry-nilsson/shes-yours-chords-643320",
      "file_path": null,
      "metadata": {}
    },
    "643332": {
      "id": "643332",
      "title": "Silver Horse",
      "type": "CRD",
      "url": "https://tabs.ultimate-guitar.com/tab/harry-nilsson/silver-horse-chords-643332",
      "file_path": null,
      "metadata": {}
    },
    "1299757": {
      "id": "1299757",
      "title": "Silver Horse",
      "type": "UKE",
      "url": "https://tabs.ultimate-guitar.com/tab/harry-nilsson/silver-horse-ukulele-1299757",
      "file_path": null,
      "metadata": {}
    },
    "643338": {
      "id": "643338",
      "title": "Simon Smith And The Amazing Dancing Bear",
      "type": "CRD",
      "url": "https://tabs.ultimate-guitar.com/tab/harry-nilsson/simon-smith-and-the-amazing-dancing-bear-chords-643338",
      "file_path": null,
      "metadata": {}
    },
    "4238278": {
      "id": "4238278",
      "title": "Simon Smith And The Amazing Dancing Bear",
      "type": "UKE",
      "url": "https://tabs.ultimate-guitar.com/tab/harry-nilsson/simon-smith-and-the-amazing-dancing-bear-ukulele-4238278",
      "file_path": null,
      "metadata": {}
    },
    "635091": {
      "id": "635091",
      "title": "Sister Marie",
      "type": "CRD",
      "url": "https://tabs.ultimate-guitar.com/tab/harry-nilsson/sister-marie-chords-635091",
      "file_path": null,
      "metadata": {}
    },
    "635109": {
      "id": "635109",
      "title": "Sleep Late My Lady Friend",
      "type": "CRD",
      "url": "https://tabs.ultimate-guitar.com/tab/harry-nilsson/sleep-late-my-lady-friend-chords-635109",
      "file_path": null,
      "metadata": {}
    },
    "1942737": {
      "id": "1942737",
      "title": "Snow",
      "type": "CRD",
      "url": "https://tabs.ultimate-guitar.com/tab/harry-nilsson/snow-chords-1942737",
      "file_path": null,
      "metadata": {}
    },
    "5055310": {
      "id": "5055310",
      "title": "Snow (ver 2)",
      "type": "CRD",
      "url": "https://tabs.ultimate-guitar.com/tab/harry-nilsson/snow-chords-5055310",
      "file_path": null,
      "metadata": {}
    },
    "635106": {
      "id": "635106",
      "title": "Something True",
      "type": "CRD",
      "url": "https://tabs.ultimate-guitar.com/tab/harry-nilsson/something-true-chords-635106",
      "file_path": null,
      "metadata": {}
    },
    "635079": {
      "id": "635079",
      "title": "Spaceman",
      "type": "CRD",
      "url": "https://tabs.ultimate-guitar.com/tab/harry-nilsson/spaceman-chords-635079",
      "file_path": null,
      "metadata": {}
    },
    "3234614": {
      "id": "3234614",
      "title": "Spaceman (ver 2)",
      "type": "CRD",
      "url": "https://tabs.ultimate-guitar.com/tab/harry-nilsson/spaceman-chords-3234614",
      "file_path": null,
      "metadata": {}
    },
    "635096": {
      "id": "635096",
      "title": "Sweet Surrender",
      "type": "CRD",
      "url": "https://tabs.ultimate-guitar.com/tab/harry-nilsson/sweet-surrender-chords-635096",
      "file_path": null,
      "metadata": {}
    },
    "635135": {
      "id": "635135",
      "title": "Sweethaven",
      "type": "CRD",
      "url": "https://tabs.ultimate-guitar.com/tab/harry-nilsson/sweethaven-chords-635135",
      "file_path": null,
      "metadata": {}
    },
    "643346": {
      "id": "643346",
      "title": "Take 54",
      "type": "CRD",
      "url": "https://tabs.ultimate-guitar.com/tab/harry-nilsson/take-54-chords-643346",
      "file_path": null,
      "metadata": {}
    },
    "635129": {
      "id": "635129",
      "title": "Thank Heaven For Kathy",
      "type": "CRD",
      "url": "https://tabs.ultimate-guitar.com/tab/harry-nilsson/thank-heaven-for-kathy-chords-635129",
      "file_path": null,
      "metadata": {}
    },
    "635087": {
      "id": "635087",
      "title": "The Lottery Song",
      "type": "CRD",
      "url": "https://tabs.ultimate-guitar.com/tab/harry-nilsson/the-lottery-song-chords-635087",
      "file_path": null,
      "metadata": {}
    },
    "635084": {
      "id": "635084",
      "title": "The Moonbeam Song",
      "type": "CRD",
      "url": "https://tabs.ultimate-guitar.com/tab/harry-nilsson/the-moonbeam-song-chords-635084",
      "file_path": null,
      "metadata": {}
    },
    "654112": {
      "id": "654112",
      "title": "The Moonbeam Song (ver 2)",
      "type": "CRD",
      "url": "https://tabs.ultimate-guitar.com/tab/harry-nilsson/the-moonbeam-song-chords-654112",
      "file_path": null,
      "metadata": {}
    },
    "1023654": {
      "id": "1023654",
      "title": "The Moonbeam Song (ver 3)",
      "type": "CRD",
      "url": "https://tabs.ultimate-guitar.com/tab/harry-nilsson/the-moonbeam-song-chords-1023654",
      "file_path": null,
      "metadata": {}
    },
    "643347": {
      "id": "643347",
      "title": "The Most Beautiful World In The World",
      "type": "CRD",
      "url": "https://tabs.ultimate-guitar.com/tab/harry-nilsson/the-most-beautiful-world-in-the-world-chords-643347",
      "file_path": null,
      "metadata": {}
    },
    "1299706": {
      "id": "1299706",
      "title": "The Most Beautiful World In The World",
      "type": "UKE",
      "url": "https://tabs.ultimate-guitar.com/tab/harry-nilsson/the-most-beautiful-world-in-the-world-ukulele-1299706",
      "file_path": null,
      "metadata": {}
    },
    "3644699": {
      "id": "3644699",
      "title": "The Puppy Song",
      "type": "UKE",
      "url": "https://tabs.ultimate-guitar.com/tab/harry-nilsson/the-puppy-song-ukulele-3644699",
      "file_path": null,
      "metadata": {}
    },
    "643340": {
      "id": "643340",
      "title": "The Wailing Of The Willow",
      "type": "CRD",
      "url": "https://tabs.ultimate-guitar.com/tab/harry-nilsson/the-wailing-of-the-willow-chords-643340",
      "file_path": null,
      "metadata": {}
    },
    "3076964": {
      "id": "3076964",
      "title": "The Wailing Of The Willow (ver 2)",
      "type": "CRD",
      "url": "https://tabs.ultimate-guitar.com/tab/harry-nilsson/the-wailing-of-the-willow-chords-3076964",
      "file_path": null,
      "metadata": {}
    },
    "1919259": {
      "id": "1919259",
      "title": "Think About Your Troubles",
      "type": "CRD",
      "url": "https://tabs.ultimate-guitar.com/tab/harry-nilsson/think-about-your-troubles-chords-1919259",
      "file_path": null,
      "metadata": {}
    },
    "1930859": {
      "id": "1930859",
      "title": "Think About Your Troubles (ver 2)",
      "type": "CRD",
      "url": "https://tabs.ultimate-guitar.com/tab/harry-nilsson/think-about-your-troubles-chords-1930859",
      "file_path": null,
      "metadata": {}
    },
    "3331535": {
      "id": "3331535",
      "title": "This Is All I Ask",
      "type": "CRD",
      "url": "https://tabs.ultimate-guitar.com/tab/harry-nilsson/this-is-all-i-ask-chords-3331535",
      "file_path": null,
      "metadata": {}
    },
    "4749296": {
      "id": "4749296",
      "title": "Thursday Heres Why I Did Not Go To Work Today",
      "type": "CRD",
      "url": "https://tabs.ultimate-guitar.com/tab/harry-nilsson/thursday-heres-why-i-did-not-go-to-work-today-chords-4749296",
      "file_path": null,
      "metadata": {}
    },
    "635093": {
      "id": "635093",
      "title": "Together",
      "type": "CRD",
      "url": "https://tabs.ultimate-guitar.com/tab/harry-nilsson/together-chords-635093",
      "file_path": null,
      "metadata": {}
    },
    "643324": {
      "id": "643324",
      "title": "Try Try Try",
      "type": "CRD",
      "url": "https://tabs.ultimate-guitar.com/tab/harry-nilsson/try-try-try-chords-643324",
      "file_path": null,
      "metadata": {}
    },
    "2315363": {
      "id": "2315363",
      "title": "Turn On Your Radio",
      "type": "CRD",
      "url": "https://tabs.ultimate-guitar.com/tab/harry-nilsson/turn-on-your-radio-chords-2315363",
      "file_path": null,
      "metadata": {}
    },
    "3515324": {
      "id": "3515324",
      "title": "Ucla",
      "type": "CRD",
      "url": "https://tabs.ultimate-guitar.com/tab/harry-nilsson/ucla-chords-3515324",
      "file_path": null,
      "metadata": {}
    },
    "643337": {
      "id": "643337",
      "title": "Vine Street",
      "type": "CRD",
      "url": "https://tabs.ultimate-guitar.com/tab/harry-nilsson/vine-street-chords-643337",
      "file_path": null,
      "metadata": {}
    },
    "1993955": {
      "id": "1993955",
      "title": "Waiting",
      "type": "UKE",
      "url": "https://tabs.ultimate-guitar.com/tab/harry-nilsson/waiting-ukulele-1993955",
      "file_path": null,
      "metadata": {}
    },
    "643330": {
      "id": "643330",
      "title": "Walk Right Back - Let The Good Times Roll",
      "type": "CRD",
      "url": "https://tabs.ultimate-guitar.com/tab/harry-nilsson/walk-right-back-let-the-good-times-roll-chords-643330",
      "file_path": null,
      "metadata": {}
    },
    "1299755": {
      "id": "1299755",
      "title": "Walk Right Back - Let The Good Times Roll",
      "type": "UKE",
      "url": "https://tabs.ultimate-guitar.com/tab/harry-nilsson/walk-right-back-let-the-good-times-roll-ukulele-1299755",
      "file_path": null,
      "metadata": {}
    },
    "635101": {
      "id": "635101",
      "title": "Wasting My Time",
      "type": "CRD",
      "url": "https://tabs.ultimate-guitar.com/tab/harry-nilsson/wasting-my-time-chords-635101",
      "file_path": null,
      "metadata": {}
    },
    "3064596": {
      "id": "3064596",
      "title": "Whatll I Do",
      "type": "CRD",
      "url": "https://tabs.ultimate-guitar.com/tab/harry-nilsson/whatll-i-do-chords-3064596",
      "file_path": null,
      "metadata": {}
    },
    "643351": {
      "id": "643351",
      "title": "Whats Your Sign",
      "type": "CRD",
      "url": "https://tabs.ultimate-guitar.com/tab/harry-nilsson/whats-your-sign-chords-643351",
      "file_path": null,
      "metadata": {}
    },
    "1023232": {
      "id": "1023232",
      "title": "Without Her (ver 2)",
      "type": "CRD",
      "url": "https://tabs.ultimate-guitar.com/tab/harry-nilsson/without-her-chords-1023232",
      "file_path": null,
      "metadata": {}
    },
    "1811539": {
      "id": "1811539",
      "title": "Without Her (ver 3)",
      "type": "CRD",
      "url": "https://tabs.ultimate-guitar.com/tab/harry-nilsson/without-her-chords-1811539",
      "file_path": null,
      "metadata": {}
    },
    "829008": {
      "id": "829008",
      "title": "Without Her",
      "type": "TAB",
      "url": "https://tabs.ultimate-guitar.com/tab/harry-nilsson/without-her-tabs-829008",
      "file_path": null,
      "metadata": {}
    },
    "1852880": {
      "id": "1852880",
      "title": "Without Her",
      "type": "BASS",
      "url": "https://tabs.ultimate-guitar.com/tab/harry-nilsson/without-her-bass-1852880",
      "file_path": null,
      "metadata": {}
    },
    "2176449": {
      "id": "2176449",
      "title": "Without Her",
      "type": "UKE",
      "url": "https://tabs.ultimate-guitar.com/tab/harry-nilsson/without-her-ukulele-2176449",
      "file_path": null,
      "metadata": {}
    },
    "1056206": {
      "id": "1056206",
      "title": "Without You (ver 2)",
      "type": "CRD",
      "url": "https://tabs.ultimate-guitar.com/tab/harry-nilsson/without-you-chords-1056206",
      "file_path": null,
      "metadata": {}
    },
    "1228486": {
      "id": "1228486",
      "title": "Without You (ver 3)",
      "type": "CRD",
      "url": "https://tabs.ultimate-guitar.com/tab/harry-nilsson/without-you-chords-1228486",
      "file_path": null,
      "metadata": {}
    },
    "1455018": {
      "id": "1455018",
      "title": "Without You (ver 4)",
      "type": "CRD",
      "url": "https://tabs.ultimate-guitar.com/tab/harry-nilsson/without-you-chords-1455018",
      "file_path": null,
      "metadata": {}
    },
    "1685848": {
      "id": "1685848",
      "title": "Without You (ver 5)",
      "type": "CRD",
      "url": "https://tabs.ultimate-guitar.com/tab/harry-nilsson/without-you-chords-1685848",
      "file_path": null,
      "metadata": {}
    },
    "1741062": {
      "id": "1741062",
      "title": "Without You (ver 6)",
      "type": "CRD",
      "url": "https://tabs.ultimate-guitar.com/tab/harry-nilsson/without-you-chords-1741062",
      "file_path": null,
      "metadata": {}
    },
    "1835962": {
      "id": "1835962",
      "title": "Without You (ver 7)",
      "type": "CRD",
      "url": "https://tabs.ultimate-guitar.com/tab/harry-nilsson/without-you-chords-1835962",
      "file_path": null,
      "metadata": {}
    },
    "1143401": {
      "id": "1143401",
      "title": "Without You",
      "type": "PRO",
      "url": "https://tabs.ultimate-guitar.com/tab/harry-nilsson/without-you-guitar-pro-1143401",
      "file_path": null,
      "metadata": {}
    },
    "1272330": {
      "id": "1272330",
      "title": "Without You",
      "type": "UKE",
      "url": "https://tabs.ultimate-guitar.com/tab/harry-nilsson/without-you-ukulele-1272330",
      "file_path": null,
      "metadata": {}
    },
    "1356376": {
      "id": "1356376",
      "title": "Without You (ver 2)",
      "type": "UKE",
      "url": "https://tabs.ultimate-guitar.com/tab/harry-nilsson/without-you-ukulele-1356376",
      "file_path": null,
      "metadata": {}
    },
    "1895934": {
      "id": "1895934",
      "title": "Without You (ver 3)",
      "type": "UKE",
      "url": "https://tabs.ultimate-guitar.com/tab/harry-nilsson/without-you-ukulele-1895934",
      "file_path": null,
      "metadata": {}
    },
    "1860059": {
      "id": "1860059",
      "title": "You Cant Do That",
      "type": "BASS",
      "url": "https://tabs.ultimate-guitar.com/tab/harry-nilsson/you-cant-do-that-bass-1860059",
      "file_path": null,
      "metadata": {}
    },
    "643321": {
      "id": "643321",
      "title": "You Cant Take Your Love Away From Me",
      "type": "CRD",
      "url": "https://tabs.ultimate-guitar.com/tab/harry-nilsson/you-cant-take-your-love-away-from-me-chords-643321",
      "file_path": null,
      "metadata": {}
    },
    "3001277": {
      "id": "3001277",
      "title": "You Made Me Love You",
      "type": "CRD",
      "url": "https://tabs.ultimate-guitar.com/tab/harry-nilsson/you-made-me-love-you-chords-3001277",
      "file_path": null,
      "metadata": {}
    },
    "1813626": {
      "id": "1813626",
      "title": "Youre Breaking My Heart",
      "type": "CRD",
      "url": "https://tabs.ultimate-guitar.com/tab/harry-nilsson/youre-breaking-my-heart-chords-1813626",
      "file_path": null,
      "metadata": {}
    }
  }
}