{
  "id": "1019828",
  "name": "Ptr. Luis Baldomaro",
  "url": "https://www.ultimate-guitar.com/artist/ptr_luis_baldomaro_1019828",
  "tabs": {
    "2962322": {
      "id": "2962322",
      "title": "Itataas Kita",
      "type": "CRD",
      "url": "https://tabs.ultimate-guitar.com/tab/ptr-luis-baldomaro/itataas-kita-chords-2962322",
      "file_path": null,
      "metadata": {}
    },
    "4347254": {
      "id": "4347254",
      "title": "Itataas Kita (ver 2)",
      "type": "CRD",
      "url": "https://tabs.ultimate-guitar.com/tab/ptr-luis-baldomaro/itataas-kita-chords-4347254",
      "file_path": null,
      "metadata": {}
    },
    "4180993": {
      "id": "4180993",
      "title": "Kay Buti-Buti Mo Panginoon",
      "type": "CRD",
      "url": "https://tabs.ultimate-guitar.com/tab/ptr-luis-baldomaro/kay-buti-buti-mo-panginoon-chords-4180993",
      "file_path": null,
      "metadata": {}
    }
  }
}