{
  "id": "112021",
  "name": "P.O.T.",
  "url": "https://www.ultimate-guitar.com/artist/p_o_t__112021",
  "tabs": {
    "330453": {
      "id": "330453",
      "title": "Fish Cake",
      "type": "TAB",
      "url": "https://tabs.ultimate-guitar.com/tab/p-o-t-/fish-cake-tabs-330453",
      "file_path": null,
      "metadata": {}
    },
    "5420355": {
      "id": "5420355",
      "title": "Fyb",
      "type": "CRD",
      "url": "https://tabs.ultimate-guitar.com/tab/p-o-t-/fyb-chords-5420355",
      "file_path": null,
      "metadata": {}
    },
    "170633": {
      "id": "170633",
      "title": "Fyb",
      "type": "TAB",
      "url": "https://tabs.ultimate-guitar.com/tab/p-o-t-/fyb-tabs-170633",
      "file_path": null,
      "metadata": {}
    },
    "266565": {
      "id": "266565",
      "title": "Love To See",
      "type": "TAB",
      "url": "https://tabs.ultimate-guitar.com/tab/p-o-t-/love-to-see-tabs-266565",
      "file_path": null,
      "metadata": {}
    },
    "511346": {
      "id": "511346",
      "title": "Monkey On My Back",
      "type": "TAB",
      "url": "https://tabs.ultimate-guitar.com/tab/p-o-t-/monkey-on-my-back-tabs-511346",
      "file_path": null,
      "metadata": {}
    },
    "1487520": {
      "id": "1487520",
      "title": "Panaginip",
      "type": "CRD",
      "url": "https://tabs.ultimate-guitar.com/tab/p-o-t-/panaginip-chords-1487520",
      "file_path": null,
      "metadata": {}
    },
    "2576242": {
      "id": "2576242",
      "title": "Panaginip (ver 2)",
      "type": "CRD",
      "url": "https://tabs.ultimate-guitar.com/tab/p-o-t-/panaginip-chords-2576242",
      "file_path": null,
      "metadata": {}
    },
    "174485": {
      "id": "174485",
      "title": "Panaginip",
      "type": "TAB",
      "url": "https://tabs.ultimate-guitar.com/tab/p-o-t-/panaginip-tabs-174485",
      "file_path": null,
      "metadata": {}
    },
    "2460014": {
      "id": "2460014",
      "title": "Panaginip (ver 2)",
      "type": "TAB",
      "url": "https://tabs.ultimate-guitar.com/tab/p-o-t-/panaginip-tabs-2460014",
      "file_path": null,
      "metadata": {}
    },
    "309049": {
      "id": "309049",
      "title": "Panaginip",
      "type": "PRO",
      "url": "https://tabs.ultimate-guitar.com/tab/p-o-t-/panaginip-guitar-pro-309049",
      "file_path": null,
      "metadata": {}
    },
    "3324374": {
      "id": "3324374",
      "title": "Piece Of This",
      "type": "CRD",
      "url": "https://tabs.ultimate-guitar.com/tab/p-o-t-/piece-of-this-chords-3324374",
      "file_path": null,
      "metadata": {}
    },
    "160974": {
      "id": "160974",
      "title": "Piece Of This",
      "type": "TAB",
      "url": "https://tabs.ultimate-guitar.com/tab/p-o-t-/piece-of-this-tabs-160974",
      "file_path": null,
      "metadata": {}
    },
    "309050": {
      "id": "309050",
      "title": "Piece Of This",
      "type": "PRO",
      "url": "https://tabs.ultimate-guitar.com/tab/p-o-t-/piece-of-this-guitar-pro-309050",
      "file_path": null,
      "metadata": {}
    },
    "174396": {
      "id": "174396",
      "title": "Posse-Bility",
      "type": "TAB",
      "url": "https://tabs.ultimate-guitar.com/tab/p-o-t-/posse-bility-tabs-174396",
      "file_path": null,
      "metadata": {}
    },
    "5486499": {
      "id": "5486499",
      "title": "Ulitin",
      "type": "CRD",
      "url": "https://tabs.ultimate-guitar.com/tab/p-o-t-/ulitin-chords-5486499",
      "file_path": null,
      "metadata": {}
    },
    "4123630": {
      "id": "4123630",
      "title": "Ulitin",
      "type": "CRD",
      "url": "https://tabs.ultimate-guitar.com/tab/p-o-t-/ulitin-chords-4123630",
      "file_path": null,
      "metadata": {}
    },
    "141508": {
      "id": "141508",
      "title": "Ulitin",
      "type": "TAB",
      "url": "https://tabs.ultimate-guitar.com/tab/p-o-t-/ulitin-tabs-141508",
      "file_path": null,
      "metadata": {}
    },
    "532997": {
      "id": "532997",
      "title": "Ulitin",
      "type": "PRO",
      "url": "https://tabs.ultimate-guitar.com/tab/p-o-t-/ulitin-guitar-pro-532997",
      "file_path": null,
      "metadata": {}
    },
    "309051": {
      "id": "309051",
      "title": "Ulitin",
      "type": "PWR",
      "url": "https://tabs.ultimate-guitar.com/tab/p-o-t-/ulitin-power-309051",
      "file_path": null,
      "metadata": {}
    },
    "1019272": {
      "id": "1019272",
      "title": "Yugyugan Na",
      "type": "CRD",
      "url": "https://tabs.ultimate-guitar.com/tab/p-o-t-/yugyugan-na-chords-1019272",
      "file_path": null,
      "metadata": {}
    },
    "175504": {
      "id": "175504",
      "title": "Yugyugan Na",
      "type": "TAB",
      "url": "https://tabs.ultimate-guitar.com/tab/p-o-t-/yugyugan-na-tabs-175504",
      "file_path": null,
      "metadata": {}
    },
    "186030": {
      "id": "186030",
      "title": "Yugyugan Na",
      "type": "BASS",
      "url": "https://tabs.ultimate-guitar.com/tab/p-o-t-/yugyugan-na-bass-186030",
      "file_path": null,
      "metadata": {}
    },
    "380231": {
      "id": "380231",
      "title": "Yugyugan Na (ver 2)",
      "type": "BASS",
      "url": "https://tabs.ultimate-guitar.com/tab/p-o-t-/yugyugan-na-bass-380231",
      "file_path": null,
      "metadata": {}
    }
  }
}