{
  "id": "11181",
  "name": "Charlie Rich",
  "url": "https://www.ultimate-guitar.com/artist/charlie_rich_11181",
  "tabs": {
    "1114820": {
      "id": "1114820",
      "title": "The Most Beautiful Girl",
      "type": "CRD",
      "url": "https://tabs.ultimate-guitar.com/tab/charlie-rich/the-most-beautiful-girl-chords-1114820",
      "file_path": null,
      "metadata": {}
    },
    "474241": {
      "id": "474241",
      "title": "Behind Closed Doors",
      "type": "CRD",
      "url": "https://tabs.ultimate-guitar.com/tab/charlie-rich/behind-closed-doors-chords-474241",
      "file_path": null,
      "metadata": {}
    },
    "1050706": {
      "id": "1050706",
      "title": "Rolling With The Flow",
      "type": "CRD",
      "url": "https://tabs.ultimate-guitar.com/tab/charlie-rich/rolling-with-the-flow-chords-1050706",
      "file_path": null,
      "metadata": {}
    },
    "1239102": {
      "id": "1239102",
      "title": "Who Will The Next Fool Be",
      "type": "CRD",
      "url": "https://tabs.ultimate-guitar.com/tab/charlie-rich/who-will-the-next-fool-be-chords-1239102",
      "file_path": null,
      "metadata": {}
    },
    "82413": {
      "id": "82413",
      "title": "Crazy Arms",
      "type": "CRD",
      "url": "https://tabs.ultimate-guitar.com/tab/charlie-rich/crazy-arms-chords-82413",
      "file_path": null,
      "metadata": {}
    },
    "971514": {
      "id": "971514",
      "title": "Mohair Sam",
      "type": "CRD",
      "url": "https://tabs.ultimate-guitar.com/tab/charlie-rich/mohair-sam-chords-971514",
      "file_path": null,
      "metadata": {}
    },
    "1759870": {
      "id": "1759870",
      "title": "Blue Spanish Eyes",
      "type": "CRD",
      "url": "https://tabs.ultimate-guitar.com/tab/charlie-rich/blue-spanish-eyes-chords-1759870",
      "file_path": null,
      "metadata": {}
    },
    "753696": {
      "id": "753696",
      "title": "Behind Closed Doors",
      "type": "TAB",
      "url": "https://tabs.ultimate-guitar.com/tab/charlie-rich/behind-closed-doors-tabs-753696",
      "file_path": null,
      "metadata": {}
    },
    "1759875": {
      "id": "1759875",
      "title": "Feel Like Going Home",
      "type": "CRD",
      "url": "https://tabs.ultimate-guitar.com/tab/charlie-rich/feel-like-going-home-chords-1759875",
      "file_path": null,
      "metadata": {}
    },
    "1034529": {
      "id": "1034529",
      "title": "Lonely Weekends",
      "type": "CRD",
      "url": "https://tabs.ultimate-guitar.com/tab/charlie-rich/lonely-weekends-chords-1034529",
      "file_path": null,
      "metadata": {}
    },
    "4263091": {
      "id": "4263091",
      "title": "A Sunday Kind Of Woman",
      "type": "CRD",
      "url": "https://tabs.ultimate-guitar.com/tab/charlie-rich/a-sunday-kind-of-woman-chords-4263091",
      "file_path": null,
      "metadata": {}
    },
    "3381380": {
      "id": "3381380",
      "title": "A Very Special Love Song",
      "type": "CRD",
      "url": "https://tabs.ultimate-guitar.com/tab/charlie-rich/a-very-special-love-song-chords-3381380",
      "file_path": null,
      "metadata": {}
    },
    "1759868": {
      "id": "1759868",
      "title": "All Over Me",
      "type": "CRD",
      "url": "https://tabs.ultimate-guitar.com/tab/charlie-rich/all-over-me-chords-1759868",
      "file_path": null,
      "metadata": {}
    },
    "3381386": {
      "id": "3381386",
      "title": "Anywhere You Are",
      "type": "CRD",
      "url": "https://tabs.ultimate-guitar.com/tab/charlie-rich/anywhere-you-are-chords-3381386",
      "file_path": null,
      "metadata": {}
    },
    "1988957": {
      "id": "1988957",
      "title": "Are We Dreaming The Same Dream",
      "type": "CRD",
      "url": "https://tabs.ultimate-guitar.com/tab/charlie-rich/are-we-dreaming-the-same-dream-chords-1988957",
      "file_path": null,
      "metadata": {}
    },
    "3412586": {
      "id": "3412586",
      "title": "Are You Still My Baby",
      "type": "CRD",
      "url": "https://tabs.ultimate-guitar.com/tab/charlie-rich/are-you-still-my-baby-chords-3412586",
      "file_path": null,
      "metadata": {}
    },
    "1039549": {
      "id": "1039549",
      "title": "Behind Closed Doors (ver 2)",
      "type": "CRD",
      "url": "https://tabs.ultimate-guitar.com/tab/charlie-rich/behind-closed-doors-chords-1039549",
      "file_path": null,
      "metadata": {}
    },
    "4209625": {
      "id": "4209625",
      "title": "Behind Closed Doors",
      "type": "PRO",
      "url": "https://tabs.ultimate-guitar.com/tab/charlie-rich/behind-closed-doors-guitar-pro-4209625",
      "file_path": null,
      "metadata": {}
    },
    "1281954": {
      "id": "1281954",
      "title": "Behind Closed Doors",
      "type": "UKE",
      "url": "https://tabs.ultimate-guitar.com/tab/charlie-rich/behind-closed-doors-ukulele-1281954",
      "file_path": null,
      "metadata": {}
    },
    "1467139": {
      "id": "1467139",
      "title": "Big Boss Man",
      "type": "CRD",
      "url": "https://tabs.ultimate-guitar.com/tab/charlie-rich/big-boss-man-chords-1467139",
      "file_path": null,
      "metadata": {}
    },
    "1777638": {
      "id": "1777638",
      "title": "Big Boss Man (ver 2)",
      "type": "CRD",
      "url": "https://tabs.ultimate-guitar.com/tab/charlie-rich/big-boss-man-chords-1777638",
      "file_path": null,
      "metadata": {}
    },
    "1507628": {
      "id": "1507628",
      "title": "Big Man",
      "type": "CRD",
      "url": "https://tabs.ultimate-guitar.com/tab/charlie-rich/big-man-chords-1507628",
      "file_path": null,
      "metadata": {}
    },
    "1777639": {
      "id": "1777639",
      "title": "Break Up",
      "type": "CRD",
      "url": "https://tabs.ultimate-guitar.com/tab/charlie-rich/break-up-chords-1777639",
      "file_path": null,
      "metadata": {}
    },
    "1985825": {
      "id": "1985825",
      "title": "By The Time I Get To Phoenix",
      "type": "BASS",
      "url": "https://tabs.ultimate-guitar.com/tab/charlie-rich/by-the-time-i-get-to-phoenix-bass-1985825",
      "file_path": null,
      "metadata": {}
    },
    "1759872": {
      "id": "1759872",
      "title": "Caught In The Middle",
      "type": "CRD",
      "url": "https://tabs.ultimate-guitar.com/tab/charlie-rich/caught-in-the-middle-chords-1759872",
      "file_path": null,
      "metadata": {}
    },
    "82414": {
      "id": "82414",
      "title": "City Lights",
      "type": "CRD",
      "url": "https://tabs.ultimate-guitar.com/tab/charlie-rich/city-lights-chords-82414",
      "file_path": null,
      "metadata": {}
    },
    "1267574": {
      "id": "1267574",
      "title": "Crazy Arms",
      "type": "UKE",
      "url": "https://tabs.ultimate-guitar.com/tab/charlie-rich/crazy-arms-ukulele-1267574",
      "file_path": null,
      "metadata": {}
    },
    "1865408": {
      "id": "1865408",
      "title": "Donna Lee",
      "type": "CRD",
      "url": "https://tabs.ultimate-guitar.com/tab/charlie-rich/donna-lee-chords-1865408",
      "file_path": null,
      "metadata": {}
    },
    "4385351": {
      "id": "4385351",
      "title": "Dont Put No Headstone On My Grave",
      "type": "CRD",
      "url": "https://tabs.ultimate-guitar.com/tab/charlie-rich/dont-put-no-headstone-on-my-grave-chords-4385351",
      "file_path": null,
      "metadata": {}
    },
    "2261435": {
      "id": "2261435",
      "title": "Every Time You Touch Me I Get High",
      "type": "CRD",
      "url": "https://tabs.ultimate-guitar.com/tab/charlie-rich/every-time-you-touch-me-i-get-high-chords-2261435",
      "file_path": null,
      "metadata": {}
    },
    "1777640": {
      "id": "1777640",
      "title": "Everyday",
      "type": "CRD",
      "url": "https://tabs.ultimate-guitar.com/tab/charlie-rich/everyday-chords-1777640",
      "file_path": null,
      "metadata": {}
    },
    "1875416": {
      "id": "1875416",
      "title": "Everything I Do Is Wrong",
      "type": "CRD",
      "url": "https://tabs.ultimate-guitar.com/tab/charlie-rich/everything-i-do-is-wrong-chords-1875416",
      "file_path": null,
      "metadata": {}
    },
    "1759876": {
      "id": "1759876",
      "title": "Field Of Yellow Daisies",
      "type": "CRD",
      "url": "https://tabs.ultimate-guitar.com/tab/charlie-rich/field-of-yellow-daisies-chords-1759876",
      "file_path": null,
      "metadata": {}
    },
    "1759877": {
      "id": "1759877",
      "title": "Golden Slipper Rose",
      "type": "CRD",
      "url": "https://tabs.ultimate-guitar.com/tab/charlie-rich/golden-slipper-rose-chords-1759877",
      "file_path": null,
      "metadata": {}
    },
    "3158057": {
      "id": "3158057",
      "title": "Good Time Charlies Got The Blues",
      "type": "CRD",
      "url": "https://tabs.ultimate-guitar.com/tab/charlie-rich/good-time-charlies-got-the-blues-chords-3158057",
      "file_path": null,
      "metadata": {}
    },
    "3433742": {
      "id": "3433742",
      "title": "Goodbye Mary Ann",
      "type": "CRD",
      "url": "https://tabs.ultimate-guitar.com/tab/charlie-rich/goodbye-mary-ann-chords-3433742",
      "file_path": null,
      "metadata": {}
    },
    "1964559": {
      "id": "1964559",
      "title": "H2O",
      "type": "BASS",
      "url": "https://tabs.ultimate-guitar.com/tab/charlie-rich/h2o-bass-1964559",
      "file_path": null,
      "metadata": {}
    },
    "1777647": {
      "id": "1777647",
      "title": "Have A Heart",
      "type": "CRD",
      "url": "https://tabs.ultimate-guitar.com/tab/charlie-rich/have-a-heart-chords-1777647",
      "file_path": null,
      "metadata": {}
    },
    "1759878": {
      "id": "1759878",
      "title": "He Follows My Footsteps",
      "type": "CRD",
      "url": "https://tabs.ultimate-guitar.com/tab/charlie-rich/he-follows-my-footsteps-chords-1759878",
      "file_path": null,
      "metadata": {}
    },
    "1759879": {
      "id": "1759879",
      "title": "How Blue Can You Be",
      "type": "CRD",
      "url": "https://tabs.ultimate-guitar.com/tab/charlie-rich/how-blue-can-you-be-chords-1759879",
      "file_path": null,
      "metadata": {}
    },
    "2281105": {
      "id": "2281105",
      "title": "I Cant Even Drink It Away",
      "type": "CRD",
      "url": "https://tabs.ultimate-guitar.com/tab/charlie-rich/i-cant-even-drink-it-away-chords-2281105",
      "file_path": null,
      "metadata": {}
    },
    "1777649": {
      "id": "1777649",
      "title": "I Dont See Me In Your Eyes Anymore",
      "type": "CRD",
      "url": "https://tabs.ultimate-guitar.com/tab/charlie-rich/i-dont-see-me-in-your-eyes-anymore-chords-1777649",
      "file_path": null,
      "metadata": {}
    },
    "2619975": {
      "id": "2619975",
      "title": "I Feel Love",
      "type": "CRD",
      "url": "https://tabs.ultimate-guitar.com/tab/charlie-rich/i-feel-love-chords-2619975",
      "file_path": null,
      "metadata": {}
    },
    "3433724": {
      "id": "3433724",
      "title": "I Love My Friend",
      "type": "CRD",
      "url": "https://tabs.ultimate-guitar.com/tab/charlie-rich/i-love-my-friend-chords-3433724",
      "file_path": null,
      "metadata": {}
    },
    "1747758": {
      "id": "1747758",
      "title": "I Take It On Home",
      "type": "CRD",
      "url": "https://tabs.ultimate-guitar.com/tab/charlie-rich/i-take-it-on-home-chords-1747758",
      "file_path": null,
      "metadata": {}
    },
    "3476483": {
      "id": "3476483",
      "title": "If I Knew Then What I Know Now",
      "type": "CRD",
      "url": "https://tabs.ultimate-guitar.com/tab/charlie-rich/if-i-knew-then-what-i-know-now-chords-3476483",
      "file_path": null,
      "metadata": {}
    },
    "3713474": {
      "id": "3713474",
      "title": "Ill Be More Than Happy To Set You Free",
      "type": "CRD",
      "url": "https://tabs.ultimate-guitar.com/tab/charlie-rich/ill-be-more-than-happy-to-set-you-free-chords-3713474",
      "file_path": null,
      "metadata": {}
    },
    "3713480": {
      "id": "3713480",
      "title": "Ill Just Go Away",
      "type": "CRD",
      "url": "https://tabs.ultimate-guitar.com/tab/charlie-rich/ill-just-go-away-chords-3713480",
      "file_path": null,
      "metadata": {}
    },
    "1897494": {
      "id": "1897494",
      "title": "Ill Wake You Up When I Get Home",
      "type": "CRD",
      "url": "https://tabs.ultimate-guitar.com/tab/charlie-rich/ill-wake-you-up-when-i-get-home-chords-1897494",
      "file_path": null,
      "metadata": {}
    },
    "2336117": {
      "id": "2336117",
      "title": "Ill Wake You Up When I Get Home (ver 2)",
      "type": "CRD",
      "url": "https://tabs.ultimate-guitar.com/tab/charlie-rich/ill-wake-you-up-when-i-get-home-chords-2336117",
      "file_path": null,
      "metadata": {}
    },
    "3477293": {
      "id": "3477293",
      "title": "It Makes Me Want To Cry",
      "type": "CRD",
      "url": "https://tabs.ultimate-guitar.com/tab/charlie-rich/it-makes-me-want-to-cry-chords-3477293",
      "file_path": null,
      "metadata": {}
    },
    "3713468": {
      "id": "3713468",
      "title": "Its All Over Now",
      "type": "CRD",
      "url": "https://tabs.ultimate-guitar.com/tab/charlie-rich/its-all-over-now-chords-3713468",
      "file_path": null,
      "metadata": {}
    },
    "5738177": {
      "id": "5738177",
      "title": "Life Has Its Little Ups And Downs",
      "type": "CRD",
      "url": "https://tabs.ultimate-guitar.com/tab/charlie-rich/life-has-its-little-ups-and-downs-chords-5738177",
      "file_path": null,
      "metadata": {}
    },
    "1351681": {
      "id": "1351681",
      "title": "Lonely Weekends",
      "type": "UKE",
      "url": "https://tabs.ultimate-guitar.com/tab/charlie-rich/lonely-weekends-ukulele-1351681",
      "file_path": null,
      "metadata": {}
    },
    "5077777": {
      "id": "5077777",
      "title": "Love Is After Me",
      "type": "PRO",
      "url": "https://tabs.ultimate-guitar.com/tab/charlie-rich/love-is-after-me-guitar-pro-5077777",
      "file_path": null,
      "metadata": {}
    },
    "1741994": {
      "id": "1741994",
      "title": "Midnight Blues",
      "type": "CRD",
      "url": "https://tabs.ultimate-guitar.com/tab/charlie-rich/midnight-blues-chords-1741994",
      "file_path": null,
      "metadata": {}
    },
    "1337679": {
      "id": "1337679",
      "title": "Mohair Sam",
      "type": "UKE",
      "url": "https://tabs.ultimate-guitar.com/tab/charlie-rich/mohair-sam-ukulele-1337679",
      "file_path": null,
      "metadata": {}
    },
    "1403760": {
      "id": "1403760",
      "title": "My Elusive Dreams",
      "type": "CRD",
      "url": "https://tabs.ultimate-guitar.com/tab/charlie-rich/my-elusive-dreams-chords-1403760",
      "file_path": null,
      "metadata": {}
    },
    "1467145": {
      "id": "1467145",
      "title": "Nice And Easy",
      "type": "CRD",
      "url": "https://tabs.ultimate-guitar.com/tab/charlie-rich/nice-and-easy-chords-1467145",
      "file_path": null,
      "metadata": {}
    },
    "2281111": {
      "id": "2281111",
      "title": "Nothing In The World",
      "type": "CRD",
      "url": "https://tabs.ultimate-guitar.com/tab/charlie-rich/nothing-in-the-world-chords-2281111",
      "file_path": null,
      "metadata": {}
    },
    "1985809": {
      "id": "1985809",
      "title": "Now Everybody Knows",
      "type": "BASS",
      "url": "https://tabs.ultimate-guitar.com/tab/charlie-rich/now-everybody-knows-bass-1985809",
      "file_path": null,
      "metadata": {}
    },
    "1729272": {
      "id": "1729272",
      "title": "On My Knees",
      "type": "CRD",
      "url": "https://tabs.ultimate-guitar.com/tab/charlie-rich/on-my-knees-chords-1729272",
      "file_path": null,
      "metadata": {}
    },
    "1963949": {
      "id": "1963949",
      "title": "Once Youre A Drifter",
      "type": "BASS",
      "url": "https://tabs.ultimate-guitar.com/tab/charlie-rich/once-youre-a-drifter-bass-1963949",
      "file_path": null,
      "metadata": {}
    },
    "1877375": {
      "id": "1877375",
      "title": "Rebound",
      "type": "CRD",
      "url": "https://tabs.ultimate-guitar.com/tab/charlie-rich/rebound-chords-1877375",
      "file_path": null,
      "metadata": {}
    },
    "1866245": {
      "id": "1866245",
      "title": "Rollin With The Flow",
      "type": "CRD",
      "url": "https://tabs.ultimate-guitar.com/tab/charlie-rich/rollin-with-the-flow-chords-1866245",
      "file_path": null,
      "metadata": {}
    },
    "1991077": {
      "id": "1991077",
      "title": "Rolling With The Flow (ver 2)",
      "type": "CRD",
      "url": "https://tabs.ultimate-guitar.com/tab/charlie-rich/rolling-with-the-flow-chords-1991077",
      "file_path": null,
      "metadata": {}
    },
    "1354781": {
      "id": "1354781",
      "title": "Rolling With The Flow",
      "type": "UKE",
      "url": "https://tabs.ultimate-guitar.com/tab/charlie-rich/rolling-with-the-flow-ukulele-1354781",
      "file_path": null,
      "metadata": {}
    },
    "5249934": {
      "id": "5249934",
      "title": "Ruby Youre Warm",
      "type": "CRD",
      "url": "https://tabs.ultimate-guitar.com/tab/charlie-rich/ruby-youre-warm-chords-5249934",
      "file_path": null,
      "metadata": {}
    },
    "1467150": {
      "id": "1467150",
      "title": "Shes A Yum Yum",
      "type": "CRD",
      "url": "https://tabs.ultimate-guitar.com/tab/charlie-rich/shes-a-yum-yum-chords-1467150",
      "file_path": null,
      "metadata": {}
    },
    "2336121": {
      "id": "2336121",
      "title": "Sittin And Thinkin",
      "type": "CRD",
      "url": "https://tabs.ultimate-guitar.com/tab/charlie-rich/sittin-and-thinkin-chords-2336121",
      "file_path": null,
      "metadata": {}
    },
    "1902798": {
      "id": "1902798",
      "title": "Stay",
      "type": "CRD",
      "url": "https://tabs.ultimate-guitar.com/tab/charlie-rich/stay-chords-1902798",
      "file_path": null,
      "metadata": {}
    },
    "5095261": {
      "id": "5095261",
      "title": "Ten Dollars And A Clean White Shirt",
      "type": "CRD",
      "url": "https://tabs.ultimate-guitar.com/tab/charlie-rich/ten-dollars-and-a-clean-white-shirt-chords-5095261",
      "file_path": null,
      "metadata": {}
    },
    "5095255": {
      "id": "5095255",
      "title": "Thats The Day",
      "type": "CRD",
      "url": "https://tabs.ultimate-guitar.com/tab/charlie-rich/thats-the-day-chords-5095255",
      "file_path": null,
      "metadata": {}
    },
    "4247791": {
      "id": "4247791",
      "title": "The Grass Is Always Greener",
      "type": "CRD",
      "url": "https://tabs.ultimate-guitar.com/tab/charlie-rich/the-grass-is-always-greener-chords-4247791",
      "file_path": null,
      "metadata": {}
    },
    "1985845": {
      "id": "1985845",
      "title": "The Grass Is Always Greener",
      "type": "BASS",
      "url": "https://tabs.ultimate-guitar.com/tab/charlie-rich/the-grass-is-always-greener-bass-1985845",
      "file_path": null,
      "metadata": {}
    },
    "1693348": {
      "id": "1693348",
      "title": "The Most Beautiful Girl (ver 2)",
      "type": "CRD",
      "url": "https://tabs.ultimate-guitar.com/tab/charlie-rich/the-most-beautiful-girl-chords-1693348",
      "file_path": null,
      "metadata": {}
    },
    "1718317": {
      "id": "1718317",
      "title": "The Most Beautiful Girl (ver 3)",
      "type": "CRD",
      "url": "https://tabs.ultimate-guitar.com/tab/charlie-rich/the-most-beautiful-girl-chords-1718317",
      "file_path": null,
      "metadata": {}
    },
    "1957149": {
      "id": "1957149",
      "title": "The Most Beautiful Girl (ver 4)",
      "type": "CRD",
      "url": "https://tabs.ultimate-guitar.com/tab/charlie-rich/the-most-beautiful-girl-chords-1957149",
      "file_path": null,
      "metadata": {}
    },
    "1367659": {
      "id": "1367659",
      "title": "The Most Beautiful Girl",
      "type": "UKE",
      "url": "https://tabs.ultimate-guitar.com/tab/charlie-rich/the-most-beautiful-girl-ukulele-1367659",
      "file_path": null,
      "metadata": {}
    },
    "2115685": {
      "id": "2115685",
      "title": "The Most Beautiful Girl (ver 2)",
      "type": "UKE",
      "url": "https://tabs.ultimate-guitar.com/tab/charlie-rich/the-most-beautiful-girl-ukulele-2115685",
      "file_path": null,
      "metadata": {}
    },
    "1985799": {
      "id": "1985799",
      "title": "The Proudest Loneliest Fool",
      "type": "BASS",
      "url": "https://tabs.ultimate-guitar.com/tab/charlie-rich/the-proudest-loneliest-fool-bass-1985799",
      "file_path": null,
      "metadata": {}
    },
    "2281117": {
      "id": "2281117",
      "title": "There Wont Be Anymore",
      "type": "CRD",
      "url": "https://tabs.ultimate-guitar.com/tab/charlie-rich/there-wont-be-anymore-chords-2281117",
      "file_path": null,
      "metadata": {}
    },
    "4247782": {
      "id": "4247782",
      "title": "Till I Cant Take It Anymore",
      "type": "CRD",
      "url": "https://tabs.ultimate-guitar.com/tab/charlie-rich/till-i-cant-take-it-anymore-chords-4247782",
      "file_path": null,
      "metadata": {}
    },
    "5053510": {
      "id": "5053510",
      "title": "Time And Again",
      "type": "CRD",
      "url": "https://tabs.ultimate-guitar.com/tab/charlie-rich/time-and-again-chords-5053510",
      "file_path": null,
      "metadata": {}
    },
    "2129233": {
      "id": "2129233",
      "title": "Too Many Teardrops",
      "type": "CRD",
      "url": "https://tabs.ultimate-guitar.com/tab/charlie-rich/too-many-teardrops-chords-2129233",
      "file_path": null,
      "metadata": {}
    },
    "3145526": {
      "id": "3145526",
      "title": "Try A Little Tenderness",
      "type": "CRD",
      "url": "https://tabs.ultimate-guitar.com/tab/charlie-rich/try-a-little-tenderness-chords-3145526",
      "file_path": null,
      "metadata": {}
    },
    "4247779": {
      "id": "4247779",
      "title": "We Love Each Other",
      "type": "CRD",
      "url": "https://tabs.ultimate-guitar.com/tab/charlie-rich/we-love-each-other-chords-4247779",
      "file_path": null,
      "metadata": {}
    },
    "3078536": {
      "id": "3078536",
      "title": "Were You There",
      "type": "CRD",
      "url": "https://tabs.ultimate-guitar.com/tab/charlie-rich/were-you-there-chords-3078536",
      "file_path": null,
      "metadata": {}
    },
    "3644282": {
      "id": "3644282",
      "title": "Were You There (ver 2)",
      "type": "CRD",
      "url": "https://tabs.ultimate-guitar.com/tab/charlie-rich/were-you-there-chords-3644282",
      "file_path": null,
      "metadata": {}
    },
    "5207580": {
      "id": "5207580",
      "title": "Whirlwind",
      "type": "CRD",
      "url": "https://tabs.ultimate-guitar.com/tab/charlie-rich/whirlwind-chords-5207580",
      "file_path": null,
      "metadata": {}
    },
    "1391645": {
      "id": "1391645",
      "title": "Who Will The Next Fool Be",
      "type": "UKE",
      "url": "https://tabs.ultimate-guitar.com/tab/charlie-rich/who-will-the-next-fool-be-ukulele-1391645",
      "file_path": null,
      "metadata": {}
    },
    "3923090": {
      "id": "3923090",
      "title": "Why Dont We Go Somewhere And Love",
      "type": "CRD",
      "url": "https://tabs.ultimate-guitar.com/tab/charlie-rich/why-dont-we-go-somewhere-and-love-chords-3923090",
      "file_path": null,
      "metadata": {}
    },
    "3914324": {
      "id": "3914324",
      "title": "Why Oh Why",
      "type": "CRD",
      "url": "https://tabs.ultimate-guitar.com/tab/charlie-rich/why-oh-why-chords-3914324",
      "file_path": null,
      "metadata": {}
    },
    "1395993": {
      "id": "1395993",
      "title": "You Can Have Her",
      "type": "CRD",
      "url": "https://tabs.ultimate-guitar.com/tab/charlie-rich/you-can-have-her-chords-1395993",
      "file_path": null,
      "metadata": {}
    },
    "1852259": {
      "id": "1852259",
      "title": "You Never Really Wanted Me",
      "type": "CRD",
      "url": "https://tabs.ultimate-guitar.com/tab/charlie-rich/you-never-really-wanted-me-chords-1852259",
      "file_path": null,
      "metadata": {}
    },
    "4247788": {
      "id": "4247788",
      "title": "Youre Gonna Be Waitin",
      "type": "CRD",
      "url": "https://tabs.ultimate-guitar.com/tab/charlie-rich/youre-gonna-be-waitin-chords-4247788",
      "file_path": null,
      "metadata": {}
    }
  }
}